dataset,seed,query_key,method,runtime_ms,distance_l2,success
breast_cancer,0,breast_cancer|0|0,full,0.11590000030992087,0.1787548339141986,1
breast_cancer,0,breast_cancer|0|0,no_cache,0.12889999925391749,0.1787548339141986,1
breast_cancer,0,breast_cancer|0|0,no_order,0.18029999955615494,0.1787548339141986,1
breast_cancer,0,breast_cancer|0|0,no_pruning,0.18970000019180588,0.1787548339141986,1
breast_cancer,0,breast_cancer|0|1,full,0.06209999992279336,1.2141057228053438,1
breast_cancer,0,breast_cancer|0|1,no_cache,0.11329999870213214,1.2141057228053438,1
breast_cancer,0,breast_cancer|0|1,no_order,0.2199000009568408,1.2141057228053438,1
breast_cancer,0,breast_cancer|0|1,no_pruning,0.23390000023937318,1.2141057228053438,1
breast_cancer,0,breast_cancer|0|2,full,0.058099998568650335,0.3819255717906263,1
breast_cancer,0,breast_cancer|0|2,no_cache,0.1052999996318249,0.3819255717906263,1
breast_cancer,0,breast_cancer|0|2,no_order,0.19470000006549526,0.3819255717906263,1
breast_cancer,0,breast_cancer|0|2,no_pruning,0.2275000006193295,0.3819255717906263,1
breast_cancer,0,breast_cancer|0|3,full,0.051399998483248055,0.10576500453505502,1
breast_cancer,0,breast_cancer|0|3,no_cache,0.10029999975813553,0.10576500453505502,1
breast_cancer,0,breast_cancer|0|3,no_order,0.14449999980570283,0.10576500453505502,1
breast_cancer,0,breast_cancer|0|3,no_pruning,0.1609999999345746,0.10576500453505502,1
breast_cancer,0,breast_cancer|0|4,full,0.04839999928663019,0.2623544889817949,1
breast_cancer,0,breast_cancer|0|4,no_cache,0.09779999891179614,0.2623544889817949,1
breast_cancer,0,breast_cancer|0|4,no_order,0.14039999950909987,0.2623544889817949,1
breast_cancer,0,breast_cancer|0|4,no_pruning,0.2609000002848916,0.2623544889817949,1
breast_cancer,0,breast_cancer|0|5,full,0.1458000006095972,0.539761163280242,1
breast_cancer,0,breast_cancer|0|5,no_cache,0.15139999959501438,0.539761163280242,1
breast_cancer,0,breast_cancer|0|5,no_order,0.1661000005697133,0.539761163280242,1
breast_cancer,0,breast_cancer|0|5,no_pruning,0.1816000003600493,0.539761163280242,1
breast_cancer,0,breast_cancer|0|6,full,0.08800000068731606,1.3706497573249776,1
breast_cancer,0,breast_cancer|0|6,no_cache,0.13860000035492703,1.3706497573249776,1
breast_cancer,0,breast_cancer|0|6,no_order,0.20259999837435316,1.3706497573249776,1
breast_cancer,0,breast_cancer|0|6,no_pruning,0.23150000015448313,1.3706497573249776,1
breast_cancer,0,breast_cancer|0|7,full,0.0548999996681232,0.9094039413296275,1
breast_cancer,0,breast_cancer|0|7,no_cache,0.10540000039327424,0.9094039413296275,1
breast_cancer,0,breast_cancer|0|7,no_order,0.30610000067099463,0.9094039413296275,1
breast_cancer,0,breast_cancer|0|7,no_pruning,0.24649999977555126,0.9094039413296275,1
breast_cancer,0,breast_cancer|0|8,full,0.07550000009359792,0.40972552102118776,1
breast_cancer,0,breast_cancer|0|8,no_cache,0.12129999959142879,0.40972552102118776,1
breast_cancer,0,breast_cancer|0|8,no_order,0.14620000001741573,0.40972552102118776,1
breast_cancer,0,breast_cancer|0|8,no_pruning,0.1706000002741348,0.40972552102118776,1
breast_cancer,0,breast_cancer|0|9,full,0.05760000021837186,0.54142380823802,1
breast_cancer,0,breast_cancer|0|9,no_cache,0.10720000136643648,0.54142380823802,1
breast_cancer,0,breast_cancer|0|9,no_order,0.20360000053187832,0.54142380823802,1
breast_cancer,0,breast_cancer|0|9,no_pruning,0.2351000002818182,0.54142380823802,1
breast_cancer,0,breast_cancer|0|10,full,0.053199999456410296,0.36723612672057565,1
breast_cancer,0,breast_cancer|0|10,no_cache,0.1663999992160825,0.36723612672057565,1
breast_cancer,0,breast_cancer|0|10,no_order,0.20310000036261044,0.36723612672057565,1
breast_cancer,0,breast_cancer|0|10,no_pruning,0.2378999997745268,0.36723612672057565,1
breast_cancer,0,breast_cancer|0|11,full,0.05419999979494605,0.20565223095001856,1
breast_cancer,0,breast_cancer|0|11,no_cache,0.10609999844746199,0.20565223095001856,1
breast_cancer,0,breast_cancer|0|11,no_order,0.20330000006651971,0.20565223095001856,1
breast_cancer,0,breast_cancer|0|11,no_pruning,0.2303000001120381,0.20565223095001856,1
breast_cancer,0,breast_cancer|0|12,full,0.05199999941396527,0.8073222816419373,1
breast_cancer,0,breast_cancer|0|12,no_cache,0.10370000018156134,0.8073222816419373,1
breast_cancer,0,breast_cancer|0|12,no_order,0.14409999857889488,0.8073222816419373,1
breast_cancer,0,breast_cancer|0|12,no_pruning,0.16790000154287554,0.8073222816419373,1
breast_cancer,0,breast_cancer|0|13,full,0.04960000114806462,0.04406933524084246,1
breast_cancer,0,breast_cancer|0|13,no_cache,0.10039999870059546,0.04406933524084246,1
breast_cancer,0,breast_cancer|0|13,no_order,0.1432999997632578,0.04406933524084246,1
breast_cancer,0,breast_cancer|0|13,no_pruning,0.16349999896192458,0.04406933524084246,1
breast_cancer,0,breast_cancer|0|14,full,0.04799999987881165,0.5525596180737204,1
breast_cancer,0,breast_cancer|0|14,no_cache,0.09929999941959977,0.5525596180737204,1
breast_cancer,0,breast_cancer|0|14,no_order,0.14879999980621506,0.5525596180737204,1
breast_cancer,0,breast_cancer|0|14,no_pruning,0.16770000001997687,0.5525596180737204,1
breast_cancer,0,breast_cancer|0|15,full,0.05069999861007091,0.4451085662202582,1
breast_cancer,0,breast_cancer|0|15,no_cache,0.09940000018104911,0.4451085662202582,1
breast_cancer,0,breast_cancer|0|15,no_order,0.20799999947485048,0.4451085662202582,1
breast_cancer,0,breast_cancer|0|15,no_pruning,0.24479999956383836,0.4451085662202582,1
breast_cancer,0,breast_cancer|0|16,full,0.05070000042906031,0.7307506032333566,1
breast_cancer,0,breast_cancer|0|16,no_cache,0.09969999882741831,0.7307506032333566,1
breast_cancer,0,breast_cancer|0|16,no_order,0.20179999955871608,0.7307506032333566,1
breast_cancer,0,breast_cancer|0|16,no_pruning,0.25430000096093863,0.7307506032333566,1
breast_cancer,0,breast_cancer|0|17,full,0.12769999921147246,0.4130681954005144,1
breast_cancer,0,breast_cancer|0|17,no_cache,0.14120000014372636,0.4130681954005144,1
breast_cancer,0,breast_cancer|0|17,no_order,0.16429999959655106,0.4130681954005144,1
breast_cancer,0,breast_cancer|0|17,no_pruning,0.18429999909130856,0.4130681954005144,1
breast_cancer,0,breast_cancer|0|18,full,0.05579999924520962,0.5902197939854333,1
breast_cancer,0,breast_cancer|0|18,no_cache,0.10829999882844277,0.5902197939854333,1
breast_cancer,0,breast_cancer|0|18,no_order,0.14860000010230578,0.5902197939854333,1
breast_cancer,0,breast_cancer|0|18,no_pruning,0.17640000078245066,0.5902197939854333,1
breast_cancer,0,breast_cancer|0|19,full,0.055100001191021875,0.5670125796732648,1
breast_cancer,0,breast_cancer|0|19,no_cache,0.10690000090107787,0.5670125796732648,1
breast_cancer,0,breast_cancer|0|19,no_order,0.2922000003309222,0.5670125796732648,1
breast_cancer,0,breast_cancer|0|19,no_pruning,0.24709999888727907,0.5670125796732648,1
breast_cancer,0,breast_cancer|0|20,full,0.0641999995423248,0.04994511326886239,1
breast_cancer,0,breast_cancer|0|20,no_cache,0.11029999950551428,0.04994511326886239,1
breast_cancer,0,breast_cancer|0|20,no_order,0.15390000044135377,0.04994511326886239,1
breast_cancer,0,breast_cancer|0|20,no_pruning,0.16800000048533548,0.04994511326886239,1
breast_cancer,0,breast_cancer|0|21,full,0.051900000471505336,0.767389476522393,1
breast_cancer,0,breast_cancer|0|21,no_cache,0.10689999908208847,0.767389476522393,1
breast_cancer,0,breast_cancer|0|21,no_order,0.1436000002286164,0.767389476522393,1
breast_cancer,0,breast_cancer|0|21,no_pruning,0.16740000137360767,0.767389476522393,1
breast_cancer,0,breast_cancer|0|22,full,0.05339999916031957,0.737605179040923,1
breast_cancer,0,breast_cancer|0|22,no_cache,0.12570000035339035,0.737605179040923,1
breast_cancer,0,breast_cancer|0|22,no_order,0.20559999938996043,0.737605179040923,1
breast_cancer,0,breast_cancer|0|22,no_pruning,0.5763999997725477,0.737605179040923,1
breast_cancer,0,breast_cancer|0|23,full,0.08750000051804818,0.5023337824304923,1
breast_cancer,0,breast_cancer|0|23,no_cache,0.13279999984661117,0.5023337824304923,1
breast_cancer,0,breast_cancer|0|23,no_order,0.25180000011459924,0.5023337824304923,1
breast_cancer,0,breast_cancer|0|23,no_pruning,0.18109999837179203,0.5023337824304923,1
breast_cancer,0,breast_cancer|0|24,full,0.08490000072924886,0.1404067847445421,1
breast_cancer,0,breast_cancer|0|24,no_cache,0.11629999971773941,0.1404067847445421,1
breast_cancer,0,breast_cancer|0|24,no_order,0.2086000004055677,0.1404067847445421,1
breast_cancer,0,breast_cancer|0|24,no_pruning,0.23610000062035397,0.1404067847445421,1
breast_cancer,0,breast_cancer|0|25,full,0.05459999920276459,0.07810669750920463,1
breast_cancer,0,breast_cancer|0|25,no_cache,0.10320000001229346,0.07810669750920463,1
breast_cancer,0,breast_cancer|0|25,no_order,0.14280000141297933,0.07810669750920463,1
breast_cancer,0,breast_cancer|0|25,no_pruning,0.16379999942728318,0.07810669750920463,1
breast_cancer,0,breast_cancer|0|26,full,0.04959999932907522,0.3847329604281769,1
breast_cancer,0,breast_cancer|0|26,no_cache,0.10610000026645139,0.3847329604281769,1
breast_cancer,0,breast_cancer|0|26,no_order,0.15949999942677096,0.3847329604281769,1
breast_cancer,0,breast_cancer|0|26,no_pruning,0.1675000003160676,0.3847329604281769,1
breast_cancer,0,breast_cancer|0|27,full,0.052200000936863944,0.2684882675333335,1
breast_cancer,0,breast_cancer|0|27,no_cache,0.10470000052009709,0.2684882675333335,1
breast_cancer,0,breast_cancer|0|27,no_order,0.1995999991777353,0.2684882675333335,1
breast_cancer,0,breast_cancer|0|27,no_pruning,0.22639999951934442,0.2684882675333335,1
breast_cancer,0,breast_cancer|0|28,full,0.050499998906161636,0.18462539189781532,1
breast_cancer,0,breast_cancer|0|28,no_cache,0.09970000064640772,0.18462539189781532,1
breast_cancer,0,breast_cancer|0|28,no_order,0.3402999991521938,0.18462539189781532,1
breast_cancer,0,breast_cancer|0|28,no_pruning,0.33149999944726005,0.18462539189781532,1
breast_cancer,0,breast_cancer|0|29,full,0.0639000008959556,0.336711435188462,1
breast_cancer,0,breast_cancer|0|29,no_cache,0.10610000026645139,0.336711435188462,1
breast_cancer,0,breast_cancer|0|29,no_order,0.14420000115933362,0.336711435188462,1
breast_cancer,0,breast_cancer|0|29,no_pruning,0.17050000133167487,0.336711435188462,1
breast_cancer,0,breast_cancer|0|30,full,0.053499999921768904,0.11751556052971467,1
breast_cancer,0,breast_cancer|0|30,no_cache,0.10199999996984843,0.11751556052971467,1
breast_cancer,0,breast_cancer|0|30,no_order,0.19249999968451448,0.11751556052971467,1
breast_cancer,0,breast_cancer|0|30,no_pruning,0.22559999888471793,0.11751556052971467,1
breast_cancer,0,breast_cancer|0|31,full,0.05090000013296958,1.0885655392782345,1
breast_cancer,0,breast_cancer|0|31,no_cache,0.09850000060396269,1.0885655392782345,1
breast_cancer,0,breast_cancer|0|31,no_order,0.20849999964411836,1.0885655392782345,1
breast_cancer,0,breast_cancer|0|31,no_pruning,0.22420000095735304,1.0885655392782345,1
breast_cancer,0,breast_cancer|0|32,full,0.05000000055588316,0.6389918605778937,1
breast_cancer,0,breast_cancer|0|32,no_cache,0.10090000068885274,0.6389918605778937,1
breast_cancer,0,breast_cancer|0|32,no_order,0.14069999997445848,0.6389918605778937,1
breast_cancer,0,breast_cancer|0|32,no_pruning,0.16090000099211466,0.6389918605778937,1
breast_cancer,0,breast_cancer|0|33,full,0.04769999941345304,0.11298316869614333,1
breast_cancer,0,breast_cancer|0|33,no_cache,0.09540000064589549,0.11298316869614333,1
breast_cancer,0,breast_cancer|0|33,no_order,0.14379999993252568,0.11298316869614333,1
breast_cancer,0,breast_cancer|0|33,no_pruning,0.16289999985019676,0.11298316869614333,1
breast_cancer,0,breast_cancer|0|34,full,0.049199999921256676,0.3925036715034334,1
breast_cancer,0,breast_cancer|0|34,no_cache,0.09849999878497329,0.3925036715034334,1
breast_cancer,0,breast_cancer|0|34,no_order,0.3237000000808621,0.3925036715034334,1
breast_cancer,0,breast_cancer|0|34,no_pruning,0.2901999996538507,0.3925036715034334,1
breast_cancer,0,breast_cancer|0|35,full,0.07200000072771218,2.513916519624118,1
breast_cancer,0,breast_cancer|0|35,no_cache,0.12620000052265823,2.513916519624118,1
breast_cancer,0,breast_cancer|0|35,no_order,0.20489999951678328,2.513916519624118,1
breast_cancer,0,breast_cancer|0|35,no_pruning,0.23399999918183312,2.513916519624118,1
breast_cancer,0,breast_cancer|0|36,full,0.056599999879836105,0.5627663449982568,1
breast_cancer,0,breast_cancer|0|36,no_cache,0.10420000035082921,0.5627663449982568,1
breast_cancer,0,breast_cancer|0|36,no_order,0.14030000056663994,0.5627663449982568,1
breast_cancer,0,breast_cancer|0|36,no_pruning,0.2958999994007172,0.5627663449982568,1
breast_cancer,0,breast_cancer|0|37,full,0.07539999933214858,0.9414243120268253,1
breast_cancer,0,breast_cancer|0|37,no_cache,0.11679999988700729,0.9414243120268253,1
breast_cancer,0,breast_cancer|0|37,no_order,0.2091999995172955,0.9414243120268253,1
breast_cancer,0,breast_cancer|0|37,no_pruning,0.23390000023937318,0.9414243120268253,1
breast_cancer,0,breast_cancer|0|38,full,0.05480000072566327,0.49078353156429844,1
breast_cancer,0,breast_cancer|0|38,no_cache,0.1021999996737577,0.49078353156429844,1
breast_cancer,0,breast_cancer|0|38,no_order,0.13969999963592272,0.49078353156429844,1
breast_cancer,0,breast_cancer|0|38,no_pruning,0.1640999998926418,0.49078353156429844,1
breast_cancer,0,breast_cancer|0|39,full,0.05000000055588316,0.966837304643649,1
breast_cancer,0,breast_cancer|0|39,no_cache,0.09870000030787196,0.966837304643649,1
breast_cancer,0,breast_cancer|0|39,no_order,0.1995999991777353,0.966837304643649,1
breast_cancer,0,breast_cancer|0|39,no_pruning,0.27460000092105474,0.966837304643649,1
breast_cancer,0,breast_cancer|0|40,full,0.05569999848376028,0.5373484614895128,1
breast_cancer,0,breast_cancer|0|40,no_cache,0.14419999934034422,0.5373484614895128,1
breast_cancer,0,breast_cancer|0|40,no_order,0.1841000012063887,0.5373484614895128,1
breast_cancer,0,breast_cancer|0|40,no_pruning,0.1764999997249106,0.5373484614895128,1
breast_cancer,0,breast_cancer|0|41,full,0.09190000128000975,0.3814686572949634,1
breast_cancer,0,breast_cancer|0|41,no_cache,0.17309999930148479,0.3814686572949634,1
breast_cancer,0,breast_cancer|0|41,no_order,0.14680000094813295,0.3814686572949634,1
breast_cancer,0,breast_cancer|0|41,no_pruning,0.17350000052829273,0.3814686572949634,1
breast_cancer,0,breast_cancer|0|42,full,0.0548999996681232,0.11457867157708532,1
breast_cancer,0,breast_cancer|0|42,no_cache,0.1033000007737428,0.11457867157708532,1
breast_cancer,0,breast_cancer|0|42,no_order,0.17079999997804407,0.11457867157708532,1
breast_cancer,0,breast_cancer|0|42,no_pruning,0.1745000008668285,0.11457867157708532,1
breast_cancer,0,breast_cancer|0|43,full,0.06280000161495991,0.22219309292372463,1
breast_cancer,0,breast_cancer|0|43,no_cache,0.11140000060549937,0.22219309292372463,1
breast_cancer,0,breast_cancer|0|43,no_order,0.21109999943291768,0.22219309292372463,1
breast_cancer,0,breast_cancer|0|43,no_pruning,0.2387000004091533,0.22219309292372463,1
breast_cancer,0,breast_cancer|0|44,full,0.05760000021837186,0.5967983341575781,1
breast_cancer,0,breast_cancer|0|44,no_cache,0.10300000030838419,0.5967983341575781,1
breast_cancer,0,breast_cancer|0|44,no_order,0.14320000082079787,0.5967983341575781,1
breast_cancer,0,breast_cancer|0|44,no_pruning,0.16689999938535038,0.5967983341575781,1
breast_cancer,0,breast_cancer|0|45,full,0.04939999962516595,0.4150881374947777,1
breast_cancer,0,breast_cancer|0|45,no_cache,12.975300000107381,0.4150881374947777,1
breast_cancer,0,breast_cancer|0|45,no_order,0.204699999812874,0.4150881374947777,1
breast_cancer,0,breast_cancer|0|45,no_pruning,0.19950000023527537,0.4150881374947777,1
breast_cancer,0,breast_cancer|0|46,full,0.09649999992689118,0.7785270293529853,1
breast_cancer,0,breast_cancer|0|46,no_cache,0.1269999993382953,0.7785270293529853,1
breast_cancer,0,breast_cancer|0|46,no_order,0.21249999917927198,0.7785270293529853,1
breast_cancer,0,breast_cancer|0|46,no_pruning,0.2365000000281725,0.7785270293529853,1
breast_cancer,0,breast_cancer|0|47,full,0.057699999160831794,0.24459602688422477,1
breast_cancer,0,breast_cancer|0|47,no_cache,0.10569999903964344,0.24459602688422477,1
breast_cancer,0,breast_cancer|0|47,no_order,0.14709999959450215,0.24459602688422477,1
breast_cancer,0,breast_cancer|0|47,no_pruning,0.16869999853952322,0.24459602688422477,1
breast_cancer,0,breast_cancer|0|48,full,0.051799999710056,0.16072203118186226,1
breast_cancer,0,breast_cancer|0|48,no_cache,0.10259999908157624,0.16072203118186226,1
breast_cancer,0,breast_cancer|0|48,no_order,0.14450000162469223,0.16072203118186226,1
breast_cancer,0,breast_cancer|0|48,no_pruning,0.16400000095018186,0.16072203118186226,1
breast_cancer,0,breast_cancer|0|49,full,0.05080000119050965,0.6307045061798342,1
breast_cancer,0,breast_cancer|0|49,no_cache,0.0976999999693362,0.6307045061798342,1
breast_cancer,0,breast_cancer|0|49,no_order,0.14630000077886507,0.6307045061798342,1
breast_cancer,0,breast_cancer|0|49,no_pruning,0.17289999959757552,0.6307045061798342,1
breast_cancer,0,breast_cancer|0|50,full,0.04939999962516595,0.2975400858174128,1
breast_cancer,0,breast_cancer|0|50,no_cache,0.09929999941959977,0.2975400858174128,1
breast_cancer,0,breast_cancer|0|50,no_order,0.1461000010749558,0.2975400858174128,1
breast_cancer,0,breast_cancer|0|50,no_pruning,0.1660999987507239,0.2975400858174128,1
breast_cancer,0,breast_cancer|0|51,full,0.04760000047099311,0.58380430193311,1
breast_cancer,0,breast_cancer|0|51,no_cache,0.09709999903861899,0.58380430193311,1
breast_cancer,0,breast_cancer|0|51,no_order,0.1401999998051906,0.58380430193311,1
breast_cancer,0,breast_cancer|0|51,no_pruning,0.16089999917312525,0.58380430193311,1
breast_cancer,0,breast_cancer|0|52,full,0.04670000089390669,0.6442368645008745,1
breast_cancer,0,breast_cancer|0|52,no_cache,0.2936000000772765,0.6442368645008745,1
breast_cancer,0,breast_cancer|0|52,no_order,0.18529999942984432,0.6442368645008745,1
breast_cancer,0,breast_cancer|0|52,no_pruning,0.18530000124883372,0.6442368645008745,1
breast_cancer,0,breast_cancer|0|53,full,0.06270000085351057,0.5535831369545119,1
breast_cancer,0,breast_cancer|0|53,no_cache,0.1126000006479444,0.5535831369545119,1
breast_cancer,0,breast_cancer|0|53,no_order,0.1498000001447508,0.5535831369545119,1
breast_cancer,0,breast_cancer|0|53,no_pruning,0.16729999879316892,0.5535831369545119,1
breast_cancer,0,breast_cancer|0|54,full,0.05309999869496096,0.4604641230405395,1
breast_cancer,0,breast_cancer|0|54,no_cache,0.10369999836257193,0.4604641230405395,1
breast_cancer,0,breast_cancer|0|54,no_order,0.158200000441866,0.4604641230405395,1
breast_cancer,0,breast_cancer|0|54,no_pruning,0.1694999991741497,0.4604641230405395,1
breast_cancer,0,breast_cancer|0|55,full,0.05070000042906031,0.16116241411264456,1
breast_cancer,0,breast_cancer|0|55,no_cache,0.09890000001178123,0.16116241411264456,1
breast_cancer,0,breast_cancer|0|55,no_order,0.1453000004403293,0.16116241411264456,1
breast_cancer,0,breast_cancer|0|55,no_pruning,0.17240000124729704,0.16116241411264456,1
breast_cancer,0,breast_cancer|0|56,full,0.04959999932907522,0.26411722239020097,1
breast_cancer,0,breast_cancer|0|56,no_cache,0.10280000060447492,0.26411722239020097,1
breast_cancer,0,breast_cancer|0|56,no_order,0.14539999938278925,0.26411722239020097,1
breast_cancer,0,breast_cancer|0|56,no_pruning,0.16670000150043052,0.26411722239020097,1
breast_cancer,0,breast_cancer|0|57,full,0.04780000017490238,0.15130729693683279,1
breast_cancer,0,breast_cancer|0|57,no_cache,0.09900000077323057,0.15130729693683279,1
breast_cancer,0,breast_cancer|0|57,no_order,0.14430000010179356,0.15130729693683279,1
breast_cancer,0,breast_cancer|0|57,no_pruning,0.16279999908874743,0.15130729693683279,1
breast_cancer,0,breast_cancer|0|58,full,0.05330000021785963,0.05875778024951207,1
breast_cancer,0,breast_cancer|0|58,no_cache,0.29320000066945795,0.05875778024951207,1
breast_cancer,0,breast_cancer|0|58,no_order,0.22019999960321002,0.05875778024951207,1
breast_cancer,0,breast_cancer|0|58,no_pruning,0.25599999935366213,0.05875778024951207,1
breast_cancer,0,breast_cancer|0|59,full,0.06279999979597051,1.4087692462502133,1
breast_cancer,0,breast_cancer|0|59,no_cache,0.11069999891333282,1.4087692462502133,1
breast_cancer,0,breast_cancer|0|59,no_order,0.21750000087195076,1.4087692462502133,1
breast_cancer,0,breast_cancer|0|59,no_pruning,0.23630000032426324,1.4087692462502133,1
breast_cancer,0,breast_cancer|0|60,full,0.055700000302749686,0.21967494918939492,1
breast_cancer,0,breast_cancer|0|60,no_cache,0.1143000008596573,0.21967494918939492,1
breast_cancer,0,breast_cancer|0|60,no_order,0.14879999980621506,0.21967494918939492,1
breast_cancer,0,breast_cancer|0|60,no_pruning,0.16900000082387123,0.21967494918939492,1
breast_cancer,0,breast_cancer|0|61,full,0.05439999949885532,0.9932668169651456,1
breast_cancer,0,breast_cancer|0|61,no_cache,0.10440000005473848,0.9932668169651456,1
breast_cancer,0,breast_cancer|0|61,no_order,0.19659999998111743,0.9932668169651456,1
breast_cancer,0,breast_cancer|0|61,no_pruning,0.22560000070370734,0.9932668169651456,1
breast_cancer,0,breast_cancer|0|62,full,0.05059999966761097,0.6997193195545559,1
breast_cancer,0,breast_cancer|0|62,no_cache,0.10380000094301067,0.6997193195545559,1
breast_cancer,0,breast_cancer|0|62,no_order,0.1432999997632578,0.6997193195545559,1
breast_cancer,0,breast_cancer|0|62,no_pruning,0.16239999968092889,0.6997193195545559,1
breast_cancer,0,breast_cancer|0|63,full,0.049500000386615284,0.5073744327502399,1
breast_cancer,0,breast_cancer|0|63,no_cache,0.10010000005422626,0.5073744327502399,1
breast_cancer,0,breast_cancer|0|63,no_order,0.14449999980570283,0.5073744327502399,1
breast_cancer,0,breast_cancer|0|63,no_pruning,0.1601999992999481,0.5073744327502399,1
breast_cancer,0,breast_cancer|0|64,full,0.0486999997519888,1.1341973152511715,1
breast_cancer,0,breast_cancer|0|64,no_cache,0.09940000018104911,1.1341973152511715,1
breast_cancer,0,breast_cancer|0|64,no_order,0.19860000065818895,1.1341973152511715,1
breast_cancer,0,breast_cancer|0|64,no_pruning,0.23540000074717682,1.1341973152511715,1
breast_cancer,0,breast_cancer|0|65,full,0.08600000001024455,0.3949219319977215,1
breast_cancer,0,breast_cancer|0|65,no_cache,0.1412999990861863,0.3949219319977215,1
breast_cancer,0,breast_cancer|0|65,no_order,0.18839999938791152,0.3949219319977215,1
breast_cancer,0,breast_cancer|0|65,no_pruning,0.23409999994328246,0.3949219319977215,1
breast_cancer,0,breast_cancer|0|66,full,0.05400000009103678,0.5728893577626658,1
breast_cancer,0,breast_cancer|0|66,no_cache,0.0973999995039776,0.5728893577626658,1
breast_cancer,0,breast_cancer|0|66,no_order,0.13580000086221844,0.5728893577626658,1
breast_cancer,0,breast_cancer|0|66,no_pruning,0.16150000010384247,0.5728893577626658,1
breast_cancer,0,breast_cancer|0|67,full,0.04660000013245735,0.6322347158456704,1
breast_cancer,0,breast_cancer|0|67,no_cache,0.09759999920788687,0.6322347158456704,1
breast_cancer,0,breast_cancer|0|67,no_order,0.13829999988956843,0.6322347158456704,1
breast_cancer,0,breast_cancer|0|67,no_pruning,0.16290000166918617,0.6322347158456704,1
breast_cancer,0,breast_cancer|0|68,full,0.045200000386103056,0.5607038002007222,1
breast_cancer,0,breast_cancer|0|68,no_cache,0.09620000128052197,0.5607038002007222,1
breast_cancer,0,breast_cancer|0|68,no_order,0.13930000022810418,0.5607038002007222,1
breast_cancer,0,breast_cancer|0|68,no_pruning,0.16839999989315402,0.5607038002007222,1
breast_cancer,0,breast_cancer|0|69,full,0.04780000017490238,0.4200224502506859,1
breast_cancer,0,breast_cancer|0|69,no_cache,0.10259999908157624,0.4200224502506859,1
breast_cancer,0,breast_cancer|0|69,no_order,0.1370999998471234,0.4200224502506859,1
breast_cancer,0,breast_cancer|0|69,no_pruning,0.16070000128820539,0.4200224502506859,1
breast_cancer,1,breast_cancer|1|0,full,0.10289999954693485,0.6855103592640546,1
breast_cancer,1,breast_cancer|1|0,no_cache,0.1320000010309741,0.6855103592640546,1
breast_cancer,1,breast_cancer|1|0,no_order,0.22139999964565504,0.6855103592640546,1
breast_cancer,1,breast_cancer|1|0,no_pruning,0.243800001044292,0.6855103592640546,1
breast_cancer,1,breast_cancer|1|1,full,0.0593999993725447,0.4395110440614644,1
breast_cancer,1,breast_cancer|1|1,no_cache,0.41599999894970097,0.4395110440614644,1
breast_cancer,1,breast_cancer|1|1,no_order,0.2613000015116995,0.4395110440614644,1
breast_cancer,1,breast_cancer|1|1,no_pruning,0.3577999996196013,0.4395110440614644,1
breast_cancer,1,breast_cancer|1|2,full,0.07450000157405157,0.39896147092275547,1
breast_cancer,1,breast_cancer|1|2,no_cache,0.18979999913426582,0.39896147092275547,1
breast_cancer,1,breast_cancer|1|2,no_order,0.22139999964565504,0.39896147092275547,1
breast_cancer,1,breast_cancer|1|2,no_pruning,0.237300000662799,0.39896147092275547,1
breast_cancer,1,breast_cancer|1|3,full,0.08880000132194255,1.256126438451762,1
breast_cancer,1,breast_cancer|1|3,no_cache,0.24850000045262277,1.256126438451762,1
breast_cancer,1,breast_cancer|1|3,no_order,0.2506000000721542,1.256126438451762,1
breast_cancer,1,breast_cancer|1|3,no_pruning,0.27720000070985407,1.256126438451762,1
breast_cancer,1,breast_cancer|1|4,full,0.06190000021888409,0.7456627534875329,1
breast_cancer,1,breast_cancer|1|4,no_cache,0.1247000000148546,0.7456627534875329,1
breast_cancer,1,breast_cancer|1|4,no_order,0.1993000005313661,0.7456627534875329,1
breast_cancer,1,breast_cancer|1|4,no_pruning,0.23329999930865597,0.7456627534875329,1
breast_cancer,1,breast_cancer|1|5,full,0.05649999911838677,0.4772597160366726,1
breast_cancer,1,breast_cancer|1|5,no_cache,0.12509999942267314,0.4772597160366726,1
breast_cancer,1,breast_cancer|1|5,no_order,0.4267999993317062,0.4772597160366726,1
breast_cancer,1,breast_cancer|1|5,no_pruning,0.24739999935263768,0.4772597160366726,1
breast_cancer,1,breast_cancer|1|6,full,0.06209999992279336,0.20393088521655844,1
breast_cancer,1,breast_cancer|1|6,no_cache,0.1233000002685003,0.20393088521655844,1
breast_cancer,1,breast_cancer|1|6,no_order,0.1961999987543095,0.20393088521655844,1
breast_cancer,1,breast_cancer|1|6,no_pruning,0.2280000007885974,0.20393088521655844,1
breast_cancer,1,breast_cancer|1|7,full,0.05269999928714242,0.36766709393300195,1
breast_cancer,1,breast_cancer|1|7,no_cache,0.11489999997138511,0.36766709393300195,1
breast_cancer,1,breast_cancer|1|7,no_order,0.1933999992616009,0.36766709393300195,1
breast_cancer,1,breast_cancer|1|7,no_pruning,0.2328000009583775,0.36766709393300195,1
breast_cancer,1,breast_cancer|1|8,full,0.051100001655868255,0.6749868195258072,1
breast_cancer,1,breast_cancer|1|8,no_cache,0.11519999861775432,0.6749868195258072,1
breast_cancer,1,breast_cancer|1|8,no_order,0.19389999943086877,0.6749868195258072,1
breast_cancer,1,breast_cancer|1|8,no_pruning,0.22499999977299012,0.6749868195258072,1
breast_cancer,1,breast_cancer|1|9,full,0.05030000102124177,0.5349609867397085,1
breast_cancer,1,breast_cancer|1|9,no_cache,0.10969999857479706,0.5349609867397085,1
breast_cancer,1,breast_cancer|1|9,no_order,0.19389999943086877,0.5349609867397085,1
breast_cancer,1,breast_cancer|1|9,no_pruning,0.22510000053443946,0.5349609867397085,1
breast_cancer,1,breast_cancer|1|10,full,0.05160000000614673,0.27566429645068435,1
breast_cancer,1,breast_cancer|1|10,no_cache,0.11219999942113645,0.27566429645068435,1
breast_cancer,1,breast_cancer|1|10,no_order,0.22759999956178945,0.27566429645068435,1
breast_cancer,1,breast_cancer|1|10,no_pruning,0.26389999948150944,0.27566429645068435,1
breast_cancer,1,breast_cancer|1|11,full,0.05270000110613182,0.5506077327679721,1
breast_cancer,1,breast_cancer|1|11,no_cache,0.12740000056510326,0.5506077327679721,1
breast_cancer,1,breast_cancer|1|11,no_order,0.20930000027874485,0.5506077327679721,1
breast_cancer,1,breast_cancer|1|11,no_pruning,0.228300001253956,0.5506077327679721,1
breast_cancer,1,breast_cancer|1|12,full,0.052800000048591755,0.26066154708411704,1
breast_cancer,1,breast_cancer|1|12,no_cache,0.1145999995060265,0.26066154708411704,1
breast_cancer,1,breast_cancer|1|12,no_order,0.19050000082643237,0.26066154708411704,1
breast_cancer,1,breast_cancer|1|12,no_pruning,0.2229999990959186,0.26066154708411704,1
breast_cancer,1,breast_cancer|1|13,full,0.04859999899053946,0.38797224353834614,1
breast_cancer,1,breast_cancer|1|13,no_cache,0.11280000035185367,0.38797224353834614,1
breast_cancer,1,breast_cancer|1|13,no_order,0.19699999938893598,0.38797224353834614,1
breast_cancer,1,breast_cancer|1|13,no_pruning,0.2213000007031951,0.38797224353834614,1
breast_cancer,1,breast_cancer|1|14,full,0.048600000809528865,0.5132585046944843,1
breast_cancer,1,breast_cancer|1|14,no_cache,0.10889999975915998,0.5132585046944843,1
breast_cancer,1,breast_cancer|1|14,no_order,0.1925999986269744,0.5132585046944843,1
breast_cancer,1,breast_cancer|1|14,no_pruning,0.22530000023834873,0.5132585046944843,1
breast_cancer,1,breast_cancer|1|15,full,0.05129999954078812,0.41897708632386016,1
breast_cancer,1,breast_cancer|1|15,no_cache,0.11379999887140002,0.41897708632386016,1
breast_cancer,1,breast_cancer|1|15,no_order,0.2511000002414221,0.41897708632386016,1
breast_cancer,1,breast_cancer|1|15,no_pruning,0.28059999931429047,0.41897708632386016,1
breast_cancer,1,breast_cancer|1|16,full,0.05670000064128544,1.801739755208003,1
breast_cancer,1,breast_cancer|1|16,no_cache,0.12889999925391749,1.801739755208003,1
breast_cancer,1,breast_cancer|1|16,no_order,0.22990000070421956,1.801739755208003,1
breast_cancer,1,breast_cancer|1|16,no_pruning,0.30020000122021884,1.801739755208003,1
breast_cancer,1,breast_cancer|1|17,full,0.06279999979597051,0.4729615966369595,1
breast_cancer,1,breast_cancer|1|17,no_cache,0.12520000018412247,0.4729615966369595,1
breast_cancer,1,breast_cancer|1|17,no_order,0.19219999921915587,0.4729615966369595,1
breast_cancer,1,breast_cancer|1|17,no_pruning,0.23069999951985665,0.4729615966369595,1
breast_cancer,1,breast_cancer|1|18,full,0.050999999075429514,0.5183842565582536,1
breast_cancer,1,breast_cancer|1|18,no_cache,0.10799999836308416,0.5183842565582536,1
breast_cancer,1,breast_cancer|1|18,no_order,0.19150000116496813,0.5183842565582536,1
breast_cancer,1,breast_cancer|1|18,no_pruning,0.22960000023886096,0.5183842565582536,1
breast_cancer,1,breast_cancer|1|19,full,0.04999999873689376,0.29959857591019595,1
breast_cancer,1,breast_cancer|1|19,no_cache,0.10800000018207356,0.29959857591019595,1
breast_cancer,1,breast_cancer|1|19,no_order,0.2257999985886272,0.29959857591019595,1
breast_cancer,1,breast_cancer|1|19,no_pruning,0.2494000000297092,0.29959857591019595,1
breast_cancer,1,breast_cancer|1|20,full,0.07329999971261714,0.3706757122364241,1
breast_cancer,1,breast_cancer|1|20,no_cache,0.13609999950858764,0.3706757122364241,1
breast_cancer,1,breast_cancer|1|20,no_order,0.2193000000261236,0.3706757122364241,1
breast_cancer,1,breast_cancer|1|20,no_pruning,0.2542000001994893,0.3706757122364241,1
breast_cancer,1,breast_cancer|1|21,full,0.048400001105619594,0.5203565511489667,1
breast_cancer,1,breast_cancer|1|21,no_cache,0.10900000052060932,0.5203565511489667,1
breast_cancer,1,breast_cancer|1|21,no_order,0.2195999986724928,0.5203565511489667,1
breast_cancer,1,breast_cancer|1|21,no_pruning,0.252800000453135,0.5203565511489667,1
breast_cancer,1,breast_cancer|1|22,full,0.04879999869444873,0.4385942927170393,1
breast_cancer,1,breast_cancer|1|22,no_cache,0.1097999993362464,0.4385942927170393,1
breast_cancer,1,breast_cancer|1|22,no_order,0.374700000975281,0.4385942927170393,1
breast_cancer,1,breast_cancer|1|22,no_pruning,0.2671999991434859,0.4385942927170393,1
breast_cancer,1,breast_cancer|1|23,full,0.07660000119358301,0.16114772205702046,1
breast_cancer,1,breast_cancer|1|23,no_cache,0.13310000031196978,0.16114772205702046,1
breast_cancer,1,breast_cancer|1|23,no_order,0.2026999991358025,0.16114772205702046,1
breast_cancer,1,breast_cancer|1|23,no_pruning,0.23320000036619604,0.16114772205702046,1
breast_cancer,1,breast_cancer|1|24,full,0.05790000068373047,0.5521832234263658,1
breast_cancer,1,breast_cancer|1|24,no_cache,0.11859999904118013,0.5521832234263658,1
breast_cancer,1,breast_cancer|1|24,no_order,0.37229999907140154,0.5521832234263658,1
breast_cancer,1,breast_cancer|1|24,no_pruning,0.27460000092105474,0.5521832234263658,1
breast_cancer,1,breast_cancer|1|25,full,0.0897999998414889,0.8029214528192082,1
breast_cancer,1,breast_cancer|1|25,no_cache,0.13870000111637637,0.8029214528192082,1
breast_cancer,1,breast_cancer|1|25,no_order,0.2002000001084525,0.8029214528192082,1
breast_cancer,1,breast_cancer|1|25,no_pruning,0.23080000028130598,0.8029214528192082,1
breast_cancer,1,breast_cancer|1|26,full,0.056200000472017564,0.4709096977478863,1
breast_cancer,1,breast_cancer|1|26,no_cache,0.11989999984507449,0.4709096977478863,1
breast_cancer,1,breast_cancer|1|26,no_order,0.20790000053239055,0.4709096977478863,1
breast_cancer,1,breast_cancer|1|26,no_pruning,0.22259999968810007,0.4709096977478863,1
breast_cancer,1,breast_cancer|1|27,full,0.05729999975301325,1.30901532419562,1
breast_cancer,1,breast_cancer|1|27,no_cache,0.1142999990406679,1.30901532419562,1
breast_cancer,1,breast_cancer|1|27,no_order,0.22390000049199443,1.30901532419562,1
breast_cancer,1,breast_cancer|1|27,no_pruning,0.2660999998624902,1.30901532419562,1
breast_cancer,1,breast_cancer|1|28,full,0.05140000030223746,0.8729841626074871,1
breast_cancer,1,breast_cancer|1|28,no_cache,0.11610000001383014,0.8729841626074871,1
breast_cancer,1,breast_cancer|1|28,no_order,0.22160000116855372,0.8729841626074871,1
breast_cancer,1,breast_cancer|1|28,no_pruning,0.25319999986095354,0.8729841626074871,1
breast_cancer,1,breast_cancer|1|29,full,0.051799999710056,0.353050713169597,1
breast_cancer,1,breast_cancer|1|29,no_cache,0.12599999899975955,0.353050713169597,1
breast_cancer,1,breast_cancer|1|29,no_order,0.19609999981184956,0.353050713169597,1
breast_cancer,1,breast_cancer|1|29,no_pruning,0.225499999942258,0.353050713169597,1
breast_cancer,1,breast_cancer|1|30,full,0.05090000013296958,0.145650998774428,1
breast_cancer,1,breast_cancer|1|30,no_cache,0.1126000006479444,0.145650998774428,1
breast_cancer,1,breast_cancer|1|30,no_order,0.2182000007451279,0.145650998774428,1
breast_cancer,1,breast_cancer|1|30,no_pruning,0.2567999999882886,0.145650998774428,1
breast_cancer,1,breast_cancer|1|31,full,0.04979999903298449,0.8168413874577323,1
breast_cancer,1,breast_cancer|1|31,no_cache,0.10889999975915998,0.8168413874577323,1
breast_cancer,1,breast_cancer|1|31,no_order,0.1917000008688774,0.8168413874577323,1
breast_cancer,1,breast_cancer|1|31,no_pruning,0.22499999977299012,0.8168413874577323,1
breast_cancer,1,breast_cancer|1|32,full,0.05539999983739108,0.6371891517326506,1
breast_cancer,1,breast_cancer|1|32,no_cache,0.10969999857479706,0.6371891517326506,1
breast_cancer,1,breast_cancer|1|32,no_order,0.19009999959962443,0.6371891517326506,1
breast_cancer,1,breast_cancer|1|32,no_pruning,0.22219999846129213,0.6371891517326506,1
breast_cancer,1,breast_cancer|1|33,full,0.049000000217347406,0.33601132619081153,1
breast_cancer,1,breast_cancer|1|33,no_cache,0.11240000094403513,0.33601132619081153,1
breast_cancer,1,breast_cancer|1|33,no_order,0.23809999947843608,0.33601132619081153,1
breast_cancer,1,breast_cancer|1|33,no_pruning,0.2762000003713183,0.33601132619081153,1
breast_cancer,1,breast_cancer|1|34,full,0.054600001021754,0.11281941889259056,1
breast_cancer,1,breast_cancer|1|34,no_cache,0.11550000090210233,0.11281941889259056,1
breast_cancer,1,breast_cancer|1|34,no_order,0.21879999985685572,0.11281941889259056,1
breast_cancer,1,breast_cancer|1|34,no_pruning,0.2618000016809674,0.11281941889259056,1
breast_cancer,1,breast_cancer|1|35,full,0.05160000000614673,0.11840819688095766,1
breast_cancer,1,breast_cancer|1|35,no_cache,0.11100000119768083,0.11840819688095766,1
breast_cancer,1,breast_cancer|1|35,no_order,0.22139999964565504,0.11840819688095766,1
breast_cancer,1,breast_cancer|1|35,no_pruning,0.25490000007266644,0.11840819688095766,1
breast_cancer,1,breast_cancer|1|36,full,0.052999999752501026,0.637952283242839,1
breast_cancer,1,breast_cancer|1|36,no_cache,0.11420000009820797,0.637952283242839,1
breast_cancer,1,breast_cancer|1|36,no_order,0.1967999996850267,0.637952283242839,1
breast_cancer,1,breast_cancer|1|36,no_pruning,0.22539999918080866,0.637952283242839,1
breast_cancer,1,breast_cancer|1|37,full,0.0473000000056345,0.1347858323649499,1
breast_cancer,1,breast_cancer|1|37,no_cache,0.11670000094454736,0.1347858323649499,1
breast_cancer,1,breast_cancer|1|37,no_order,0.1970999983313959,0.1347858323649499,1
breast_cancer,1,breast_cancer|1|37,no_pruning,0.2244000006612623,0.1347858323649499,1
breast_cancer,1,breast_cancer|1|38,full,0.04850000004807953,0.7846146694443734,1
breast_cancer,1,breast_cancer|1|38,no_cache,0.10900000052060932,0.7846146694443734,1
breast_cancer,1,breast_cancer|1|38,no_order,0.19179999981133733,0.7846146694443734,1
breast_cancer,1,breast_cancer|1|38,no_pruning,0.2227000004495494,0.7846146694443734,1
breast_cancer,1,breast_cancer|1|39,full,0.052400000640773214,0.46665136137964247,1
breast_cancer,1,breast_cancer|1|39,no_cache,0.12319999950705096,0.46665136137964247,1
breast_cancer,1,breast_cancer|1|39,no_order,0.2088999990519369,0.46665136137964247,1
breast_cancer,1,breast_cancer|1|39,no_pruning,0.2294000005349517,0.46665136137964247,1
breast_cancer,1,breast_cancer|1|40,full,0.055300000894931145,0.05862831127973887,1
breast_cancer,1,breast_cancer|1|40,no_cache,0.11240000094403513,0.05862831127973887,1
breast_cancer,1,breast_cancer|1|40,no_order,0.22510000053443946,0.05862831127973887,1
breast_cancer,1,breast_cancer|1|40,no_pruning,0.2547000003687572,0.05862831127973887,1
breast_cancer,1,breast_cancer|1|41,full,0.04910000097879674,0.38917419028351596,1
breast_cancer,1,breast_cancer|1|41,no_cache,0.10720000136643648,0.38917419028351596,1
breast_cancer,1,breast_cancer|1|41,no_order,0.19120000069960952,0.38917419028351596,1
breast_cancer,1,breast_cancer|1|41,no_pruning,0.23519999922427814,0.38917419028351596,1
breast_cancer,1,breast_cancer|1|42,full,0.04939999962516595,0.6485156893586279,1
breast_cancer,1,breast_cancer|1|42,no_cache,0.10720000136643648,0.6485156893586279,1
breast_cancer,1,breast_cancer|1|42,no_order,0.2271999983349815,0.6485156893586279,1
breast_cancer,1,breast_cancer|1|42,no_pruning,0.2571000004536472,0.6485156893586279,1
breast_cancer,1,breast_cancer|1|43,full,0.04949999856762588,0.5698371004465451,1
breast_cancer,1,breast_cancer|1|43,no_cache,0.1157000006060116,0.5698371004465451,1
breast_cancer,1,breast_cancer|1|43,no_order,0.19810000048892107,0.5698371004465451,1
breast_cancer,1,breast_cancer|1|43,no_pruning,0.2251999994768994,0.5698371004465451,1
breast_cancer,1,breast_cancer|1|44,full,0.049500000386615284,0.19294276664227775,1
breast_cancer,1,breast_cancer|1|44,no_cache,0.11240000094403513,0.19294276664227775,1
breast_cancer,1,breast_cancer|1|44,no_order,0.19320000137668103,0.19294276664227775,1
breast_cancer,1,breast_cancer|1|44,no_pruning,0.23429999964719173,0.19294276664227775,1
breast_cancer,1,breast_cancer|1|45,full,0.05330000021785963,0.595893941299523,1
breast_cancer,1,breast_cancer|1|45,no_cache,0.25660000028437935,0.595893941299523,1
breast_cancer,1,breast_cancer|1|45,no_order,0.22949999947741162,0.595893941299523,1
breast_cancer,1,breast_cancer|1|45,no_pruning,0.25550000100338366,0.595893941299523,1
breast_cancer,1,breast_cancer|1|46,full,0.06129999928816687,0.2278724059351941,1
breast_cancer,1,breast_cancer|1|46,no_cache,0.12450000031094532,0.2278724059351941,1
breast_cancer,1,breast_cancer|1|46,no_order,0.20309999854362104,0.2278724059351941,1
breast_cancer,1,breast_cancer|1|46,no_pruning,0.2979000000777887,0.2278724059351941,1
breast_cancer,1,breast_cancer|1|47,full,0.0732000007701572,0.7153492183546948,1
breast_cancer,1,breast_cancer|1|47,no_cache,0.12270000115677249,0.7153492183546948,1
breast_cancer,1,breast_cancer|1|47,no_order,0.23850000070524402,0.7153492183546948,1
breast_cancer,1,breast_cancer|1|47,no_pruning,0.27099999897473026,0.7153492183546948,1
breast_cancer,1,breast_cancer|1|48,full,0.05469999996421393,0.319801291180293,1
breast_cancer,1,breast_cancer|1|48,no_cache,0.11590000030992087,0.319801291180293,1
breast_cancer,1,breast_cancer|1|48,no_order,0.22910000006959308,0.319801291180293,1
breast_cancer,1,breast_cancer|1|48,no_pruning,0.25769999956537504,0.319801291180293,1
breast_cancer,1,breast_cancer|1|49,full,0.05169999894860666,0.1862120370616962,1
breast_cancer,1,breast_cancer|1|49,no_cache,0.11239999912504572,0.1862120370616962,1
breast_cancer,1,breast_cancer|1|49,no_order,0.22220000028028153,0.1862120370616962,1
breast_cancer,1,breast_cancer|1|49,no_pruning,0.260199998592725,0.1862120370616962,1
breast_cancer,1,breast_cancer|1|50,full,0.05120000059832819,0.08434138148881498,1
breast_cancer,1,breast_cancer|1|50,no_cache,0.1111999990826007,0.08434138148881498,1
breast_cancer,1,breast_cancer|1|50,no_order,0.45789999967382755,0.08434138148881498,1
breast_cancer,1,breast_cancer|1|50,no_pruning,0.2516999993531499,0.08434138148881498,1
breast_cancer,1,breast_cancer|1|51,full,0.07250000089698005,0.5578600956981274,1
breast_cancer,1,breast_cancer|1|51,no_cache,0.128400000903639,0.5578600956981274,1
breast_cancer,1,breast_cancer|1|51,no_order,0.2021000000240747,0.5578600956981274,1
breast_cancer,1,breast_cancer|1|51,no_pruning,0.23160000091593247,0.5578600956981274,1
breast_cancer,1,breast_cancer|1|52,full,0.05609999971056823,0.4431316254024377,1
breast_cancer,1,breast_cancer|1|52,no_cache,0.11799999992945231,0.4431316254024377,1
breast_cancer,1,breast_cancer|1|52,no_order,0.33070000063162297,0.4431316254024377,1
breast_cancer,1,breast_cancer|1|52,no_pruning,0.2533999995648628,0.4431316254024377,1
breast_cancer,1,breast_cancer|1|53,full,0.0732000007701572,0.5812212394729329,1
breast_cancer,1,breast_cancer|1|53,no_cache,0.12479999895731453,0.5812212394729329,1
breast_cancer,1,breast_cancer|1|53,no_order,0.22790000002714805,0.5812212394729329,1
breast_cancer,1,breast_cancer|1|53,no_pruning,0.2648999998200452,0.5812212394729329,1
breast_cancer,1,breast_cancer|1|54,full,0.05500000042957254,0.4121828851196232,1
breast_cancer,1,breast_cancer|1|54,no_cache,0.11499999891384505,0.4121828851196232,1
breast_cancer,1,breast_cancer|1|54,no_order,0.20670000048994552,0.4121828851196232,1
breast_cancer,1,breast_cancer|1|54,no_pruning,0.22910000006959308,0.4121828851196232,1
breast_cancer,1,breast_cancer|1|55,full,0.05129999954078812,0.5109336683572074,1
breast_cancer,1,breast_cancer|1|55,no_cache,0.38870000025781337,0.5109336683572074,1
breast_cancer,1,breast_cancer|1|55,no_order,0.2660999998624902,0.5109336683572074,1
breast_cancer,1,breast_cancer|1|55,no_pruning,0.28030000066792127,0.5109336683572074,1
breast_cancer,1,breast_cancer|1|56,full,0.06340000072668772,0.7408055283856824,1
breast_cancer,1,breast_cancer|1|56,no_cache,0.12400000014167745,0.7408055283856824,1
breast_cancer,1,breast_cancer|1|56,no_order,0.19770000108110253,0.7408055283856824,1
breast_cancer,1,breast_cancer|1|56,no_pruning,0.2334000000701053,0.7408055283856824,1
breast_cancer,1,breast_cancer|1|57,full,0.05779999992228113,0.3247841860779921,1
breast_cancer,1,breast_cancer|1|57,no_cache,0.5387000001064735,0.3247841860779921,1
breast_cancer,1,breast_cancer|1|57,no_order,0.19579999934649095,0.3247841860779921,1
breast_cancer,1,breast_cancer|1|57,no_pruning,0.22639999951934442,0.3247841860779921,1
breast_cancer,1,breast_cancer|1|58,full,0.053699999625678174,0.34607570540327154,1
breast_cancer,1,breast_cancer|1|58,no_cache,0.1112000009015901,0.34607570540327154,1
breast_cancer,1,breast_cancer|1|58,no_order,0.19749999955820385,0.34607570540327154,1
breast_cancer,1,breast_cancer|1|58,no_pruning,0.22229999922274146,0.34607570540327154,1
breast_cancer,1,breast_cancer|1|59,full,0.05310000051395036,0.2406007020378058,1
breast_cancer,1,breast_cancer|1|59,no_cache,0.10909999946306925,0.2406007020378058,1
breast_cancer,1,breast_cancer|1|59,no_order,0.41419999979552813,0.2406007020378058,1
breast_cancer,1,breast_cancer|1|59,no_pruning,0.32610000016575214,0.2406007020378058,1
breast_cancer,1,breast_cancer|1|60,full,0.06959999882383272,0.4318255305398043,1
breast_cancer,1,breast_cancer|1|60,no_cache,0.12419999984558672,0.4318255305398043,1
breast_cancer,1,breast_cancer|1|60,no_order,0.20039999981236178,0.4318255305398043,1
breast_cancer,1,breast_cancer|1|60,no_pruning,0.2272000001539709,0.4318255305398043,1
breast_cancer,1,breast_cancer|1|61,full,0.08139999954437371,0.22130607011452197,1
breast_cancer,1,breast_cancer|1|61,no_cache,0.14399999963643495,0.22130607011452197,1
breast_cancer,1,breast_cancer|1|61,no_order,0.2297000010003103,0.22130607011452197,1
breast_cancer,1,breast_cancer|1|61,no_pruning,0.2585000002000015,0.22130607011452197,1
breast_cancer,1,breast_cancer|1|62,full,0.053899999329587445,0.45778356812393933,1
breast_cancer,1,breast_cancer|1|62,no_cache,0.1173999989987351,0.45778356812393933,1
breast_cancer,1,breast_cancer|1|62,no_order,0.1984999998967396,0.45778356812393933,1
breast_cancer,1,breast_cancer|1|62,no_pruning,0.23049999981594738,0.45778356812393933,1
breast_cancer,1,breast_cancer|1|63,full,0.07829999958630651,0.0952082815829447,1
breast_cancer,1,breast_cancer|1|63,no_cache,0.14350000128615648,0.0952082815829447,1
breast_cancer,1,breast_cancer|1|63,no_order,0.23270000019692816,0.0952082815829447,1
breast_cancer,1,breast_cancer|1|63,no_pruning,0.2631999996083323,0.0952082815829447,1
breast_cancer,1,breast_cancer|1|64,full,0.052800000048591755,0.78884105120242,1
breast_cancer,1,breast_cancer|1|64,no_cache,0.11839999933727086,0.78884105120242,1
breast_cancer,1,breast_cancer|1|64,no_order,0.20120000044698827,0.78884105120242,1
breast_cancer,1,breast_cancer|1|64,no_pruning,0.2451999989716569,0.78884105120242,1
breast_cancer,1,breast_cancer|1|65,full,0.14259999989008065,0.578041567223258,1
breast_cancer,1,breast_cancer|1|65,no_cache,0.1596000001882203,0.578041567223258,1
breast_cancer,1,breast_cancer|1|65,no_order,0.31940000008034986,0.578041567223258,1
breast_cancer,1,breast_cancer|1|65,no_pruning,0.24910000138334,0.578041567223258,1
breast_cancer,1,breast_cancer|1|66,full,0.06349999966914766,0.5879773749899135,1
breast_cancer,1,breast_cancer|1|66,no_cache,0.1216000000567874,0.5879773749899135,1
breast_cancer,1,breast_cancer|1|66,no_order,0.2060999995592283,0.5879773749899135,1
breast_cancer,1,breast_cancer|1|66,no_pruning,0.3012999986822251,0.5879773749899135,1
breast_cancer,1,breast_cancer|1|67,full,0.07109999933163635,0.7375141059009452,1
breast_cancer,1,breast_cancer|1|67,no_cache,0.12119999882997945,0.7375141059009452,1
breast_cancer,1,breast_cancer|1|67,no_order,0.20910000057483558,0.7375141059009452,1
breast_cancer,1,breast_cancer|1|67,no_pruning,0.2382000002398854,0.7375141059009452,1
breast_cancer,1,breast_cancer|1|68,full,0.0532000012753997,0.7886874456347553,1
breast_cancer,1,breast_cancer|1|68,no_cache,0.11409999933675863,0.7886874456347553,1
breast_cancer,1,breast_cancer|1|68,no_order,0.19609999981184956,0.7886874456347553,1
breast_cancer,1,breast_cancer|1|68,no_pruning,0.22510000053443946,0.7886874456347553,1
breast_cancer,1,breast_cancer|1|69,full,0.05059999966761097,0.49836330367223514,1
breast_cancer,1,breast_cancer|1|69,no_cache,0.11910000102943741,0.49836330367223514,1
breast_cancer,1,breast_cancer|1|69,no_order,0.19449999854259659,0.49836330367223514,1
breast_cancer,1,breast_cancer|1|69,no_pruning,0.23230000078910962,0.49836330367223514,1
breast_cancer,2,breast_cancer|2|0,full,0.08329999945999589,1.298879498987304,1
breast_cancer,2,breast_cancer|2|0,no_cache,0.12719999904220458,1.298879498987304,1
breast_cancer,2,breast_cancer|2|0,no_order,0.5061000010755379,1.298879498987304,1
breast_cancer,2,breast_cancer|2|0,no_pruning,0.2994999995280523,1.298879498987304,1
breast_cancer,2,breast_cancer|2|1,full,0.07499999992433004,0.7689096125015072,1
breast_cancer,2,breast_cancer|2|1,no_cache,0.1359999987471383,0.7689096125015072,1
breast_cancer,2,breast_cancer|2|1,no_order,0.20909999875584617,0.7689096125015072,1
breast_cancer,2,breast_cancer|2|1,no_pruning,0.23130000045057386,0.7689096125015072,1
breast_cancer,2,breast_cancer|2|2,full,0.08710000111022964,0.6025155410236184,1
breast_cancer,2,breast_cancer|2|2,no_cache,0.27409999893279746,0.6025155410236184,1
breast_cancer,2,breast_cancer|2|2,no_order,0.22589999935007654,0.6025155410236184,1
breast_cancer,2,breast_cancer|2|2,no_pruning,0.2466000005370006,0.6025155410236184,1
breast_cancer,2,breast_cancer|2|3,full,0.07379999988188501,0.22316608673608448,1
breast_cancer,2,breast_cancer|2|3,no_cache,0.1449999999749707,0.22316608673608448,1
breast_cancer,2,breast_cancer|2|3,no_order,0.22739999985788018,0.22316608673608448,1
breast_cancer,2,breast_cancer|2|3,no_pruning,0.26280000020051375,0.22316608673608448,1
breast_cancer,2,breast_cancer|2|4,full,0.08180000077118166,0.7581943715392682,1
breast_cancer,2,breast_cancer|2|4,no_cache,0.1536999989184551,0.7581943715392682,1
breast_cancer,2,breast_cancer|2|4,no_order,0.20419999964360613,0.7581943715392682,1
breast_cancer,2,breast_cancer|2|4,no_pruning,0.22980000176175963,0.7581943715392682,1
breast_cancer,2,breast_cancer|2|5,full,0.08259999958681874,0.7168761105379724,1
breast_cancer,2,breast_cancer|2|5,no_cache,0.14709999959450215,0.7168761105379724,1
breast_cancer,2,breast_cancer|2|5,no_order,0.2282999994349666,0.7168761105379724,1
breast_cancer,2,breast_cancer|2|5,no_pruning,0.234800001635449,0.7168761105379724,1
breast_cancer,2,breast_cancer|2|6,full,0.05980000059935264,0.7843957482226115,1
breast_cancer,2,breast_cancer|2|6,no_cache,0.11950000043725595,0.7843957482226115,1
breast_cancer,2,breast_cancer|2|6,no_order,0.2285999999003252,0.7843957482226115,1
breast_cancer,2,breast_cancer|2|6,no_pruning,0.2595999994809972,0.7843957482226115,1
breast_cancer,2,breast_cancer|2|7,full,0.05140000030223746,0.5807496965523196,1
breast_cancer,2,breast_cancer|2|7,no_cache,0.11389999963284936,0.5807496965523196,1
breast_cancer,2,breast_cancer|2|7,no_order,0.20009999934700318,0.5807496965523196,1
breast_cancer,2,breast_cancer|2|7,no_pruning,0.22840000019641593,0.5807496965523196,1
breast_cancer,2,breast_cancer|2|8,full,0.051900000471505336,0.06290824722378752,1
breast_cancer,2,breast_cancer|2|8,no_cache,0.11170000107085798,0.06290824722378752,1
breast_cancer,2,breast_cancer|2|8,no_order,0.2227000004495494,0.06290824722378752,1
breast_cancer,2,breast_cancer|2|8,no_pruning,0.25299999833805487,0.06290824722378752,1
breast_cancer,2,breast_cancer|2|9,full,0.04930000068270601,0.5213021126228888,1
breast_cancer,2,breast_cancer|2|9,no_cache,0.11140000060549937,0.5213021126228888,1
breast_cancer,2,breast_cancer|2|9,no_order,0.20310000036261044,0.5213021126228888,1
breast_cancer,2,breast_cancer|2|9,no_pruning,0.22449999960372224,0.5213021126228888,1
breast_cancer,2,breast_cancer|2|10,full,0.05090000013296958,0.779815018504525,1
breast_cancer,2,breast_cancer|2|10,no_cache,0.11360000098648015,0.779815018504525,1
breast_cancer,2,breast_cancer|2|10,no_order,0.19829999837384094,0.779815018504525,1
breast_cancer,2,breast_cancer|2|10,no_pruning,0.2668999986781273,0.779815018504525,1
breast_cancer,2,breast_cancer|2|11,full,0.06319999920378905,1.0806293945427616,1
breast_cancer,2,breast_cancer|2|11,no_cache,0.11869999980262946,1.0806293945427616,1
breast_cancer,2,breast_cancer|2|11,no_order,0.2378999997745268,1.0806293945427616,1
breast_cancer,2,breast_cancer|2|11,no_pruning,0.2640000002429588,1.0806293945427616,1
breast_cancer,2,breast_cancer|2|12,full,0.053499999921768904,0.13452164960627966,1
breast_cancer,2,breast_cancer|2|12,no_cache,0.1157000006060116,0.13452164960627966,1
breast_cancer,2,breast_cancer|2|12,no_order,0.1971000001503853,0.13452164960627966,1
breast_cancer,2,breast_cancer|2|12,no_pruning,0.22610000087297522,0.13452164960627966,1
breast_cancer,2,breast_cancer|2|13,full,0.049899999794433825,0.9534616784323857,1
breast_cancer,2,breast_cancer|2|13,no_cache,0.11230000018258579,0.9534616784323857,1
breast_cancer,2,breast_cancer|2|13,no_order,0.22990000070421956,0.9534616784323857,1
breast_cancer,2,breast_cancer|2|13,no_pruning,0.25859999914246146,0.9534616784323857,1
breast_cancer,2,breast_cancer|2|14,full,0.04850000004807953,0.5867741209232253,1
breast_cancer,2,breast_cancer|2|14,no_cache,0.1109000004362315,0.5867741209232253,1
breast_cancer,2,breast_cancer|2|14,no_order,0.23429999964719173,0.5867741209232253,1
breast_cancer,2,breast_cancer|2|14,no_pruning,0.25579999964975286,0.5867741209232253,1
breast_cancer,2,breast_cancer|2|15,full,0.07800000093993731,1.1357162724152918,1
breast_cancer,2,breast_cancer|2|15,no_cache,0.1376999989588512,1.1357162724152918,1
breast_cancer,2,breast_cancer|2|15,no_order,0.20029999905091245,1.1357162724152918,1
breast_cancer,2,breast_cancer|2|15,no_pruning,0.22429999989981297,1.1357162724152918,1
breast_cancer,2,breast_cancer|2|16,full,0.048200001401710324,1.0807624831937792,1
breast_cancer,2,breast_cancer|2|16,no_cache,0.1291999997192761,1.0807624831937792,1
breast_cancer,2,breast_cancer|2|16,no_order,0.21100000049045775,1.0807624831937792,1
breast_cancer,2,breast_cancer|2|16,no_pruning,0.23859999964770395,1.0807624831937792,1
breast_cancer,2,breast_cancer|2|17,full,0.05559999954130035,0.7826040137672121,1
breast_cancer,2,breast_cancer|2|17,no_cache,0.11590000030992087,0.7826040137672121,1
breast_cancer,2,breast_cancer|2|17,no_order,0.22559999888471793,0.7826040137672121,1
breast_cancer,2,breast_cancer|2|17,no_pruning,0.2612000007502502,0.7826040137672121,1
breast_cancer,2,breast_cancer|2|18,full,0.049199999921256676,0.22693482793408196,1
breast_cancer,2,breast_cancer|2|18,no_cache,0.10819999988598283,0.22693482793408196,1
breast_cancer,2,breast_cancer|2|18,no_order,0.1995999991777353,0.22693482793408196,1
breast_cancer,2,breast_cancer|2|18,no_pruning,0.22759999956178945,0.22693482793408196,1
breast_cancer,2,breast_cancer|2|19,full,0.04879999869444873,0.05796521657382112,1
breast_cancer,2,breast_cancer|2|19,no_cache,0.1160000010713702,0.05796521657382112,1
breast_cancer,2,breast_cancer|2|19,no_order,0.23359999977401458,0.05796521657382112,1
breast_cancer,2,breast_cancer|2|19,no_pruning,0.2561999990575714,0.05796521657382112,1
breast_cancer,2,breast_cancer|2|20,full,0.05050000072515104,0.6160568066599189,1
breast_cancer,2,breast_cancer|2|20,no_cache,0.11679999988700729,0.6160568066599189,1
breast_cancer,2,breast_cancer|2|20,no_order,0.24230000053648837,0.6160568066599189,1
breast_cancer,2,breast_cancer|2|20,no_pruning,0.2521999995224178,0.6160568066599189,1
breast_cancer,2,breast_cancer|2|21,full,0.051700000767596066,0.25705516804666606,1
breast_cancer,2,breast_cancer|2|21,no_cache,0.11500000073283445,0.25705516804666606,1
breast_cancer,2,breast_cancer|2|21,no_order,0.21850000121048652,0.25705516804666606,1
breast_cancer,2,breast_cancer|2|21,no_pruning,0.35120000029564835,0.25705516804666606,1
breast_cancer,2,breast_cancer|2|22,full,0.06519999988086056,0.11223812081281381,1
breast_cancer,2,breast_cancer|2|22,no_cache,0.11950000043725595,0.11223812081281381,1
breast_cancer,2,breast_cancer|2|22,no_order,0.19109999993816018,0.11223812081281381,1
breast_cancer,2,breast_cancer|2|22,no_pruning,0.22840000019641593,0.11223812081281381,1
breast_cancer,2,breast_cancer|2|23,full,0.05070000042906031,0.06376274038784623,1
breast_cancer,2,breast_cancer|2|23,no_cache,0.11239999912504572,0.06376274038784623,1
breast_cancer,2,breast_cancer|2|23,no_order,0.19149999934597872,0.06376274038784623,1
breast_cancer,2,breast_cancer|2|23,no_pruning,0.2204000011261087,0.06376274038784623,1
breast_cancer,2,breast_cancer|2|24,full,0.04839999928663019,0.9911613492521238,1
breast_cancer,2,breast_cancer|2|24,no_cache,0.11620000077527948,0.9911613492521238,1
breast_cancer,2,breast_cancer|2|24,no_order,0.22360000002663583,0.9911613492521238,1
breast_cancer,2,breast_cancer|2|24,no_pruning,0.2508999987185234,0.9911613492521238,1
breast_cancer,2,breast_cancer|2|25,full,0.04949999856762588,0.2896210764673129,1
breast_cancer,2,breast_cancer|2|25,no_cache,0.11269999959040433,0.2896210764673129,1
breast_cancer,2,breast_cancer|2|25,no_order,0.22510000053443946,0.2896210764673129,1
breast_cancer,2,breast_cancer|2|25,no_pruning,0.2485999993950827,0.2896210764673129,1
breast_cancer,2,breast_cancer|2|26,full,0.04789999911736231,0.381596030993069,1
breast_cancer,2,breast_cancer|2|26,no_cache,0.1109000004362315,0.381596030993069,1
breast_cancer,2,breast_cancer|2|26,no_order,0.19100000099570025,0.381596030993069,1
breast_cancer,2,breast_cancer|2|26,no_pruning,0.22329999956127722,0.381596030993069,1
breast_cancer,2,breast_cancer|2|27,full,0.0731999989511678,0.8793293732285091,1
breast_cancer,2,breast_cancer|2|27,no_cache,0.1385000014124671,0.8793293732285091,1
breast_cancer,2,breast_cancer|2|27,no_order,0.19919999976991676,0.8793293732285091,1
breast_cancer,2,breast_cancer|2|27,no_pruning,0.2693999995244667,0.8793293732285091,1
breast_cancer,2,breast_cancer|2|28,full,0.0794000006862916,0.3912014913865136,1
breast_cancer,2,breast_cancer|2|28,no_cache,0.14000000010128133,0.3912014913865136,1
breast_cancer,2,breast_cancer|2|28,no_order,0.1956999985850416,0.3912014913865136,1
breast_cancer,2,breast_cancer|2|28,no_pruning,0.2223999999841908,0.3912014913865136,1
breast_cancer,2,breast_cancer|2|29,full,0.07379999988188501,1.1053387684440599,1
breast_cancer,2,breast_cancer|2|29,no_cache,0.13389999912760686,1.1053387684440599,1
breast_cancer,2,breast_cancer|2|29,no_order,0.19210000027669594,1.1053387684440599,1
breast_cancer,2,breast_cancer|2|29,no_pruning,0.22930000159249175,1.1053387684440599,1
breast_cancer,2,breast_cancer|2|30,full,0.04740000076708384,0.29454241827745525,1
breast_cancer,2,breast_cancer|2|30,no_cache,0.10699999984353781,0.29454241827745525,1
breast_cancer,2,breast_cancer|2|30,no_order,0.1967999996850267,0.29454241827745525,1
breast_cancer,2,breast_cancer|2|30,no_pruning,0.2234999992651865,0.29454241827745525,1
breast_cancer,2,breast_cancer|2|31,full,0.04710000030172523,1.179779081654586,1
breast_cancer,2,breast_cancer|2|31,no_cache,0.11369999992894009,1.179779081654586,1
breast_cancer,2,breast_cancer|2|31,no_order,0.19489999976940453,1.179779081654586,1
breast_cancer,2,breast_cancer|2|31,no_pruning,0.2203999993071193,1.179779081654586,1
breast_cancer,2,breast_cancer|2|32,full,0.046099999963189475,0.29179404263964037,1
breast_cancer,2,breast_cancer|2|32,no_cache,0.10590000056254212,0.29179404263964037,1
breast_cancer,2,breast_cancer|2|32,no_order,0.1905999997688923,0.29179404263964037,1
breast_cancer,2,breast_cancer|2|32,no_pruning,0.22420000095735304,0.29179404263964037,1
breast_cancer,2,breast_cancer|2|33,full,0.0487000015709782,0.7811370400864489,1
breast_cancer,2,breast_cancer|2|33,no_cache,0.10889999975915998,0.7811370400864489,1
breast_cancer,2,breast_cancer|2|33,no_order,0.19880000036209822,0.7811370400864489,1
breast_cancer,2,breast_cancer|2|33,no_pruning,0.2685999988898402,0.7811370400864489,1
breast_cancer,2,breast_cancer|2|34,full,0.05339999916031957,1.6520641004546865,1
breast_cancer,2,breast_cancer|2|34,no_cache,0.1111999990826007,1.6520641004546865,1
breast_cancer,2,breast_cancer|2|34,no_order,0.1993000005313661,1.6520641004546865,1
breast_cancer,2,breast_cancer|2|34,no_pruning,0.22399999943445437,1.6520641004546865,1
breast_cancer,2,breast_cancer|2|35,full,0.04859999899053946,0.971368819325655,1
breast_cancer,2,breast_cancer|2|35,no_cache,0.11210000047867652,0.971368819325655,1
breast_cancer,2,breast_cancer|2|35,no_order,0.23039999905449804,0.971368819325655,1
breast_cancer,2,breast_cancer|2|35,no_pruning,0.2612000007502502,0.971368819325655,1
breast_cancer,2,breast_cancer|2|36,full,0.0732000007701572,0.6962350186145605,1
breast_cancer,2,breast_cancer|2|36,no_cache,0.1329000006080605,0.6962350186145605,1
breast_cancer,2,breast_cancer|2|36,no_order,0.20600000061676838,0.6962350186145605,1
breast_cancer,2,breast_cancer|2|36,no_pruning,0.22109999918029644,0.6962350186145605,1
breast_cancer,2,breast_cancer|2|37,full,0.04640000042854808,1.508411805705599,1
breast_cancer,2,breast_cancer|2|37,no_cache,0.10509999992791563,1.508411805705599,1
breast_cancer,2,breast_cancer|2|37,no_order,0.1905999997688923,1.508411805705599,1
breast_cancer,2,breast_cancer|2|37,no_pruning,0.21699999888369348,1.508411805705599,1
breast_cancer,2,breast_cancer|2|38,full,0.04760000047099311,0.00990337553326559,1
breast_cancer,2,breast_cancer|2|38,no_cache,0.11350000022503082,0.00990337553326559,1
breast_cancer,2,breast_cancer|2|38,no_order,0.21609999930660706,0.00990337553326559,1
breast_cancer,2,breast_cancer|2|38,no_pruning,0.24840000151016284,0.00990337553326559,1
breast_cancer,2,breast_cancer|2|39,full,0.07019999975454994,1.2514309200495675,1
breast_cancer,2,breast_cancer|2|39,no_cache,0.14110000120126642,1.2514309200495675,1
breast_cancer,2,breast_cancer|2|39,no_order,0.3656999997474486,1.2514309200495675,1
breast_cancer,2,breast_cancer|2|39,no_pruning,0.267100000201026,1.2514309200495675,1
breast_cancer,2,breast_cancer|2|40,full,0.08119999984046444,0.9900469176485366,1
breast_cancer,2,breast_cancer|2|40,no_cache,0.14179999925545417,0.9900469176485366,1
breast_cancer,2,breast_cancer|2|40,no_order,0.21019999985583127,0.9900469176485366,1
breast_cancer,2,breast_cancer|2|40,no_pruning,0.23689999943599105,0.9900469176485366,1
breast_cancer,2,breast_cancer|2|41,full,0.0594000011915341,0.1985887968311434,1
breast_cancer,2,breast_cancer|2|41,no_cache,0.12040000001434237,0.1985887968311434,1
breast_cancer,2,breast_cancer|2|41,no_order,0.1987999985431088,0.1985887968311434,1
breast_cancer,2,breast_cancer|2|41,no_pruning,0.23270000019692816,0.1985887968311434,1
breast_cancer,2,breast_cancer|2|42,full,0.05849999979545828,0.2906449247275413,1
breast_cancer,2,breast_cancer|2|42,no_cache,0.1204999989568023,0.2906449247275413,1
breast_cancer,2,breast_cancer|2|42,no_order,0.22960000023886096,0.2906449247275413,1
breast_cancer,2,breast_cancer|2|42,no_pruning,0.2550999997765757,0.2906449247275413,1
breast_cancer,2,breast_cancer|2|43,full,0.051500001063686796,1.2607574453333235,1
breast_cancer,2,breast_cancer|2|43,no_cache,0.11730000005627517,1.2607574453333235,1
breast_cancer,2,breast_cancer|2|43,no_order,0.20010000116599258,1.2607574453333235,1
breast_cancer,2,breast_cancer|2|43,no_pruning,0.23400000100082252,1.2607574453333235,1
breast_cancer,2,breast_cancer|2|44,full,0.059500000133994035,0.031661749385393456,1
breast_cancer,2,breast_cancer|2|44,no_cache,0.1216000000567874,0.031661749385393456,1
breast_cancer,2,breast_cancer|2|44,no_order,0.26959999922837596,0.031661749385393456,1
breast_cancer,2,breast_cancer|2|44,no_pruning,0.39139999898907263,0.031661749385393456,1
breast_cancer,2,breast_cancer|2|45,full,0.0760000002628658,0.41841798949432263,1
breast_cancer,2,breast_cancer|2|45,no_cache,0.1295000001846347,0.41841798949432263,1
breast_cancer,2,breast_cancer|2|45,no_order,0.20640000002458692,0.41841798949432263,1
breast_cancer,2,breast_cancer|2|45,no_pruning,0.2361999995628139,0.41841798949432263,1
breast_cancer,2,breast_cancer|2|46,full,0.057499999456922524,0.1918658712856013,1
breast_cancer,2,breast_cancer|2|46,no_cache,0.11669999912555795,0.1918658712856013,1
breast_cancer,2,breast_cancer|2|46,no_order,0.36919999911333434,0.1918658712856013,1
breast_cancer,2,breast_cancer|2|46,no_pruning,0.2624000007926952,0.1918658712856013,1
breast_cancer,2,breast_cancer|2|47,full,0.0839000003907131,0.2727273498387093,1
breast_cancer,2,breast_cancer|2|47,no_cache,0.1331999992544297,0.2727273498387093,1
breast_cancer,2,breast_cancer|2|47,no_order,0.19670000074256677,0.2727273498387093,1
breast_cancer,2,breast_cancer|2|47,no_pruning,0.22639999951934442,0.2727273498387093,1
breast_cancer,2,breast_cancer|2|48,full,0.058099998568650335,0.7383240207340503,1
breast_cancer,2,breast_cancer|2|48,no_cache,0.1188000005640788,0.7383240207340503,1
breast_cancer,2,breast_cancer|2|48,no_order,0.23630000032426324,0.7383240207340503,1
breast_cancer,2,breast_cancer|2|48,no_pruning,0.26250000155414455,0.7383240207340503,1
breast_cancer,2,breast_cancer|2|49,full,0.07860000005166512,1.276475218129786,1
breast_cancer,2,breast_cancer|2|49,no_cache,0.14229999942472205,1.276475218129786,1
breast_cancer,2,breast_cancer|2|49,no_order,0.20909999875584617,1.276475218129786,1
breast_cancer,2,breast_cancer|2|49,no_pruning,0.2440999996906612,1.276475218129786,1
breast_cancer,2,breast_cancer|2|50,full,0.05330000021785963,0.5012976088252505,1
breast_cancer,2,breast_cancer|2|50,no_cache,0.1199000016640639,0.5012976088252505,1
breast_cancer,2,breast_cancer|2|50,no_order,0.20359999871288892,0.5012976088252505,1
breast_cancer,2,breast_cancer|2|50,no_pruning,0.22910000006959308,0.5012976088252505,1
breast_cancer,2,breast_cancer|2|51,full,0.0548999996681232,1.0390929687794888,1
breast_cancer,2,breast_cancer|2|51,no_cache,0.12169999899924733,1.0390929687794888,1
breast_cancer,2,breast_cancer|2|51,no_order,0.20359999871288892,1.0390929687794888,1
breast_cancer,2,breast_cancer|2|51,no_pruning,0.2251999994768994,1.0390929687794888,1
breast_cancer,2,breast_cancer|2|52,full,0.050099999498343095,1.0141024829528662,1
breast_cancer,2,breast_cancer|2|52,no_cache,0.11369999992894009,1.0141024829528662,1
breast_cancer,2,breast_cancer|2|52,no_order,0.19800000154646114,1.0141024829528662,1
breast_cancer,2,breast_cancer|2|52,no_pruning,0.2229999990959186,1.0141024829528662,1
breast_cancer,2,breast_cancer|2|53,full,0.048600000809528865,0.5416607777460672,1
breast_cancer,2,breast_cancer|2|53,no_cache,0.10920000022451859,0.5416607777460672,1
breast_cancer,2,breast_cancer|2|53,no_order,0.19150000116496813,0.5416607777460672,1
breast_cancer,2,breast_cancer|2|53,no_pruning,0.2223999999841908,0.5416607777460672,1
breast_cancer,2,breast_cancer|2|54,full,0.049700000090524554,1.4189257074990655,1
breast_cancer,2,breast_cancer|2|54,no_cache,0.11369999992894009,1.4189257074990655,1
breast_cancer,2,breast_cancer|2|54,no_order,0.2229999990959186,1.4189257074990655,1
breast_cancer,2,breast_cancer|2|54,no_pruning,0.25440000172238797,1.4189257074990655,1
breast_cancer,2,breast_cancer|2|55,full,0.05060000148660038,0.36141413276792433,1
breast_cancer,2,breast_cancer|2|55,no_cache,0.11129999984405003,0.36141413276792433,1
breast_cancer,2,breast_cancer|2|55,no_order,0.21980000019539148,0.36141413276792433,1
breast_cancer,2,breast_cancer|2|55,no_pruning,0.23629999850527383,0.36141413276792433,1
breast_cancer,2,breast_cancer|2|56,full,0.05520000013348181,0.5813921335629378,1
breast_cancer,2,breast_cancer|2|56,no_cache,0.11049999920942355,0.5813921335629378,1
breast_cancer,2,breast_cancer|2|56,no_order,0.200699998458731,0.5813921335629378,1
breast_cancer,2,breast_cancer|2|56,no_pruning,0.22790000002714805,0.5813921335629378,1
breast_cancer,2,breast_cancer|2|57,full,0.0748999991628807,0.957291038188217,1
breast_cancer,2,breast_cancer|2|57,no_cache,0.13550000039685983,0.957291038188217,1
breast_cancer,2,breast_cancer|2|57,no_order,0.19570000040403102,0.957291038188217,1
breast_cancer,2,breast_cancer|2|57,no_pruning,0.22010000066075008,0.957291038188217,1
breast_cancer,2,breast_cancer|2|58,full,0.049899999794433825,0.6207025812649948,1
breast_cancer,2,breast_cancer|2|58,no_cache,0.10870000005525071,0.6207025812649948,1
breast_cancer,2,breast_cancer|2|58,no_order,0.22179999905347358,0.6207025812649948,1
breast_cancer,2,breast_cancer|2|58,no_pruning,0.2524999999877764,0.6207025812649948,1
breast_cancer,2,breast_cancer|2|59,full,0.049899999794433825,0.8348341508289024,1
breast_cancer,2,breast_cancer|2|59,no_cache,0.11239999912504572,0.8348341508289024,1
breast_cancer,2,breast_cancer|2|59,no_order,0.19290000091132242,0.8348341508289024,1
breast_cancer,2,breast_cancer|2|59,no_pruning,0.23130000045057386,0.8348341508289024,1
breast_cancer,2,breast_cancer|2|60,full,0.04789999911736231,0.9420888275310029,1
breast_cancer,2,breast_cancer|2|60,no_cache,0.15499999972234946,0.9420888275310029,1
breast_cancer,2,breast_cancer|2|60,no_order,0.19939999947382603,0.9420888275310029,1
breast_cancer,2,breast_cancer|2|60,no_pruning,0.225499999942258,0.9420888275310029,1
breast_cancer,2,breast_cancer|2|61,full,0.04909999915980734,0.6874228168921663,1
breast_cancer,2,breast_cancer|2|61,no_cache,0.11889999950653873,0.6874228168921663,1
breast_cancer,2,breast_cancer|2|61,no_order,0.21319999905244913,0.6874228168921663,1
breast_cancer,2,breast_cancer|2|61,no_pruning,0.23390000023937318,0.6874228168921663,1
breast_cancer,2,breast_cancer|2|62,full,0.060200000007171184,1.4155116148383655,1
breast_cancer,2,breast_cancer|2|62,no_cache,0.11170000107085798,1.4155116148383655,1
breast_cancer,2,breast_cancer|2|62,no_order,0.2175999998144107,1.4155116148383655,1
breast_cancer,2,breast_cancer|2|62,no_pruning,0.23090000104275532,1.4155116148383655,1
breast_cancer,2,breast_cancer|2|63,full,0.054200001613935456,1.262680241277098,1
breast_cancer,2,breast_cancer|2|63,no_cache,0.11769999946409371,1.262680241277098,1
breast_cancer,2,breast_cancer|2|63,no_order,0.22139999964565504,1.262680241277098,1
breast_cancer,2,breast_cancer|2|63,no_pruning,0.2547000003687572,1.262680241277098,1
breast_cancer,2,breast_cancer|2|64,full,0.04930000068270601,0.28117432832042993,1
breast_cancer,2,breast_cancer|2|64,no_cache,0.10889999975915998,0.28117432832042993,1
breast_cancer,2,breast_cancer|2|64,no_order,0.2182000007451279,0.28117432832042993,1
breast_cancer,2,breast_cancer|2|64,no_pruning,0.2586999999039108,0.28117432832042993,1
breast_cancer,2,breast_cancer|2|65,full,0.0729000003047986,0.8963675263939679,1
breast_cancer,2,breast_cancer|2|65,no_cache,0.137400000312482,0.8963675263939679,1
breast_cancer,2,breast_cancer|2|65,no_order,0.20009999934700318,0.8963675263939679,1
breast_cancer,2,breast_cancer|2|65,no_pruning,0.22109999918029644,0.8963675263939679,1
breast_cancer,2,breast_cancer|2|66,full,0.0486999997519888,0.4678259372664817,1
breast_cancer,2,breast_cancer|2|66,no_cache,0.11020000056305435,0.4678259372664817,1
breast_cancer,2,breast_cancer|2|66,no_order,0.21830000150657725,0.4678259372664817,1
breast_cancer,2,breast_cancer|2|66,no_pruning,0.5467000009957701,0.4678259372664817,1
breast_cancer,2,breast_cancer|2|67,full,0.07349999941652641,0.1747579465076883,1
breast_cancer,2,breast_cancer|2|67,no_cache,0.5481000007421244,0.1747579465076883,1
breast_cancer,2,breast_cancer|2|67,no_order,0.2027000009547919,0.1747579465076883,1
breast_cancer,2,breast_cancer|2|67,no_pruning,0.23230000078910962,0.1747579465076883,1
breast_cancer,2,breast_cancer|2|68,full,0.05469999996421393,0.9989176494065921,1
breast_cancer,2,breast_cancer|2|68,no_cache,0.10859999929380137,0.9989176494065921,1
breast_cancer,2,breast_cancer|2|68,no_order,0.21219999871391337,0.9989176494065921,1
breast_cancer,2,breast_cancer|2|68,no_pruning,0.22949999947741162,0.9989176494065921,1
breast_cancer,2,breast_cancer|2|69,full,0.05380000038712751,0.1063522378864573,1
breast_cancer,2,breast_cancer|2|69,no_cache,0.10879999899771065,0.1063522378864573,1
breast_cancer,2,breast_cancer|2|69,no_order,0.22450000142271165,0.1063522378864573,1
breast_cancer,2,breast_cancer|2|69,no_pruning,0.25159999859170057,0.1063522378864573,1
breast_cancer,3,breast_cancer|3|0,full,0.08600000001024455,0.7389337981248996,1
breast_cancer,3,breast_cancer|3|0,no_cache,0.13550000039685983,0.7389337981248996,1
breast_cancer,3,breast_cancer|3|0,no_order,0.24539999867556617,0.7389337981248996,1
breast_cancer,3,breast_cancer|3|0,no_pruning,0.27129999944008887,0.7389337981248996,1
breast_cancer,3,breast_cancer|3|1,full,0.05700000110664405,0.5299489390306745,1
breast_cancer,3,breast_cancer|3|1,no_cache,0.12349999997240957,0.5299489390306745,1
breast_cancer,3,breast_cancer|3|1,no_order,0.2347999998164596,0.5299489390306745,1
breast_cancer,3,breast_cancer|3|1,no_pruning,0.570500000321772,0.5299489390306745,1
breast_cancer,3,breast_cancer|3|2,full,0.20820000099774916,2.05690967384211,1
breast_cancer,3,breast_cancer|3|2,no_cache,0.2506000000721542,2.05690967384211,1
breast_cancer,3,breast_cancer|3|2,no_order,0.2694000013434561,2.05690967384211,1
breast_cancer,3,breast_cancer|3|2,no_pruning,0.29320000066945795,2.05690967384211,1
breast_cancer,3,breast_cancer|3|3,full,0.1095000006898772,1.318331379684114,1
breast_cancer,3,breast_cancer|3|3,no_cache,0.17600000137463212,1.318331379684114,1
breast_cancer,3,breast_cancer|3|3,no_order,0.26650000108929817,1.318331379684114,1
breast_cancer,3,breast_cancer|3|3,no_pruning,0.29069999982311856,1.318331379684114,1
breast_cancer,3,breast_cancer|3|4,full,0.14790000022912864,1.5623463749280662,1
breast_cancer,3,breast_cancer|3|4,no_cache,0.21700000070268288,1.5623463749280662,1
breast_cancer,3,breast_cancer|3|4,no_order,0.2542000001994893,1.5623463749280662,1
breast_cancer,3,breast_cancer|3|4,no_pruning,0.28949999978067353,1.5623463749280662,1
breast_cancer,3,breast_cancer|3|5,full,0.21320000087143853,2.6626282132492105,1
breast_cancer,3,breast_cancer|3|5,no_cache,0.6198999999469379,2.6626282132492105,1
breast_cancer,3,breast_cancer|3|5,no_order,0.6334999998216517,2.6626282132492105,1
breast_cancer,3,breast_cancer|3|5,no_pruning,0.32420000025012996,2.6626282132492105,1
breast_cancer,3,breast_cancer|3|6,full,0.18040000031760428,1.7241108174741775,1
breast_cancer,3,breast_cancer|3|6,no_cache,0.240999999732594,1.7241108174741775,1
breast_cancer,3,breast_cancer|3|6,no_order,0.25800000003073364,1.7241108174741775,1
breast_cancer,3,breast_cancer|3|6,no_pruning,0.4162999994150596,1.7241108174741775,1
breast_cancer,3,breast_cancer|3|7,full,0.13159999980416615,1.814171435621808,1
breast_cancer,3,breast_cancer|3|7,no_cache,0.1903000011225231,1.814171435621808,1
breast_cancer,3,breast_cancer|3|7,no_order,0.26619999880495016,1.814171435621808,1
breast_cancer,3,breast_cancer|3|7,no_pruning,0.29720000020461157,1.814171435621808,1
breast_cancer,3,breast_cancer|3|8,full,0.06070000017643906,0.5299832216979065,1
breast_cancer,3,breast_cancer|3|8,no_cache,0.12479999895731453,0.5299832216979065,1
breast_cancer,3,breast_cancer|3|8,no_order,0.22320000061881728,0.5299832216979065,1
breast_cancer,3,breast_cancer|3|8,no_pruning,0.2637999987200601,0.5299832216979065,1
breast_cancer,3,breast_cancer|3|9,full,0.05670000064128544,0.34710259924191256,1
breast_cancer,3,breast_cancer|3|9,no_cache,0.13579999904322904,0.34710259924191256,1
breast_cancer,3,breast_cancer|3|9,no_order,0.23460000011255033,0.34710259924191256,1
breast_cancer,3,breast_cancer|3|9,no_pruning,0.2688999993551988,0.34710259924191256,1
breast_cancer,3,breast_cancer|3|10,full,0.11339999946358148,0.5407453233159467,1
breast_cancer,3,breast_cancer|3|10,no_cache,0.17750000006344635,0.5407453233159467,1
breast_cancer,3,breast_cancer|3|10,no_order,0.2662999995663995,0.5407453233159467,1
breast_cancer,3,breast_cancer|3|10,no_pruning,0.30109999897831585,0.5407453233159467,1
breast_cancer,3,breast_cancer|3|11,full,0.15160000111791305,1.692916355720165,1
breast_cancer,3,breast_cancer|3|11,no_cache,0.22059999901102856,1.692916355720165,1
breast_cancer,3,breast_cancer|3|11,no_order,0.25160000041069,1.692916355720165,1
breast_cancer,3,breast_cancer|3|11,no_pruning,0.28190000011818483,1.692916355720165,1
breast_cancer,3,breast_cancer|3|12,full,0.05339999916031957,0.3694077727973709,1
breast_cancer,3,breast_cancer|3|12,no_cache,0.12179999976069666,0.3694077727973709,1
breast_cancer,3,breast_cancer|3|12,no_order,0.25859999914246146,0.3694077727973709,1
breast_cancer,3,breast_cancer|3|12,no_pruning,0.2863000008801464,0.3694077727973709,1
breast_cancer,3,breast_cancer|3|13,full,0.052400000640773214,0.9673283505291662,1
breast_cancer,3,breast_cancer|3|13,no_cache,0.12579999929585028,0.9673283505291662,1
breast_cancer,3,breast_cancer|3|13,no_order,0.23549999968963675,0.9673283505291662,1
breast_cancer,3,breast_cancer|3|13,no_pruning,0.4828000000998145,0.9673283505291662,1
breast_cancer,3,breast_cancer|3|14,full,0.09049999971466605,0.7399417593222785,1
breast_cancer,3,breast_cancer|3|14,no_cache,0.15040000107546803,0.7399417593222785,1
breast_cancer,3,breast_cancer|3|14,no_order,0.2390000008745119,0.7399417593222785,1
breast_cancer,3,breast_cancer|3|14,no_pruning,0.2722999997786246,0.7399417593222785,1
breast_cancer,3,breast_cancer|3|15,full,0.17889999980980065,2.7708619697066377,1
breast_cancer,3,breast_cancer|3|15,no_cache,0.2533000006224029,2.7708619697066377,1
breast_cancer,3,breast_cancer|3|15,no_order,0.3508000008878298,2.7708619697066377,1
breast_cancer,3,breast_cancer|3|15,no_pruning,0.30700000024808105,2.7708619697066377,1
breast_cancer,3,breast_cancer|3|16,full,0.22230000104173087,3.550231453783,1
breast_cancer,3,breast_cancer|3|16,no_cache,0.282599999991362,3.550231453783,1
breast_cancer,3,breast_cancer|3|16,no_order,0.26339999931224156,3.550231453783,1
breast_cancer,3,breast_cancer|3|16,no_pruning,0.2882000007957686,3.550231453783,1
breast_cancer,3,breast_cancer|3|17,full,0.06889999895065557,0.8925413502930906,1
breast_cancer,3,breast_cancer|3|17,no_cache,0.12310000056459103,0.8925413502930906,1
breast_cancer,3,breast_cancer|3|17,no_order,0.2241000001959037,0.8925413502930906,1
breast_cancer,3,breast_cancer|3|17,no_pruning,0.2637999987200601,0.8925413502930906,1
breast_cancer,3,breast_cancer|3|18,full,0.05330000021785963,0.199350645753224,1
breast_cancer,3,breast_cancer|3|18,no_cache,0.12129999959142879,0.199350645753224,1
breast_cancer,3,breast_cancer|3|18,no_order,0.22200000057637226,0.199350645753224,1
breast_cancer,3,breast_cancer|3|18,no_pruning,0.25430000096093863,0.199350645753224,1
breast_cancer,3,breast_cancer|3|19,full,0.19020000036107376,3.1115778280595814,1
breast_cancer,3,breast_cancer|3|19,no_cache,0.2595000005385373,3.1115778280595814,1
breast_cancer,3,breast_cancer|3|19,no_order,0.2563999987614807,3.1115778280595814,1
breast_cancer,3,breast_cancer|3|19,no_pruning,0.2855000002455199,3.1115778280595814,1
breast_cancer,3,breast_cancer|3|20,full,0.23430000146618113,3.196179666533214,1
breast_cancer,3,breast_cancer|3|20,no_cache,0.3042999996978324,3.196179666533214,1
breast_cancer,3,breast_cancer|3|20,no_order,0.28200000087963417,3.1961796665332134,1
breast_cancer,3,breast_cancer|3|20,no_pruning,0.29770000037387945,3.1961796665332134,1
breast_cancer,3,breast_cancer|3|21,full,0.08209999941755086,0.6541209776990597,1
breast_cancer,3,breast_cancer|3|21,no_cache,0.16229999891947955,0.6541209776990597,1
breast_cancer,3,breast_cancer|3|21,no_order,0.23990000045159832,0.6541209776990597,1
breast_cancer,3,breast_cancer|3|21,no_pruning,0.2998999989358708,0.6541209776990597,1
breast_cancer,3,breast_cancer|3|22,full,0.07430000005115289,0.6353589524150631,1
breast_cancer,3,breast_cancer|3|22,no_cache,0.139899999339832,0.6353589524150631,1
breast_cancer,3,breast_cancer|3|22,no_order,0.2249000008305302,0.6353589524150631,1
breast_cancer,3,breast_cancer|3|22,no_pruning,0.26650000108929817,0.6353589524150631,1
breast_cancer,3,breast_cancer|3|23,full,0.05199999941396527,0.4847763000078118,1
breast_cancer,3,breast_cancer|3|23,no_cache,0.12070000047970098,0.4847763000078118,1
breast_cancer,3,breast_cancer|3|23,no_order,0.2212999988842057,0.4847763000078118,1
breast_cancer,3,breast_cancer|3|23,no_pruning,0.2598999999463558,0.4847763000078118,1
breast_cancer,3,breast_cancer|3|24,full,0.051900000471505336,0.4755697096869064,1
breast_cancer,3,breast_cancer|3|24,no_cache,0.12450000031094532,0.4755697096869064,1
breast_cancer,3,breast_cancer|3|24,no_order,0.22329999956127722,0.4755697096869064,1
breast_cancer,3,breast_cancer|3|24,no_pruning,0.25889999960782006,0.4755697096869064,1
breast_cancer,3,breast_cancer|3|25,full,0.05059999966761097,0.5970103322976723,1
breast_cancer,3,breast_cancer|3|25,no_cache,0.11950000043725595,0.5970103322976723,1
breast_cancer,3,breast_cancer|3|25,no_order,0.21720000040659215,0.5970103322976723,1
breast_cancer,3,breast_cancer|3|25,no_pruning,0.252800000453135,0.5970103322976723,1
breast_cancer,3,breast_cancer|3|26,full,0.19530000099621248,5.156775301673468,1
breast_cancer,3,breast_cancer|3|26,no_cache,0.26760000037029386,5.156775301673468,1
breast_cancer,3,breast_cancer|3|26,no_order,0.2533999995648628,5.156775301673468,1
breast_cancer,3,breast_cancer|3|26,no_pruning,0.4885000016656704,5.156775301673468,1
breast_cancer,3,breast_cancer|3|27,full,0.08679999882588163,0.5506292098733316,1
breast_cancer,3,breast_cancer|3|27,no_cache,0.14550000014423858,0.5506292098733316,1
breast_cancer,3,breast_cancer|3|27,no_order,0.22990000070421956,0.5506292098733316,1
breast_cancer,3,breast_cancer|3|27,no_pruning,0.30359999982465524,0.5506292098733316,1
breast_cancer,3,breast_cancer|3|28,full,0.05919999966863543,1.0451159539587713,1
breast_cancer,3,breast_cancer|3|28,no_cache,0.12800000149582047,1.0451159539587713,1
breast_cancer,3,breast_cancer|3|28,no_order,0.22089999947638717,1.0451159539587713,1
breast_cancer,3,breast_cancer|3|28,no_pruning,0.4034000012325123,1.0451159539587713,1
breast_cancer,3,breast_cancer|3|29,full,0.08299999899463728,0.7580059217004999,1
breast_cancer,3,breast_cancer|3|29,no_cache,0.13469999976223335,0.7580059217004999,1
breast_cancer,3,breast_cancer|3|29,no_order,0.22420000095735304,0.7580059217004999,1
breast_cancer,3,breast_cancer|3|29,no_pruning,0.262999999904423,0.7580059217004999,1
breast_cancer,3,breast_cancer|3|30,full,0.12939999942318536,2.4215635597377347,1
breast_cancer,3,breast_cancer|3|30,no_cache,0.194500000361586,2.4215635597377347,1
breast_cancer,3,breast_cancer|3|30,no_order,0.2623000000312459,2.4215635597377347,1
breast_cancer,3,breast_cancer|3|30,no_pruning,0.286299999061157,2.4215635597377347,1
breast_cancer,3,breast_cancer|3|31,full,0.1247000000148546,0.7262663226274768,1
breast_cancer,3,breast_cancer|3|31,no_cache,0.20399999993969686,0.7262663226274768,1
breast_cancer,3,breast_cancer|3|31,no_order,0.26249999973515514,0.7262663226274768,1
breast_cancer,3,breast_cancer|3|31,no_pruning,0.2865999995265156,0.7262663226274768,1
breast_cancer,3,breast_cancer|3|32,full,0.05600000076810829,0.25464252642034324,1
breast_cancer,3,breast_cancer|3|32,no_cache,0.12310000056459103,0.25464252642034324,1
breast_cancer,3,breast_cancer|3|32,no_order,0.21669999841833487,0.25464252642034324,1
breast_cancer,3,breast_cancer|3|32,no_pruning,0.2524999999877764,0.25464252642034324,1
breast_cancer,3,breast_cancer|3|33,full,0.049199999921256676,0.23402014930891443,1
breast_cancer,3,breast_cancer|3|33,no_cache,0.11780000022554304,0.23402014930891443,1
breast_cancer,3,breast_cancer|3|33,no_order,0.21040000137872994,0.23402014930891443,1
breast_cancer,3,breast_cancer|3|33,no_pruning,0.24929999926825985,0.23402014930891443,1
breast_cancer,3,breast_cancer|3|34,full,0.04929999886371661,0.7716633208517617,1
breast_cancer,3,breast_cancer|3|34,no_cache,0.11699999959091656,0.7716633208517617,1
breast_cancer,3,breast_cancer|3|34,no_order,0.21240000023681205,0.7716633208517617,1
breast_cancer,3,breast_cancer|3|34,no_pruning,0.24930000108724926,0.7716633208517617,1
breast_cancer,3,breast_cancer|3|35,full,0.16529999993508682,3.326433997299832,1
breast_cancer,3,breast_cancer|3|35,no_cache,0.23300000066228677,3.326433997299832,1
breast_cancer,3,breast_cancer|3|35,no_order,0.2573000001575565,3.326433997299832,1
breast_cancer,3,breast_cancer|3|35,no_pruning,0.28249999922991265,3.326433997299832,1
breast_cancer,3,breast_cancer|3|36,full,0.06170000051497482,0.10763900188430531,1
breast_cancer,3,breast_cancer|3|36,no_cache,0.2616000001580687,0.10763900188430531,1
breast_cancer,3,breast_cancer|3|36,no_order,0.28019999990647193,0.10763900188430531,1
breast_cancer,3,breast_cancer|3|36,no_pruning,0.30779999906371813,0.10763900188430531,1
breast_cancer,3,breast_cancer|3|37,full,0.06430000030377414,0.10161851222614332,1
breast_cancer,3,breast_cancer|3|37,no_cache,0.14139999984763563,0.10161851222614332,1
breast_cancer,3,breast_cancer|3|37,no_order,0.22590000116906594,0.10161851222614332,1
breast_cancer,3,breast_cancer|3|37,no_pruning,0.37659999907191377,0.10161851222614332,1
breast_cancer,3,breast_cancer|3|38,full,0.0731999989511678,0.43987209153940043,1
breast_cancer,3,breast_cancer|3|38,no_cache,0.1458000006095972,0.43987209153940043,1
breast_cancer,3,breast_cancer|3|38,no_order,0.2361999995628139,0.43987209153940043,1
breast_cancer,3,breast_cancer|3|38,no_pruning,0.26650000108929817,0.43987209153940043,1
breast_cancer,3,breast_cancer|3|39,full,0.15420000090671238,2.755669319223739,1
breast_cancer,3,breast_cancer|3|39,no_cache,0.22010000066075008,2.755669319223739,1
breast_cancer,3,breast_cancer|3|39,no_order,0.26050000087707303,2.755669319223739,1
breast_cancer,3,breast_cancer|3|39,no_pruning,0.29409999842755497,2.755669319223739,1
breast_cancer,3,breast_cancer|3|40,full,0.0532000012753997,0.10338213285879994,1
breast_cancer,3,breast_cancer|3|40,no_cache,0.12369999967631884,0.10338213285879994,1
breast_cancer,3,breast_cancer|3|40,no_order,0.4588000010699034,0.10338213285879994,1
breast_cancer,3,breast_cancer|3|40,no_pruning,0.29709999944316223,0.10338213285879994,1
breast_cancer,3,breast_cancer|3|41,full,0.07570000161649659,0.33663654151806455,1
breast_cancer,3,breast_cancer|3|41,no_cache,0.14310000005934853,0.33663654151806455,1
breast_cancer,3,breast_cancer|3|41,no_order,0.22489999901154079,0.33663654151806455,1
breast_cancer,3,breast_cancer|3|41,no_pruning,0.25830000049609225,0.33663654151806455,1
breast_cancer,3,breast_cancer|3|42,full,0.3911000003427034,2.78628592476042,1
breast_cancer,3,breast_cancer|3|42,no_cache,0.3787000005104346,2.78628592476042,1
breast_cancer,3,breast_cancer|3|42,no_order,0.283800000033807,2.78628592476042,1
breast_cancer,3,breast_cancer|3|42,no_pruning,0.30920000062906183,2.78628592476042,1
breast_cancer,3,breast_cancer|3|43,full,0.06349999966914766,0.26599877694247487,1
breast_cancer,3,breast_cancer|3|43,no_cache,0.13469999976223335,0.26599877694247487,1
breast_cancer,3,breast_cancer|3|43,no_order,0.2595000005385373,0.26599877694247487,1
breast_cancer,3,breast_cancer|3|43,no_pruning,0.29349999931582715,0.26599877694247487,1
breast_cancer,3,breast_cancer|3|44,full,0.0610999995842576,0.2194105894301771,1
breast_cancer,3,breast_cancer|3|44,no_cache,0.1253000009455718,0.2194105894301771,1
breast_cancer,3,breast_cancer|3|44,no_order,0.3121999998256797,0.2194105894301771,1
breast_cancer,3,breast_cancer|3|44,no_pruning,0.3438000003370689,0.2194105894301771,1
breast_cancer,3,breast_cancer|3|45,full,0.07370000093942508,0.6517062668728428,1
breast_cancer,3,breast_cancer|3|45,no_cache,0.1390999987052055,0.6517062668728428,1
breast_cancer,3,breast_cancer|3|45,no_order,0.22739999985788018,0.6517062668728428,1
breast_cancer,3,breast_cancer|3|45,no_pruning,0.26760000037029386,0.6517062668728428,1
breast_cancer,3,breast_cancer|3|46,full,0.05720000081055332,0.1733485180881467,1
breast_cancer,3,breast_cancer|3|46,no_cache,0.1275000013265526,0.1733485180881467,1
breast_cancer,3,breast_cancer|3|46,no_order,0.30139999944367446,0.1733485180881467,1
breast_cancer,3,breast_cancer|3|46,no_pruning,0.3110999987256946,0.1733485180881467,1
breast_cancer,3,breast_cancer|3|47,full,0.20530000074359123,1.8128295700411692,1
breast_cancer,3,breast_cancer|3|47,no_cache,0.27070000032836106,1.8128295700411692,1
breast_cancer,3,breast_cancer|3|47,no_order,0.2607000005809823,1.8128295700411692,1
breast_cancer,3,breast_cancer|3|47,no_pruning,0.29680000079679303,1.8128295700411692,1
breast_cancer,3,breast_cancer|3|48,full,0.06440000106522348,0.43545617515779717,1
breast_cancer,3,breast_cancer|3|48,no_cache,0.14009999904374126,0.43545617515779717,1
breast_cancer,3,breast_cancer|3|48,no_order,0.22820000049250666,0.43545617515779717,1
breast_cancer,3,breast_cancer|3|48,no_pruning,0.26089999846590217,0.43545617515779717,1
breast_cancer,3,breast_cancer|3|49,full,0.05899999996472616,0.3122549789969916,1
breast_cancer,3,breast_cancer|3|49,no_cache,0.13700000090466347,0.3122549789969916,1
breast_cancer,3,breast_cancer|3|49,no_order,0.22949999947741162,0.3122549789969916,1
breast_cancer,3,breast_cancer|3|49,no_pruning,0.2586999999039108,0.3122549789969916,1
breast_cancer,3,breast_cancer|3|50,full,0.05380000038712751,0.8679052566736197,1
breast_cancer,3,breast_cancer|3|50,no_cache,0.12679999963438604,0.8679052566736197,1
breast_cancer,3,breast_cancer|3|50,no_order,0.22329999956127722,0.8679052566736197,1
breast_cancer,3,breast_cancer|3|50,no_pruning,0.2602000004117144,0.8679052566736197,1
breast_cancer,3,breast_cancer|3|51,full,0.053499999921768904,0.5340516515499493,1
breast_cancer,3,breast_cancer|3|51,no_cache,0.1199000016640639,0.5340516515499493,1
breast_cancer,3,breast_cancer|3|51,no_order,0.2175999998144107,0.5340516515499493,1
breast_cancer,3,breast_cancer|3|51,no_pruning,0.2518999990570592,0.5340516515499493,1
breast_cancer,3,breast_cancer|3|52,full,0.0548999996681232,1.0274312550469507,1
breast_cancer,3,breast_cancer|3|52,no_cache,0.12409999908413738,1.0274312550469507,1
breast_cancer,3,breast_cancer|3|52,no_order,0.2519000008760486,1.0274312550469507,1
breast_cancer,3,breast_cancer|3|52,no_pruning,0.2827000007528113,1.0274312550469507,1
breast_cancer,3,breast_cancer|3|53,full,0.052200000936863944,0.10682964709163628,1
breast_cancer,3,breast_cancer|3|53,no_cache,0.12550000064948108,0.10682964709163628,1
breast_cancer,3,breast_cancer|3|53,no_order,0.22029999854566995,0.10682964709163628,1
breast_cancer,3,breast_cancer|3|53,no_pruning,0.2523000002838671,0.10682964709163628,1
breast_cancer,3,breast_cancer|3|54,full,0.05089999831398018,0.7048486389506046,1
breast_cancer,3,breast_cancer|3|54,no_cache,0.22480000006908085,0.7048486389506046,1
breast_cancer,3,breast_cancer|3|54,no_order,0.32330000067304354,0.7048486389506046,1
breast_cancer,3,breast_cancer|3|54,no_pruning,0.27749999935622327,0.7048486389506046,1
breast_cancer,3,breast_cancer|3|55,full,0.07370000093942508,0.09244391732429431,1
breast_cancer,3,breast_cancer|3|55,no_cache,0.14510000073642004,0.09244391732429431,1
breast_cancer,3,breast_cancer|3|55,no_order,0.2535999992687721,0.09244391732429431,1
breast_cancer,3,breast_cancer|3|55,no_pruning,0.28219999876455404,0.09244391732429431,1
breast_cancer,3,breast_cancer|3|56,full,0.05720000081055332,0.6373495980273078,1
breast_cancer,3,breast_cancer|3|56,no_cache,0.14089999967836775,0.6373495980273078,1
breast_cancer,3,breast_cancer|3|56,no_order,0.24819999998726416,0.6373495980273078,1
breast_cancer,3,breast_cancer|3|56,no_pruning,0.2783999989333097,0.6373495980273078,1
breast_cancer,3,breast_cancer|3|57,full,0.056400000175926834,1.1945051115387946,1
breast_cancer,3,breast_cancer|3|57,no_cache,0.1264000002265675,1.1945051115387946,1
breast_cancer,3,breast_cancer|3|57,no_order,0.23409999994328246,1.1945051115387946,1
breast_cancer,3,breast_cancer|3|57,no_pruning,0.26819999948202167,1.1945051115387946,1
breast_cancer,3,breast_cancer|3|58,full,0.05500000042957254,0.897980743259582,1
breast_cancer,3,breast_cancer|3|58,no_cache,0.11939999967580661,0.897980743259582,1
breast_cancer,3,breast_cancer|3|58,no_order,0.23049999981594738,0.897980743259582,1
breast_cancer,3,breast_cancer|3|58,no_pruning,0.26930000058200676,0.897980743259582,1
breast_cancer,3,breast_cancer|3|59,full,0.30470000092464034,3.1182704830004355,1
breast_cancer,3,breast_cancer|3|59,no_cache,0.29519999952754006,3.1182704830004355,1
breast_cancer,3,breast_cancer|3|59,no_order,0.27210000007471535,3.1182704830004355,1
breast_cancer,3,breast_cancer|3|59,no_pruning,0.295600000754348,3.1182704830004355,1
breast_cancer,3,breast_cancer|3|60,full,0.06190000021888409,0.4721160517028684,1
breast_cancer,3,breast_cancer|3|60,no_cache,0.12940000124217477,0.4721160517028684,1
breast_cancer,3,breast_cancer|3|60,no_order,0.21699999888369348,0.4721160517028684,1
breast_cancer,3,breast_cancer|3|60,no_pruning,0.42050000047311187,0.4721160517028684,1
breast_cancer,3,breast_cancer|3|61,full,0.0794000006862916,0.39994886783346517,1
breast_cancer,3,breast_cancer|3|61,no_cache,0.14660000124422368,0.39994886783346517,1
breast_cancer,3,breast_cancer|3|61,no_order,0.24359999952139333,0.39994886783346517,1
breast_cancer,3,breast_cancer|3|61,no_pruning,0.2694999984669266,0.39994886783346517,1
breast_cancer,3,breast_cancer|3|62,full,0.08799999886832666,2.346168990148682,1
breast_cancer,3,breast_cancer|3|62,no_cache,0.15250000069499947,2.346168990148682,1
breast_cancer,3,breast_cancer|3|62,no_order,0.2722000008361647,2.346168990148682,1
breast_cancer,3,breast_cancer|3|62,no_pruning,0.2905000001192093,2.346168990148682,1
breast_cancer,3,breast_cancer|3|63,full,0.055500000598840415,0.7536950350559866,1
breast_cancer,3,breast_cancer|3|63,no_cache,0.12389999938022811,0.7536950350559866,1
breast_cancer,3,breast_cancer|3|63,no_order,0.3161999993608333,0.7536950350559866,1
breast_cancer,3,breast_cancer|3|63,no_pruning,0.26840000100492034,0.7536950350559866,1
breast_cancer,3,breast_cancer|3|64,full,0.061800001276424155,0.5675231058285773,1
breast_cancer,3,breast_cancer|3|64,no_cache,0.12450000031094532,0.5675231058285773,1
breast_cancer,3,breast_cancer|3|64,no_order,0.22139999964565504,0.5675231058285773,1
breast_cancer,3,breast_cancer|3|64,no_pruning,0.24900000062189065,0.5675231058285773,1
breast_cancer,3,breast_cancer|3|65,full,0.05050000072515104,1.2802559489356817,1
breast_cancer,3,breast_cancer|3|65,no_cache,0.12310000056459103,1.2802559489356817,1
breast_cancer,3,breast_cancer|3|65,no_order,0.2272000001539709,1.2802559489356817,1
breast_cancer,3,breast_cancer|3|65,no_pruning,0.25180000011459924,1.2802559489356817,1
breast_cancer,3,breast_cancer|3|66,full,0.05269999928714242,0.28539564974494125,1
breast_cancer,3,breast_cancer|3|66,no_cache,0.11889999950653873,0.28539564974494125,1
breast_cancer,3,breast_cancer|3|66,no_order,0.21970000125293154,0.28539564974494125,1
breast_cancer,3,breast_cancer|3|66,no_pruning,0.2504999993107049,0.28539564974494125,1
breast_cancer,3,breast_cancer|3|67,full,0.049500000386615284,0.3781435016109243,1
breast_cancer,3,breast_cancer|3|67,no_cache,0.11769999946409371,0.3781435016109243,1
breast_cancer,3,breast_cancer|3|67,no_order,0.21489999926416203,0.3781435016109243,1
breast_cancer,3,breast_cancer|3|67,no_pruning,0.2509000005375128,0.3781435016109243,1
breast_cancer,3,breast_cancer|3|68,full,0.0760000002628658,0.45727879654764353,1
breast_cancer,3,breast_cancer|3|68,no_cache,0.15110000094864517,0.45727879654764353,1
breast_cancer,3,breast_cancer|3|68,no_order,0.26989999969373457,0.45727879654764353,1
breast_cancer,3,breast_cancer|3|68,no_pruning,0.5987000004097354,0.45727879654764353,1
breast_cancer,3,breast_cancer|3|69,full,0.07949999962875154,0.39700756927391,1
breast_cancer,3,breast_cancer|3|69,no_cache,0.13760000001639128,0.39700756927391,1
breast_cancer,3,breast_cancer|3|69,no_order,0.227999998969608,0.39700756927391,1
breast_cancer,3,breast_cancer|3|69,no_pruning,0.39370000013150275,0.39700756927391,1
breast_cancer,4,breast_cancer|4|0,full,0.09520000094198622,0.23031359551567307,1
breast_cancer,4,breast_cancer|4|0,no_cache,0.1446999995096121,0.23031359551567307,1
breast_cancer,4,breast_cancer|4|0,no_order,0.23970000074768905,0.23031359551567307,1
breast_cancer,4,breast_cancer|4|0,no_pruning,0.26789999901666306,0.23031359551567307,1
breast_cancer,4,breast_cancer|4|1,full,0.05979999878036324,1.603020081344967,1
breast_cancer,4,breast_cancer|4|1,no_cache,0.12969999988854397,1.603020081344967,1
breast_cancer,4,breast_cancer|4|1,no_order,0.22780000108468812,1.603020081344967,1
breast_cancer,4,breast_cancer|4|1,no_pruning,0.2722000008361647,1.603020081344967,1
breast_cancer,4,breast_cancer|4|2,full,0.08610000077169389,1.0109461061929181,1
breast_cancer,4,breast_cancer|4|2,no_cache,0.4969000001437962,1.0109461061929181,1
breast_cancer,4,breast_cancer|4|2,no_order,0.3300000007584458,1.0109461061929181,1
breast_cancer,4,breast_cancer|4|2,no_pruning,0.3448000006756047,1.0109461061929181,1
breast_cancer,4,breast_cancer|4|3,full,0.07040000127744861,0.4333428734671317,1
breast_cancer,4,breast_cancer|4|3,no_cache,0.1368000012007542,0.4333428734671317,1
breast_cancer,4,breast_cancer|4|3,no_order,0.22480000006908085,0.4333428734671317,1
breast_cancer,4,breast_cancer|4|3,no_pruning,0.2573000001575565,0.4333428734671317,1
breast_cancer,4,breast_cancer|4|4,full,0.056200000472017564,1.1386853238788743,1
breast_cancer,4,breast_cancer|4|4,no_cache,0.12859999878855888,1.1386853238788743,1
breast_cancer,4,breast_cancer|4|4,no_order,0.21880000167584512,1.1386853238788743,1
breast_cancer,4,breast_cancer|4|4,no_pruning,0.25549999918439426,1.1386853238788743,1
breast_cancer,4,breast_cancer|4|5,full,0.054099999033496715,0.2960809764346564,1
breast_cancer,4,breast_cancer|4|5,no_cache,0.12520000018412247,0.2960809764346564,1
breast_cancer,4,breast_cancer|4|5,no_order,0.2162000000680564,0.2960809764346564,1
breast_cancer,4,breast_cancer|4|5,no_pruning,0.25040000036824495,0.2960809764346564,1
breast_cancer,4,breast_cancer|4|6,full,0.05469999996421393,0.1288181438938884,1
breast_cancer,4,breast_cancer|4|6,no_cache,0.1252999991265824,0.1288181438938884,1
breast_cancer,4,breast_cancer|4|6,no_order,0.2700000004551839,0.1288181438938884,1
breast_cancer,4,breast_cancer|4|6,no_pruning,0.9272999996028375,0.1288181438938884,1
breast_cancer,4,breast_cancer|4|7,full,0.07639999967068434,0.6138860844667096,1
breast_cancer,4,breast_cancer|4|7,no_cache,0.13629999921249691,0.6138860844667096,1
breast_cancer,4,breast_cancer|4|7,no_order,0.22929999977350235,0.6138860844667096,1
breast_cancer,4,breast_cancer|4|7,no_pruning,0.26980000075127464,0.6138860844667096,1
breast_cancer,4,breast_cancer|4|8,full,0.0870000003487803,2.022121420391129,1
breast_cancer,4,breast_cancer|4|8,no_cache,0.1551000004837988,2.022121420391129,1
breast_cancer,4,breast_cancer|4|8,no_order,0.2882999997382285,2.022121420391129,1
breast_cancer,4,breast_cancer|4|8,no_pruning,0.3269000008003786,2.022121420391129,1
breast_cancer,4,breast_cancer|4|9,full,0.05380000038712751,0.15892152832065937,1
breast_cancer,4,breast_cancer|4|9,no_cache,0.12480000077630393,0.15892152832065937,1
breast_cancer,4,breast_cancer|4|9,no_order,0.21269999888318125,0.15892152832065937,1
breast_cancer,4,breast_cancer|4|9,no_pruning,0.25880000066536013,0.15892152832065937,1
breast_cancer,4,breast_cancer|4|10,full,0.054299998737405986,0.5129610511088216,1
breast_cancer,4,breast_cancer|4|10,no_cache,0.12369999967631884,0.5129610511088216,1
breast_cancer,4,breast_cancer|4|10,no_order,0.21639999977196567,0.5129610511088216,1
breast_cancer,4,breast_cancer|4|10,no_pruning,0.3055000015592668,0.5129610511088216,1
breast_cancer,4,breast_cancer|4|11,full,0.1114999995479593,0.4826376931096348,1
breast_cancer,4,breast_cancer|4|11,no_cache,0.18229999841423705,0.4826376931096348,1
breast_cancer,4,breast_cancer|4|11,no_order,0.3118999993603211,0.4826376931096348,1
breast_cancer,4,breast_cancer|4|11,no_pruning,0.3309999992779922,0.4826376931096348,1
breast_cancer,4,breast_cancer|4|12,full,0.06209999992279336,0.6529757280646356,1
breast_cancer,4,breast_cancer|4|12,no_cache,0.1342999985354254,0.6529757280646356,1
breast_cancer,4,breast_cancer|4|12,no_order,0.35540000135370065,0.6529757280646356,1
breast_cancer,4,breast_cancer|4|12,no_pruning,0.295600000754348,0.6529757280646356,1
breast_cancer,4,breast_cancer|4|13,full,0.07339999865507707,0.476409568274741,1
breast_cancer,4,breast_cancer|4|13,no_cache,0.1475000008213101,0.476409568274741,1
breast_cancer,4,breast_cancer|4|13,no_order,0.23049999981594738,0.476409568274741,1
breast_cancer,4,breast_cancer|4|13,no_pruning,0.2684999999473803,0.476409568274741,1
breast_cancer,4,breast_cancer|4|14,full,0.055900000006658956,0.10216711373022094,1
breast_cancer,4,breast_cancer|4|14,no_cache,0.13159999980416615,0.10216711373022094,1
breast_cancer,4,breast_cancer|4|14,no_order,0.2229999990959186,0.10216711373022094,1
breast_cancer,4,breast_cancer|4|14,no_pruning,0.2569999996921979,0.10216711373022094,1
breast_cancer,4,breast_cancer|4|15,full,0.053899999329587445,0.8800538272058653,1
breast_cancer,4,breast_cancer|4|15,no_cache,0.13249999938125256,0.8800538272058653,1
breast_cancer,4,breast_cancer|4|15,no_order,0.23089999922376592,0.8800538272058653,1
breast_cancer,4,breast_cancer|4|15,no_pruning,0.3040999999939231,0.8800538272058653,1
breast_cancer,4,breast_cancer|4|16,full,0.06319999920378905,1.7572868251526288,1
breast_cancer,4,breast_cancer|4|16,no_cache,0.13000000035390258,1.7572868251526288,1
breast_cancer,4,breast_cancer|4|16,no_order,0.27550000049814116,1.7572868251526288,1
breast_cancer,4,breast_cancer|4|16,no_pruning,0.3192000003764406,1.7572868251526288,1
breast_cancer,4,breast_cancer|4|17,full,0.05469999996421393,0.3530116137287982,1
breast_cancer,4,breast_cancer|4|17,no_cache,0.12590000005729962,0.3530116137287982,1
breast_cancer,4,breast_cancer|4|17,no_order,0.20939999922120478,0.3530116137287982,1
breast_cancer,4,breast_cancer|4|17,no_pruning,0.2524999999877764,0.3530116137287982,1
breast_cancer,4,breast_cancer|4|18,full,0.05249999958323315,0.8177747149728657,1
breast_cancer,4,breast_cancer|4|18,no_cache,0.12369999967631884,0.8177747149728657,1
breast_cancer,4,breast_cancer|4|18,no_order,0.27690000024449546,0.8177747149728657,1
breast_cancer,4,breast_cancer|4|18,no_pruning,0.31240000134857837,0.8177747149728657,1
breast_cancer,4,breast_cancer|4|19,full,0.053199999456410296,0.2012399798503876,1
breast_cancer,4,breast_cancer|4|19,no_cache,0.12310000056459103,0.2012399798503876,1
breast_cancer,4,breast_cancer|4|19,no_order,0.2741999996942468,0.2012399798503876,1
breast_cancer,4,breast_cancer|4|19,no_pruning,0.3087999994022539,0.2012399798503876,1
breast_cancer,4,breast_cancer|4|20,full,0.07779999941703863,0.7934447759847452,1
breast_cancer,4,breast_cancer|4|20,no_cache,0.15100000018719584,0.7934447759847452,1
breast_cancer,4,breast_cancer|4|20,no_order,0.4561000005196547,0.7934447759847452,1
breast_cancer,4,breast_cancer|4|20,no_pruning,0.37619999966409523,0.7934447759847452,1
breast_cancer,4,breast_cancer|4|21,full,0.08170000000973232,0.07403700153557391,1
breast_cancer,4,breast_cancer|4|21,no_cache,0.14800000099057797,0.07403700153557391,1
breast_cancer,4,breast_cancer|4|21,no_order,0.2358999990974553,0.07403700153557391,1
breast_cancer,4,breast_cancer|4|21,no_pruning,0.2704999988054624,0.07403700153557391,1
breast_cancer,4,breast_cancer|4|22,full,0.05869999949936755,0.1288191434560799,1
breast_cancer,4,breast_cancer|4|22,no_cache,0.18500000078347512,0.1288191434560799,1
breast_cancer,4,breast_cancer|4|22,no_order,0.2471999996487284,0.1288191434560799,1
breast_cancer,4,breast_cancer|4|22,no_pruning,0.276099999609869,0.1288191434560799,1
breast_cancer,4,breast_cancer|4|23,full,0.0670000008540228,0.9721068976076496,1
breast_cancer,4,breast_cancer|4|23,no_cache,0.13579999904322904,0.9721068976076496,1
breast_cancer,4,breast_cancer|4|23,no_order,0.2795999989757547,0.9721068976076496,1
breast_cancer,4,breast_cancer|4|23,no_pruning,0.31769999986863695,0.9721068976076496,1
breast_cancer,4,breast_cancer|4|24,full,0.07920000098238233,0.14615728296876174,1
breast_cancer,4,breast_cancer|4|24,no_cache,0.16419999883510172,0.14615728296876174,1
breast_cancer,4,breast_cancer|4|24,no_order,0.26760000037029386,0.14615728296876174,1
breast_cancer,4,breast_cancer|4|24,no_pruning,0.94110000100045,0.14615728296876174,1
breast_cancer,4,breast_cancer|4|25,full,0.07820000064384658,0.8631014910942647,1
breast_cancer,4,breast_cancer|4|25,no_cache,0.15160000111791305,0.8631014910942647,1
breast_cancer,4,breast_cancer|4|25,no_order,0.23940000028233044,0.8631014910942647,1
breast_cancer,4,breast_cancer|4|25,no_pruning,0.26819999948202167,0.8631014910942647,1
breast_cancer,4,breast_cancer|4|26,full,0.06140000004961621,0.5028451202965007,1
breast_cancer,4,breast_cancer|4|26,no_cache,0.13140000010025688,0.5028451202965007,1
breast_cancer,4,breast_cancer|4|26,no_order,0.35989999923913274,0.5028451202965007,1
breast_cancer,4,breast_cancer|4|26,no_pruning,0.3407000003790017,0.5028451202965007,1
breast_cancer,4,breast_cancer|4|27,full,0.06759999996575061,0.06477378672946477,1
breast_cancer,4,breast_cancer|4|27,no_cache,0.13670000043930486,0.06477378672946477,1
breast_cancer,4,breast_cancer|4|27,no_order,0.2213000007031951,0.06477378672946477,1
breast_cancer,4,breast_cancer|4|27,no_pruning,0.2554000002419343,0.06477378672946477,1
breast_cancer,4,breast_cancer|4|28,full,0.05669999882229604,0.4394633565941448,1
breast_cancer,4,breast_cancer|4|28,no_cache,0.1277999999729218,0.4394633565941448,1
breast_cancer,4,breast_cancer|4|28,no_order,0.22879999960423447,0.4394633565941448,1
breast_cancer,4,breast_cancer|4|28,no_pruning,0.258100000792183,0.4394633565941448,1
breast_cancer,4,breast_cancer|4|29,full,0.056400000175926834,0.48092206950103644,1
breast_cancer,4,breast_cancer|4|29,no_cache,0.16030000006139744,0.48092206950103644,1
breast_cancer,4,breast_cancer|4|29,no_order,0.298099999781698,0.48092206950103644,1
breast_cancer,4,breast_cancer|4|29,no_pruning,0.29660000109288376,0.48092206950103644,1
breast_cancer,4,breast_cancer|4|30,full,0.07480000022042077,0.6708878192862315,1
breast_cancer,4,breast_cancer|4|30,no_cache,0.14600000031350646,0.6708878192862315,1
breast_cancer,4,breast_cancer|4|30,no_order,0.2404000006208662,0.6708878192862315,1
breast_cancer,4,breast_cancer|4|30,no_pruning,0.2666000000317581,0.6708878192862315,1
breast_cancer,4,breast_cancer|4|31,full,0.05889999920327682,1.4599399614309154,1
breast_cancer,4,breast_cancer|4|31,no_cache,0.13469999976223335,1.4599399614309154,1
breast_cancer,4,breast_cancer|4|31,no_order,0.22320000061881728,1.4599399614309154,1
breast_cancer,4,breast_cancer|4|31,no_pruning,0.26080000134243164,1.4599399614309154,1
breast_cancer,4,breast_cancer|4|32,full,0.05750000127591193,0.07558971492202447,1
breast_cancer,4,breast_cancer|4|32,no_cache,0.12880000031145755,0.07558971492202447,1
breast_cancer,4,breast_cancer|4|32,no_order,0.27770000087912194,0.07558971492202447,1
breast_cancer,4,breast_cancer|4|32,no_pruning,0.31569999919156544,0.07558971492202447,1
breast_cancer,4,breast_cancer|4|33,full,0.053899999329587445,0.30116893568329983,1
breast_cancer,4,breast_cancer|4|33,no_cache,0.12769999921147246,0.30116893568329983,1
breast_cancer,4,breast_cancer|4|33,no_order,0.22820000049250666,0.30116893568329983,1
breast_cancer,4,breast_cancer|4|33,no_pruning,0.42190000021946616,0.30116893568329983,1
breast_cancer,4,breast_cancer|4|34,full,0.0808000004326459,0.41941345490631327,1
breast_cancer,4,breast_cancer|4|34,no_cache,0.22010000066075008,0.41941345490631327,1
breast_cancer,4,breast_cancer|4|34,no_order,0.2967999989778036,0.41941345490631327,1
breast_cancer,4,breast_cancer|4|34,no_pruning,0.325400000292575,0.41941345490631327,1
breast_cancer,4,breast_cancer|4|35,full,0.05889999920327682,0.6005600696037801,1
breast_cancer,4,breast_cancer|4|35,no_cache,0.12930000048072543,0.6005600696037801,1
breast_cancer,4,breast_cancer|4|35,no_order,0.22589999935007654,0.6005600696037801,1
breast_cancer,4,breast_cancer|4|35,no_pruning,0.26190000062342733,0.6005600696037801,1
breast_cancer,4,breast_cancer|4|36,full,0.05359999886422884,0.6269764366670642,1
breast_cancer,4,breast_cancer|4|36,no_cache,0.13930000022810418,0.6269764366670642,1
breast_cancer,4,breast_cancer|4|36,no_order,0.2829999993991805,0.6269764366670642,1
breast_cancer,4,breast_cancer|4|36,no_pruning,0.31380000109493267,0.6269764366670642,1
breast_cancer,4,breast_cancer|4|37,full,0.05229999987932388,1.3856104118621315,1
breast_cancer,4,breast_cancer|4|37,no_cache,0.12519999836513307,1.3856104118621315,1
breast_cancer,4,breast_cancer|4|37,no_order,0.22639999951934442,1.3856104118621315,1
breast_cancer,4,breast_cancer|4|37,no_pruning,0.25580000146874227,1.3856104118621315,1
breast_cancer,4,breast_cancer|4|38,full,0.05269999928714242,0.8851711217376015,1
breast_cancer,4,breast_cancer|4|38,no_cache,0.12790000073437113,0.8851711217376015,1
breast_cancer,4,breast_cancer|4|38,no_order,0.28339999880699906,0.8851711217376015,1
breast_cancer,4,breast_cancer|4|38,no_pruning,0.3374999996594852,0.8851711217376015,1
breast_cancer,4,breast_cancer|4|39,full,0.05899999996472616,0.4621282270276236,1
breast_cancer,4,breast_cancer|4|39,no_cache,0.12570000035339035,0.4621282270276236,1
breast_cancer,4,breast_cancer|4|39,no_order,0.21719999858760275,0.4621282270276236,1
breast_cancer,4,breast_cancer|4|39,no_pruning,0.2559000004112022,0.4621282270276236,1
breast_cancer,4,breast_cancer|4|40,full,0.052200000936863944,0.0014806685370076442,1
breast_cancer,4,breast_cancer|4|40,no_cache,0.12129999959142879,0.0014806685370076442,1
breast_cancer,4,breast_cancer|4|40,no_order,0.26339999931224156,0.0014806685370076442,1
breast_cancer,4,breast_cancer|4|40,no_pruning,0.31549999948765617,0.0014806685370076442,1
breast_cancer,4,breast_cancer|4|41,full,0.05169999894860666,0.6525666080111878,1
breast_cancer,4,breast_cancer|4|41,no_cache,0.12510000124166254,0.6525666080111878,1
breast_cancer,4,breast_cancer|4|41,no_order,0.22230000104173087,0.6525666080111878,1
breast_cancer,4,breast_cancer|4|41,no_pruning,0.25260000074922573,0.6525666080111878,1
breast_cancer,4,breast_cancer|4|42,full,0.048800000513438135,0.8267791249315051,1
breast_cancer,4,breast_cancer|4|42,no_cache,0.12080000124115031,0.8267791249315051,1
breast_cancer,4,breast_cancer|4|42,no_order,0.2168000009987736,0.8267791249315051,1
breast_cancer,4,breast_cancer|4|42,no_pruning,0.2480000002833549,0.8267791249315051,1
breast_cancer,4,breast_cancer|4|43,full,0.048800000513438135,0.39119356942397854,1
breast_cancer,4,breast_cancer|4|43,no_cache,0.12620000052265823,0.39119356942397854,1
breast_cancer,4,breast_cancer|4|43,no_order,0.3782999992836267,0.39119356942397854,1
breast_cancer,4,breast_cancer|4|43,no_pruning,0.2885999983845977,0.39119356942397854,1
breast_cancer,4,breast_cancer|4|44,full,0.07510000068577938,1.388271059558869,1
breast_cancer,4,breast_cancer|4|44,no_cache,0.14910000027157366,1.388271059558869,1
breast_cancer,4,breast_cancer|4|44,no_order,0.28700000075332355,1.388271059558869,1
breast_cancer,4,breast_cancer|4|44,no_pruning,0.3206000001227949,1.388271059558869,1
breast_cancer,4,breast_cancer|4|45,full,0.05819999933009967,0.8459094200104199,1
breast_cancer,4,breast_cancer|4|45,no_cache,0.22150000040710438,0.8459094200104199,1
breast_cancer,4,breast_cancer|4|45,no_order,0.2856999999494292,0.8459094200104199,1
breast_cancer,4,breast_cancer|4|45,no_pruning,0.31909999961499125,0.8459094200104199,1
breast_cancer,4,breast_cancer|4|46,full,0.05600000076810829,0.47006497998865837,1
breast_cancer,4,breast_cancer|4|46,no_cache,0.12849999984609894,0.47006497998865837,1
breast_cancer,4,breast_cancer|4|46,no_order,0.21320000087143853,0.47006497998865837,1
breast_cancer,4,breast_cancer|4|46,no_pruning,0.24989999837998766,0.47006497998865837,1
breast_cancer,4,breast_cancer|4|47,full,0.049899999794433825,0.6760741538270465,1
breast_cancer,4,breast_cancer|4|47,no_cache,0.1298000006499933,0.6760741538270465,1
breast_cancer,4,breast_cancer|4|47,no_order,0.2153999994334299,0.6760741538270465,1
breast_cancer,4,breast_cancer|4|47,no_pruning,0.2504999993107049,0.6760741538270465,1
breast_cancer,4,breast_cancer|4|48,full,0.05200000123295467,0.6656273091572347,1
breast_cancer,4,breast_cancer|4|48,no_cache,0.12799999967683107,0.6656273091572347,1
breast_cancer,4,breast_cancer|4|48,no_order,0.4194000011921162,0.6656273091572347,1
breast_cancer,4,breast_cancer|4|48,no_pruning,0.35509999906935263,0.6656273091572347,1
breast_cancer,4,breast_cancer|4|49,full,0.08160000106727239,0.25999255973756813,1
breast_cancer,4,breast_cancer|4|49,no_cache,0.14589999955205712,0.25999255973756813,1
breast_cancer,4,breast_cancer|4|49,no_order,0.28500000007625204,0.25999255973756813,1
breast_cancer,4,breast_cancer|4|49,no_pruning,0.3202999996574363,0.25999255973756813,1
breast_cancer,4,breast_cancer|4|50,full,0.14420000115933362,0.9982995582880778,1
breast_cancer,4,breast_cancer|4|50,no_cache,0.13390000094659626,0.9982995582880778,1
breast_cancer,4,breast_cancer|4|50,no_order,0.22809999973105732,0.9982995582880778,1
breast_cancer,4,breast_cancer|4|50,no_pruning,0.2604000001156237,0.9982995582880778,1
breast_cancer,4,breast_cancer|4|51,full,0.05680000140273478,0.6393166238211707,1
breast_cancer,4,breast_cancer|4|51,no_cache,0.1275000013265526,0.6393166238211707,1
breast_cancer,4,breast_cancer|4|51,no_order,0.2745000001596054,0.6393166238211707,1
breast_cancer,4,breast_cancer|4|51,no_pruning,0.31149999995250255,0.6393166238211707,1
breast_cancer,4,breast_cancer|4|52,full,0.06030000076862052,0.65031052509205,1
breast_cancer,4,breast_cancer|4|52,no_cache,0.12380000043776818,0.65031052509205,1
breast_cancer,4,breast_cancer|4|52,no_order,0.21910000032221433,0.65031052509205,1
breast_cancer,4,breast_cancer|4|52,no_pruning,0.2666000000317581,0.65031052509205,1
breast_cancer,4,breast_cancer|4|53,full,0.13220000073488336,1.005967055100454,1
breast_cancer,4,breast_cancer|4|53,no_cache,0.1506000007793773,1.005967055100454,1
breast_cancer,4,breast_cancer|4|53,no_order,0.23470000087399967,1.005967055100454,1
breast_cancer,4,breast_cancer|4|53,no_pruning,0.26559999969322234,1.005967055100454,1
breast_cancer,4,breast_cancer|4|54,full,0.062200000684242696,0.6677939787921858,1
breast_cancer,4,breast_cancer|4|54,no_cache,0.13380000018514693,0.6677939787921858,1
breast_cancer,4,breast_cancer|4|54,no_order,0.28019999990647193,0.6677939787921858,1
breast_cancer,4,breast_cancer|4|54,no_pruning,0.4400999987410614,0.6677939787921858,1
breast_cancer,4,breast_cancer|4|55,full,0.08929999967222102,0.9288704888424386,1
breast_cancer,4,breast_cancer|4|55,no_cache,0.15549999989161734,0.9288704888424386,1
breast_cancer,4,breast_cancer|4|55,no_order,0.23390000023937318,0.9288704888424386,1
breast_cancer,4,breast_cancer|4|55,no_pruning,0.2822999995260034,0.9288704888424386,1
breast_cancer,4,breast_cancer|4|56,full,0.06070000017643906,1.2334275391895417,1
breast_cancer,4,breast_cancer|4|56,no_cache,0.1388000000588363,1.2334275391895417,1
breast_cancer,4,breast_cancer|4|56,no_order,0.2310999989276752,1.2334275391895417,1
breast_cancer,4,breast_cancer|4|56,no_pruning,0.41290000081062317,1.2334275391895417,1
breast_cancer,4,breast_cancer|4|57,full,0.07840000034775585,1.3277004284788854,1
breast_cancer,4,breast_cancer|4|57,no_cache,0.14589999955205712,1.3277004284788854,1
breast_cancer,4,breast_cancer|4|57,no_order,0.24629999825265259,1.3277004284788854,1
breast_cancer,4,breast_cancer|4|57,no_pruning,0.28220000058354344,1.3277004284788854,1
breast_cancer,4,breast_cancer|4|58,full,0.06510000093840063,1.017932437830274,1
breast_cancer,4,breast_cancer|4|58,no_cache,0.14069999997445848,1.017932437830274,1
breast_cancer,4,breast_cancer|4|58,no_order,0.2351000002818182,1.017932437830274,1
breast_cancer,4,breast_cancer|4|58,no_pruning,0.2755999994406011,1.017932437830274,1
breast_cancer,4,breast_cancer|4|59,full,0.05810000038763974,1.2325133274879865,1
breast_cancer,4,breast_cancer|4|59,no_cache,0.13440000111586414,1.2325133274879865,1
breast_cancer,4,breast_cancer|4|59,no_order,0.23130000045057386,1.2325133274879865,1
breast_cancer,4,breast_cancer|4|59,no_pruning,0.2621000003273366,1.2325133274879865,1
breast_cancer,4,breast_cancer|4|60,full,0.05430000055639539,0.6183280894210195,1
breast_cancer,4,breast_cancer|4|60,no_cache,0.1250000004802132,0.6183280894210195,1
breast_cancer,4,breast_cancer|4|60,no_order,0.2182000007451279,0.6183280894210195,1
breast_cancer,4,breast_cancer|4|60,no_pruning,0.2559000004112022,0.6183280894210195,1
breast_cancer,4,breast_cancer|4|61,full,0.05529999907594174,0.47825586696625894,1
breast_cancer,4,breast_cancer|4|61,no_cache,0.12520000018412247,0.47825586696625894,1
breast_cancer,4,breast_cancer|4|61,no_order,0.27210000007471535,0.47825586696625894,1
breast_cancer,4,breast_cancer|4|61,no_pruning,0.3166999995301012,0.47825586696625894,1
breast_cancer,4,breast_cancer|4|62,full,0.05359999886422884,0.5994483268617494,1
breast_cancer,4,breast_cancer|4|62,no_cache,0.14630000077886507,0.5994483268617494,1
breast_cancer,4,breast_cancer|4|62,no_order,0.5199999995966209,0.5994483268617494,1
breast_cancer,4,breast_cancer|4|62,no_pruning,0.35150000076100696,0.5994483268617494,1
breast_cancer,4,breast_cancer|4|63,full,0.07950000144774094,1.3753422222755047,1
breast_cancer,4,breast_cancer|4|63,no_cache,0.14510000073642004,1.3753422222755047,1
breast_cancer,4,breast_cancer|4|63,no_order,0.22939999871596228,1.3753422222755047,1
breast_cancer,4,breast_cancer|4|63,no_pruning,0.26219999926979654,1.3753422222755047,1
breast_cancer,4,breast_cancer|4|64,full,0.05690000034519471,0.6357999755746377,1
breast_cancer,4,breast_cancer|4|64,no_cache,0.22639999951934442,0.6357999755746377,1
breast_cancer,4,breast_cancer|4|64,no_order,0.23849999888625462,0.6357999755746377,1
breast_cancer,4,breast_cancer|4|64,no_pruning,0.26590000015858095,0.6357999755746377,1
breast_cancer,4,breast_cancer|4|65,full,0.05790000068373047,0.6328386389384314,1
breast_cancer,4,breast_cancer|4|65,no_cache,0.14029999874765053,0.6328386389384314,1
breast_cancer,4,breast_cancer|4|65,no_order,0.221800000872463,0.6328386389384314,1
breast_cancer,4,breast_cancer|4|65,no_pruning,0.25939999977708794,0.6328386389384314,1
breast_cancer,4,breast_cancer|4|66,full,0.051900000471505336,0.7412235598235903,1
breast_cancer,4,breast_cancer|4|66,no_cache,0.12870000136899762,0.7412235598235903,1
breast_cancer,4,breast_cancer|4|66,no_order,0.21720000040659215,0.7412235598235903,1
breast_cancer,4,breast_cancer|4|66,no_pruning,0.7128999986889539,0.7412235598235903,1
breast_cancer,4,breast_cancer|4|67,full,0.07980000009411015,0.4774919057185737,1
breast_cancer,4,breast_cancer|4|67,no_cache,0.13979999857838266,0.4774919057185737,1
breast_cancer,4,breast_cancer|4|67,no_order,0.28190000011818483,0.4774919057185737,1
breast_cancer,4,breast_cancer|4|67,no_pruning,0.32389999978477135,0.4774919057185737,1
breast_cancer,4,breast_cancer|4|68,full,0.0594000011915341,0.7148676637613521,1
breast_cancer,4,breast_cancer|4|68,no_cache,0.12659999993047677,0.7148676637613521,1
breast_cancer,4,breast_cancer|4|68,no_order,0.22109999918029644,0.7148676637613521,1
breast_cancer,4,breast_cancer|4|68,no_pruning,0.2624000007926952,0.7148676637613521,1
breast_cancer,4,breast_cancer|4|69,full,0.05400000009103678,0.05731919552564968,1
breast_cancer,4,breast_cancer|4|69,no_cache,0.12419999984558672,0.05731919552564968,1
breast_cancer,4,breast_cancer|4|69,no_order,0.21460000061779283,0.05731919552564968,1
breast_cancer,4,breast_cancer|4|69,no_pruning,0.2533000006224029,0.05731919552564968,1
wine_binary,0,wine_binary|0|0,full,0.07639999967068434,1.5550021954702815,1
wine_binary,0,wine_binary|0|0,no_cache,0.5934000000706874,1.5550021954702815,1
wine_binary,0,wine_binary|0|0,no_order,0.06369999937305693,1.5550021954702815,1
wine_binary,0,wine_binary|0|0,no_pruning,0.07779999941703863,1.5550021954702815,1
wine_binary,0,wine_binary|0|1,full,0.08440000055998098,0.9527685411282361,1
wine_binary,0,wine_binary|0|1,no_cache,0.10780000047816429,0.9527685411282361,1
wine_binary,0,wine_binary|0|1,no_order,0.10850000035134144,0.9527685411282361,1
wine_binary,0,wine_binary|0|1,no_pruning,0.12719999904220458,0.9527685411282361,1
wine_binary,0,wine_binary|0|2,full,0.05869999949936755,0.6540883036657876,1
wine_binary,0,wine_binary|0|2,no_cache,0.0731999989511678,0.6540883036657876,1
wine_binary,0,wine_binary|0|2,no_order,0.05710000004910398,0.6540883036657876,1
wine_binary,0,wine_binary|0|2,no_pruning,0.06789999861211982,0.6540883036657876,1
wine_binary,0,wine_binary|0|3,full,0.04509999962465372,1.0901460556012743,1
wine_binary,0,wine_binary|0|3,no_cache,0.0698000003467314,1.0901460556012743,1
wine_binary,0,wine_binary|0|3,no_order,0.054299998737405986,1.0901460556012743,1
wine_binary,0,wine_binary|0|3,no_pruning,0.06399999983841553,1.0901460556012743,1
wine_binary,0,wine_binary|0|4,full,0.07170000026235357,1.0548508848997578,1
wine_binary,0,wine_binary|0|4,no_cache,0.0942999995459104,1.0548508848997578,1
wine_binary,0,wine_binary|0|4,no_order,0.1052999996318249,1.0548508848997578,1
wine_binary,0,wine_binary|0|4,no_pruning,0.12299999980314169,1.0548508848997578,1
wine_binary,0,wine_binary|0|5,full,0.0439000014011981,2.1299760794474363,1
wine_binary,0,wine_binary|0|5,no_cache,0.0686999992467463,2.1299760794474363,1
wine_binary,0,wine_binary|0|5,no_order,0.05689999852620531,2.1299760794474363,1
wine_binary,0,wine_binary|0|5,no_pruning,0.0655999992886791,2.1299760794474363,1
wine_binary,0,wine_binary|0|6,full,0.043199999709031545,0.2552068601681028,1
wine_binary,0,wine_binary|0|6,no_cache,0.0698000003467314,0.2552068601681028,1
wine_binary,0,wine_binary|0|6,no_order,0.05740000051446259,0.2552068601681028,1
wine_binary,0,wine_binary|0|6,no_pruning,0.06810000013501849,0.2552068601681028,1
wine_binary,0,wine_binary|0|7,full,0.0442000000475673,0.9943155424984279,1
wine_binary,0,wine_binary|0|7,no_cache,0.07139999979699496,0.9943155424984279,1
wine_binary,0,wine_binary|0|7,no_order,0.05579999924520962,0.9943155424984279,1
wine_binary,0,wine_binary|0|7,no_pruning,0.06899999971210491,0.9943155424984279,1
wine_binary,0,wine_binary|0|8,full,0.05480000072566327,0.4479220935599979,1
wine_binary,0,wine_binary|0|8,no_cache,0.08600000001024455,0.4479220935599979,1
wine_binary,0,wine_binary|0|8,no_order,0.119099999210448,0.4479220935599979,1
wine_binary,0,wine_binary|0|8,no_pruning,0.12740000056510326,0.4479220935599979,1
wine_binary,0,wine_binary|0|9,full,0.046299999667098746,0.8616983647193367,1
wine_binary,0,wine_binary|0|9,no_cache,0.07080000068526715,0.8616983647193367,1
wine_binary,0,wine_binary|0|9,no_order,0.05750000127591193,0.8616983647193367,1
wine_binary,0,wine_binary|0|9,no_pruning,0.06480000047304202,0.8616983647193367,1
wine_binary,0,wine_binary|0|10,full,0.04259999877831433,1.7295545600848103,1
wine_binary,0,wine_binary|0|10,no_cache,0.06989999928919133,1.7295545600848103,1
wine_binary,0,wine_binary|0|10,no_order,0.05400000009103678,1.7295545600848103,1
wine_binary,0,wine_binary|0|10,no_pruning,0.0641999995423248,1.7295545600848103,1
wine_binary,0,wine_binary|0|11,full,0.042800000301213004,1.32322132689601,1
wine_binary,0,wine_binary|0|11,no_cache,0.06930000017746352,1.32322132689601,1
wine_binary,0,wine_binary|0|11,no_order,0.055300000894931145,1.32322132689601,1
wine_binary,0,wine_binary|0|11,no_pruning,0.06439999924623407,1.32322132689601,1
wine_binary,0,wine_binary|0|12,full,0.06899999971210491,1.0548508848997578,1
wine_binary,0,wine_binary|0|12,no_cache,0.09549999958835542,1.0548508848997578,1
wine_binary,0,wine_binary|0|12,no_order,0.1112000009015901,1.0548508848997578,1
wine_binary,0,wine_binary|0|12,no_pruning,0.12319999950705096,1.0548508848997578,1
wine_binary,0,wine_binary|0|13,full,0.04660000013245735,1.642772158945273,1
wine_binary,0,wine_binary|0|13,no_cache,0.07279999954334926,1.642772158945273,1
wine_binary,0,wine_binary|0|13,no_order,0.056999999287654646,1.642772158945273,1
wine_binary,0,wine_binary|0|13,no_pruning,0.06849999954283703,1.642772158945273,1
wine_binary,0,wine_binary|0|14,full,0.0442000000475673,1.2760302978833187,1
wine_binary,0,wine_binary|0|14,no_cache,0.06899999971210491,1.2760302978833187,1
wine_binary,0,wine_binary|0|14,no_order,0.056599999879836105,1.2760302978833187,1
wine_binary,0,wine_binary|0|14,no_pruning,0.06500000017695129,1.2760302978833187,1
wine_binary,0,wine_binary|0|15,full,0.06930000017746352,1.8556727744986103,1
wine_binary,0,wine_binary|0|15,no_cache,0.09529999988444615,1.8556727744986103,1
wine_binary,0,wine_binary|0|15,no_order,0.10959999963233713,1.8556727744986103,1
wine_binary,0,wine_binary|0|15,no_pruning,0.12429999878804665,1.8556727744986103,1
wine_binary,0,wine_binary|0|16,full,0.06890000076964498,1.1304678782575066,1
wine_binary,0,wine_binary|0|16,no_cache,0.09709999903861899,1.1304678782575066,1
wine_binary,0,wine_binary|0|16,no_order,0.1095000006898772,1.1304678782575066,1
wine_binary,0,wine_binary|0|16,no_pruning,0.12349999997240957,1.1304678782575066,1
wine_binary,0,wine_binary|0|17,full,0.044099999286117963,0.7877418426061507,1
wine_binary,0,wine_binary|0|17,no_cache,0.0779999991209479,0.7877418426061507,1
wine_binary,0,wine_binary|0|17,no_order,0.05830000009154901,0.7877418426061507,1
wine_binary,0,wine_binary|0|17,no_pruning,0.06580000081157777,0.7877418426061507,1
wine_binary,0,wine_binary|0|18,full,0.07100000038917642,0.8745132089959405,1
wine_binary,0,wine_binary|0|18,no_cache,0.11219999942113645,0.8745132089959405,1
wine_binary,0,wine_binary|0|18,no_order,0.12510000124166254,0.8745132089959405,1
wine_binary,0,wine_binary|0|18,no_pruning,0.14100000043981709,0.8745132089959405,1
wine_binary,0,wine_binary|0|19,full,0.05100000089441892,1.2760302978833187,1
wine_binary,0,wine_binary|0|19,no_cache,0.08210000123654027,1.2760302978833187,1
wine_binary,0,wine_binary|0|19,no_order,0.06229999962670263,1.2760302978833187,1
wine_binary,0,wine_binary|0|19,no_pruning,0.06990000110818073,1.2760302978833187,1
wine_binary,0,wine_binary|0|20,full,0.0470000013592653,1.6631197927593884,1
wine_binary,0,wine_binary|0|20,no_cache,0.0703999994584592,1.6631197927593884,1
wine_binary,0,wine_binary|0|20,no_order,0.05649999911838677,1.6631197927593884,1
wine_binary,0,wine_binary|0|20,no_pruning,0.06849999954283703,1.6631197927593884,1
wine_binary,0,wine_binary|0|21,full,0.04470000021683518,0.41928797570052434,1
wine_binary,0,wine_binary|0|21,no_cache,0.07070000174280722,0.41928797570052434,1
wine_binary,0,wine_binary|0|21,no_order,0.05889999920327682,0.41928797570052434,1
wine_binary,0,wine_binary|0|21,no_pruning,0.067299999500392,0.41928797570052434,1
wine_binary,0,wine_binary|0|22,full,0.0470000013592653,0.7038767628215641,1
wine_binary,0,wine_binary|0|22,no_cache,0.076299998909235,0.7038767628215641,1
wine_binary,0,wine_binary|0|22,no_order,0.11980000090261456,0.7038767628215641,1
wine_binary,0,wine_binary|0|22,no_pruning,0.1236000007338589,0.7038767628215641,1
wine_binary,0,wine_binary|0|23,full,0.04660000013245735,0.7465358743651574,1
wine_binary,0,wine_binary|0|23,no_cache,0.07069999992381781,0.7465358743651574,1
wine_binary,0,wine_binary|0|23,no_order,0.10699999984353781,0.7465358743651574,1
wine_binary,0,wine_binary|0|23,no_pruning,0.12150000111432746,0.7465358743651574,1
wine_binary,0,wine_binary|0|24,full,0.04479999915929511,0.27728564738562045,1
wine_binary,0,wine_binary|0|24,no_cache,0.07000000005064066,0.27728564738562045,1
wine_binary,0,wine_binary|0|24,no_order,0.11499999891384505,0.27728564738562045,1
wine_binary,0,wine_binary|0|24,no_pruning,0.1269999993382953,0.27728564738562045,1
wine_binary,0,wine_binary|0|25,full,0.04499999886320438,0.40526298201640354,1
wine_binary,0,wine_binary|0|25,no_cache,0.0745999986975221,0.40526298201640354,1
wine_binary,0,wine_binary|0|25,no_order,0.10780000047816429,0.40526298201640354,1
wine_binary,0,wine_binary|0|25,no_pruning,0.12650000098801684,0.40526298201640354,1
wine_binary,0,wine_binary|0|26,full,0.043199999709031545,0.48637378369059947,1
wine_binary,0,wine_binary|0|26,no_cache,0.06989999928919133,0.48637378369059947,1
wine_binary,0,wine_binary|0|26,no_order,0.055300000894931145,0.48637378369059947,1
wine_binary,0,wine_binary|0|26,no_pruning,0.06630000098084565,0.48637378369059947,1
wine_binary,0,wine_binary|0|27,full,0.04519999856711365,0.19196742429843172,1
wine_binary,0,wine_binary|0|27,no_cache,0.07159999950090423,0.19196742429843172,1
wine_binary,0,wine_binary|0|27,no_order,0.10739999925135635,0.19196742429843172,1
wine_binary,0,wine_binary|0|27,no_pruning,0.12199999946460593,0.19196742429843172,1
wine_binary,0,wine_binary|0|28,full,0.04780000017490238,1.3713071520700721,1
wine_binary,0,wine_binary|0|28,no_cache,0.07539999933214858,1.3713071520700721,1
wine_binary,0,wine_binary|0|28,no_order,0.170000001162407,1.3713071520700721,1
wine_binary,0,wine_binary|0|28,no_pruning,0.1475000008213101,1.3713071520700721,1
wine_binary,0,wine_binary|0|29,full,0.13189999845053535,0.9559744396211244,1
wine_binary,0,wine_binary|0|29,no_cache,0.09900000077323057,0.9559744396211244,1
wine_binary,0,wine_binary|0|29,no_order,0.06470000153058209,0.9559744396211244,1
wine_binary,0,wine_binary|0|29,no_pruning,0.07419999928970356,0.9559744396211244,1
wine_binary,0,wine_binary|0|30,full,0.05559999954130035,0.5534595916806744,1
wine_binary,0,wine_binary|0|30,no_cache,0.0835999999253545,0.5534595916806744,1
wine_binary,0,wine_binary|0|30,no_order,0.06070000017643906,0.5534595916806744,1
wine_binary,0,wine_binary|0|30,no_pruning,0.07099999857018702,0.5534595916806744,1
wine_binary,0,wine_binary|0|31,full,0.051900000471505336,0.6331974685458468,1
wine_binary,0,wine_binary|0|31,no_cache,0.07980000009411015,0.6331974685458468,1
wine_binary,0,wine_binary|0|31,no_order,0.05839999903400894,0.6331974685458468,1
wine_binary,0,wine_binary|0|31,no_pruning,0.06770000072719995,0.6331974685458468,1
wine_binary,0,wine_binary|0|32,full,0.0777000004745787,0.575899428190781,1
wine_binary,0,wine_binary|0|32,no_cache,0.2730999985942617,0.575899428190781,1
wine_binary,0,wine_binary|0|32,no_order,0.16039999900385737,0.575899428190781,1
wine_binary,0,wine_binary|0|32,no_pruning,0.15590000111842528,0.575899428190781,1
wine_binary,0,wine_binary|0|33,full,0.08299999899463728,0.800087762297435,1
wine_binary,0,wine_binary|0|33,no_cache,0.09409999984200113,0.800087762297435,1
wine_binary,0,wine_binary|0|33,no_order,0.06399999983841553,0.800087762297435,1
wine_binary,0,wine_binary|0|33,no_pruning,0.07340000047406647,0.800087762297435,1
wine_binary,0,wine_binary|0|34,full,0.05269999928714242,1.403619643307904,1
wine_binary,0,wine_binary|0|34,no_cache,0.08020000132091809,1.403619643307904,1
wine_binary,0,wine_binary|0|34,no_order,0.06170000051497482,1.403619643307904,1
wine_binary,0,wine_binary|0|34,no_pruning,0.0700999989931006,1.403619643307904,1
wine_binary,0,wine_binary|0|35,full,0.04809999882127158,1.2914034795714993,1
wine_binary,0,wine_binary|0|35,no_cache,0.07480000022042077,1.2914034795714993,1
wine_binary,0,wine_binary|0|35,no_order,0.05710000004910398,1.2914034795714993,1
wine_binary,0,wine_binary|0|35,no_pruning,0.06819999907747842,1.2914034795714993,1
wine_binary,0,wine_binary|0|36,full,0.047799998355912976,1.4053345999939126,1
wine_binary,0,wine_binary|0|36,no_cache,0.07280000136233866,1.4053345999939126,1
wine_binary,0,wine_binary|0|36,no_order,0.05790000068373047,1.4053345999939126,1
wine_binary,0,wine_binary|0|36,no_pruning,0.06740000026184134,1.4053345999939126,1
wine_binary,0,wine_binary|0|37,full,0.0442000000475673,1.2914034795714993,1
wine_binary,0,wine_binary|0|37,no_cache,0.07750000077066943,1.2914034795714993,1
wine_binary,0,wine_binary|0|37,no_order,0.05959999907645397,1.2914034795714993,1
wine_binary,0,wine_binary|0|37,no_pruning,0.07199999890872277,1.2914034795714993,1
wine_binary,0,wine_binary|0|38,full,0.047399998948094435,1.7206658482983965,1
wine_binary,0,wine_binary|0|38,no_cache,0.0717999992048135,1.7206658482983965,1
wine_binary,0,wine_binary|0|38,no_order,0.05760000021837186,1.7206658482983965,1
wine_binary,0,wine_binary|0|38,no_pruning,0.06810000013501849,1.7206658482983965,1
wine_binary,0,wine_binary|0|39,full,0.04479999915929511,1.6534049819791337,1
wine_binary,0,wine_binary|0|39,no_cache,0.07200000072771218,1.6534049819791337,1
wine_binary,0,wine_binary|0|39,no_order,0.0562999994144775,1.6534049819791337,1
wine_binary,0,wine_binary|0|39,no_pruning,0.06580000081157777,1.6534049819791337,1
wine_binary,0,wine_binary|0|40,full,0.07170000026235357,0.8318540974523462,1
wine_binary,0,wine_binary|0|40,no_cache,0.1007999999274034,0.8318540974523462,1
wine_binary,0,wine_binary|0|40,no_order,0.10880000081670005,0.8318540974523462,1
wine_binary,0,wine_binary|0|40,no_pruning,0.12690000039583538,0.8318540974523462,1
wine_binary,0,wine_binary|0|41,full,0.04509999962465372,1.9587708731115216,1
wine_binary,0,wine_binary|0|41,no_cache,0.0793999988673022,1.9587708731115216,1
wine_binary,0,wine_binary|0|41,no_order,0.05710000004910398,1.9587708731115216,1
wine_binary,0,wine_binary|0|41,no_pruning,0.06659999962721486,1.9587708731115216,1
wine_binary,0,wine_binary|0|42,full,0.0439000014011981,1.5216097243073392,1
wine_binary,0,wine_binary|0|42,no_cache,0.07080000068526715,1.5216097243073392,1
wine_binary,0,wine_binary|0|42,no_order,0.05559999954130035,1.5216097243073392,1
wine_binary,0,wine_binary|0|42,no_pruning,0.06519999988086056,1.5216097243073392,1
wine_binary,0,wine_binary|0|43,full,0.04540000009001233,0.08506861907030253,1
wine_binary,0,wine_binary|0|43,no_cache,0.07139999979699496,0.08506861907030253,1
wine_binary,0,wine_binary|0|43,no_order,0.10709999878599774,0.08506861907030253,1
wine_binary,0,wine_binary|0|43,no_pruning,0.12349999997240957,0.08506861907030253,1
wine_binary,0,wine_binary|0|44,full,0.04330000047048088,0.9936024801154424,1
wine_binary,0,wine_binary|0|44,no_cache,0.07059999916236848,0.9936024801154424,1
wine_binary,0,wine_binary|0|44,no_order,0.05599999894911889,0.9936024801154424,1
wine_binary,0,wine_binary|0|44,no_pruning,0.06440000106522348,0.9936024801154424,1
wine_binary,0,wine_binary|0|45,full,0.04350000017439015,1.6915252533079683,1
wine_binary,0,wine_binary|0|45,no_cache,0.06930000017746352,1.6915252533079683,1
wine_binary,0,wine_binary|0|45,no_order,0.056599999879836105,1.6915252533079683,1
wine_binary,0,wine_binary|0|45,no_pruning,0.06550000034621917,1.6915252533079683,1
wine_binary,0,wine_binary|0|46,full,0.04179999996267725,0.8553457276360126,1
wine_binary,0,wine_binary|0|46,no_cache,0.06899999971210491,0.8553457276360126,1
wine_binary,0,wine_binary|0|46,no_order,0.054600001021754,0.8553457276360126,1
wine_binary,0,wine_binary|0|46,no_pruning,0.07029999869700987,0.8553457276360126,1
wine_binary,0,wine_binary|0|47,full,0.04289999924367294,1.318615887804714,1
wine_binary,0,wine_binary|0|47,no_cache,0.0683999987813877,1.318615887804714,1
wine_binary,0,wine_binary|0|47,no_order,0.0577000009798212,1.318615887804714,1
wine_binary,0,wine_binary|0|47,no_pruning,0.06570000005012844,1.318615887804714,1
wine_binary,0,wine_binary|0|48,full,0.04229999831295572,1.9622615594722492,1
wine_binary,0,wine_binary|0|48,no_cache,0.11049999920942355,1.9622615594722492,1
wine_binary,0,wine_binary|0|48,no_order,0.07609999920532573,1.9622615594722492,1
wine_binary,0,wine_binary|0|48,no_pruning,0.2569999996921979,1.9622615594722492,1
wine_binary,0,wine_binary|0|49,full,0.07960000039020088,0.3232617560157839,1
wine_binary,0,wine_binary|0|49,no_cache,0.10509999992791563,0.3232617560157839,1
wine_binary,0,wine_binary|0|49,no_order,0.06659999962721486,0.3232617560157839,1
wine_binary,0,wine_binary|0|49,no_pruning,0.07479999840143137,0.3232617560157839,1
wine_binary,0,wine_binary|0|50,full,0.05599999894911889,0.23462653584202608,1
wine_binary,0,wine_binary|0|50,no_cache,0.0839000003907131,0.23462653584202608,1
wine_binary,0,wine_binary|0|50,no_order,0.11509999967529438,0.23462653584202608,1
wine_binary,0,wine_binary|0|50,no_pruning,0.13039999976172112,0.23462653584202608,1
wine_binary,0,wine_binary|0|51,full,0.05050000072515104,0.56145289000407,1
wine_binary,0,wine_binary|0|51,no_cache,0.07860000005166512,0.56145289000407,1
wine_binary,0,wine_binary|0|51,no_order,0.11069999891333282,0.56145289000407,1
wine_binary,0,wine_binary|0|51,no_pruning,0.12860000060754828,0.56145289000407,1
wine_binary,0,wine_binary|0|52,full,0.04630000148608815,2.029347367462324,1
wine_binary,0,wine_binary|0|52,no_cache,0.17280000065511558,2.029347367462324,1
wine_binary,0,wine_binary|0|52,no_order,0.07230000119307078,2.029347367462324,1
wine_binary,0,wine_binary|0|52,no_pruning,0.07840000034775585,2.029347367462324,1
wine_binary,0,wine_binary|0|53,full,0.055900000006658956,0.04784870386614348,1
wine_binary,0,wine_binary|0|53,no_cache,0.08549999984097667,0.04784870386614348,1
wine_binary,0,wine_binary|0|53,no_order,0.059699999837903306,0.04784870386614348,1
wine_binary,0,wine_binary|0|53,no_pruning,0.06930000017746352,0.04784870386614348,1
wine_binary,1,wine_binary|1|0,full,0.07809999988239724,0.8217415467663586,1
wine_binary,1,wine_binary|1|0,no_cache,0.09420000060345046,0.8217415467663586,1
wine_binary,1,wine_binary|1|0,no_order,0.11679999988700729,0.8217415467663586,1
wine_binary,1,wine_binary|1|0,no_pruning,0.1334000007773284,0.8217415467663586,1
wine_binary,1,wine_binary|1|1,full,0.05469999996421393,0.7489205291316655,1
wine_binary,1,wine_binary|1|1,no_cache,0.08340000022144523,0.7489205291316655,1
wine_binary,1,wine_binary|1|1,no_order,0.05720000081055332,0.7489205291316655,1
wine_binary,1,wine_binary|1|1,no_pruning,0.06649999886576552,0.7489205291316655,1
wine_binary,1,wine_binary|1|2,full,0.04600000102072954,0.8302516244382644,1
wine_binary,1,wine_binary|1|2,no_cache,0.07379999988188501,0.8302516244382644,1
wine_binary,1,wine_binary|1|2,no_order,0.05689999852620531,0.8302516244382644,1
wine_binary,1,wine_binary|1|2,no_pruning,0.06720000055793207,0.8302516244382644,1
wine_binary,1,wine_binary|1|3,full,0.04470000021683518,1.6680790141096684,1
wine_binary,1,wine_binary|1|3,no_cache,0.07120000009308569,1.6680790141096684,1
wine_binary,1,wine_binary|1|3,no_order,0.06659999962721486,1.6680790141096684,1
wine_binary,1,wine_binary|1|3,no_pruning,0.06690000009257346,1.6680790141096684,1
wine_binary,1,wine_binary|1|4,full,0.04479999915929511,1.614309996711317,1
wine_binary,1,wine_binary|1|4,no_cache,0.07159999950090423,1.614309996711317,1
wine_binary,1,wine_binary|1|4,no_order,0.05760000021837186,1.614309996711317,1
wine_binary,1,wine_binary|1|4,no_pruning,0.0652999988233205,1.614309996711317,1
wine_binary,1,wine_binary|1|5,full,0.04489999992074445,0.5229264385883663,1
wine_binary,1,wine_binary|1|5,no_cache,0.07200000072771218,0.5229264385883663,1
wine_binary,1,wine_binary|1|5,no_order,0.10649999967426993,0.5229264385883663,1
wine_binary,1,wine_binary|1|5,no_pruning,0.1221999991685152,0.5229264385883663,1
wine_binary,1,wine_binary|1|6,full,0.04329999865149148,0.8344937532584255,1
wine_binary,1,wine_binary|1|6,no_cache,0.06960000064282212,0.8344937532584255,1
wine_binary,1,wine_binary|1|6,no_order,0.05690000034519471,0.8344937532584255,1
wine_binary,1,wine_binary|1|6,no_pruning,0.06460000076913275,0.8344937532584255,1
wine_binary,1,wine_binary|1|7,full,0.043399999412940815,1.2549474865566994,1
wine_binary,1,wine_binary|1|7,no_cache,0.07209999967017211,1.2549474865566994,1
wine_binary,1,wine_binary|1|7,no_order,0.05529999907594174,1.2549474865566994,1
wine_binary,1,wine_binary|1|7,no_pruning,0.06509999911941122,1.2549474865566994,1
wine_binary,1,wine_binary|1|8,full,0.04579999949783087,0.08466428144620397,1
wine_binary,1,wine_binary|1|8,no_cache,0.07089999962772708,0.08466428144620397,1
wine_binary,1,wine_binary|1|8,no_order,0.10650000149325933,0.08466428144620397,1
wine_binary,1,wine_binary|1|8,no_pruning,0.13039999976172112,0.08466428144620397,1
wine_binary,1,wine_binary|1|9,full,0.04369999987829942,1.5104497636939909,1
wine_binary,1,wine_binary|1|9,no_cache,0.06850000136182643,1.5104497636939909,1
wine_binary,1,wine_binary|1|9,no_order,0.05849999979545828,1.5104497636939909,1
wine_binary,1,wine_binary|1|9,no_pruning,0.06829999983892776,1.5104497636939909,1
wine_binary,1,wine_binary|1|10,full,0.0473000000056345,0.48308442416463404,1
wine_binary,1,wine_binary|1|10,no_cache,0.2378999997745268,0.48308442416463404,1
wine_binary,1,wine_binary|1|10,no_order,0.1367999993817648,0.48308442416463404,1
wine_binary,1,wine_binary|1|10,no_pruning,0.22729999909643084,0.48308442416463404,1
wine_binary,1,wine_binary|1|11,full,0.06799999937356915,0.6225314746476971,1
wine_binary,1,wine_binary|1|11,no_cache,0.08739999975659885,0.6225314746476971,1
wine_binary,1,wine_binary|1|11,no_order,0.11230000018258579,0.6225314746476971,1
wine_binary,1,wine_binary|1|11,no_pruning,0.13000000035390258,0.6225314746476971,1
wine_binary,1,wine_binary|1|12,full,0.05129999954078812,0.03209587658987789,1
wine_binary,1,wine_binary|1|12,no_cache,0.07790000017848797,0.03209587658987789,1
wine_binary,1,wine_binary|1|12,no_order,0.10769999971671496,0.03209587658987789,1
wine_binary,1,wine_binary|1|12,no_pruning,0.12719999904220458,0.03209587658987789,1
wine_binary,1,wine_binary|1|13,full,0.04889999945589807,1.1404786636024555,1
wine_binary,1,wine_binary|1|13,no_cache,0.07580000055895653,1.1404786636024555,1
wine_binary,1,wine_binary|1|13,no_order,0.13620000027003698,1.1404786636024555,1
wine_binary,1,wine_binary|1|13,no_pruning,0.08350000098289456,1.1404786636024555,1
wine_binary,1,wine_binary|1|14,full,0.06579999899258837,0.2889058070535071,1
wine_binary,1,wine_binary|1|14,no_cache,0.08960000013757963,0.2889058070535071,1
wine_binary,1,wine_binary|1|14,no_order,0.11380000069038942,0.2889058070535071,1
wine_binary,1,wine_binary|1|14,no_pruning,0.12860000060754828,0.2889058070535071,1
wine_binary,1,wine_binary|1|15,full,0.050799999371520244,0.14443243689773946,1
wine_binary,1,wine_binary|1|15,no_cache,0.07870000081311446,0.14443243689773946,1
wine_binary,1,wine_binary|1|15,no_order,0.05710000004910398,0.14443243689773946,1
wine_binary,1,wine_binary|1|15,no_pruning,0.06609999945794698,0.14443243689773946,1
wine_binary,1,wine_binary|1|16,full,0.049199999921256676,1.3219028454227124,1
wine_binary,1,wine_binary|1|16,no_cache,0.07610000102431513,1.3219028454227124,1
wine_binary,1,wine_binary|1|16,no_order,0.05710000004910398,1.3219028454227124,1
wine_binary,1,wine_binary|1|16,no_pruning,0.06770000072719995,1.3219028454227124,1
wine_binary,1,wine_binary|1|17,full,0.04850000004807953,1.1504381657621494,1
wine_binary,1,wine_binary|1|17,no_cache,0.07379999988188501,1.1504381657621494,1
wine_binary,1,wine_binary|1|17,no_order,0.11520000043674372,1.1504381657621494,1
wine_binary,1,wine_binary|1|17,no_pruning,0.1247000000148546,1.1504381657621494,1
wine_binary,1,wine_binary|1|18,full,0.04510000144364312,0.07470477624872518,1
wine_binary,1,wine_binary|1|18,no_cache,0.07120000009308569,0.07470477624872518,1
wine_binary,1,wine_binary|1|18,no_order,0.05720000081055332,0.07470477624872518,1
wine_binary,1,wine_binary|1|18,no_pruning,0.0656000011076685,0.07470477624872518,1
wine_binary,1,wine_binary|1|19,full,0.044600001274375245,1.5113758241201662,1
wine_binary,1,wine_binary|1|19,no_cache,0.0715000005584443,1.5113758241201662,1
wine_binary,1,wine_binary|1|19,no_order,0.2485999993950827,1.5113758241201662,1
wine_binary,1,wine_binary|1|19,no_pruning,0.14860000010230578,1.5113758241201662,1
wine_binary,1,wine_binary|1|20,full,0.06129999928816687,0.9307813787971259,1
wine_binary,1,wine_binary|1|20,no_cache,0.08200000047509093,0.9307813787971259,1
wine_binary,1,wine_binary|1|20,no_order,0.05899999996472616,0.9307813787971259,1
wine_binary,1,wine_binary|1|20,no_pruning,0.06820000089646783,0.9307813787971259,1
wine_binary,1,wine_binary|1|21,full,0.0503999999637017,0.3530546283855458,1
wine_binary,1,wine_binary|1|21,no_cache,0.07589999950141646,0.3530546283855458,1
wine_binary,1,wine_binary|1|21,no_order,0.11610000001383014,0.3530546283855458,1
wine_binary,1,wine_binary|1|21,no_pruning,0.12490000153775327,0.3530546283855458,1
wine_binary,1,wine_binary|1|22,full,0.04810000064026099,0.5926499638298977,1
wine_binary,1,wine_binary|1|22,no_cache,0.07689999983995222,0.5926499638298977,1
wine_binary,1,wine_binary|1|22,no_order,0.11070000073232222,0.5926499638298977,1
wine_binary,1,wine_binary|1|22,no_pruning,0.1264000002265675,0.5926499638298977,1
wine_binary,1,wine_binary|1|23,full,0.04599999920174014,0.20419032319850838,1
wine_binary,1,wine_binary|1|23,no_cache,0.19149999934597872,0.20419032319850838,1
wine_binary,1,wine_binary|1|23,no_order,0.13440000111586414,0.20419032319850838,1
wine_binary,1,wine_binary|1|23,no_pruning,0.1368000012007542,0.20419032319850838,1
wine_binary,1,wine_binary|1|24,full,0.057699999160831794,1.230122194609614,1
wine_binary,1,wine_binary|1|24,no_cache,0.08539999907952733,1.230122194609614,1
wine_binary,1,wine_binary|1|24,no_order,0.11300000005576294,1.230122194609614,1
wine_binary,1,wine_binary|1|24,no_pruning,0.12769999921147246,1.230122194609614,1
wine_binary,1,wine_binary|1|25,full,0.051700000767596066,0.539211701606411,1
wine_binary,1,wine_binary|1|25,no_cache,0.07780000123602804,0.539211701606411,1
wine_binary,1,wine_binary|1|25,no_order,0.058400000852998346,0.539211701606411,1
wine_binary,1,wine_binary|1|25,no_pruning,0.06549999852722976,0.539211701606411,1
wine_binary,1,wine_binary|1|26,full,0.046799999836366624,1.5496073985016168,1
wine_binary,1,wine_binary|1|26,no_cache,0.07509999886678997,1.5496073985016168,1
wine_binary,1,wine_binary|1|26,no_order,0.0577000009798212,1.5496073985016168,1
wine_binary,1,wine_binary|1|26,no_pruning,0.06779999966965988,1.5496073985016168,1
wine_binary,1,wine_binary|1|27,full,0.05600000076810829,0.343637373681571,1
wine_binary,1,wine_binary|1|27,no_cache,0.07490000098187011,0.343637373681571,1
wine_binary,1,wine_binary|1|27,no_order,0.11040000026696362,0.343637373681571,1
wine_binary,1,wine_binary|1|27,no_pruning,0.12769999921147246,0.343637373681571,1
wine_binary,1,wine_binary|1|28,full,0.04760000047099311,0.7520180215248268,1
wine_binary,1,wine_binary|1|28,no_cache,0.14430000010179356,0.7520180215248268,1
wine_binary,1,wine_binary|1|28,no_order,0.14420000115933362,0.7520180215248268,1
wine_binary,1,wine_binary|1|28,no_pruning,0.14539999938278925,0.7520180215248268,1
wine_binary,1,wine_binary|1|29,full,0.05920000148762483,0.995784816083203,1
wine_binary,1,wine_binary|1|29,no_cache,0.08560000060242601,0.995784816083203,1
wine_binary,1,wine_binary|1|29,no_order,0.06179999945743475,0.995784816083203,1
wine_binary,1,wine_binary|1|29,no_pruning,0.0698000003467314,0.995784816083203,1
wine_binary,1,wine_binary|1|30,full,0.05189999865251593,0.5926499638298977,1
wine_binary,1,wine_binary|1|30,no_cache,0.08069999967119657,0.5926499638298977,1
wine_binary,1,wine_binary|1|30,no_order,0.11160000030940864,0.5926499638298977,1
wine_binary,1,wine_binary|1|30,no_pruning,0.12799999967683107,0.5926499638298977,1
wine_binary,1,wine_binary|1|31,full,0.047399998948094435,1.0872634092382538,1
wine_binary,1,wine_binary|1|31,no_cache,0.0763000007282244,1.0872634092382538,1
wine_binary,1,wine_binary|1|31,no_order,0.059500000133994035,1.0872634092382538,1
wine_binary,1,wine_binary|1|31,no_pruning,0.1588000013725832,1.0872634092382538,1
wine_binary,1,wine_binary|1|32,full,0.06120000034570694,0.5311293355803048,1
wine_binary,1,wine_binary|1|32,no_cache,0.08069999967119657,0.5311293355803048,1
wine_binary,1,wine_binary|1|32,no_order,0.11460000132501591,0.5311293355803048,1
wine_binary,1,wine_binary|1|32,no_pruning,0.13000000035390258,0.5311293355803048,1
wine_binary,1,wine_binary|1|33,full,0.045700000555370934,1.4514498878222386,1
wine_binary,1,wine_binary|1|33,no_cache,0.07370000093942508,1.4514498878222386,1
wine_binary,1,wine_binary|1|33,no_order,0.05790000068373047,1.4514498878222386,1
wine_binary,1,wine_binary|1|33,no_pruning,0.06720000055793207,1.4514498878222386,1
wine_binary,1,wine_binary|1|34,full,0.04470000021683518,1.1739893923466351,1
wine_binary,1,wine_binary|1|34,no_cache,0.07050000021990854,1.1739893923466351,1
wine_binary,1,wine_binary|1|34,no_order,0.059100000726175494,1.1739893923466351,1
wine_binary,1,wine_binary|1|34,no_pruning,0.06649999886576552,1.1739893923466351,1
wine_binary,1,wine_binary|1|35,full,0.04400000034365803,0.9642757593174233,1
wine_binary,1,wine_binary|1|35,no_cache,0.0703999994584592,0.9642757593174233,1
wine_binary,1,wine_binary|1|35,no_order,0.05710000004910398,0.9642757593174233,1
wine_binary,1,wine_binary|1|35,no_pruning,0.06690000009257346,0.9642757593174233,1
wine_binary,1,wine_binary|1|36,full,0.044099999286117963,1.6086223330813094,1
wine_binary,1,wine_binary|1|36,no_cache,0.07199999890872277,1.6086223330813094,1
wine_binary,1,wine_binary|1|36,no_order,0.05760000021837186,1.6086223330813094,1
wine_binary,1,wine_binary|1|36,no_pruning,0.0686999992467463,1.6086223330813094,1
wine_binary,1,wine_binary|1|37,full,0.04769999941345304,0.025676701553964537,1
wine_binary,1,wine_binary|1|37,no_cache,0.3054999997402774,0.025676701553964537,1
wine_binary,1,wine_binary|1|37,no_order,0.14209999972081278,0.025676701553964537,1
wine_binary,1,wine_binary|1|37,no_pruning,0.14399999963643495,0.025676701553964537,1
wine_binary,1,wine_binary|1|38,full,0.0656000011076685,2.1201936452940626,1
wine_binary,1,wine_binary|1|38,no_cache,0.08900000102585182,2.1201936452940626,1
wine_binary,1,wine_binary|1|38,no_order,0.059899999541812576,2.1201936452940626,1
wine_binary,1,wine_binary|1|38,no_pruning,0.07109999933163635,2.1201936452940626,1
wine_binary,1,wine_binary|1|39,full,0.053499999921768904,1.7580288857240667,1
wine_binary,1,wine_binary|1|39,no_cache,0.08040000102482736,1.7580288857240667,1
wine_binary,1,wine_binary|1|39,no_order,0.112599998828955,1.7580288857240667,1
wine_binary,1,wine_binary|1|39,no_pruning,0.12479999895731453,1.7580288857240667,1
wine_binary,1,wine_binary|1|40,full,0.04799999987881165,1.2053054496563518,1
wine_binary,1,wine_binary|1|40,no_cache,0.07589999950141646,1.2053054496563518,1
wine_binary,1,wine_binary|1|40,no_order,0.05919999966863543,1.2053054496563518,1
wine_binary,1,wine_binary|1|40,no_pruning,0.06810000013501849,1.2053054496563518,1
wine_binary,1,wine_binary|1|41,full,0.1675000003160676,0.8617340233032563,1
wine_binary,1,wine_binary|1|41,no_cache,0.08850000085658394,0.8617340233032563,1
wine_binary,1,wine_binary|1|41,no_order,0.06310000026132911,0.8617340233032563,1
wine_binary,1,wine_binary|1|41,no_pruning,0.0731999989511678,0.8617340233032563,1
wine_binary,1,wine_binary|1|42,full,0.05090000013296958,0.6291993890743446,1
wine_binary,1,wine_binary|1|42,no_cache,0.07519999962823931,0.6291993890743446,1
wine_binary,1,wine_binary|1|42,no_order,0.10880000081670005,0.6291993890743446,1
wine_binary,1,wine_binary|1|42,no_pruning,0.12790000073437113,0.6291993890743446,1
wine_binary,1,wine_binary|1|43,full,0.04749999970954377,1.4990557919698067,1
wine_binary,1,wine_binary|1|43,no_cache,0.07559999903605785,1.4990557919698067,1
wine_binary,1,wine_binary|1|43,no_order,0.1109000004362315,1.4990557919698067,1
wine_binary,1,wine_binary|1|43,no_pruning,0.12659999993047677,1.4990557919698067,1
wine_binary,1,wine_binary|1|44,full,0.045000000682193786,1.1863806356126458,1
wine_binary,1,wine_binary|1|44,no_cache,0.07560000085504726,1.1863806356126458,1
wine_binary,1,wine_binary|1|44,no_order,0.05830000009154901,1.1863806356126458,1
wine_binary,1,wine_binary|1|44,no_pruning,0.07509999886678997,1.1863806356126458,1
wine_binary,1,wine_binary|1|45,full,0.04450000051292591,1.2425129015002003,1
wine_binary,1,wine_binary|1|45,no_cache,0.07030000051599927,1.2425129015002003,1
wine_binary,1,wine_binary|1|45,no_order,0.0579999996261904,1.2425129015002003,1
wine_binary,1,wine_binary|1|45,no_pruning,0.06629999916185625,1.2425129015002003,1
wine_binary,1,wine_binary|1|46,full,0.04219999937049579,0.6666404627023393,1
wine_binary,1,wine_binary|1|46,no_cache,0.07190000178525224,0.6666404627023393,1
wine_binary,1,wine_binary|1|46,no_order,0.05880000026081689,0.6666404627023393,1
wine_binary,1,wine_binary|1|46,no_pruning,0.06900000153109431,0.6666404627023393,1
wine_binary,1,wine_binary|1|47,full,0.04939999962516595,0.7221365107070278,1
wine_binary,1,wine_binary|1|47,no_cache,0.0804999999672873,0.7221365107070278,1
wine_binary,1,wine_binary|1|47,no_order,0.1156999987870222,0.7221365107070278,1
wine_binary,1,wine_binary|1|47,no_pruning,0.12679999963438604,0.7221365107070278,1
wine_binary,1,wine_binary|1|48,full,0.04439999975147657,1.1924625177229449,1
wine_binary,1,wine_binary|1|48,no_cache,0.07449999975506216,1.1924625177229449,1
wine_binary,1,wine_binary|1|48,no_order,0.0593999993725447,1.1924625177229449,1
wine_binary,1,wine_binary|1|48,no_pruning,0.06770000072719995,1.1924625177229449,1
wine_binary,1,wine_binary|1|49,full,0.043199999709031545,1.0974801659602176,1
wine_binary,1,wine_binary|1|49,no_cache,0.07029999869700987,1.0974801659602176,1
wine_binary,1,wine_binary|1|49,no_order,0.05810000038763974,1.0974801659602176,1
wine_binary,1,wine_binary|1|49,no_pruning,0.06620000021939632,1.0974801659602176,1
wine_binary,1,wine_binary|1|50,full,0.04269999953976367,0.5308421047467186,1
wine_binary,1,wine_binary|1|50,no_cache,0.07569999979750719,0.5308421047467186,1
wine_binary,1,wine_binary|1|50,no_order,0.05760000021837186,0.5308421047467186,1
wine_binary,1,wine_binary|1|50,no_pruning,0.0656000011076685,0.5308421047467186,1
wine_binary,1,wine_binary|1|51,full,0.04160000025876798,1.769838385347869,1
wine_binary,1,wine_binary|1|51,no_cache,0.06930000017746352,1.769838385347869,1
wine_binary,1,wine_binary|1|51,no_order,0.056599999879836105,1.769838385347869,1
wine_binary,1,wine_binary|1|51,no_pruning,0.06480000047304202,1.769838385347869,1
wine_binary,1,wine_binary|1|52,full,0.04149999949731864,1.0065233642188949,1
wine_binary,1,wine_binary|1|52,no_cache,0.06799999937356915,1.0065233642188949,1
wine_binary,1,wine_binary|1|52,no_order,0.05520000013348181,1.0065233642188949,1
wine_binary,1,wine_binary|1|52,no_pruning,0.06299999949987978,1.0065233642188949,1
wine_binary,1,wine_binary|1|53,full,0.041700001020217314,0.6217550703691007,1
wine_binary,1,wine_binary|1|53,no_cache,0.06819999907747842,0.6217550703691007,1
wine_binary,1,wine_binary|1|53,no_order,0.0562999994144775,0.6217550703691007,1
wine_binary,1,wine_binary|1|53,no_pruning,0.0639000008959556,0.6217550703691007,1
wine_binary,2,wine_binary|2|0,full,0.07270000060088933,0.9559032046152792,1
wine_binary,2,wine_binary|2|0,no_cache,0.08170000000973232,0.9559032046152792,1
wine_binary,2,wine_binary|2|0,no_order,0.039399999877787195,0.9559032046152792,1
wine_binary,2,wine_binary|2|0,no_pruning,0.04269999953976367,0.9559032046152792,1
wine_binary,2,wine_binary|2|1,full,0.049899999794433825,1.9622433870767972,1
wine_binary,2,wine_binary|2|1,no_cache,0.06749999920430128,1.9622433870767972,1
wine_binary,2,wine_binary|2|1,no_order,0.032699999792384915,1.9622433870767972,1
wine_binary,2,wine_binary|2|1,no_pruning,0.03719999949680641,1.9622433870767972,1
wine_binary,2,wine_binary|2|2,full,0.04660000013245735,0.12147276436772342,1
wine_binary,2,wine_binary|2|2,no_cache,0.06469999971159268,0.12147276436772342,1
wine_binary,2,wine_binary|2|2,no_order,0.03219999962311704,0.12147276436772342,1
wine_binary,2,wine_binary|2|2,no_pruning,0.03710000055434648,0.12147276436772342,1
wine_binary,2,wine_binary|2|3,full,0.052800000048591755,0.6883400306487246,1
wine_binary,2,wine_binary|2|3,no_cache,0.06770000072719995,0.6883400306487246,1
wine_binary,2,wine_binary|2|3,no_order,0.1002000008156756,0.6883400306487246,1
wine_binary,2,wine_binary|2|3,no_pruning,0.10630000178935006,0.6883400306487246,1
wine_binary,2,wine_binary|2|4,full,0.04369999987829942,1.0311441650622055,1
wine_binary,2,wine_binary|2|4,no_cache,0.0610999995842576,1.0311441650622055,1
wine_binary,2,wine_binary|2|4,no_order,0.028599999495781958,1.0311441650622055,1
wine_binary,2,wine_binary|2|4,no_pruning,0.03550000110408291,1.0311441650622055,1
wine_binary,2,wine_binary|2|5,full,0.047199999244185165,1.376680056412705,1
wine_binary,2,wine_binary|2|5,no_cache,0.06360000043059699,1.376680056412705,1
wine_binary,2,wine_binary|2|5,no_order,0.08410000009462237,1.376680056412705,1
wine_binary,2,wine_binary|2|5,no_pruning,0.09400000089954119,1.376680056412705,1
wine_binary,2,wine_binary|2|6,full,0.045900000259280205,0.022230281194763307,1
wine_binary,2,wine_binary|2|6,no_cache,0.06349999966914766,0.022230281194763307,1
wine_binary,2,wine_binary|2|6,no_order,0.08069999967119657,0.022230281194763307,1
wine_binary,2,wine_binary|2|6,no_pruning,0.09440000030735973,0.022230281194763307,1
wine_binary,2,wine_binary|2|7,full,0.0442000000475673,1.2450856397225325,1
wine_binary,2,wine_binary|2|7,no_cache,0.0655999992886791,1.2450856397225325,1
wine_binary,2,wine_binary|2|7,no_order,0.08119999984046444,1.2450856397225325,1
wine_binary,2,wine_binary|2|7,no_pruning,0.09510000018053688,1.2450856397225325,1
wine_binary,2,wine_binary|2|8,full,0.04179999996267725,1.2500269590896276,1
wine_binary,2,wine_binary|2|8,no_cache,0.062400000388151966,1.2500269590896276,1
wine_binary,2,wine_binary|2|8,no_order,0.028700000257231295,1.2500269590896276,1
wine_binary,2,wine_binary|2|8,no_pruning,0.034100001357728615,1.2500269590896276,1
wine_binary,2,wine_binary|2|9,full,0.040099999750964344,0.7325170126704149,1
wine_binary,2,wine_binary|2|9,no_cache,0.060599999414989725,0.7325170126704149,1
wine_binary,2,wine_binary|2|9,no_order,0.030299999707494862,0.7325170126704149,1
wine_binary,2,wine_binary|2|9,no_pruning,0.04189999890513718,0.7325170126704149,1
wine_binary,2,wine_binary|2|10,full,0.041700001020217314,1.0827735523367854,1
wine_binary,2,wine_binary|2|10,no_cache,0.06029999894963112,1.0827735523367854,1
wine_binary,2,wine_binary|2|10,no_order,0.029599999834317714,1.0827735523367854,1
wine_binary,2,wine_binary|2|10,no_pruning,0.03409999953873921,1.0827735523367854,1
wine_binary,2,wine_binary|2|11,full,0.03909999941242859,1.8322001813399693,1
wine_binary,2,wine_binary|2|11,no_cache,0.05740000051446259,1.8322001813399693,1
wine_binary,2,wine_binary|2|11,no_order,0.028800001018680632,1.8322001813399693,1
wine_binary,2,wine_binary|2|11,no_pruning,0.03330000072310213,1.8322001813399693,1
wine_binary,2,wine_binary|2|12,full,0.03870000000461005,1.1854527372563277,1
wine_binary,2,wine_binary|2|12,no_cache,0.05790000068373047,1.1854527372563277,1
wine_binary,2,wine_binary|2|12,no_order,0.028899999961140566,1.1854527372563277,1
wine_binary,2,wine_binary|2|12,no_pruning,0.03550000110408291,1.1854527372563277,1
wine_binary,2,wine_binary|2|13,full,0.33120000080089085,0.8705476845274251,1
wine_binary,2,wine_binary|2|13,no_cache,0.07360000017797574,0.8705476845274251,1
wine_binary,2,wine_binary|2|13,no_order,0.08600000001024455,0.8705476845274251,1
wine_binary,2,wine_binary|2|13,no_pruning,0.09409999984200113,0.8705476845274251,1
wine_binary,2,wine_binary|2|14,full,0.04799999987881165,0.4555191395814955,1
wine_binary,2,wine_binary|2|14,no_cache,0.06550000034621917,0.4555191395814955,1
wine_binary,2,wine_binary|2|14,no_order,0.08509999861416873,0.4555191395814955,1
wine_binary,2,wine_binary|2|14,no_pruning,0.09329999920737464,0.4555191395814955,1
wine_binary,2,wine_binary|2|15,full,0.04660000013245735,1.6398688897930507,1
wine_binary,2,wine_binary|2|15,no_cache,0.06500000017695129,1.6398688897930507,1
wine_binary,2,wine_binary|2|15,no_order,0.08259999958681874,1.6398688897930507,1
wine_binary,2,wine_binary|2|15,no_pruning,0.09270000009564683,1.6398688897930507,1
wine_binary,2,wine_binary|2|16,full,0.04389999958220869,0.95152886402907,1
wine_binary,2,wine_binary|2|16,no_cache,0.06290000055741984,0.95152886402907,1
wine_binary,2,wine_binary|2|16,no_order,0.08410000009462237,0.95152886402907,1
wine_binary,2,wine_binary|2|16,no_pruning,0.09329999920737464,0.95152886402907,1
wine_binary,2,wine_binary|2|17,full,0.041900000724126585,1.4241857170896606,1
wine_binary,2,wine_binary|2|17,no_cache,0.06100000064179767,1.4241857170896606,1
wine_binary,2,wine_binary|2|17,no_order,0.030299999707494862,1.4241857170896606,1
wine_binary,2,wine_binary|2|17,no_pruning,0.034300001061637886,1.4241857170896606,1
wine_binary,2,wine_binary|2|18,full,0.039799999285605736,1.762226034454446,1
wine_binary,2,wine_binary|2|18,no_cache,0.057499999456922524,1.762226034454446,1
wine_binary,2,wine_binary|2|18,no_order,0.02860000131477136,1.762226034454446,1
wine_binary,2,wine_binary|2|18,no_pruning,0.03449999894655775,1.762226034454446,1
wine_binary,2,wine_binary|2|19,full,0.04389999958220869,0.3846606075175565,1
wine_binary,2,wine_binary|2|19,no_cache,0.06229999962670263,0.3846606075175565,1
wine_binary,2,wine_binary|2|19,no_order,0.08129999878292438,0.3846606075175565,1
wine_binary,2,wine_binary|2|19,no_pruning,0.09369999861519318,0.3846606075175565,1
wine_binary,2,wine_binary|2|20,full,0.04020000051241368,1.3799648339833077,1
wine_binary,2,wine_binary|2|20,no_cache,0.05779999992228113,1.3799648339833077,1
wine_binary,2,wine_binary|2|20,no_order,0.028700000257231295,1.3799648339833077,1
wine_binary,2,wine_binary|2|20,no_pruning,0.03409999953873921,1.3799648339833077,1
wine_binary,2,wine_binary|2|21,full,0.039000000469968654,1.7663695927956127,1
wine_binary,2,wine_binary|2|21,no_cache,0.05929999861109536,1.7663695927956127,1
wine_binary,2,wine_binary|2|21,no_order,0.030700000934302807,1.7663695927956127,1
wine_binary,2,wine_binary|2|21,no_pruning,0.03469999865046702,1.7663695927956127,1
wine_binary,2,wine_binary|2|22,full,0.047199999244185165,0.8503023896520139,1
wine_binary,2,wine_binary|2|22,no_cache,0.07050000021990854,0.8503023896520139,1
wine_binary,2,wine_binary|2|22,no_order,0.09160000081465114,0.8503023896520139,1
wine_binary,2,wine_binary|2|22,no_pruning,0.10100000145030208,0.8503023896520139,1
wine_binary,2,wine_binary|2|23,full,0.04939999962516595,0.8907929794028364,1
wine_binary,2,wine_binary|2|23,no_cache,0.0638999990769662,0.8907929794028364,1
wine_binary,2,wine_binary|2|23,no_order,0.08820000039122533,0.8907929794028364,1
wine_binary,2,wine_binary|2|23,no_pruning,0.09870000030787196,0.8907929794028364,1
wine_binary,2,wine_binary|2|24,full,0.05160000000614673,0.0940522031323047,1
wine_binary,2,wine_binary|2|24,no_cache,0.06790000043110922,0.0940522031323047,1
wine_binary,2,wine_binary|2|24,no_order,0.033799999073380604,0.0940522031323047,1
wine_binary,2,wine_binary|2|24,no_pruning,0.038500000300700776,0.0940522031323047,1
wine_binary,2,wine_binary|2|25,full,0.04579999949783087,0.1624530762658741,1
wine_binary,2,wine_binary|2|25,no_cache,0.06000000030326191,0.1624530762658741,1
wine_binary,2,wine_binary|2|25,no_order,0.029099999665049836,0.1624530762658741,1
wine_binary,2,wine_binary|2|25,no_pruning,0.0349000001733657,0.1624530762658741,1
wine_binary,2,wine_binary|2|26,full,0.03949999882024713,0.7151825498665746,1
wine_binary,2,wine_binary|2|26,no_cache,0.0579999996261904,0.7151825498665746,1
wine_binary,2,wine_binary|2|26,no_order,0.029000000722589903,0.7151825498665746,1
wine_binary,2,wine_binary|2|26,no_pruning,0.03459999970800709,0.7151825498665746,1
wine_binary,2,wine_binary|2|27,full,0.04640000042854808,1.3463121140995884,1
wine_binary,2,wine_binary|2|27,no_cache,0.06469999971159268,1.3463121140995884,1
wine_binary,2,wine_binary|2|27,no_order,0.08750000051804818,1.3463121140995884,1
wine_binary,2,wine_binary|2|27,no_pruning,0.09309999950346537,1.3463121140995884,1
wine_binary,2,wine_binary|2|28,full,0.0397000003431458,1.9220806062792517,1
wine_binary,2,wine_binary|2|28,no_cache,0.059500000133994035,1.9220806062792517,1
wine_binary,2,wine_binary|2|28,no_order,0.029099999665049836,1.9220806062792517,1
wine_binary,2,wine_binary|2|28,no_pruning,0.0335000004270114,1.9220806062792517,1
wine_binary,2,wine_binary|2|29,full,0.039399999877787195,0.9436755756172341,1
wine_binary,2,wine_binary|2|29,no_cache,0.05730000157200266,0.9436755756172341,1
wine_binary,2,wine_binary|2|29,no_order,0.027999998565064743,0.9436755756172341,1
wine_binary,2,wine_binary|2|29,no_pruning,0.033799999073380604,0.9436755756172341,1
wine_binary,2,wine_binary|2|30,full,0.038300000596791506,0.983263553868707,1
wine_binary,2,wine_binary|2|30,no_cache,0.056200000472017564,0.983263553868707,1
wine_binary,2,wine_binary|2|30,no_order,0.027799998861155473,0.983263553868707,1
wine_binary,2,wine_binary|2|30,no_pruning,0.03400000059627928,0.983263553868707,1
wine_binary,2,wine_binary|2|31,full,0.039599999581696466,1.1262830250519853,1
wine_binary,2,wine_binary|2|31,no_cache,0.05849999979545828,1.1262830250519853,1
wine_binary,2,wine_binary|2|31,no_order,0.028100001145503484,1.1262830250519853,1
wine_binary,2,wine_binary|2|31,no_pruning,0.03370000013092067,1.1262830250519853,1
wine_binary,2,wine_binary|2|32,full,0.040099999750964344,0.8362016766315328,1
wine_binary,2,wine_binary|2|32,no_cache,0.05830000009154901,0.8362016766315328,1
wine_binary,2,wine_binary|2|32,no_order,0.02950000089185778,0.8362016766315328,1
wine_binary,2,wine_binary|2|32,no_pruning,0.03420000030018855,0.8362016766315328,1
wine_binary,2,wine_binary|2|33,full,0.045700000555370934,0.6070577464867817,1
wine_binary,2,wine_binary|2|33,no_cache,0.06159999975352548,0.6070577464867817,1
wine_binary,2,wine_binary|2|33,no_order,0.08280000110971741,0.6070577464867817,1
wine_binary,2,wine_binary|2|33,no_pruning,0.09470000077271834,0.6070577464867817,1
wine_binary,2,wine_binary|2|34,full,0.0442000000475673,0.6073588511470799,1
wine_binary,2,wine_binary|2|34,no_cache,0.06880000000819564,0.6073588511470799,1
wine_binary,2,wine_binary|2|34,no_order,0.08059999890974723,0.6073588511470799,1
wine_binary,2,wine_binary|2|34,no_pruning,0.09280000085709617,0.6073588511470799,1
wine_binary,2,wine_binary|2|35,full,0.0396999985241564,1.365655944149026,1
wine_binary,2,wine_binary|2|35,no_cache,0.05929999861109536,1.365655944149026,1
wine_binary,2,wine_binary|2|35,no_order,0.028899999961140566,1.365655944149026,1
wine_binary,2,wine_binary|2|35,no_pruning,0.034800001230905764,1.365655944149026,1
wine_binary,2,wine_binary|2|36,full,0.03960000140068587,1.7006057646497965,1
wine_binary,2,wine_binary|2|36,no_cache,0.05919999966863543,1.7006057646497965,1
wine_binary,2,wine_binary|2|36,no_order,0.02990000029967632,1.7006057646497965,1
wine_binary,2,wine_binary|2|36,no_pruning,0.0335000004270114,1.7006057646497965,1
wine_binary,2,wine_binary|2|37,full,0.03949999882024713,0.7028199740210724,1
wine_binary,2,wine_binary|2|37,no_cache,0.05760000021837186,0.7028199740210724,1
wine_binary,2,wine_binary|2|37,no_order,0.028899999961140566,0.7028199740210724,1
wine_binary,2,wine_binary|2|37,no_pruning,0.03420000030018855,0.7028199740210724,1
wine_binary,2,wine_binary|2|38,full,0.03909999941242859,1.6335332573620391,1
wine_binary,2,wine_binary|2|38,no_cache,0.0656000011076685,1.6335332573620391,1
wine_binary,2,wine_binary|2|38,no_order,0.031099998523131944,1.6335332573620391,1
wine_binary,2,wine_binary|2|38,no_pruning,0.03749999996216502,1.6335332573620391,1
wine_binary,2,wine_binary|2|39,full,0.1792999992176192,1.4880301684579789,1
wine_binary,2,wine_binary|2|39,no_cache,0.10090000068885274,1.4880301684579789,1
wine_binary,2,wine_binary|2|39,no_order,0.04000000080850441,1.4880301684579789,1
wine_binary,2,wine_binary|2|39,no_pruning,0.0473000000056345,1.4880301684579789,1
wine_binary,2,wine_binary|2|40,full,0.05410000085248612,0.49761735462036416,1
wine_binary,2,wine_binary|2|40,no_cache,0.07120000009308569,0.49761735462036416,1
wine_binary,2,wine_binary|2|40,no_order,0.03239999932702631,0.49761735462036416,1
wine_binary,2,wine_binary|2|40,no_pruning,0.03899999865097925,0.49761735462036416,1
wine_binary,2,wine_binary|2|41,full,0.04709999848273583,1.2596097566481528,1
wine_binary,2,wine_binary|2|41,no_cache,0.06620000021939632,1.2596097566481528,1
wine_binary,2,wine_binary|2|41,no_order,0.031800000215298496,1.2596097566481528,1
wine_binary,2,wine_binary|2|41,no_pruning,0.03760000072361436,1.2596097566481528,1
wine_binary,2,wine_binary|2|42,full,0.047199999244185165,,0
wine_binary,2,wine_binary|2|42,no_cache,0.06439999924623407,,0
wine_binary,2,wine_binary|2|42,no_order,0.03360000118846074,,0
wine_binary,2,wine_binary|2|42,no_pruning,0.03909999941242859,,0
wine_binary,2,wine_binary|2|43,full,0.042300000131945126,1.2158265225228428,1
wine_binary,2,wine_binary|2|43,no_cache,0.06280000161495991,1.2158265225228428,1
wine_binary,2,wine_binary|2|43,no_order,0.03099999958067201,1.2158265225228428,1
wine_binary,2,wine_binary|2|43,no_pruning,0.036499999623629265,1.2158265225228428,1
wine_binary,2,wine_binary|2|44,full,0.042100000428035855,1.2593429742229627,1
wine_binary,2,wine_binary|2|44,no_cache,0.061600001572514884,1.2593429742229627,1
wine_binary,2,wine_binary|2|44,no_order,0.10990000009769574,1.2593429742229627,1
wine_binary,2,wine_binary|2|44,no_pruning,0.04939999962516595,1.2593429742229627,1
wine_binary,2,wine_binary|2|45,full,0.06759999996575061,1.5462859385556953,1
wine_binary,2,wine_binary|2|45,no_cache,0.07430000005115289,1.5462859385556953,1
wine_binary,2,wine_binary|2|45,no_order,0.029999999242136255,1.5462859385556953,1
wine_binary,2,wine_binary|2|45,no_pruning,0.03670000114652794,1.5462859385556953,1
wine_binary,2,wine_binary|2|46,full,0.043199999709031545,1.4291604193939649,1
wine_binary,2,wine_binary|2|46,no_cache,0.06229999962670263,1.4291604193939649,1
wine_binary,2,wine_binary|2|46,no_order,0.03079999987676274,1.4291604193939649,1
wine_binary,2,wine_binary|2|46,no_pruning,0.03570000080799218,1.4291604193939649,1
wine_binary,2,wine_binary|2|47,full,0.0411000000895001,1.0758453609223009,1
wine_binary,2,wine_binary|2|47,no_cache,0.06009999924572185,1.0758453609223009,1
wine_binary,2,wine_binary|2|47,no_order,0.028500000553322025,1.0758453609223009,1
wine_binary,2,wine_binary|2|47,no_pruning,0.03470000046945643,1.0758453609223009,1
wine_binary,2,wine_binary|2|48,full,0.05229999987932388,0.29925381738571943,1
wine_binary,2,wine_binary|2|48,no_cache,0.06740000026184134,0.29925381738571943,1
wine_binary,2,wine_binary|2|48,no_order,0.08269999852927867,0.29925381738571943,1
wine_binary,2,wine_binary|2|48,no_pruning,0.09380000119563192,0.29925381738571943,1
wine_binary,2,wine_binary|2|49,full,0.046799999836366624,0.17955228940197293,1
wine_binary,2,wine_binary|2|49,no_cache,0.06620000021939632,0.17955228940197293,1
wine_binary,2,wine_binary|2|49,no_order,0.08379999962926377,0.17955228940197293,1
wine_binary,2,wine_binary|2|49,no_pruning,0.1049999991664663,0.17955228940197293,1
wine_binary,2,wine_binary|2|50,full,0.04269999953976367,0.17208600155625123,1
wine_binary,2,wine_binary|2|50,no_cache,0.060999998822808266,0.17208600155625123,1
wine_binary,2,wine_binary|2|50,no_order,0.03060000017285347,0.17208600155625123,1
wine_binary,2,wine_binary|2|50,no_pruning,0.03509999987727497,0.17208600155625123,1
wine_binary,2,wine_binary|2|51,full,0.04099999932805076,1.130341956899484,1
wine_binary,2,wine_binary|2|51,no_cache,0.06179999945743475,1.130341956899484,1
wine_binary,2,wine_binary|2|51,no_order,0.03079999987676274,1.130341956899484,1
wine_binary,2,wine_binary|2|51,no_pruning,0.03739999920071568,1.130341956899484,1
wine_binary,2,wine_binary|2|52,full,0.05199999941396527,0.20245295363885552,1
wine_binary,2,wine_binary|2|52,no_cache,0.06740000026184134,0.20245295363885552,1
wine_binary,2,wine_binary|2|52,no_order,0.08209999941755086,0.20245295363885552,1
wine_binary,2,wine_binary|2|52,no_pruning,0.09640000098443124,0.20245295363885552,1
wine_binary,2,wine_binary|2|53,full,0.04099999932805076,1.5487660530842127,1
wine_binary,2,wine_binary|2|53,no_cache,0.0608000009378884,1.5487660530842127,1
wine_binary,2,wine_binary|2|53,no_order,0.031100000342121348,1.5487660530842127,1
wine_binary,2,wine_binary|2|53,no_pruning,0.039200000173877925,1.5487660530842127,1
wine_binary,3,wine_binary|3|0,full,0.06709999979648273,1.0273373572824418,1
wine_binary,3,wine_binary|3|0,no_cache,0.06949999988137279,1.0273373572824418,1
wine_binary,3,wine_binary|3|0,no_order,0.03189999915775843,1.0273373572824418,1
wine_binary,3,wine_binary|3|0,no_pruning,0.039399999877787195,1.0273373572824418,1
wine_binary,3,wine_binary|3|1,full,0.04640000042854808,0.8588505581286152,1
wine_binary,3,wine_binary|3|1,no_cache,0.06159999975352548,0.8588505581286152,1
wine_binary,3,wine_binary|3|1,no_order,0.03020000076503493,0.8588505581286152,1
wine_binary,3,wine_binary|3|1,no_pruning,0.03719999949680641,0.8588505581286152,1
wine_binary,3,wine_binary|3|2,full,0.04220000118948519,1.0213427932412422,1
wine_binary,3,wine_binary|3|2,no_cache,0.059300000430084765,1.0213427932412422,1
wine_binary,3,wine_binary|3|2,no_order,0.029600001653307118,1.0213427932412422,1
wine_binary,3,wine_binary|3|2,no_pruning,0.03470000046945643,1.0213427932412422,1
wine_binary,3,wine_binary|3|3,full,0.07470000127796084,0.668267344819834,1
wine_binary,3,wine_binary|3|3,no_cache,0.08619999971415382,0.668267344819834,1
wine_binary,3,wine_binary|3|3,no_order,0.05559999954130035,0.668267344819834,1
wine_binary,3,wine_binary|3|3,no_pruning,0.07539999933214858,0.668267344819834,1
wine_binary,3,wine_binary|3|4,full,0.04219999937049579,0.7516713630787897,1
wine_binary,3,wine_binary|3|4,no_cache,0.056999999287654646,0.7516713630787897,1
wine_binary,3,wine_binary|3|4,no_order,0.028899999961140566,0.7516713630787897,1
wine_binary,3,wine_binary|3|4,no_pruning,0.03459999970800709,0.7516713630787897,1
wine_binary,3,wine_binary|3|5,full,0.04059999992023222,0.6242450121138744,1
wine_binary,3,wine_binary|3|5,no_cache,0.05529999907594174,0.6242450121138744,1
wine_binary,3,wine_binary|3|5,no_order,0.030899998819222674,0.6242450121138744,1
wine_binary,3,wine_binary|3|5,no_pruning,0.0411000000895001,0.6242450121138744,1
wine_binary,3,wine_binary|3|6,full,0.04819999958272092,1.2184732819833117,1
wine_binary,3,wine_binary|3|6,no_cache,0.07010000081209,1.2184732819833117,1
wine_binary,3,wine_binary|3|6,no_order,0.036100000215810724,1.2184732819833117,1
wine_binary,3,wine_binary|3|6,no_pruning,0.0411000000895001,1.2184732819833117,1
wine_binary,3,wine_binary|3|7,full,0.049899999794433825,1.426301941053793,1
wine_binary,3,wine_binary|3|7,no_cache,0.05960000089544337,1.426301941053793,1
wine_binary,3,wine_binary|3|7,no_order,0.055500000598840415,1.426301941053793,1
wine_binary,3,wine_binary|3|7,no_pruning,0.0638999990769662,1.426301941053793,1
wine_binary,3,wine_binary|3|8,full,0.04239999907440506,0.4510032168057102,1
wine_binary,3,wine_binary|3|8,no_cache,0.05849999979545828,0.4510032168057102,1
wine_binary,3,wine_binary|3|8,no_order,0.029099999665049836,0.4510032168057102,1
wine_binary,3,wine_binary|3|8,no_pruning,0.03409999953873921,0.4510032168057102,1
wine_binary,3,wine_binary|3|9,full,0.04099999932805076,0.1396389485347798,1
wine_binary,3,wine_binary|3|9,no_cache,0.055900000006658956,0.1396389485347798,1
wine_binary,3,wine_binary|3|9,no_order,0.029599999834317714,0.1396389485347798,1
wine_binary,3,wine_binary|3|9,no_pruning,0.03389999983482994,0.1396389485347798,1
wine_binary,3,wine_binary|3|10,full,0.04410000110510737,0.5685259505785236,1
wine_binary,3,wine_binary|3|10,no_cache,0.05680000140273478,0.5685259505785236,1
wine_binary,3,wine_binary|3|10,no_order,0.055100001191021875,0.5685259505785236,1
wine_binary,3,wine_binary|3|10,no_pruning,0.07089999962772708,0.5685259505785236,1
wine_binary,3,wine_binary|3|11,full,0.04780000017490238,0.6084225082750477,1
wine_binary,3,wine_binary|3|11,no_cache,0.06749999920430128,0.6084225082750477,1
wine_binary,3,wine_binary|3|11,no_order,0.06089999988034833,0.6084225082750477,1
wine_binary,3,wine_binary|3|11,no_pruning,0.07209999967017211,0.6084225082750477,1
wine_binary,3,wine_binary|3|12,full,0.045700000555370934,1.0394076892155013,1
wine_binary,3,wine_binary|3|12,no_cache,0.05830000009154901,1.0394076892155013,1
wine_binary,3,wine_binary|3|12,no_order,0.0304000004689442,1.0394076892155013,1
wine_binary,3,wine_binary|3|12,no_pruning,0.03769999966607429,1.0394076892155013,1
wine_binary,3,wine_binary|3|13,full,0.03990000004705507,0.8027658796601831,1
wine_binary,3,wine_binary|3|13,no_cache,0.05459999920276459,0.8027658796601831,1
wine_binary,3,wine_binary|3|13,no_order,0.029000000722589903,0.8027658796601831,1
wine_binary,3,wine_binary|3|13,no_pruning,0.034100001357728615,0.8027658796601831,1
wine_binary,3,wine_binary|3|14,full,0.03780000042752363,0.0852419667003147,1
wine_binary,3,wine_binary|3|14,no_cache,0.05359999886422884,0.0852419667003147,1
wine_binary,3,wine_binary|3|14,no_order,0.028899999961140566,0.0852419667003147,1
wine_binary,3,wine_binary|3|14,no_pruning,0.03590000051190145,0.0852419667003147,1
wine_binary,3,wine_binary|3|15,full,0.03950000063923653,1.8358142174984955,1
wine_binary,3,wine_binary|3|15,no_cache,0.054499998441315256,1.8358142174984955,1
wine_binary,3,wine_binary|3|15,no_order,0.028599999495781958,1.8358142174984955,1
wine_binary,3,wine_binary|3|15,no_pruning,0.03389999983482994,1.8358142174984955,1
wine_binary,3,wine_binary|3|16,full,0.039000000469968654,0.6369835134694707,1
wine_binary,3,wine_binary|3|16,no_cache,0.05390000114857685,0.6369835134694707,1
wine_binary,3,wine_binary|3|16,no_order,0.02809999932651408,0.6369835134694707,1
wine_binary,3,wine_binary|3|16,no_pruning,0.033299998904112726,0.6369835134694707,1
wine_binary,3,wine_binary|3|17,full,0.06749999920430128,0.2194310707339373,1
wine_binary,3,wine_binary|3|17,no_cache,0.08279999929072801,0.2194310707339373,1
wine_binary,3,wine_binary|3|17,no_order,0.054200001613935456,0.2194310707339373,1
wine_binary,3,wine_binary|3|17,no_pruning,0.06349999966914766,0.2194310707339373,1
wine_binary,3,wine_binary|3|18,full,0.04350000017439015,0.059844839947841066,1
wine_binary,3,wine_binary|3|18,no_cache,0.055700000302749686,0.059844839947841066,1
wine_binary,3,wine_binary|3|18,no_order,0.055900000006658956,0.059844839947841066,1
wine_binary,3,wine_binary|3|18,no_pruning,0.06500000017695129,0.059844839947841066,1
wine_binary,3,wine_binary|3|19,full,0.0397000003431458,1.3498886535910324,1
wine_binary,3,wine_binary|3|19,no_cache,0.05360000068321824,1.3498886535910324,1
wine_binary,3,wine_binary|3|19,no_order,0.029400000130408444,1.3498886535910324,1
wine_binary,3,wine_binary|3|19,no_pruning,0.03680000008898787,1.3498886535910324,1
wine_binary,3,wine_binary|3|20,full,0.056799999583745375,0.379017301520034,1
wine_binary,3,wine_binary|3|20,no_cache,0.07220000043162145,0.379017301520034,1
wine_binary,3,wine_binary|3|20,no_order,0.06269999903452117,0.379017301520034,1
wine_binary,3,wine_binary|3|20,no_pruning,0.07270000060088933,0.379017301520034,1
wine_binary,3,wine_binary|3|21,full,0.04239999907440506,0.5715878023052181,1
wine_binary,3,wine_binary|3|21,no_cache,0.055900000006658956,0.5715878023052181,1
wine_binary,3,wine_binary|3|21,no_order,0.028399999791872688,0.5715878023052181,1
wine_binary,3,wine_binary|3|21,no_pruning,0.03319999996165279,0.5715878023052181,1
wine_binary,3,wine_binary|3|22,full,0.039399999877787195,1.9404170393918228,1
wine_binary,3,wine_binary|3|22,no_cache,0.054799998906673864,1.9404170393918228,1
wine_binary,3,wine_binary|3|22,no_order,0.029599999834317714,1.9404170393918228,1
wine_binary,3,wine_binary|3|22,no_pruning,0.03420000030018855,1.9404170393918228,1
wine_binary,3,wine_binary|3|23,full,0.0397000003431458,1.3322437391029578,1
wine_binary,3,wine_binary|3|23,no_cache,0.053699999625678174,1.3322437391029578,1
wine_binary,3,wine_binary|3|23,no_order,0.028399999791872688,1.3322437391029578,1
wine_binary,3,wine_binary|3|23,no_pruning,0.03339999966556206,1.3322437391029578,1
wine_binary,3,wine_binary|3|24,full,0.03860000106215011,0.757870706300915,1
wine_binary,3,wine_binary|3|24,no_cache,0.053499999921768904,0.757870706300915,1
wine_binary,3,wine_binary|3|24,no_order,0.0335000004270114,0.757870706300915,1
wine_binary,3,wine_binary|3|24,no_pruning,0.03400000059627928,0.757870706300915,1
wine_binary,3,wine_binary|3|25,full,0.039599999581696466,1.6756564198509591,1
wine_binary,3,wine_binary|3|25,no_cache,0.05249999958323315,1.6756564198509591,1
wine_binary,3,wine_binary|3|25,no_order,0.0289999989036005,1.6756564198509591,1
wine_binary,3,wine_binary|3|25,no_pruning,0.03290000131528359,1.6756564198509591,1
wine_binary,3,wine_binary|3|26,full,0.038100000892882235,1.201202503544518,1
wine_binary,3,wine_binary|3|26,no_cache,0.05210000017541461,1.201202503544518,1
wine_binary,3,wine_binary|3|26,no_order,0.02879999919969123,1.201202503544518,1
wine_binary,3,wine_binary|3|26,no_pruning,0.03299999843875412,1.201202503544518,1
wine_binary,3,wine_binary|3|27,full,0.03719999949680641,1.0767122893473244,1
wine_binary,3,wine_binary|3|27,no_cache,0.05330000021785963,1.0767122893473244,1
wine_binary,3,wine_binary|3|27,no_order,0.028500000553322025,1.0767122893473244,1
wine_binary,3,wine_binary|3|27,no_pruning,0.03280000055383425,1.0767122893473244,1
wine_binary,3,wine_binary|3|28,full,0.03840000135824084,1.219828019039902,1
wine_binary,3,wine_binary|3|28,no_cache,0.05249999958323315,1.219828019039902,1
wine_binary,3,wine_binary|3|28,no_order,0.029099999665049836,1.219828019039902,1
wine_binary,3,wine_binary|3|28,no_pruning,0.03300000025774352,1.219828019039902,1
wine_binary,3,wine_binary|3|29,full,0.03860000106215011,0.94186116487472,1
wine_binary,3,wine_binary|3|29,no_cache,0.05400000009103678,0.94186116487472,1
wine_binary,3,wine_binary|3|29,no_order,0.0304000004689442,0.94186116487472,1
wine_binary,3,wine_binary|3|29,no_pruning,0.03339999966556206,0.94186116487472,1
wine_binary,3,wine_binary|3|30,full,0.04540000009001233,0.46878455633721317,1
wine_binary,3,wine_binary|3|30,no_cache,0.056999999287654646,0.46878455633721317,1
wine_binary,3,wine_binary|3|30,no_order,0.05539999983739108,0.46878455633721317,1
wine_binary,3,wine_binary|3|30,no_pruning,0.0638999990769662,0.46878455633721317,1
wine_binary,3,wine_binary|3|31,full,0.03980000110459514,1.8302310668512265,1
wine_binary,3,wine_binary|3|31,no_cache,0.052999999752501026,1.8302310668512265,1
wine_binary,3,wine_binary|3|31,no_order,0.028200000087963417,1.8302310668512265,1
wine_binary,3,wine_binary|3|31,no_pruning,0.03300000025774352,1.8302310668512265,1
wine_binary,3,wine_binary|3|32,full,0.039200000173877925,1.1263240024095338,1
wine_binary,3,wine_binary|3|32,no_cache,0.06150000081106555,1.1263240024095338,1
wine_binary,3,wine_binary|3|32,no_order,0.029000000722589903,1.1263240024095338,1
wine_binary,3,wine_binary|3|32,no_pruning,0.03370000013092067,1.1263240024095338,1
wine_binary,3,wine_binary|3|33,full,0.06810000013501849,0.6582932053957031,1
wine_binary,3,wine_binary|3|33,no_cache,0.08269999852927867,0.6582932053957031,1
wine_binary,3,wine_binary|3|33,no_order,0.055700000302749686,0.6582932053957031,1
wine_binary,3,wine_binary|3|33,no_pruning,0.0652999988233205,0.6582932053957031,1
wine_binary,3,wine_binary|3|34,full,0.06610000127693638,0.8577759938783236,1
wine_binary,3,wine_binary|3|34,no_cache,0.08139999954437371,0.8577759938783236,1
wine_binary,3,wine_binary|3|34,no_order,0.054799998906673864,0.8577759938783236,1
wine_binary,3,wine_binary|3|34,no_pruning,0.07050000021990854,0.8577759938783236,1
wine_binary,3,wine_binary|3|35,full,0.04850000004807953,1.0871812006333375,1
wine_binary,3,wine_binary|3|35,no_cache,0.06380000013450626,1.0871812006333375,1
wine_binary,3,wine_binary|3|35,no_order,0.059100000726175494,1.0871812006333375,1
wine_binary,3,wine_binary|3|35,no_pruning,0.06810000013501849,1.0871812006333375,1
wine_binary,3,wine_binary|3|36,full,0.0439000014011981,0.45881141010697274,1
wine_binary,3,wine_binary|3|36,no_cache,0.057199998991563916,0.45881141010697274,1
wine_binary,3,wine_binary|3|36,no_order,0.030100000003585592,0.45881141010697274,1
wine_binary,3,wine_binary|3|36,no_pruning,0.03549999928509351,0.45881141010697274,1
wine_binary,3,wine_binary|3|37,full,0.0411000000895001,1.3869477144516964,1
wine_binary,3,wine_binary|3|37,no_cache,0.05549999877985101,1.3869477144516964,1
wine_binary,3,wine_binary|3|37,no_order,0.0304000004689442,1.3869477144516964,1
wine_binary,3,wine_binary|3|37,no_pruning,0.03599999945436139,1.3869477144516964,1
wine_binary,3,wine_binary|3|38,full,0.04079999962414149,1.925070578922626,1
wine_binary,3,wine_binary|3|38,no_cache,0.05580000106419902,1.925070578922626,1
wine_binary,3,wine_binary|3|38,no_order,0.029000000722589903,1.925070578922626,1
wine_binary,3,wine_binary|3|38,no_pruning,0.03409999953873921,1.925070578922626,1
wine_binary,3,wine_binary|3|39,full,0.03929999911633786,0.1472353989215682,1
wine_binary,3,wine_binary|3|39,no_cache,0.05269999928714242,0.1472353989215682,1
wine_binary,3,wine_binary|3|39,no_order,0.028500000553322025,0.1472353989215682,1
wine_binary,3,wine_binary|3|39,no_pruning,0.0349000001733657,0.1472353989215682,1
wine_binary,3,wine_binary|3|40,full,0.038800000766059384,0.1196906696865177,1
wine_binary,3,wine_binary|3|40,no_cache,0.05480000072566327,0.1196906696865177,1
wine_binary,3,wine_binary|3|40,no_order,0.029799999538226984,0.1196906696865177,1
wine_binary,3,wine_binary|3|40,no_pruning,0.0335000004270114,0.1196906696865177,1
wine_binary,3,wine_binary|3|41,full,0.03889999970851932,0.8793538821757156,1
wine_binary,3,wine_binary|3|41,no_cache,0.05289999899105169,0.8793538821757156,1
wine_binary,3,wine_binary|3|41,no_order,0.029000000722589903,0.8793538821757156,1
wine_binary,3,wine_binary|3|41,no_pruning,0.03330000072310213,0.8793538821757156,1
wine_binary,3,wine_binary|3|42,full,0.03859999924316071,0.9336808788869579,1
wine_binary,3,wine_binary|3|42,no_cache,0.05310000051395036,0.9336808788869579,1
wine_binary,3,wine_binary|3|42,no_order,0.029099999665049836,0.9336808788869579,1
wine_binary,3,wine_binary|3|42,no_pruning,0.03319999996165279,0.9336808788869579,1
wine_binary,3,wine_binary|3|43,full,0.10599999950500205,0.4288879986406894,1
wine_binary,3,wine_binary|3|43,no_cache,0.06120000034570694,0.4288879986406894,1
wine_binary,3,wine_binary|3|43,no_order,0.056599999879836105,0.4288879986406894,1
wine_binary,3,wine_binary|3|43,no_pruning,0.06609999945794698,0.4288879986406894,1
wine_binary,3,wine_binary|3|44,full,0.04329999865149148,0.668267344819834,1
wine_binary,3,wine_binary|3|44,no_cache,0.05649999911838677,0.668267344819834,1
wine_binary,3,wine_binary|3|44,no_order,0.055100001191021875,0.668267344819834,1
wine_binary,3,wine_binary|3|44,no_pruning,0.06299999949987978,0.668267344819834,1
wine_binary,3,wine_binary|3|45,full,0.03950000063923653,1.1329309712394984,1
wine_binary,3,wine_binary|3|45,no_cache,0.05359999886422884,1.1329309712394984,1
wine_binary,3,wine_binary|3|45,no_order,0.02769999991869554,1.1329309712394984,1
wine_binary,3,wine_binary|3|45,no_pruning,0.03839999953925144,1.1329309712394984,1
wine_binary,3,wine_binary|3|46,full,0.039200000173877925,0.8663592126881087,1
wine_binary,3,wine_binary|3|46,no_cache,0.053199999456410296,0.8663592126881087,1
wine_binary,3,wine_binary|3|46,no_order,0.0289999989036005,0.8663592126881087,1
wine_binary,3,wine_binary|3|46,no_pruning,0.03239999932702631,0.8663592126881087,1
wine_binary,3,wine_binary|3|47,full,0.04290000106266234,0.8278535756059306,1
wine_binary,3,wine_binary|3|47,no_cache,0.05740000051446259,0.8278535756059306,1
wine_binary,3,wine_binary|3|47,no_order,0.05730000157200266,0.8278535756059306,1
wine_binary,3,wine_binary|3|47,no_pruning,0.06310000026132911,0.8278535756059306,1
wine_binary,3,wine_binary|3|48,full,0.04119999903196003,0.5785000900026549,1
wine_binary,3,wine_binary|3|48,no_cache,0.05539999983739108,0.5785000900026549,1
wine_binary,3,wine_binary|3|48,no_order,0.054299998737405986,0.5785000900026549,1
wine_binary,3,wine_binary|3|48,no_pruning,0.06290000055741984,0.5785000900026549,1
wine_binary,3,wine_binary|3|49,full,0.03930000093532726,1.1561879532805506,1
wine_binary,3,wine_binary|3|49,no_cache,0.05849999979545828,1.1561879532805506,1
wine_binary,3,wine_binary|3|49,no_order,0.02990000029967632,1.1561879532805506,1
wine_binary,3,wine_binary|3|49,no_pruning,0.03600000127335079,1.1561879532805506,1
wine_binary,3,wine_binary|3|50,full,0.042100000428035855,1.6257857227303036,1
wine_binary,3,wine_binary|3|50,no_cache,0.059899999541812576,1.6257857227303036,1
wine_binary,3,wine_binary|3|50,no_order,0.03020000076503493,1.6257857227303036,1
wine_binary,3,wine_binary|3|50,no_pruning,0.036299999919719994,1.6257857227303036,1
wine_binary,3,wine_binary|3|51,full,0.045000000682193786,0.1994827918856752,1
wine_binary,3,wine_binary|3|51,no_cache,0.058700001318356954,0.1994827918856752,1
wine_binary,3,wine_binary|3|51,no_order,0.05609999971056823,0.1994827918856752,1
wine_binary,3,wine_binary|3|51,no_pruning,0.0729000003047986,0.1994827918856752,1
wine_binary,3,wine_binary|3|52,full,0.04489999992074445,0.6782414842439652,1
wine_binary,3,wine_binary|3|52,no_cache,0.06000000030326191,0.6782414842439652,1
wine_binary,3,wine_binary|3|52,no_order,0.05669999882229604,0.6782414842439652,1
wine_binary,3,wine_binary|3|52,no_pruning,0.07080000068526715,0.6782414842439652,1
wine_binary,3,wine_binary|3|53,full,0.045200000386103056,0.9275949698472412,1
wine_binary,3,wine_binary|3|53,no_cache,0.05830000009154901,0.9275949698472412,1
wine_binary,3,wine_binary|3|53,no_order,0.05860000055690762,0.9275949698472412,1
wine_binary,3,wine_binary|3|53,no_pruning,0.06960000064282212,0.9275949698472412,1
wine_binary,4,wine_binary|4|0,full,0.07929999992484227,0.34467467978096616,1
wine_binary,4,wine_binary|4|0,no_cache,0.09130000034929253,0.34467467978096616,1
wine_binary,4,wine_binary|4|0,no_order,0.14209999972081278,0.34467467978096616,1
wine_binary,4,wine_binary|4|0,no_pruning,0.16379999942728318,0.34467467978096616,1
wine_binary,4,wine_binary|4|1,full,0.054299998737405986,0.5744578002737991,1
wine_binary,4,wine_binary|4|1,no_cache,0.08379999962926377,0.5744578002737991,1
wine_binary,4,wine_binary|4|1,no_order,0.13690000014321413,0.5744578002737991,1
wine_binary,4,wine_binary|4|1,no_pruning,0.15770000027259812,0.5744578002737991,1
wine_binary,4,wine_binary|4|2,full,0.050299999202252366,1.3793147704839621,1
wine_binary,4,wine_binary|4|2,no_cache,0.0838999985717237,1.3793147704839621,1
wine_binary,4,wine_binary|4|2,no_order,0.05710000004910398,1.3793147704839621,1
wine_binary,4,wine_binary|4|2,no_pruning,0.06900000153109431,1.3793147704839621,1
wine_binary,4,wine_binary|4|3,full,0.04640000042854808,0.8260802722914472,1
wine_binary,4,wine_binary|4|3,no_cache,0.07980000009411015,0.8260802722914472,1
wine_binary,4,wine_binary|4|3,no_order,0.05710000004910398,0.8260802722914472,1
wine_binary,4,wine_binary|4|3,no_pruning,0.0774000000092201,0.8260802722914472,1
wine_binary,4,wine_binary|4|4,full,0.048800000513438135,1.373703436770608,1
wine_binary,4,wine_binary|4|4,no_cache,0.07949999962875154,1.373703436770608,1
wine_binary,4,wine_binary|4|4,no_order,0.1354000014543999,1.373703436770608,1
wine_binary,4,wine_binary|4|4,no_pruning,0.15280000116035808,1.373703436770608,1
wine_binary,4,wine_binary|4|5,full,0.048800000513438135,1.3237505844895576,1
wine_binary,4,wine_binary|4|5,no_cache,0.07929999992484227,1.3237505844895576,1
wine_binary,4,wine_binary|4|5,no_order,0.13360000048123766,1.3237505844895576,1
wine_binary,4,wine_binary|4|5,no_pruning,0.15100000018719584,1.3237505844895576,1
wine_binary,4,wine_binary|4|6,full,0.04650000118999742,1.0040523298908337,1
wine_binary,4,wine_binary|4|6,no_cache,0.0777000004745787,1.0040523298908337,1
wine_binary,4,wine_binary|4|6,no_order,0.13419999959296547,1.0040523298908337,1
wine_binary,4,wine_binary|4|6,no_pruning,0.15579999853798654,1.0040523298908337,1
wine_binary,4,wine_binary|4|7,full,0.044299998990027234,1.0288895670330287,1
wine_binary,4,wine_binary|4|7,no_cache,0.07509999886678997,1.0288895670330287,1
wine_binary,4,wine_binary|4|7,no_order,0.05560000136028975,1.0288895670330287,1
wine_binary,4,wine_binary|4|7,no_pruning,0.0641999995423248,1.0288895670330287,1
wine_binary,4,wine_binary|4|8,full,0.0503999999637017,1.4836007137054839,1
wine_binary,4,wine_binary|4|8,no_cache,0.07529999857069924,1.4836007137054839,1
wine_binary,4,wine_binary|4|8,no_order,0.05670000064128544,1.4836007137054839,1
wine_binary,4,wine_binary|4|8,no_pruning,0.06480000047304202,1.4836007137054839,1
wine_binary,4,wine_binary|4|9,full,0.042300000131945126,1.2635150366216725,1
wine_binary,4,wine_binary|4|9,no_cache,0.07229999937408138,1.2635150366216725,1
wine_binary,4,wine_binary|4|9,no_order,0.055500000598840415,1.2635150366216725,1
wine_binary,4,wine_binary|4|9,no_pruning,0.06300000131886918,1.2635150366216725,1
wine_binary,4,wine_binary|4|10,full,0.04199999966658652,1.5602826790681048,1
wine_binary,4,wine_binary|4|10,no_cache,0.0746000005165115,1.5602826790681048,1
wine_binary,4,wine_binary|4|10,no_order,0.05439999949885532,1.5602826790681048,1
wine_binary,4,wine_binary|4|10,no_pruning,0.06370000119204633,1.5602826790681048,1
wine_binary,4,wine_binary|4|11,full,0.04620000072463881,1.386069645619887,1
wine_binary,4,wine_binary|4|11,no_cache,0.07270000060088933,1.386069645619887,1
wine_binary,4,wine_binary|4|11,no_order,0.13159999980416615,1.386069645619887,1
wine_binary,4,wine_binary|4|11,no_pruning,0.1480999999330379,1.386069645619887,1
wine_binary,4,wine_binary|4|12,full,0.04599999920174014,0.6144200820986392,1
wine_binary,4,wine_binary|4|12,no_cache,0.07609999920532573,0.6144200820986392,1
wine_binary,4,wine_binary|4|12,no_order,0.13500000022759195,0.6144200820986392,1
wine_binary,4,wine_binary|4|12,no_pruning,0.15359999997599516,0.6144200820986392,1
wine_binary,4,wine_binary|4|13,full,0.04940000144415535,1.002902355961738,1
wine_binary,4,wine_binary|4|13,no_cache,0.0717999992048135,1.002902355961738,1
wine_binary,4,wine_binary|4|13,no_order,0.053199999456410296,1.002902355961738,1
wine_binary,4,wine_binary|4|13,no_pruning,0.0652999988233205,1.002902355961738,1
wine_binary,4,wine_binary|4|14,full,0.04189999890513718,1.2260392812117709,1
wine_binary,4,wine_binary|4|14,no_cache,0.07189999996626284,1.2260392812117709,1
wine_binary,4,wine_binary|4|14,no_order,0.05520000013348181,1.2260392812117709,1
wine_binary,4,wine_binary|4|14,no_pruning,0.06270000085351057,1.2260392812117709,1
wine_binary,4,wine_binary|4|15,full,0.04529999932856299,1.024033470803254,1
wine_binary,4,wine_binary|4|15,no_cache,0.07529999857069924,1.024033470803254,1
wine_binary,4,wine_binary|4|15,no_order,0.13140000010025688,1.024033470803254,1
wine_binary,4,wine_binary|4|15,no_pruning,0.14909999845258426,1.024033470803254,1
wine_binary,4,wine_binary|4|16,full,0.041599998439778574,1.4335397368005929,1
wine_binary,4,wine_binary|4|16,no_cache,0.07240000013553072,1.4335397368005929,1
wine_binary,4,wine_binary|4|16,no_order,0.054799998906673864,1.4335397368005929,1
wine_binary,4,wine_binary|4|16,no_pruning,0.06329999996523838,1.4335397368005929,1
wine_binary,4,wine_binary|4|17,full,0.04459999945538584,0.336521716054738,1
wine_binary,4,wine_binary|4|17,no_cache,0.0748999991628807,0.336521716054738,1
wine_binary,4,wine_binary|4|17,no_order,0.13039999976172112,0.336521716054738,1
wine_binary,4,wine_binary|4|17,no_pruning,0.14689999989059288,0.336521716054738,1
wine_binary,4,wine_binary|4|18,full,0.0486999997519888,0.8648274581705829,1
wine_binary,4,wine_binary|4|18,no_cache,0.07200000072771218,0.8648274581705829,1
wine_binary,4,wine_binary|4|18,no_order,0.0548999996681232,0.8648274581705829,1
wine_binary,4,wine_binary|4|18,no_pruning,0.06310000026132911,0.8648274581705829,1
wine_binary,4,wine_binary|4|19,full,0.0411000000895001,1.2639271846846392,1
wine_binary,4,wine_binary|4|19,no_cache,0.07020000157353934,1.2639271846846392,1
wine_binary,4,wine_binary|4|19,no_order,0.05450000026030466,1.2639271846846392,1
wine_binary,4,wine_binary|4|19,no_pruning,0.06410000059986487,1.2639271846846392,1
wine_binary,4,wine_binary|4|20,full,0.046099999963189475,0.9740806185222035,1
wine_binary,4,wine_binary|4|20,no_cache,0.07440000081260223,0.9740806185222035,1
wine_binary,4,wine_binary|4|20,no_order,0.130899999930989,0.9740806185222035,1
wine_binary,4,wine_binary|4|20,no_pruning,0.15150000035646372,0.9740806185222035,1
wine_binary,4,wine_binary|4|21,full,0.04479999915929511,0.0033318971451668233,1
wine_binary,4,wine_binary|4|21,no_cache,0.07519999962823931,0.0033318971451668233,1
wine_binary,4,wine_binary|4|21,no_order,0.1300999992963625,0.0033318971451668233,1
wine_binary,4,wine_binary|4|21,no_pruning,0.15220000022964086,0.0033318971451668233,1
wine_binary,4,wine_binary|4|22,full,0.04260000059730373,1.2159838862658428,1
wine_binary,4,wine_binary|4|22,no_cache,0.07300000106624793,1.2159838862658428,1
wine_binary,4,wine_binary|4|22,no_order,0.05560000136028975,1.2159838862658428,1
wine_binary,4,wine_binary|4|22,no_pruning,0.06460000076913275,1.2159838862658428,1
wine_binary,4,wine_binary|4|23,full,0.05199999941396527,0.594438941186219,1
wine_binary,4,wine_binary|4|23,no_cache,0.07839999852876645,0.594438941186219,1
wine_binary,4,wine_binary|4|23,no_order,0.13330000001587905,0.594438941186219,1
wine_binary,4,wine_binary|4|23,no_pruning,0.1542999998491723,0.594438941186219,1
wine_binary,4,wine_binary|4|24,full,0.045000000682193786,1.3634798765406895,1
wine_binary,4,wine_binary|4|24,no_cache,0.07449999975506216,1.3634798765406895,1
wine_binary,4,wine_binary|4|24,no_order,0.05830000009154901,1.3634798765406895,1
wine_binary,4,wine_binary|4|24,no_pruning,0.06590000157302711,1.3634798765406895,1
wine_binary,4,wine_binary|4|25,full,0.046299999667098746,1.0839768935405147,1
wine_binary,4,wine_binary|4|25,no_cache,0.0746000005165115,1.0839768935405147,1
wine_binary,4,wine_binary|4|25,no_order,0.130899999930989,1.0839768935405147,1
wine_binary,4,wine_binary|4|25,no_pruning,0.15010000061010942,1.0839768935405147,1
wine_binary,4,wine_binary|4|26,full,0.04289999924367294,1.0050909101798,1
wine_binary,4,wine_binary|4|26,no_cache,0.07199999890872277,1.0050909101798,1
wine_binary,4,wine_binary|4|26,no_order,0.05619999865302816,1.0050909101798,1
wine_binary,4,wine_binary|4|26,no_pruning,0.06339999890769832,1.0050909101798,1
wine_binary,4,wine_binary|4|27,full,0.041200000850949436,1.1334785822475948,1
wine_binary,4,wine_binary|4|27,no_cache,0.07030000051599927,1.1334785822475948,1
wine_binary,4,wine_binary|4|27,no_order,0.056200000472017564,1.1334785822475948,1
wine_binary,4,wine_binary|4|27,no_pruning,0.06339999890769832,1.1334785822475948,1
wine_binary,4,wine_binary|4|28,full,0.04240000089339446,1.1065709189311164,1
wine_binary,4,wine_binary|4|28,no_cache,0.07010000081209,1.1065709189311164,1
wine_binary,4,wine_binary|4|28,no_order,0.05609999971056823,1.1065709189311164,1
wine_binary,4,wine_binary|4|28,no_pruning,0.06589999975403771,1.1065709189311164,1
wine_binary,4,wine_binary|4|29,full,0.0425000016548438,1.3468047004913557,1
wine_binary,4,wine_binary|4|29,no_cache,0.07170000026235357,1.3468047004913557,1
wine_binary,4,wine_binary|4|29,no_order,0.05610000152955763,1.3468047004913557,1
wine_binary,4,wine_binary|4|29,no_pruning,0.06360000043059699,1.3468047004913557,1
wine_binary,4,wine_binary|4|30,full,0.04099999932805076,1.5538242784040275,1
wine_binary,4,wine_binary|4|30,no_cache,0.0703999994584592,1.5538242784040275,1
wine_binary,4,wine_binary|4|30,no_order,0.05559999954130035,1.5538242784040275,1
wine_binary,4,wine_binary|4|30,no_pruning,0.06410000059986487,1.5538242784040275,1
wine_binary,4,wine_binary|4|31,full,0.04059999992023222,0.7296091297238843,1
wine_binary,4,wine_binary|4|31,no_cache,0.07619999996677507,0.7296091297238843,1
wine_binary,4,wine_binary|4|31,no_order,0.05709999823011458,0.7296091297238843,1
wine_binary,4,wine_binary|4|31,no_pruning,0.06450000000768341,0.7296091297238843,1
wine_binary,4,wine_binary|4|32,full,0.041900000724126585,1.0479657368222375,1
wine_binary,4,wine_binary|4|32,no_cache,0.07120000009308569,1.0479657368222375,1
wine_binary,4,wine_binary|4|32,no_order,0.05609999971056823,1.0479657368222375,1
wine_binary,4,wine_binary|4|32,no_pruning,0.06459999895014334,1.0479657368222375,1
wine_binary,4,wine_binary|4|33,full,0.046299999667098746,0.2048066933940249,1
wine_binary,4,wine_binary|4|33,no_cache,0.07379999988188501,0.2048066933940249,1
wine_binary,4,wine_binary|4|33,no_order,0.13630000103148632,0.2048066933940249,1
wine_binary,4,wine_binary|4|33,no_pruning,0.15469999925699085,0.2048066933940249,1
wine_binary,4,wine_binary|4|34,full,0.045500000851461664,1.4907687569179127,1
wine_binary,4,wine_binary|4|34,no_cache,0.07539999933214858,1.4907687569179127,1
wine_binary,4,wine_binary|4|34,no_order,0.0577000009798212,1.4907687569179127,1
wine_binary,4,wine_binary|4|34,no_pruning,0.0653000006423099,1.4907687569179127,1
wine_binary,4,wine_binary|4|35,full,0.04690000059781596,0.2698837522728238,1
wine_binary,4,wine_binary|4|35,no_cache,0.07949999962875154,0.2698837522728238,1
wine_binary,4,wine_binary|4|35,no_order,0.13080000098852906,0.2698837522728238,1
wine_binary,4,wine_binary|4|35,no_pruning,0.14860000010230578,0.2698837522728238,1
wine_binary,4,wine_binary|4|36,full,0.043000000005122274,0.5726933339444261,1
wine_binary,4,wine_binary|4|36,no_cache,0.07269999878189992,0.5726933339444261,1
wine_binary,4,wine_binary|4|36,no_order,0.056200000472017564,0.5726933339444261,1
wine_binary,4,wine_binary|4|36,no_pruning,0.06399999983841553,0.5726933339444261,1
wine_binary,4,wine_binary|4|37,full,0.040299999454873614,1.1617574268626365,1
wine_binary,4,wine_binary|4|37,no_cache,0.3352999992785044,1.1617574268626365,1
wine_binary,4,wine_binary|4|37,no_order,0.0593999993725447,1.1617574268626365,1
wine_binary,4,wine_binary|4|37,no_pruning,0.06650000068475492,1.1617574268626365,1
wine_binary,4,wine_binary|4|38,full,0.0548999996681232,0.7143257866607404,1
wine_binary,4,wine_binary|4|38,no_cache,0.0777000004745787,0.7143257866607404,1
wine_binary,4,wine_binary|4|38,no_order,0.1334000007773284,0.7143257866607404,1
wine_binary,4,wine_binary|4|38,no_pruning,0.14940000073693227,0.7143257866607404,1
wine_binary,4,wine_binary|4|39,full,0.042300000131945126,1.043587043512295,1
wine_binary,4,wine_binary|4|39,no_cache,0.07109999933163635,1.043587043512295,1
wine_binary,4,wine_binary|4|39,no_order,0.05599999894911889,1.043587043512295,1
wine_binary,4,wine_binary|4|39,no_pruning,0.06509999911941122,1.043587043512295,1
wine_binary,4,wine_binary|4|40,full,0.043000000005122274,1.8692747132596481,1
wine_binary,4,wine_binary|4|40,no_cache,0.07379999988188501,1.8692747132596481,1
wine_binary,4,wine_binary|4|40,no_order,0.0563000012334669,1.8692747132596481,1
wine_binary,4,wine_binary|4|40,no_pruning,0.06430000030377414,1.8692747132596481,1
wine_binary,4,wine_binary|4|41,full,0.04169999920122791,1.324170866496859,1
wine_binary,4,wine_binary|4|41,no_cache,0.07399999958579428,1.324170866496859,1
wine_binary,4,wine_binary|4|41,no_order,0.056799999583745375,1.324170866496859,1
wine_binary,4,wine_binary|4|41,no_pruning,0.06430000030377414,1.324170866496859,1
wine_binary,4,wine_binary|4|42,full,0.046499999371008016,0.6515822926773565,1
wine_binary,4,wine_binary|4|42,no_cache,0.07469999945897143,0.6515822926773565,1
wine_binary,4,wine_binary|4|42,no_order,0.13020000005781185,0.6515822926773565,1
wine_binary,4,wine_binary|4|42,no_pruning,0.152900000102818,0.6515822926773565,1
wine_binary,4,wine_binary|4|43,full,0.15609999900334515,1.8727154892141251,1
wine_binary,4,wine_binary|4|43,no_cache,0.1503000003140187,1.8727154892141251,1
wine_binary,4,wine_binary|4|43,no_order,0.07920000098238233,1.8727154892141251,1
wine_binary,4,wine_binary|4|43,no_pruning,0.08130000060191378,1.8727154892141251,1
wine_binary,4,wine_binary|4|44,full,0.06050000047252979,0.8428609451807069,1
wine_binary,4,wine_binary|4|44,no_cache,0.08850000085658394,0.8428609451807069,1
wine_binary,4,wine_binary|4|44,no_order,0.06100000064179767,0.8428609451807069,1
wine_binary,4,wine_binary|4|44,no_pruning,0.07210000148916151,0.8428609451807069,1
wine_binary,4,wine_binary|4|45,full,0.058400000852998346,1.103958034452935,1
wine_binary,4,wine_binary|4|45,no_cache,0.08720000005268957,1.103958034452935,1
wine_binary,4,wine_binary|4|45,no_order,0.14229999942472205,1.103958034452935,1
wine_binary,4,wine_binary|4|45,no_pruning,0.18420000014884863,1.103958034452935,1
wine_binary,4,wine_binary|4|46,full,0.059300000430084765,1.7828862204264118,1
wine_binary,4,wine_binary|4|46,no_cache,0.09380000119563192,1.7828862204264118,1
wine_binary,4,wine_binary|4|46,no_order,0.24510000002919696,1.7828862204264118,1
wine_binary,4,wine_binary|4|46,no_pruning,0.10060000022349413,1.7828862204264118,1
wine_binary,4,wine_binary|4|47,full,0.09630000022298191,1.1539108867339853,1
wine_binary,4,wine_binary|4|47,no_cache,0.10509999992791563,1.1539108867339853,1
wine_binary,4,wine_binary|4|47,no_order,0.1446999995096121,1.1539108867339853,1
wine_binary,4,wine_binary|4|47,no_pruning,0.16659999891999178,1.1539108867339853,1
wine_binary,4,wine_binary|4|48,full,0.05380000038712751,1.226057815465575,1
wine_binary,4,wine_binary|4|48,no_cache,0.08479999996779952,1.226057815465575,1
wine_binary,4,wine_binary|4|48,no_order,0.06140000004961621,1.226057815465575,1
wine_binary,4,wine_binary|4|48,no_pruning,0.06749999920430128,1.226057815465575,1
wine_binary,4,wine_binary|4|49,full,0.04909999915980734,1.3798346371387924,1
wine_binary,4,wine_binary|4|49,no_cache,0.0824999988253694,1.3798346371387924,1
wine_binary,4,wine_binary|4|49,no_order,0.05830000009154901,1.3798346371387924,1
wine_binary,4,wine_binary|4|49,no_pruning,0.06740000026184134,1.3798346371387924,1
wine_binary,4,wine_binary|4|50,full,0.050499998906161636,1.6332040998725272,1
wine_binary,4,wine_binary|4|50,no_cache,0.08100000013655517,1.6332040998725272,1
wine_binary,4,wine_binary|4|50,no_order,0.057899998864741065,1.6332040998725272,1
wine_binary,4,wine_binary|4|50,no_pruning,0.06659999962721486,1.6332040998725272,1
wine_binary,4,wine_binary|4|51,full,0.045900000259280205,1.6868249324171274,1
wine_binary,4,wine_binary|4|51,no_cache,0.07809999988239724,1.6868249324171274,1
wine_binary,4,wine_binary|4|51,no_order,0.05959999907645397,1.6868249324171274,1
wine_binary,4,wine_binary|4|51,no_pruning,0.0715000005584443,1.6868249324171274,1
wine_binary,4,wine_binary|4|52,full,0.04819999958272092,2.155391869926161,1
wine_binary,4,wine_binary|4|52,no_cache,0.1004999994620448,2.155391869926161,1
wine_binary,4,wine_binary|4|52,no_order,0.06720000055793207,2.155391869926161,1
wine_binary,4,wine_binary|4|52,no_pruning,0.07340000047406647,2.155391869926161,1
wine_binary,4,wine_binary|4|53,full,0.05400000009103678,0.1049009888319237,1
wine_binary,4,wine_binary|4|53,no_cache,0.08800000068731606,0.1049009888319237,1
wine_binary,4,wine_binary|4|53,no_order,0.14620000001741573,0.1049009888319237,1
wine_binary,4,wine_binary|4|53,no_pruning,0.16379999942728318,0.1049009888319237,1
iris_binary,0,iris_binary|0|0,full,0.0774000000092201,1.4584496045165154,1
iris_binary,0,iris_binary|0|0,no_cache,0.08580000030633528,1.4584496045165154,1
iris_binary,0,iris_binary|0|0,no_order,0.03590000051190145,1.4584496045165154,1
iris_binary,0,iris_binary|0|0,no_pruning,0.04519999856711365,1.4584496045165154,1
iris_binary,0,iris_binary|0|1,full,0.053199999456410296,1.3258632778971535,1
iris_binary,0,iris_binary|0|1,no_cache,0.06690000009257346,1.3258632778971535,1
iris_binary,0,iris_binary|0|1,no_order,0.032500000088475645,1.3258632778971535,1
iris_binary,0,iris_binary|0|1,no_pruning,0.04240000089339446,1.3258632778971535,1
iris_binary,0,iris_binary|0|2,full,0.04760000047099311,0.928104298039067,1
iris_binary,0,iris_binary|0|2,no_cache,0.060999998822808266,0.928104298039067,1
iris_binary,0,iris_binary|0|2,no_order,0.030299999707494862,0.928104298039067,1
iris_binary,0,iris_binary|0|2,no_pruning,0.038800000766059384,0.928104298039067,1
iris_binary,0,iris_binary|0|3,full,0.050099999498343095,0.7955179714197049,1
iris_binary,0,iris_binary|0|3,no_cache,0.05859999873791821,0.7955179714197049,1
iris_binary,0,iris_binary|0|3,no_order,0.03139999898849055,0.7955179714197049,1
iris_binary,0,iris_binary|0|3,no_pruning,0.03859999924316071,0.7955179714197049,1
iris_binary,0,iris_binary|0|4,full,0.04509999962465372,0.662931644800343,1
iris_binary,0,iris_binary|0|4,no_cache,0.05690000034519471,0.662931644800343,1
iris_binary,0,iris_binary|0|4,no_order,0.042100000428035855,0.662931644800343,1
iris_binary,0,iris_binary|0|4,no_pruning,0.04129999979340937,0.662931644800343,1
iris_binary,0,iris_binary|0|5,full,0.19859999883919954,0.662931644800343,1
iris_binary,0,iris_binary|0|5,no_cache,0.09239999963028822,0.662931644800343,1
iris_binary,0,iris_binary|0|5,no_order,0.03870000000461005,0.662931644800343,1
iris_binary,0,iris_binary|0|5,no_pruning,0.046999999540275894,0.662931644800343,1
iris_binary,0,iris_binary|0|6,full,0.05129999954078812,1.9887949109939638,1
iris_binary,0,iris_binary|0|6,no_cache,0.06170000051497482,1.9887949109939638,1
iris_binary,0,iris_binary|0|6,no_order,0.03370000013092067,1.9887949109939638,1
iris_binary,0,iris_binary|0|6,no_pruning,0.042100000428035855,1.9887949109939638,1
iris_binary,0,iris_binary|0|7,full,0.05359999886422884,0.7955189480126407,1
iris_binary,0,iris_binary|0|7,no_cache,0.07010000081209,0.7955189480126407,1
iris_binary,0,iris_binary|0|7,no_order,0.036100000215810724,0.7955189480126407,1
iris_binary,0,iris_binary|0|7,no_pruning,0.040499999158782884,0.7955189480126407,1
iris_binary,0,iris_binary|0|8,full,0.05229999987932388,1.5910359311358777,1
iris_binary,0,iris_binary|0|8,no_cache,0.0625000011496013,1.5910359311358777,1
iris_binary,0,iris_binary|0|8,no_order,0.0320999988616677,1.5910359311358777,1
iris_binary,0,iris_binary|0|8,no_pruning,0.03780000042752363,1.5910359311358777,1
iris_binary,0,iris_binary|0|9,full,0.056400000175926834,0.39775996815455417,1
iris_binary,0,iris_binary|0|9,no_cache,0.06959999882383272,0.39775996815455417,1
iris_binary,0,iris_binary|0|9,no_order,0.03380000089237001,0.39775996815455417,1
iris_binary,0,iris_binary|0|9,no_pruning,0.042499999835854396,0.39775996815455417,1
iris_binary,0,iris_binary|0|10,full,0.05149999924469739,0.928104298039067,1
iris_binary,0,iris_binary|0|10,no_cache,0.0732000007701572,0.928104298039067,1
iris_binary,0,iris_binary|0|10,no_order,0.03400000059627928,0.928104298039067,1
iris_binary,0,iris_binary|0|10,no_pruning,0.0455999997939216,0.928104298039067,1
iris_binary,0,iris_binary|0|11,full,0.05750000127591193,2.121381237613326,1
iris_binary,0,iris_binary|0|11,no_cache,0.06609999945794698,2.121381237613326,1
iris_binary,0,iris_binary|0|11,no_order,0.033799999073380604,2.121381237613326,1
iris_binary,0,iris_binary|0|11,no_pruning,0.04090000038559083,2.121381237613326,1
iris_binary,0,iris_binary|0|12,full,0.05400000009103678,1.5910359311358777,1
iris_binary,0,iris_binary|0|12,no_cache,0.05810000038763974,1.5910359311358777,1
iris_binary,0,iris_binary|0|12,no_order,0.034500000765547156,1.5910359311358777,1
iris_binary,0,iris_binary|0|12,no_pruning,0.04450000051292591,1.5910359311358777,1
iris_binary,0,iris_binary|0|13,full,0.05070000042906031,0.662931644800343,1
iris_binary,0,iris_binary|0|13,no_cache,0.062400000388151966,0.662931644800343,1
iris_binary,0,iris_binary|0|13,no_order,0.029499999072868377,0.662931644800343,1
iris_binary,0,iris_binary|0|13,no_pruning,0.03739999920071568,0.662931644800343,1
iris_binary,0,iris_binary|0|14,full,0.04749999970954377,0.7955189480126407,1
iris_binary,0,iris_binary|0|14,no_cache,0.06029999894963112,0.7955189480126407,1
iris_binary,0,iris_binary|0|14,no_order,0.03119999928458128,0.7955189480126407,1
iris_binary,0,iris_binary|0|14,no_pruning,0.038100000892882235,0.7955189480126407,1
iris_binary,0,iris_binary|0|15,full,0.042100000428035855,1.9887949109939638,1
iris_binary,0,iris_binary|0|15,no_cache,0.05340000097930897,1.9887949109939638,1
iris_binary,0,iris_binary|0|15,no_order,0.03130000004603062,1.9887949109939638,1
iris_binary,0,iris_binary|0|15,no_pruning,0.03499999911582563,1.9887949109939638,1
iris_binary,0,iris_binary|0|16,full,0.04330000047048088,0.662931644800343,1
iris_binary,0,iris_binary|0|16,no_cache,0.052400000640773214,0.662931644800343,1
iris_binary,0,iris_binary|0|16,no_order,0.028200000087963417,0.662931644800343,1
iris_binary,0,iris_binary|0|16,no_pruning,0.03400000059627928,0.662931644800343,1
iris_binary,0,iris_binary|0|17,full,0.0411000000895001,0.39775899156161876,1
iris_binary,0,iris_binary|0|17,no_cache,0.12460000107239466,0.39775899156161876,1
iris_binary,0,iris_binary|0|17,no_order,0.04199999966658652,0.39775899156161876,1
iris_binary,0,iris_binary|0|17,no_pruning,0.046999999540275894,0.39775899156161876,1
iris_binary,0,iris_binary|0|18,full,0.06010000106471125,0.6629326213932784,1
iris_binary,0,iris_binary|0|18,no_cache,0.07530000038968865,0.6629326213932784,1
iris_binary,0,iris_binary|0|18,no_order,0.033799999073380604,0.6629326213932784,1
iris_binary,0,iris_binary|0|18,no_pruning,0.04070000068168156,0.6629326213932784,1
iris_binary,0,iris_binary|0|19,full,0.05229999987932388,1.3258632778971535,1
iris_binary,0,iris_binary|0|19,no_cache,0.06279999979597051,1.3258632778971535,1
iris_binary,0,iris_binary|0|19,no_order,0.03159999869239982,1.3258632778971535,1
iris_binary,0,iris_binary|0|19,no_pruning,0.03680000008898787,1.3258632778971535,1
iris_binary,0,iris_binary|0|20,full,0.04749999970954377,0.7955189480126407,1
iris_binary,0,iris_binary|0|20,no_cache,0.05899999996472616,0.7955189480126407,1
iris_binary,0,iris_binary|0|20,no_order,0.029499999072868377,0.7955189480126407,1
iris_binary,0,iris_binary|0|20,no_pruning,0.03819999983534217,0.7955189480126407,1
iris_binary,0,iris_binary|0|21,full,0.04599999920174014,0.7955179714197049,1
iris_binary,0,iris_binary|0|21,no_cache,0.05579999924520962,0.7955179714197049,1
iris_binary,0,iris_binary|0|21,no_order,0.028899999961140566,0.7955179714197049,1
iris_binary,0,iris_binary|0|21,no_pruning,0.037299998439266346,0.7955179714197049,1
iris_binary,0,iris_binary|0|22,full,0.04149999949731864,0.7955189480126407,1
iris_binary,0,iris_binary|0|22,no_cache,0.06609999945794698,0.7955189480126407,1
iris_binary,0,iris_binary|0|22,no_order,0.035400000342633575,0.7955189480126407,1
iris_binary,0,iris_binary|0|22,no_pruning,0.044600001274375245,0.7955189480126407,1
iris_binary,0,iris_binary|0|23,full,0.049500000386615284,0.9281052746320025,1
iris_binary,0,iris_binary|0|23,no_cache,0.06539999958476983,0.9281052746320025,1
iris_binary,0,iris_binary|0|23,no_order,0.03680000008898787,0.9281052746320025,1
iris_binary,0,iris_binary|0|23,no_pruning,0.049500000386615284,0.9281052746320025,1
iris_binary,0,iris_binary|0|24,full,0.05899999996472616,1.3258632778971535,1
iris_binary,0,iris_binary|0|24,no_cache,0.06629999916185625,1.3258632778971535,1
iris_binary,0,iris_binary|0|24,no_order,0.035400000342633575,1.3258632778971535,1
iris_binary,0,iris_binary|0|24,no_pruning,0.04059999992023222,1.3258632778971535,1
iris_binary,0,iris_binary|0|25,full,0.04859999899053946,0.5303462947739163,1
iris_binary,0,iris_binary|0|25,no_cache,0.05899999996472616,0.5303462947739163,1
iris_binary,0,iris_binary|0|25,no_order,0.03119999928458128,0.5303462947739163,1
iris_binary,0,iris_binary|0|25,no_pruning,0.03809999907389283,0.5303462947739163,1
iris_binary,0,iris_binary|0|26,full,0.05340000097930897,1.9887949109939638,1
iris_binary,0,iris_binary|0|26,no_cache,0.06120000034570694,1.9887949109939638,1
iris_binary,0,iris_binary|0|26,no_order,0.03079999987676274,1.9887949109939638,1
iris_binary,0,iris_binary|0|26,no_pruning,0.03640000068116933,1.9887949109939638,1
iris_binary,0,iris_binary|0|27,full,0.04540000009001233,1.5910359311358777,1
iris_binary,0,iris_binary|0|27,no_cache,0.05400000009103678,1.5910359311358777,1
iris_binary,0,iris_binary|0|27,no_order,0.03060000017285347,1.5910359311358777,1
iris_binary,0,iris_binary|0|27,no_pruning,0.03739999920071568,1.5910359311358777,1
iris_binary,0,iris_binary|0|28,full,0.043399999412940815,0.2651726649422565,1
iris_binary,0,iris_binary|0|28,no_cache,0.05779999992228113,0.2651726649422565,1
iris_binary,0,iris_binary|0|28,no_order,0.03169999945384916,0.2651726649422565,1
iris_binary,0,iris_binary|0|28,no_pruning,0.04350000017439015,0.2651726649422565,1
iris_binary,0,iris_binary|0|29,full,0.04540000009001233,0.7955189480126407,1
iris_binary,0,iris_binary|0|29,no_cache,0.054600001021754,0.7955189480126407,1
iris_binary,0,iris_binary|0|29,no_order,0.028599999495781958,0.7955189480126407,1
iris_binary,0,iris_binary|0|29,no_pruning,0.033499998608022,0.7955189480126407,1
iris_binary,0,iris_binary|0|30,full,0.042300000131945126,1.3258632778971535,1
iris_binary,0,iris_binary|0|30,no_cache,0.056999999287654646,1.3258632778971535,1
iris_binary,0,iris_binary|0|30,no_order,0.9893999995256308,1.3258632778971535,1
iris_binary,0,iris_binary|0|30,no_pruning,0.19889999930455815,1.3258632778971535,1
iris_binary,0,iris_binary|0|31,full,0.12509999942267314,0.928104298039067,1
iris_binary,0,iris_binary|0|31,no_cache,0.08239999988290947,0.928104298039067,1
iris_binary,0,iris_binary|0|31,no_order,0.03420000030018855,0.928104298039067,1
iris_binary,0,iris_binary|0|31,no_pruning,0.04269999953976367,0.928104298039067,1
iris_binary,0,iris_binary|0|32,full,0.0503999999637017,0.662931644800343,1
iris_binary,0,iris_binary|0|32,no_cache,0.06089999988034833,0.662931644800343,1
iris_binary,0,iris_binary|0|32,no_order,0.03139999898849055,0.662931644800343,1
iris_binary,0,iris_binary|0|32,no_pruning,0.03760000072361436,0.662931644800343,1
iris_binary,0,iris_binary|0|33,full,0.044600001274375245,0.662931644800343,1
iris_binary,0,iris_binary|0|33,no_cache,0.056400000175926834,0.662931644800343,1
iris_binary,0,iris_binary|0|33,no_order,0.029299999368959107,0.662931644800343,1
iris_binary,0,iris_binary|0|33,no_pruning,0.036100000215810724,0.662931644800343,1
iris_binary,0,iris_binary|0|34,full,0.042300000131945126,0.7955189480126407,1
iris_binary,0,iris_binary|0|34,no_cache,0.053499999921768904,0.7955189480126407,1
iris_binary,0,iris_binary|0|34,no_order,0.02879999919969123,0.7955189480126407,1
iris_binary,0,iris_binary|0|34,no_pruning,0.03620000097726006,0.7955189480126407,1
iris_binary,0,iris_binary|0|35,full,0.04240000089339446,0.7955189480126407,1
iris_binary,0,iris_binary|0|35,no_cache,0.05450000026030466,0.7955189480126407,1
iris_binary,0,iris_binary|0|35,no_order,0.0289999989036005,0.7955189480126407,1
iris_binary,0,iris_binary|0|35,no_pruning,0.0349000001733657,0.7955189480126407,1
iris_binary,0,iris_binary|0|36,full,0.04179999996267725,0.662931644800343,1
iris_binary,0,iris_binary|0|36,no_cache,0.17490000027464703,0.662931644800343,1
iris_binary,0,iris_binary|0|36,no_order,0.04509999962465372,0.662931644800343,1
iris_binary,0,iris_binary|0|36,no_pruning,0.04749999970954377,0.662931644800343,1
iris_binary,0,iris_binary|0|37,full,0.05469999996421393,0.7955189480126407,1
iris_binary,0,iris_binary|0|37,no_cache,0.06620000021939632,0.7955189480126407,1
iris_binary,0,iris_binary|0|37,no_order,0.030299999707494862,0.7955189480126407,1
iris_binary,0,iris_binary|0|37,no_pruning,0.03719999949680641,0.7955189480126407,1
iris_binary,0,iris_binary|0|38,full,0.047399998948094435,1.3258632778971535,1
iris_binary,0,iris_binary|0|38,no_cache,0.0579999996261904,1.3258632778971535,1
iris_binary,0,iris_binary|0|38,no_order,0.029999999242136255,1.3258632778971535,1
iris_binary,0,iris_binary|0|38,no_pruning,0.036699999327538535,1.3258632778971535,1
iris_binary,0,iris_binary|0|39,full,0.04499999886320438,0.9281052746320025,1
iris_binary,0,iris_binary|0|39,no_cache,0.05899999996472616,0.9281052746320025,1
iris_binary,0,iris_binary|0|39,no_order,0.03139999898849055,0.9281052746320025,1
iris_binary,0,iris_binary|0|39,no_pruning,0.07390000064333435,0.9281052746320025,1
iris_binary,0,iris_binary|0|40,full,0.07079999886627775,0.7955189480126407,1
iris_binary,0,iris_binary|0|40,no_cache,0.07279999954334926,0.7955189480126407,1
iris_binary,0,iris_binary|0|40,no_order,0.0335000004270114,0.7955189480126407,1
iris_binary,0,iris_binary|0|40,no_pruning,0.03929999911633786,0.7955189480126407,1
iris_binary,0,iris_binary|0|41,full,0.046799999836366624,0.7955189480126407,1
iris_binary,0,iris_binary|0|41,no_cache,0.06070000017643906,0.7955189480126407,1
iris_binary,0,iris_binary|0|41,no_order,0.029799999538226984,0.7955189480126407,1
iris_binary,0,iris_binary|0|41,no_pruning,0.03619999915827066,0.7955189480126407,1
iris_binary,0,iris_binary|0|42,full,0.04470000021683518,0.2651726649422565,1
iris_binary,0,iris_binary|0|42,no_cache,0.05729999975301325,0.2651726649422565,1
iris_binary,0,iris_binary|0|42,no_order,0.0304000004689442,0.2651726649422565,1
iris_binary,0,iris_binary|0|42,no_pruning,0.03590000051190145,0.2651726649422565,1
iris_binary,0,iris_binary|0|43,full,0.043000000005122274,2.2539675642326884,1
iris_binary,0,iris_binary|0|43,no_cache,0.06469999971159268,2.2539675642326884,1
iris_binary,0,iris_binary|0|43,no_order,0.029299999368959107,2.2539675642326884,1
iris_binary,0,iris_binary|0|43,no_pruning,0.03569999898900278,2.2539675642326884,1
iris_binary,0,iris_binary|0|44,full,0.041900000724126585,1.8562085843746021,1
iris_binary,0,iris_binary|0|44,no_cache,0.052800000048591755,1.8562085843746021,1
iris_binary,0,iris_binary|0|44,no_order,0.028000000384054147,1.8562085843746021,1
iris_binary,0,iris_binary|0|44,no_pruning,0.035600000046542846,1.8562085843746021,1
iris_binary,1,iris_binary|1|0,full,0.06229999962670263,0.6567365567259028,1
iris_binary,1,iris_binary|1|0,no_cache,0.0624999993306119,0.6567365567259028,1
iris_binary,1,iris_binary|1|0,no_order,0.03149999974993989,0.6567365567259028,1
iris_binary,1,iris_binary|1|0,no_pruning,0.037599998904624954,0.6567365567259028,1
iris_binary,1,iris_binary|1|1,full,0.04749999970954377,,0
iris_binary,1,iris_binary|1|1,no_cache,0.05760000021837186,,0
iris_binary,1,iris_binary|1|1,no_order,0.03020000076503493,,0
iris_binary,1,iris_binary|1|1,no_pruning,0.03589999869291205,,0
iris_binary,1,iris_binary|1|2,full,0.04909999915980734,0.9194307759689325,1
iris_binary,1,iris_binary|1|2,no_cache,0.06570000005012844,0.9194307759689325,1
iris_binary,1,iris_binary|1|2,no_order,0.08799999886832666,0.9194307759689325,1
iris_binary,1,iris_binary|1|2,no_pruning,0.055700000302749686,0.9194307759689325,1
iris_binary,1,iris_binary|1|3,full,0.06819999907747842,,0
iris_binary,1,iris_binary|1|3,no_cache,0.07519999962823931,,0
iris_binary,1,iris_binary|1|3,no_order,0.03549999928509351,,0
iris_binary,1,iris_binary|1|3,no_pruning,0.04090000038559083,,0
iris_binary,1,iris_binary|1|4,full,0.05020000025979243,0.7880836663474179,1
iris_binary,1,iris_binary|1|4,no_cache,0.0625000011496013,0.7880836663474179,1
iris_binary,1,iris_binary|1|4,no_order,0.03119999928458128,0.7880836663474179,1
iris_binary,1,iris_binary|1|4,no_pruning,0.03719999949680641,0.7880836663474179,1
iris_binary,1,iris_binary|1|5,full,0.046499999371008016,,0
iris_binary,1,iris_binary|1|5,no_cache,0.058000001445179805,,0
iris_binary,1,iris_binary|1|5,no_order,0.02970000059576705,,0
iris_binary,1,iris_binary|1|5,no_pruning,0.03620000097726006,,0
iris_binary,1,iris_binary|1|6,full,0.04310000076657161,,0
iris_binary,1,iris_binary|1|6,no_cache,0.05609999971056823,,0
iris_binary,1,iris_binary|1|6,no_order,0.031100000342121348,,0
iris_binary,1,iris_binary|1|6,no_pruning,0.03529999958118424,,0
iris_binary,1,iris_binary|1|7,full,0.042100000428035855,,0
iris_binary,1,iris_binary|1|7,no_cache,0.05380000038712751,,0
iris_binary,1,iris_binary|1|7,no_order,0.029400000130408444,,0
iris_binary,1,iris_binary|1|7,no_pruning,0.0349000001733657,,0
iris_binary,1,iris_binary|1|8,full,0.04160000025876798,0.7880836663474179,1
iris_binary,1,iris_binary|1|8,no_cache,0.052600000344682485,0.7880836663474179,1
iris_binary,1,iris_binary|1|8,no_order,0.029200000426499173,0.7880836663474179,1
iris_binary,1,iris_binary|1|8,no_pruning,0.03429999924264848,0.7880836663474179,1
iris_binary,1,iris_binary|1|9,full,0.042499999835854396,,0
iris_binary,1,iris_binary|1|9,no_cache,0.05340000097930897,,0
iris_binary,1,iris_binary|1|9,no_order,0.029400000130408444,,0
iris_binary,1,iris_binary|1|9,no_pruning,0.13129999933880754,,0
iris_binary,1,iris_binary|1|10,full,0.09160000081465114,,0
iris_binary,1,iris_binary|1|10,no_cache,0.08659999912197236,,0
iris_binary,1,iris_binary|1|10,no_order,0.04470000021683518,,0
iris_binary,1,iris_binary|1|10,no_pruning,0.051900000471505336,,0
iris_binary,1,iris_binary|1|11,full,0.05880000026081689,0.7880836663474179,1
iris_binary,1,iris_binary|1|11,no_cache,0.06910000047355425,0.7880836663474179,1
iris_binary,1,iris_binary|1|11,no_order,0.033299998904112726,0.7880836663474179,1
iris_binary,1,iris_binary|1|11,no_pruning,0.039599999581696466,0.7880836663474179,1
iris_binary,1,iris_binary|1|12,full,0.04930000068270601,0.7880836663474179,1
iris_binary,1,iris_binary|1|12,no_cache,0.06009999924572185,0.7880836663474179,1
iris_binary,1,iris_binary|1|12,no_order,0.030100000003585592,0.7880836663474179,1
iris_binary,1,iris_binary|1|12,no_pruning,0.036299999919719994,0.7880836663474179,1
iris_binary,1,iris_binary|1|13,full,0.04599999920174014,,0
iris_binary,1,iris_binary|1|13,no_cache,0.055700000302749686,,0
iris_binary,1,iris_binary|1|13,no_order,0.02950000089185778,,0
iris_binary,1,iris_binary|1|13,no_pruning,0.03509999987727497,,0
iris_binary,1,iris_binary|1|14,full,0.041099998270510696,0.7880836663474179,1
iris_binary,1,iris_binary|1|14,no_cache,0.053699999625678174,0.7880836663474179,1
iris_binary,1,iris_binary|1|14,no_order,0.029200000426499173,0.7880836663474179,1
iris_binary,1,iris_binary|1|14,no_pruning,0.03479999941191636,0.7880836663474179,1
iris_binary,1,iris_binary|1|15,full,0.041900000724126585,,0
iris_binary,1,iris_binary|1|15,no_cache,0.053499999921768904,,0
iris_binary,1,iris_binary|1|15,no_order,0.029400000130408444,,0
iris_binary,1,iris_binary|1|15,no_pruning,0.03370000013092067,,0
iris_binary,1,iris_binary|1|16,full,0.04099999932805076,,0
iris_binary,1,iris_binary|1|16,no_cache,0.050999999075429514,,0
iris_binary,1,iris_binary|1|16,no_order,0.02879999919969123,,0
iris_binary,1,iris_binary|1|16,no_pruning,0.033799999073380604,,0
iris_binary,1,iris_binary|1|17,full,0.04879999869444873,,0
iris_binary,1,iris_binary|1|17,no_cache,0.05129999954078812,,0
iris_binary,1,iris_binary|1|17,no_order,0.028300000849412754,,0
iris_binary,1,iris_binary|1|17,no_pruning,0.032899999496294186,,0
iris_binary,1,iris_binary|1|18,full,0.04079999962414149,,0
iris_binary,1,iris_binary|1|18,no_cache,0.050999999075429514,,0
iris_binary,1,iris_binary|1|18,no_order,0.029000000722589903,,0
iris_binary,1,iris_binary|1|18,no_pruning,0.033599999369471334,,0
iris_binary,1,iris_binary|1|19,full,0.03909999941242859,,0
iris_binary,1,iris_binary|1|19,no_cache,0.0501000013173325,,0
iris_binary,1,iris_binary|1|19,no_order,0.029099999665049836,,0
iris_binary,1,iris_binary|1|19,no_pruning,0.03300000025774352,,0
iris_binary,1,iris_binary|1|20,full,0.06690000009257346,,0
iris_binary,1,iris_binary|1|20,no_cache,0.06709999979648273,,0
iris_binary,1,iris_binary|1|20,no_order,0.0335000004270114,,0
iris_binary,1,iris_binary|1|20,no_pruning,0.03860000106215011,,0
iris_binary,1,iris_binary|1|21,full,0.04889999945589807,,0
iris_binary,1,iris_binary|1|21,no_cache,0.06130000110715628,,0
iris_binary,1,iris_binary|1|21,no_order,0.035400000342633575,,0
iris_binary,1,iris_binary|1|21,no_pruning,0.03990000004705507,,0
iris_binary,1,iris_binary|1|22,full,0.043799998820759356,0.7880836663474179,1
iris_binary,1,iris_binary|1|22,no_cache,0.0562999994144775,0.7880836663474179,1
iris_binary,1,iris_binary|1|22,no_order,0.030900000638212077,0.7880836663474179,1
iris_binary,1,iris_binary|1|22,no_pruning,0.03710000055434648,0.7880836663474179,1
iris_binary,1,iris_binary|1|23,full,0.045700000555370934,,0
iris_binary,1,iris_binary|1|23,no_cache,0.05549999877985101,,0
iris_binary,1,iris_binary|1|23,no_order,0.03079999987676274,,0
iris_binary,1,iris_binary|1|23,no_pruning,0.03470000046945643,,0
iris_binary,1,iris_binary|1|24,full,0.04179999996267725,,0
iris_binary,1,iris_binary|1|24,no_cache,0.05459999920276459,,0
iris_binary,1,iris_binary|1|24,no_order,0.03149999974993989,,0
iris_binary,1,iris_binary|1|24,no_pruning,0.03859999924316071,,0
iris_binary,1,iris_binary|1|25,full,0.044800000978284515,,0
iris_binary,1,iris_binary|1|25,no_cache,0.05309999869496096,,0
iris_binary,1,iris_binary|1|25,no_order,0.031200001103570685,,0
iris_binary,1,iris_binary|1|25,no_pruning,0.03550000110408291,,0
iris_binary,1,iris_binary|1|26,full,0.04239999907440506,,0
iris_binary,1,iris_binary|1|26,no_cache,0.06720000055793207,,0
iris_binary,1,iris_binary|1|26,no_order,0.029699998776777647,,0
iris_binary,1,iris_binary|1|26,no_pruning,0.03370000013092067,,0
iris_binary,1,iris_binary|1|27,full,0.040499999158782884,0.9194307759689325,1
iris_binary,1,iris_binary|1|27,no_cache,0.05129999954078812,0.9194307759689325,1
iris_binary,1,iris_binary|1|27,no_order,0.028300000849412754,0.9194307759689325,1
iris_binary,1,iris_binary|1|27,no_pruning,0.033299998904112726,0.9194307759689325,1
iris_binary,1,iris_binary|1|28,full,0.041000001147040166,0.7880836663474179,1
iris_binary,1,iris_binary|1|28,no_cache,0.04949999856762588,0.7880836663474179,1
iris_binary,1,iris_binary|1|28,no_order,0.11719999929482583,0.7880836663474179,1
iris_binary,1,iris_binary|1|28,no_pruning,0.057699999160831794,0.7880836663474179,1
iris_binary,1,iris_binary|1|29,full,0.076299998909235,,0
iris_binary,1,iris_binary|1|29,no_cache,0.07719999848632142,,0
iris_binary,1,iris_binary|1|29,no_order,0.03549999928509351,,0
iris_binary,1,iris_binary|1|29,no_pruning,0.04160000025876798,,0
iris_binary,1,iris_binary|1|30,full,0.051799999710056,,0
iris_binary,1,iris_binary|1|30,no_cache,0.06339999890769832,,0
iris_binary,1,iris_binary|1|30,no_order,0.03219999962311704,,0
iris_binary,1,iris_binary|1|30,no_pruning,0.03819999983534217,,0
iris_binary,1,iris_binary|1|31,full,0.0486999997519888,,0
iris_binary,1,iris_binary|1|31,no_cache,0.06000000030326191,,0
iris_binary,1,iris_binary|1|31,no_order,0.03240000114601571,,0
iris_binary,1,iris_binary|1|31,no_pruning,0.03889999970851932,,0
iris_binary,1,iris_binary|1|32,full,0.04660000013245735,,0
iris_binary,1,iris_binary|1|32,no_cache,0.05779999992228113,,0
iris_binary,1,iris_binary|1|32,no_order,0.0304000004689442,,0
iris_binary,1,iris_binary|1|32,no_pruning,0.03569999898900278,,0
iris_binary,1,iris_binary|1|33,full,0.04309999894758221,0.6567365567259028,1
iris_binary,1,iris_binary|1|33,no_cache,0.054600001021754,0.6567365567259028,1
iris_binary,1,iris_binary|1|33,no_order,0.029400000130408444,0.6567365567259028,1
iris_binary,1,iris_binary|1|33,no_pruning,0.03650000144261867,0.6567365567259028,1
iris_binary,1,iris_binary|1|34,full,0.04160000025876798,0.7880836663474179,1
iris_binary,1,iris_binary|1|34,no_cache,0.05289999899105169,0.7880836663474179,1
iris_binary,1,iris_binary|1|34,no_order,0.029499999072868377,0.7880836663474179,1
iris_binary,1,iris_binary|1|34,no_pruning,0.03459999970800709,0.7880836663474179,1
iris_binary,1,iris_binary|1|35,full,0.04129999979340937,,0
iris_binary,1,iris_binary|1|35,no_cache,0.06140000004961621,,0
iris_binary,1,iris_binary|1|35,no_order,0.031400000807479955,,0
iris_binary,1,iris_binary|1|35,no_pruning,0.035799999750452116,,0
iris_binary,1,iris_binary|1|36,full,0.04219999937049579,,0
iris_binary,1,iris_binary|1|36,no_cache,0.05300000157149043,,0
iris_binary,1,iris_binary|1|36,no_order,0.029899998480686918,,0
iris_binary,1,iris_binary|1|36,no_pruning,0.03529999958118424,,0
iris_binary,1,iris_binary|1|37,full,0.04099999932805076,0.7880836663474179,1
iris_binary,1,iris_binary|1|37,no_cache,0.05200000123295467,0.7880836663474179,1
iris_binary,1,iris_binary|1|37,no_order,0.028500000553322025,0.7880836663474179,1
iris_binary,1,iris_binary|1|37,no_pruning,0.035200000638724305,0.7880836663474179,1
iris_binary,1,iris_binary|1|38,full,0.04019999869342428,,0
iris_binary,1,iris_binary|1|38,no_cache,0.05129999954078812,,0
iris_binary,1,iris_binary|1|38,no_order,0.12149999929533806,,0
iris_binary,1,iris_binary|1|38,no_pruning,0.6122000013419893,,0
iris_binary,1,iris_binary|1|39,full,0.15419999908772297,,0
iris_binary,1,iris_binary|1|39,no_cache,0.09789999967324547,,0
iris_binary,1,iris_binary|1|39,no_order,0.047399998948094435,,0
iris_binary,1,iris_binary|1|39,no_pruning,0.05269999928714242,,0
iris_binary,1,iris_binary|1|40,full,0.05859999873791821,0.7880836663474179,1
iris_binary,1,iris_binary|1|40,no_cache,0.07030000051599927,0.7880836663474179,1
iris_binary,1,iris_binary|1|40,no_order,0.03400000059627928,0.7880836663474179,1
iris_binary,1,iris_binary|1|40,no_pruning,0.04030000127386302,0.7880836663474179,1
iris_binary,1,iris_binary|1|41,full,0.051199998779338785,0.525389447104388,1
iris_binary,1,iris_binary|1|41,no_cache,0.061600001572514884,0.525389447104388,1
iris_binary,1,iris_binary|1|41,no_order,0.03020000076503493,0.525389447104388,1
iris_binary,1,iris_binary|1|41,no_pruning,0.03620000097726006,0.525389447104388,1
iris_binary,1,iris_binary|1|42,full,0.04579999949783087,,0
iris_binary,1,iris_binary|1|42,no_cache,0.055500000598840415,,0
iris_binary,1,iris_binary|1|42,no_order,0.029400000130408444,,0
iris_binary,1,iris_binary|1|42,no_pruning,0.035600000046542846,,0
iris_binary,1,iris_binary|1|43,full,0.04289999924367294,,0
iris_binary,1,iris_binary|1|43,no_cache,0.053499999921768904,,0
iris_binary,1,iris_binary|1|43,no_order,0.029099999665049836,,0
iris_binary,1,iris_binary|1|43,no_pruning,0.03409999953873921,,0
iris_binary,1,iris_binary|1|44,full,0.04119999903196003,,0
iris_binary,1,iris_binary|1|44,no_cache,0.051900000471505336,,0
iris_binary,1,iris_binary|1|44,no_order,0.02919999860750977,,0
iris_binary,1,iris_binary|1|44,no_pruning,0.03440000000409782,,0
iris_binary,2,iris_binary|2|0,full,0.06290000055741984,1.8866388316316736,1
iris_binary,2,iris_binary|2|0,no_cache,0.06480000047304202,1.8866388316316736,1
iris_binary,2,iris_binary|2|0,no_order,0.03300000025774352,1.8866388316316736,1
iris_binary,2,iris_binary|2|0,no_pruning,0.03879999894706998,1.8866388316316736,1
iris_binary,2,iris_binary|2|1,full,0.04620000072463881,0.9758476734525128,1
iris_binary,2,iris_binary|2|1,no_cache,0.05819999933009967,0.9758476734525128,1
iris_binary,2,iris_binary|2|1,no_order,0.030299999707494862,0.9758476734525128,1
iris_binary,2,iris_binary|2|1,no_pruning,0.03690000085043721,0.9758476734525128,1
iris_binary,2,iris_binary|2|2,full,0.11369999992894009,0.7156226203087855,1
iris_binary,2,iris_binary|2|2,no_cache,0.08290000005217735,0.7156226203087855,1
iris_binary,2,iris_binary|2|2,no_order,0.03529999958118424,0.7156226203087855,1
iris_binary,2,iris_binary|2|2,no_pruning,0.04310000076657161,0.7156226203087855,1
iris_binary,2,iris_binary|2|3,full,0.050499998906161636,0.5855086056614439,1
iris_binary,2,iris_binary|2|3,no_cache,0.05860000055690762,0.5855086056614439,1
iris_binary,2,iris_binary|2|3,no_order,0.030299999707494862,0.5855086056614439,1
iris_binary,2,iris_binary|2|3,no_pruning,0.0380000001314329,0.5855086056614439,1
iris_binary,2,iris_binary|2|4,full,0.044699998397845775,1.6264127864376274,1
iris_binary,2,iris_binary|2|4,no_cache,0.05469999996421393,1.6264127864376274,1
iris_binary,2,iris_binary|2|4,no_order,0.029999999242136255,1.6264127864376274,1
iris_binary,2,iris_binary|2|4,no_pruning,0.03589999869291205,1.6264127864376274,1
iris_binary,2,iris_binary|2|5,full,0.04720000106317457,0.7156226203087855,1
iris_binary,2,iris_binary|2|5,no_cache,0.05300000157149043,0.7156226203087855,1
iris_binary,2,iris_binary|2|5,no_order,0.03060000017285347,0.7156226203087855,1
iris_binary,2,iris_binary|2|5,no_pruning,0.03509999987727497,0.7156226203087855,1
iris_binary,2,iris_binary|2|6,full,0.043399999412940815,0.715621628258467,1
iris_binary,2,iris_binary|2|6,no_cache,0.05509999937203247,0.715621628258467,1
iris_binary,2,iris_binary|2|6,no_order,0.03119999928458128,0.715621628258467,1
iris_binary,2,iris_binary|2|6,no_pruning,0.036699999327538535,0.715621628258467,1
iris_binary,2,iris_binary|2|7,full,0.043000000005122274,2.016751854228696,1
iris_binary,2,iris_binary|2|7,no_cache,0.05290000081004109,2.016751854228696,1
iris_binary,2,iris_binary|2|7,no_order,0.03020000076503493,2.016751854228696,1
iris_binary,2,iris_binary|2|7,no_pruning,0.03739999920071568,2.016751854228696,1
iris_binary,2,iris_binary|2|8,full,0.04760000047099311,0.32528256046739806,1
iris_binary,2,iris_binary|2|8,no_cache,0.06600000051548705,0.32528256046739806,1
iris_binary,2,iris_binary|2|8,no_order,0.03429999924264848,0.32528256046739806,1
iris_binary,2,iris_binary|2|8,no_pruning,0.03930000093532726,0.32528256046739806,1
iris_binary,2,iris_binary|2|9,full,0.04780000017490238,1.6264127864376274,1
iris_binary,2,iris_binary|2|9,no_cache,0.05750000127591193,1.6264127864376274,1
iris_binary,2,iris_binary|2|9,no_order,0.028899999961140566,1.6264127864376274,1
iris_binary,2,iris_binary|2|9,no_pruning,0.037200001315795816,1.6264127864376274,1
iris_binary,2,iris_binary|2|10,full,0.04330000047048088,0.715621628258467,1
iris_binary,2,iris_binary|2|10,no_cache,0.05419999979494605,0.715621628258467,1
iris_binary,2,iris_binary|2|10,no_order,0.03099999958067201,0.715621628258467,1
iris_binary,2,iris_binary|2|10,no_pruning,0.03530000140017364,0.715621628258467,1
iris_binary,2,iris_binary|2|11,full,0.04129999979340937,0.7156226203087855,1
iris_binary,2,iris_binary|2|11,no_cache,0.05450000026030466,0.7156226203087855,1
iris_binary,2,iris_binary|2|11,no_order,0.028200000087963417,0.7156226203087855,1
iris_binary,2,iris_binary|2|11,no_pruning,0.034500000765547156,0.7156226203087855,1
iris_binary,2,iris_binary|2|12,full,0.04240000089339446,0.5855086056614439,1
iris_binary,2,iris_binary|2|12,no_cache,0.05200000123295467,0.5855086056614439,1
iris_binary,2,iris_binary|2|12,no_order,0.028200000087963417,0.5855086056614439,1
iris_binary,2,iris_binary|2|12,no_pruning,0.03389999983482994,0.5855086056614439,1
iris_binary,2,iris_binary|2|13,full,0.040699998862692155,2.016751854228696,1
iris_binary,2,iris_binary|2|13,no_cache,0.051700000767596066,2.016751854228696,1
iris_binary,2,iris_binary|2|13,no_order,0.02789999962260481,2.016751854228696,1
iris_binary,2,iris_binary|2|13,no_pruning,0.03609999839682132,2.016751854228696,1
iris_binary,2,iris_binary|2|14,full,0.04240000089339446,0.5855095977117625,1
iris_binary,2,iris_binary|2|14,no_cache,0.05459999920276459,0.5855095977117625,1
iris_binary,2,iris_binary|2|14,no_order,0.0289999989036005,0.5855095977117625,1
iris_binary,2,iris_binary|2|14,no_pruning,0.035200000638724305,0.5855095977117625,1
iris_binary,2,iris_binary|2|15,full,0.050099999498343095,0.715621628258467,1
iris_binary,2,iris_binary|2|15,no_cache,0.05400000009103678,0.715621628258467,1
iris_binary,2,iris_binary|2|15,no_order,0.031100000342121348,0.715621628258467,1
iris_binary,2,iris_binary|2|15,no_pruning,0.037599998904624954,0.715621628258467,1
iris_binary,2,iris_binary|2|16,full,0.04380000063974876,0.45539657511473963,1
iris_binary,2,iris_binary|2|16,no_cache,0.05670000064128544,0.45539657511473963,1
iris_binary,2,iris_binary|2|16,no_order,0.09529999988444615,0.45539657511473963,1
iris_binary,2,iris_binary|2|16,no_pruning,0.0653000006423099,0.45539657511473963,1
iris_binary,2,iris_binary|2|17,full,0.08420000085607171,1.6264127864376274,1
iris_binary,2,iris_binary|2|17,no_cache,0.07969999933266081,1.6264127864376274,1
iris_binary,2,iris_binary|2|17,no_order,0.03509999987727497,1.6264127864376274,1
iris_binary,2,iris_binary|2|17,no_pruning,0.04220000118948519,1.6264127864376274,1
iris_binary,2,iris_binary|2|18,full,0.05229999987932388,0.8457356429058084,1
iris_binary,2,iris_binary|2|18,no_cache,0.06570000005012844,0.8457356429058084,1
iris_binary,2,iris_binary|2|18,no_order,0.031600000511389226,0.8457356429058084,1
iris_binary,2,iris_binary|2|18,no_pruning,0.04140000055485871,0.8457356429058084,1
iris_binary,2,iris_binary|2|19,full,0.045900000259280205,0.32528256046739806,1
iris_binary,2,iris_binary|2|19,no_cache,0.05860000055690762,0.32528256046739806,1
iris_binary,2,iris_binary|2|19,no_order,0.030299999707494862,0.32528256046739806,1
iris_binary,2,iris_binary|2|19,no_pruning,0.036699999327538535,0.32528256046739806,1
iris_binary,2,iris_binary|2|20,full,0.043399999412940815,0.32528256046739806,1
iris_binary,2,iris_binary|2|20,no_cache,0.05600000076810829,0.32528256046739806,1
iris_binary,2,iris_binary|2|20,no_order,0.030299999707494862,0.32528256046739806,1
iris_binary,2,iris_binary|2|20,no_pruning,0.036499999623629265,0.32528256046739806,1
iris_binary,2,iris_binary|2|21,full,0.0442000000475673,0.45539657511473963,1
iris_binary,2,iris_binary|2|21,no_cache,0.05739999869547319,0.45539657511473963,1
iris_binary,2,iris_binary|2|21,no_order,0.03149999974993989,0.45539657511473963,1
iris_binary,2,iris_binary|2|21,no_pruning,0.0397000003431458,0.45539657511473963,1
iris_binary,2,iris_binary|2|22,full,0.047399998948094435,0.7156226203087855,1
iris_binary,2,iris_binary|2|22,no_cache,0.058900001022266224,0.7156226203087855,1
iris_binary,2,iris_binary|2|22,no_order,0.03189999915775843,0.7156226203087855,1
iris_binary,2,iris_binary|2|22,no_pruning,0.04169999920122791,0.7156226203087855,1
iris_binary,2,iris_binary|2|23,full,0.0486999997519888,0.715621628258467,1
iris_binary,2,iris_binary|2|23,no_cache,0.060200000007171184,0.715621628258467,1
iris_binary,2,iris_binary|2|23,no_order,0.029799999538226984,0.715621628258467,1
iris_binary,2,iris_binary|2|23,no_pruning,0.038100000892882235,0.715621628258467,1
iris_binary,2,iris_binary|2|24,full,0.046499999371008016,2.016751854228696,1
iris_binary,2,iris_binary|2|24,no_cache,0.05360000068321824,2.016751854228696,1
iris_binary,2,iris_binary|2|24,no_order,0.028700000257231295,2.016751854228696,1
iris_binary,2,iris_binary|2|24,no_pruning,0.03569999898900278,2.016751854228696,1
iris_binary,2,iris_binary|2|25,full,0.04179999996267725,1.3661867412435815,1
iris_binary,2,iris_binary|2|25,no_cache,0.05400000009103678,1.3661867412435815,1
iris_binary,2,iris_binary|2|25,no_order,0.02910000148403924,1.3661867412435815,1
iris_binary,2,iris_binary|2|25,no_pruning,0.035400000342633575,1.3661867412435815,1
iris_binary,2,iris_binary|2|26,full,0.04270000135875307,1.4962997638406046,1
iris_binary,2,iris_binary|2|26,no_cache,0.05509999937203247,1.4962997638406046,1
iris_binary,2,iris_binary|2|26,no_order,0.030199998946045525,1.4962997638406046,1
iris_binary,2,iris_binary|2|26,no_pruning,0.04040000021632295,1.4962997638406046,1
iris_binary,2,iris_binary|2|27,full,0.04470000021683518,0.9758476734525128,1
iris_binary,2,iris_binary|2|27,no_cache,0.06310000026132911,0.9758476734525128,1
iris_binary,2,iris_binary|2|27,no_order,0.02840000161086209,0.9758476734525128,1
iris_binary,2,iris_binary|2|27,no_pruning,0.032699999792384915,0.9758476734525128,1
iris_binary,2,iris_binary|2|28,full,0.039399999877787195,0.8457346508554897,1
iris_binary,2,iris_binary|2|28,no_cache,0.05360000068321824,0.8457346508554897,1
iris_binary,2,iris_binary|2|28,no_order,0.035400000342633575,0.8457346508554897,1
iris_binary,2,iris_binary|2|28,no_pruning,0.05540000165638048,0.8457346508554897,1
iris_binary,2,iris_binary|2|29,full,0.05229999987932388,0.19517052992069372,1
iris_binary,2,iris_binary|2|29,no_cache,0.05690000034519471,0.19517052992069372,1
iris_binary,2,iris_binary|2|29,no_order,0.03310000101919286,0.19517052992069372,1
iris_binary,2,iris_binary|2|29,no_pruning,0.040299999454873614,0.19517052992069372,1
iris_binary,2,iris_binary|2|30,full,0.0473000000056345,0.7156226203087855,1
iris_binary,2,iris_binary|2|30,no_cache,0.07130000085453503,0.7156226203087855,1
iris_binary,2,iris_binary|2|30,no_order,0.03580000156944152,0.7156226203087855,1
iris_binary,2,iris_binary|2|30,no_pruning,0.044600001274375245,0.7156226203087855,1
iris_binary,2,iris_binary|2|31,full,0.1720000000204891,0.715621628258467,1
iris_binary,2,iris_binary|2|31,no_cache,0.1156999987870222,0.715621628258467,1
iris_binary,2,iris_binary|2|31,no_order,0.041500001316308044,0.715621628258467,1
iris_binary,2,iris_binary|2|31,no_pruning,0.04789999911736231,0.715621628258467,1
iris_binary,2,iris_binary|2|32,full,0.0548999996681232,1.3661867412435815,1
iris_binary,2,iris_binary|2|32,no_cache,0.06620000021939632,1.3661867412435815,1
iris_binary,2,iris_binary|2|32,no_order,0.03130000004603062,1.3661867412435815,1
iris_binary,2,iris_binary|2|32,no_pruning,0.03719999949680641,1.3661867412435815,1
iris_binary,2,iris_binary|2|33,full,0.04789999911736231,0.9758476734525128,1
iris_binary,2,iris_binary|2|33,no_cache,0.06009999924572185,0.9758476734525128,1
iris_binary,2,iris_binary|2|33,no_order,0.030299999707494862,0.9758476734525128,1
iris_binary,2,iris_binary|2|33,no_pruning,0.03619999915827066,0.9758476734525128,1
iris_binary,2,iris_binary|2|34,full,0.045700000555370934,1.8866388316316736,1
iris_binary,2,iris_binary|2|34,no_cache,0.05760000021837186,1.8866388316316736,1
iris_binary,2,iris_binary|2|34,no_order,0.02970000059576705,1.8866388316316736,1
iris_binary,2,iris_binary|2|34,no_pruning,0.035400000342633575,1.8866388316316736,1
iris_binary,2,iris_binary|2|35,full,0.04310000076657161,2.016751854228696,1
iris_binary,2,iris_binary|2|35,no_cache,0.05539999983739108,2.016751854228696,1
iris_binary,2,iris_binary|2|35,no_order,0.02970000059576705,2.016751854228696,1
iris_binary,2,iris_binary|2|35,no_pruning,0.035400000342633575,2.016751854228696,1
iris_binary,2,iris_binary|2|36,full,0.04219999937049579,0.7156226203087855,1
iris_binary,2,iris_binary|2|36,no_cache,0.05380000038712751,0.7156226203087855,1
iris_binary,2,iris_binary|2|36,no_order,0.030100000003585592,0.7156226203087855,1
iris_binary,2,iris_binary|2|36,no_pruning,0.043700001697288826,0.7156226203087855,1
iris_binary,2,iris_binary|2|37,full,0.04179999996267725,1.3661867412435815,1
iris_binary,2,iris_binary|2|37,no_cache,0.053499999921768904,1.3661867412435815,1
iris_binary,2,iris_binary|2|37,no_order,0.028800001018680632,1.3661867412435815,1
iris_binary,2,iris_binary|2|37,no_pruning,0.03389999983482994,1.3661867412435815,1
iris_binary,2,iris_binary|2|38,full,0.03919999835488852,0.715621628258467,1
iris_binary,2,iris_binary|2|38,no_cache,0.05219999911787454,0.715621628258467,1
iris_binary,2,iris_binary|2|38,no_order,0.029200000426499173,0.715621628258467,1
iris_binary,2,iris_binary|2|38,no_pruning,0.03400000059627928,0.715621628258467,1
iris_binary,2,iris_binary|2|39,full,0.04040000021632295,1.1059606960495358,1
iris_binary,2,iris_binary|2|39,no_cache,0.05229999987932388,1.1059606960495358,1
iris_binary,2,iris_binary|2|39,no_order,0.028000000384054147,1.1059606960495358,1
iris_binary,2,iris_binary|2|39,no_pruning,0.034199998481199145,1.1059606960495358,1
iris_binary,2,iris_binary|2|40,full,0.039399999877787195,0.7156226203087855,1
iris_binary,2,iris_binary|2|40,no_cache,0.05210000017541461,0.7156226203087855,1
iris_binary,2,iris_binary|2|40,no_order,0.028100001145503484,0.7156226203087855,1
iris_binary,2,iris_binary|2|40,no_pruning,0.0335000004270114,0.7156226203087855,1
iris_binary,2,iris_binary|2|41,full,0.03999999898951501,0.9758476734525128,1
iris_binary,2,iris_binary|2|41,no_cache,0.05100000089441892,0.9758476734525128,1
iris_binary,2,iris_binary|2|41,no_order,0.028200000087963417,0.9758476734525128,1
iris_binary,2,iris_binary|2|41,no_pruning,0.03339999966556206,0.9758476734525128,1
iris_binary,2,iris_binary|2|42,full,0.039599999581696466,0.7156226203087855,1
iris_binary,2,iris_binary|2|42,no_cache,0.051900000471505336,0.7156226203087855,1
iris_binary,2,iris_binary|2|42,no_order,0.02869999843824189,0.7156226203087855,1
iris_binary,2,iris_binary|2|42,no_pruning,0.03570000080799218,0.7156226203087855,1
iris_binary,2,iris_binary|2|43,full,0.04459999945538584,0.7156226203087855,1
iris_binary,2,iris_binary|2|43,no_cache,0.056799999583745375,0.7156226203087855,1
iris_binary,2,iris_binary|2|43,no_order,0.030499999411404133,0.7156226203087855,1
iris_binary,2,iris_binary|2|43,no_pruning,0.035400000342633575,0.7156226203087855,1
iris_binary,2,iris_binary|2|44,full,0.10279999878548551,0.5855095977117625,1
iris_binary,2,iris_binary|2|44,no_cache,0.5761999982496491,0.5855095977117625,1
iris_binary,2,iris_binary|2|44,no_order,0.03590000051190145,0.5855095977117625,1
iris_binary,2,iris_binary|2|44,no_pruning,0.04340000123193022,0.5855095977117625,1
iris_binary,3,iris_binary|3|0,full,0.06519999988086056,0.8901959035975192,1
iris_binary,3,iris_binary|3|0,no_cache,0.06190000021888409,0.8901959035975192,1
iris_binary,3,iris_binary|3|0,no_order,0.03149999974993989,0.8901959035975192,1
iris_binary,3,iris_binary|3|0,no_pruning,0.037900001188972965,0.8901959035975192,1
iris_binary,3,iris_binary|3|1,full,0.045900000259280205,0.7630260757401993,1
iris_binary,3,iris_binary|3|1,no_cache,0.056599999879836105,0.7630260757401993,1
iris_binary,3,iris_binary|3|1,no_order,0.031800000215298496,0.7630260757401993,1
iris_binary,3,iris_binary|3|1,no_pruning,0.03739999920071568,0.7630260757401993,1
iris_binary,3,iris_binary|3|2,full,0.04459999945538584,0.6358552311757594,1
iris_binary,3,iris_binary|3|2,no_cache,0.05469999996421393,0.6358552311757594,1
iris_binary,3,iris_binary|3|2,no_order,0.029099999665049836,0.6358552311757594,1
iris_binary,3,iris_binary|3|2,no_pruning,0.0349000001733657,0.6358552311757594,1
iris_binary,3,iris_binary|3|3,full,0.04380000063974876,1.6532209709841585,1
iris_binary,3,iris_binary|3|3,no_cache,0.052999999752501026,1.6532209709841585,1
iris_binary,3,iris_binary|3|3,no_order,0.028700000257231295,1.6532209709841585,1
iris_binary,3,iris_binary|3|3,no_pruning,0.03459999970800709,1.6532209709841585,1
iris_binary,3,iris_binary|3|4,full,0.04209999860904645,0.6358542144686394,1
iris_binary,3,iris_binary|3|4,no_cache,0.052999999752501026,0.6358542144686394,1
iris_binary,3,iris_binary|3|4,no_order,0.028599999495781958,0.6358542144686394,1
iris_binary,3,iris_binary|3|4,no_pruning,0.03360000118846074,0.6358542144686394,1
iris_binary,3,iris_binary|3|5,full,0.03950000063923653,0.25434168077531977,1
iris_binary,3,iris_binary|3|5,no_cache,0.05169999894860666,0.25434168077531977,1
iris_binary,3,iris_binary|3|5,no_order,0.02910000148403924,0.25434168077531977,1
iris_binary,3,iris_binary|3|5,no_pruning,0.03420000030018855,0.25434168077531977,1
iris_binary,3,iris_binary|3|6,full,0.04040000021632295,1.271708437290839,1
iris_binary,3,iris_binary|3|6,no_cache,0.05059999966761097,1.271708437290839,1
iris_binary,3,iris_binary|3|6,no_order,0.0304000004689442,1.271708437290839,1
iris_binary,3,iris_binary|3|6,no_pruning,0.03640000068116933,1.271708437290839,1
iris_binary,3,iris_binary|3|7,full,0.05129999954078812,0.7630260757401993,1
iris_binary,3,iris_binary|3|7,no_cache,0.06290000055741984,0.7630260757401993,1
iris_binary,3,iris_binary|3|7,no_order,0.0365999985660892,0.7630260757401993,1
iris_binary,3,iris_binary|3|7,no_pruning,0.04290000106266234,0.7630260757401993,1
iris_binary,3,iris_binary|3|8,full,0.05889999920327682,0.8901959035975192,1
iris_binary,3,iris_binary|3|8,no_cache,0.0911999995878432,0.8901959035975192,1
iris_binary,3,iris_binary|3|8,no_order,0.03509999987727497,0.8901959035975192,1
iris_binary,3,iris_binary|3|8,no_pruning,0.04160000025876798,0.8901959035975192,1
iris_binary,3,iris_binary|3|9,full,0.05059999966761097,1.5260501264197186,1
iris_binary,3,iris_binary|3|9,no_cache,0.058700001318356954,1.5260501264197186,1
iris_binary,3,iris_binary|3|9,no_order,0.03119999928458128,1.5260501264197186,1
iris_binary,3,iris_binary|3|9,no_pruning,0.0349000001733657,1.5260501264197186,1
iris_binary,3,iris_binary|3|10,full,0.04350000017439015,0.7630260757401993,1
iris_binary,3,iris_binary|3|10,no_cache,0.05790000068373047,0.7630260757401993,1
iris_binary,3,iris_binary|3|10,no_order,0.03149999974993989,0.7630260757401993,1
iris_binary,3,iris_binary|3|10,no_pruning,0.04099999932805076,0.7630260757401993,1
iris_binary,3,iris_binary|3|11,full,0.05400000009103678,0.25434168077531977,1
iris_binary,3,iris_binary|3|11,no_cache,0.05880000026081689,0.25434168077531977,1
iris_binary,3,iris_binary|3|11,no_order,0.03400000059627928,0.25434168077531977,1
iris_binary,3,iris_binary|3|11,no_pruning,0.03910000123141799,0.25434168077531977,1
iris_binary,3,iris_binary|3|12,full,0.04839999928663019,0.7630250590330792,1
iris_binary,3,iris_binary|3|12,no_cache,0.06209999992279336,0.7630250590330792,1
iris_binary,3,iris_binary|3|12,no_order,0.03199999991920777,0.7630250590330792,1
iris_binary,3,iris_binary|3|12,no_pruning,0.036100000215810724,0.7630250590330792,1
iris_binary,3,iris_binary|3|13,full,0.04479999915929511,1.5260501264197186,1
iris_binary,3,iris_binary|3|13,no_cache,0.05929999861109536,1.5260501264197186,1
iris_binary,3,iris_binary|3|13,no_order,0.04000000080850441,1.5260501264197186,1
iris_binary,3,iris_binary|3|13,no_pruning,0.03840000135824084,1.5260501264197186,1
iris_binary,3,iris_binary|3|14,full,0.046299999667098746,0.7630260757401993,1
iris_binary,3,iris_binary|3|14,no_cache,0.056799999583745375,0.7630260757401993,1
iris_binary,3,iris_binary|3|14,no_order,0.028700000257231295,0.7630260757401993,1
iris_binary,3,iris_binary|3|14,no_pruning,0.03409999953873921,0.7630260757401993,1
iris_binary,3,iris_binary|3|15,full,0.042499999835854396,0.8901959035975192,1
iris_binary,3,iris_binary|3|15,no_cache,0.05439999949885532,0.8901959035975192,1
iris_binary,3,iris_binary|3|15,no_order,0.02910000148403924,0.8901959035975192,1
iris_binary,3,iris_binary|3|15,no_pruning,0.035600000046542846,0.8901959035975192,1
iris_binary,3,iris_binary|3|16,full,0.043599999116850086,0.7630260757401993,1
iris_binary,3,iris_binary|3|16,no_cache,0.052800000048591755,0.7630260757401993,1
iris_binary,3,iris_binary|3|16,no_order,0.02950000089185778,0.7630260757401993,1
iris_binary,3,iris_binary|3|16,no_pruning,0.03550000110408291,0.7630260757401993,1
iris_binary,3,iris_binary|3|17,full,0.040899998566601425,0.38151252533975977,1
iris_binary,3,iris_binary|3|17,no_cache,0.052600000344682485,0.38151252533975977,1
iris_binary,3,iris_binary|3|17,no_order,0.029499999072868377,0.38151252533975977,1
iris_binary,3,iris_binary|3|17,no_pruning,0.03479999941191636,0.38151252533975977,1
iris_binary,3,iris_binary|3|18,full,0.04140000055485871,0.6358542144686394,1
iris_binary,3,iris_binary|3|18,no_cache,0.05140000030223746,0.6358542144686394,1
iris_binary,3,iris_binary|3|18,no_order,0.02939999831141904,0.6358542144686394,1
iris_binary,3,iris_binary|3|18,no_pruning,0.034300001061637886,0.6358542144686394,1
iris_binary,3,iris_binary|3|19,full,0.042300000131945126,0.8901959035975192,1
iris_binary,3,iris_binary|3|19,no_cache,0.0548999996681232,0.8901959035975192,1
iris_binary,3,iris_binary|3|19,no_order,0.030299999707494862,0.8901959035975192,1
iris_binary,3,iris_binary|3|19,no_pruning,0.03509999987727497,0.8901959035975192,1
iris_binary,3,iris_binary|3|20,full,0.04119999903196003,0.7630260757401993,1
iris_binary,3,iris_binary|3|20,no_cache,0.05370000144466758,0.7630260757401993,1
iris_binary,3,iris_binary|3|20,no_order,0.029200000426499173,0.7630260757401993,1
iris_binary,3,iris_binary|3|20,no_pruning,0.03339999966556206,0.7630260757401993,1
iris_binary,3,iris_binary|3|21,full,0.04630000148608815,0.6358542144686394,1
iris_binary,3,iris_binary|3|21,no_cache,0.13609999950858764,0.6358542144686394,1
iris_binary,3,iris_binary|3|21,no_order,0.06940000093891285,0.6358542144686394,1
iris_binary,3,iris_binary|3|21,no_pruning,0.05330000021785963,0.6358542144686394,1
iris_binary,3,iris_binary|3|22,full,0.14709999959450215,1.271708437290839,1
iris_binary,3,iris_binary|3|22,no_cache,0.09419999878446106,1.271708437290839,1
iris_binary,3,iris_binary|3|22,no_order,0.03930000093532726,1.271708437290839,1
iris_binary,3,iris_binary|3|22,no_pruning,0.044499998693936504,1.271708437290839,1
iris_binary,3,iris_binary|3|23,full,0.05330000021785963,0.7630250590330792,1
iris_binary,3,iris_binary|3|23,no_cache,0.06460000076913275,0.7630250590330792,1
iris_binary,3,iris_binary|3|23,no_order,0.032699999792384915,0.7630250590330792,1
iris_binary,3,iris_binary|3|23,no_pruning,0.03780000042752363,0.7630250590330792,1
iris_binary,3,iris_binary|3|24,full,0.047700001232442446,0.7630260757401993,1
iris_binary,3,iris_binary|3|24,no_cache,0.05850000161444768,0.7630260757401993,1
iris_binary,3,iris_binary|3|24,no_order,0.03060000017285347,0.7630260757401993,1
iris_binary,3,iris_binary|3|24,no_pruning,0.036899999031447805,0.7630260757401993,1
iris_binary,3,iris_binary|3|25,full,0.04380000063974876,1.6532209709841585,1
iris_binary,3,iris_binary|3|25,no_cache,0.054799998906673864,1.6532209709841585,1
iris_binary,3,iris_binary|3|25,no_order,0.030100000003585592,1.6532209709841585,1
iris_binary,3,iris_binary|3|25,no_pruning,0.034899998354376294,1.6532209709841585,1
iris_binary,3,iris_binary|3|26,full,0.04179999996267725,2.161904349241918,1
iris_binary,3,iris_binary|3|26,no_cache,0.055900000006658956,2.161904349241918,1
iris_binary,3,iris_binary|3|26,no_order,0.03879999894706998,2.161904349241918,1
iris_binary,3,iris_binary|3|26,no_pruning,0.03590000051190145,2.161904349241918,1
iris_binary,3,iris_binary|3|27,full,0.04179999996267725,0.5086843866113196,1
iris_binary,3,iris_binary|3|27,no_cache,0.05509999937203247,0.5086843866113196,1
iris_binary,3,iris_binary|3|27,no_order,0.0289999989036005,0.5086843866113196,1
iris_binary,3,iris_binary|3|27,no_pruning,0.2105999992636498,0.5086843866113196,1
iris_binary,3,iris_binary|3|28,full,0.09610000051907264,0.7630260757401993,1
iris_binary,3,iris_binary|3|28,no_cache,0.08539999907952733,0.7630260757401993,1
iris_binary,3,iris_binary|3|28,no_order,0.035400000342633575,0.7630260757401993,1
iris_binary,3,iris_binary|3|28,no_pruning,0.042300000131945126,0.7630260757401993,1
iris_binary,3,iris_binary|3|29,full,0.04879999869444873,1.1445375927263988,1
iris_binary,3,iris_binary|3|29,no_cache,0.060599999414989725,1.1445375927263988,1
iris_binary,3,iris_binary|3|29,no_order,0.030499999411404133,1.1445375927263988,1
iris_binary,3,iris_binary|3|29,no_pruning,0.03680000008898787,1.1445375927263988,1
iris_binary,3,iris_binary|3|30,full,0.04470000021683518,0.5086843866113196,1
iris_binary,3,iris_binary|3|30,no_cache,0.05760000021837186,0.5086843866113196,1
iris_binary,3,iris_binary|3|30,no_order,0.030100000003585592,0.5086843866113196,1
iris_binary,3,iris_binary|3|30,no_pruning,0.03749999996216502,0.5086843866113196,1
iris_binary,3,iris_binary|3|31,full,0.043799998820759356,0.6358552311757594,1
iris_binary,3,iris_binary|3|31,no_cache,0.055500000598840415,0.6358552311757594,1
iris_binary,3,iris_binary|3|31,no_order,0.02990000029967632,0.6358552311757594,1
iris_binary,3,iris_binary|3|31,no_pruning,0.03699999979289714,0.6358552311757594,1
iris_binary,3,iris_binary|3|32,full,0.049199999921256676,1.271708437290839,1
iris_binary,3,iris_binary|3|32,no_cache,0.06120000034570694,1.271708437290839,1
iris_binary,3,iris_binary|3|32,no_order,0.032699999792384915,1.271708437290839,1
iris_binary,3,iris_binary|3|32,no_pruning,0.04819999958272092,1.271708437290839,1
iris_binary,3,iris_binary|3|33,full,0.06519999988086056,1.5260501264197186,1
iris_binary,3,iris_binary|3|33,no_cache,0.07199999890872277,1.5260501264197186,1
iris_binary,3,iris_binary|3|33,no_order,0.044800000978284515,1.5260501264197186,1
iris_binary,3,iris_binary|3|33,no_pruning,0.049899999794433825,1.5260501264197186,1
iris_binary,3,iris_binary|3|34,full,0.06620000021939632,0.7630250590330792,1
iris_binary,3,iris_binary|3|34,no_cache,0.07199999890872277,0.7630250590330792,1
iris_binary,3,iris_binary|3|34,no_order,0.03650000144261867,0.7630250590330792,1
iris_binary,3,iris_binary|3|34,no_pruning,0.04499999886320438,0.7630250590330792,1
iris_binary,3,iris_binary|3|35,full,0.055300000894931145,0.6358542144686394,1
iris_binary,3,iris_binary|3|35,no_cache,0.06790000043110922,0.6358542144686394,1
iris_binary,3,iris_binary|3|35,no_order,0.039599999581696466,0.6358542144686394,1
iris_binary,3,iris_binary|3|35,no_pruning,0.044600001274375245,0.6358542144686394,1
iris_binary,3,iris_binary|3|36,full,0.051100001655868255,0.25434168077531977,1
iris_binary,3,iris_binary|3|36,no_cache,0.060999998822808266,0.25434168077531977,1
iris_binary,3,iris_binary|3|36,no_order,0.03229999856557697,0.25434168077531977,1
iris_binary,3,iris_binary|3|36,no_pruning,0.0380000001314329,0.25434168077531977,1
iris_binary,3,iris_binary|3|37,full,0.05100000089441892,1.5260501264197186,1
iris_binary,3,iris_binary|3|37,no_cache,0.06230000144569203,1.5260501264197186,1
iris_binary,3,iris_binary|3|37,no_order,0.031200001103570685,1.5260501264197186,1
iris_binary,3,iris_binary|3|37,no_pruning,0.039399999877787195,1.5260501264197186,1
iris_binary,3,iris_binary|3|38,full,0.0455999997939216,0.6358542144686394,1
iris_binary,3,iris_binary|3|38,no_cache,0.05670000064128544,0.6358542144686394,1
iris_binary,3,iris_binary|3|38,no_order,0.03060000017285347,0.6358542144686394,1
iris_binary,3,iris_binary|3|38,no_pruning,0.0380000001314329,0.6358542144686394,1
iris_binary,3,iris_binary|3|39,full,0.04660000013245735,0.3815135420468797,1
iris_binary,3,iris_binary|3|39,no_cache,0.07210000148916151,0.3815135420468797,1
iris_binary,3,iris_binary|3|39,no_order,0.03400000059627928,0.3815135420468797,1
iris_binary,3,iris_binary|3|39,no_pruning,0.03760000072361436,0.3815135420468797,1
iris_binary,3,iris_binary|3|40,full,0.045500000851461664,0.7630260757401993,1
iris_binary,3,iris_binary|3|40,no_cache,0.05670000064128544,0.7630260757401993,1
iris_binary,3,iris_binary|3|40,no_order,0.030900000638212077,0.7630260757401993,1
iris_binary,3,iris_binary|3|40,no_pruning,0.036299999919719994,0.7630260757401993,1
iris_binary,3,iris_binary|3|41,full,0.04189999890513718,0.6358542144686394,1
iris_binary,3,iris_binary|3|41,no_cache,0.05740000051446259,0.6358542144686394,1
iris_binary,3,iris_binary|3|41,no_order,0.0335000004270114,0.6358542144686394,1
iris_binary,3,iris_binary|3|41,no_pruning,0.04079999962414149,0.6358542144686394,1
iris_binary,3,iris_binary|3|42,full,0.04740000076708384,0.6358542144686394,1
iris_binary,3,iris_binary|3|42,no_cache,0.062200000684242696,0.6358542144686394,1
iris_binary,3,iris_binary|3|42,no_order,0.03440000000409782,0.6358542144686394,1
iris_binary,3,iris_binary|3|42,no_pruning,0.03699999979289714,0.6358542144686394,1
iris_binary,3,iris_binary|3|43,full,0.044099999286117963,0.6358552311757594,1
iris_binary,3,iris_binary|3|43,no_cache,0.05459999920276459,0.6358552311757594,1
iris_binary,3,iris_binary|3|43,no_order,0.030299999707494862,0.6358552311757594,1
iris_binary,3,iris_binary|3|43,no_pruning,0.03640000068116933,0.6358552311757594,1
iris_binary,3,iris_binary|3|44,full,0.04239999907440506,1.3988792818552787,1
iris_binary,3,iris_binary|3|44,no_cache,0.05750000127591193,1.3988792818552787,1
iris_binary,3,iris_binary|3|44,no_order,0.031100000342121348,1.3988792818552787,1
iris_binary,3,iris_binary|3|44,no_pruning,0.03730000025825575,1.3988792818552787,1
iris_binary,4,iris_binary|4|0,full,0.07779999941703863,0.4365946832935571,1
iris_binary,4,iris_binary|4|0,no_cache,0.06930000017746352,0.4365946832935571,1
iris_binary,4,iris_binary|4|0,no_order,0.03429999924264848,0.4365946832935571,1
iris_binary,4,iris_binary|4|0,no_pruning,0.04149999949731864,0.4365946832935571,1
iris_binary,4,iris_binary|4|1,full,0.04879999869444873,0.7858696124054209,1
iris_binary,4,iris_binary|4|1,no_cache,0.059100000726175494,0.7858696124054209,1
iris_binary,4,iris_binary|4|1,no_order,0.029800001357216388,0.7858696124054209,1
iris_binary,4,iris_binary|4|1,no_pruning,0.03699999979289714,0.7858696124054209,1
iris_binary,4,iris_binary|4|2,full,0.043799998820759356,2.4158182377866613,1
iris_binary,4,iris_binary|4|2,no_cache,0.05500000042957254,2.4158182377866613,1
iris_binary,4,iris_binary|4|2,no_order,0.029499999072868377,2.4158182377866613,1
iris_binary,4,iris_binary|4|2,no_pruning,0.036299999919719994,2.4158182377866613,1
iris_binary,4,iris_binary|4|3,full,0.04179999996267725,1.775480867748245,1
iris_binary,4,iris_binary|4|3,no_cache,0.053499999921768904,1.775480867748245,1
iris_binary,4,iris_binary|4|3,no_order,0.029400000130408444,1.775480867748245,1
iris_binary,4,iris_binary|4|3,no_pruning,0.044299998990027234,1.775480867748245,1
iris_binary,4,iris_binary|4|4,full,0.04149999949731864,1.0187185213392076,1
iris_binary,4,iris_binary|4|4,no_cache,0.052800000048591755,1.0187185213392076,1
iris_binary,4,iris_binary|4|4,no_order,0.028899999961140566,1.0187185213392076,1
iris_binary,4,iris_binary|4|4,no_pruning,0.03470000046945643,1.0187185213392076,1
iris_binary,4,iris_binary|4|5,full,0.04090000038559083,0.9022935449685863,1
iris_binary,4,iris_binary|4|5,no_cache,0.053499999921768904,0.9022935449685863,1
iris_binary,4,iris_binary|4|5,no_order,0.02879999919969123,0.9022935449685863,1
iris_binary,4,iris_binary|4|5,no_pruning,0.03470000046945643,0.9022935449685863,1
iris_binary,4,iris_binary|4|6,full,0.04099999932805076,2.2411807732307296,1
iris_binary,4,iris_binary|4|6,no_cache,0.053499999921768904,2.2411807732307296,1
iris_binary,4,iris_binary|4|6,no_order,0.029299999368959107,2.2411807732307296,1
iris_binary,4,iris_binary|4|6,no_pruning,0.03789999936998356,2.2411807732307296,1
iris_binary,4,iris_binary|4|7,full,0.04179999996267725,0.9605060331538966,1
iris_binary,4,iris_binary|4|7,no_cache,0.05370000144466758,0.9605060331538966,1
iris_binary,4,iris_binary|4|7,no_order,0.031100000342121348,0.9605060331538966,1
iris_binary,4,iris_binary|4|7,no_pruning,0.03570000080799218,0.9605060331538966,1
iris_binary,4,iris_binary|4|8,full,0.04070000068168156,1.7172683795629347,1
iris_binary,4,iris_binary|4|8,no_cache,0.05819999933009967,1.7172683795629347,1
iris_binary,4,iris_binary|4|8,no_order,0.03839999953925144,1.7172683795629347,1
iris_binary,4,iris_binary|4|8,no_pruning,0.0397000003431458,1.7172683795629347,1
iris_binary,4,iris_binary|4|9,full,0.04309999894758221,0.9605060331538966,1
iris_binary,4,iris_binary|4|9,no_cache,0.05529999907594174,0.9605060331538966,1
iris_binary,4,iris_binary|4|9,no_order,0.030899998819222674,0.9605060331538966,1
iris_binary,4,iris_binary|4|9,no_pruning,0.036100000215810724,0.9605060331538966,1
iris_binary,4,iris_binary|4|10,full,0.04459999945538584,0.9022935449685863,1
iris_binary,4,iris_binary|4|10,no_cache,0.056599999879836105,0.9022935449685863,1
iris_binary,4,iris_binary|4|10,no_order,0.0304000004689442,0.9022935449685863,1
iris_binary,4,iris_binary|4|10,no_pruning,0.03780000042752363,0.9022935449685863,1
iris_binary,4,iris_binary|4|11,full,0.0503999999637017,1.8336933559335555,1
iris_binary,4,iris_binary|4|11,no_cache,0.05539999983739108,1.8336933559335555,1
iris_binary,4,iris_binary|4|11,no_order,0.029499999072868377,1.8336933559335555,1
iris_binary,4,iris_binary|4|11,no_pruning,0.03530000140017364,1.8336933559335555,1
iris_binary,4,iris_binary|4|12,full,0.043000000005122274,0.6112321478494892,1
iris_binary,4,iris_binary|4|12,no_cache,0.0548999996681232,0.6112321478494892,1
iris_binary,4,iris_binary|4|12,no_order,0.029200000426499173,0.6112321478494892,1
iris_binary,4,iris_binary|4|12,no_pruning,0.0349000001733657,0.6112321478494892,1
iris_binary,4,iris_binary|4|13,full,0.04169999920122791,1.3097809622657604,1
iris_binary,4,iris_binary|4|13,no_cache,0.05310000051395036,1.3097809622657604,1
iris_binary,4,iris_binary|4|13,no_order,0.029099999665049836,1.3097809622657604,1
iris_binary,4,iris_binary|4|13,no_pruning,0.03380000089237001,1.3097809622657604,1
iris_binary,4,iris_binary|4|14,full,0.04199999966658652,0.6694446360347998,1
iris_binary,4,iris_binary|4|14,no_cache,0.05229999987932388,0.6694446360347998,1
iris_binary,4,iris_binary|4|14,no_order,0.029200000426499173,0.6694446360347998,1
iris_binary,4,iris_binary|4|14,no_pruning,0.032500000088475645,0.6694446360347998,1
iris_binary,4,iris_binary|4|15,full,0.04270000135875307,0.8440810567832756,1
iris_binary,4,iris_binary|4|15,no_cache,0.05520000013348181,0.8440810567832756,1
iris_binary,4,iris_binary|4|15,no_order,0.030399998649954796,0.8440810567832756,1
iris_binary,4,iris_binary|4|15,no_pruning,0.03529999958118424,0.8440810567832756,1
iris_binary,4,iris_binary|4|16,full,0.04070000068168156,1.484418426821692,1
iris_binary,4,iris_binary|4|16,no_cache,0.050799999371520244,1.484418426821692,1
iris_binary,4,iris_binary|4|16,no_order,0.030299999707494862,1.484418426821692,1
iris_binary,4,iris_binary|4|16,no_pruning,0.03409999953873921,1.484418426821692,1
iris_binary,4,iris_binary|4|17,full,0.04070000068168156,1.8336933559335555,1
iris_binary,4,iris_binary|4|17,no_cache,0.05090000013296958,1.8336933559335555,1
iris_binary,4,iris_binary|4|17,no_order,0.027100000806967728,1.8336933559335555,1
iris_binary,4,iris_binary|4|17,no_pruning,0.03199999991920777,1.8336933559335555,1
iris_binary,4,iris_binary|4|18,full,0.039399999877787195,1.426205938636382,1
iris_binary,4,iris_binary|4|18,no_cache,0.05050000072515104,1.426205938636382,1
iris_binary,4,iris_binary|4|18,no_order,0.027599999157246202,1.426205938636382,1
iris_binary,4,iris_binary|4|18,no_pruning,0.032899999496294186,1.426205938636382,1
iris_binary,4,iris_binary|4|19,full,0.03929999911633786,1.1933559858951392,1
iris_binary,4,iris_binary|4|19,no_cache,0.049199999921256676,1.1933559858951392,1
iris_binary,4,iris_binary|4|19,no_order,0.028000000384054147,1.1933559858951392,1
iris_binary,4,iris_binary|4|19,no_pruning,0.03170000127283856,1.1933559858951392,1
iris_binary,4,iris_binary|4|20,full,0.03820000165433157,0.5530196596641784,1
iris_binary,4,iris_binary|4|20,no_cache,0.05250000140222255,0.5530196596641784,1
iris_binary,4,iris_binary|4|20,no_order,0.029400000130408444,0.5530196596641784,1
iris_binary,4,iris_binary|4|20,no_pruning,0.034100001357728615,0.5530196596641784,1
iris_binary,4,iris_binary|4|21,full,0.03990000004705507,1.9501183323041766,1
iris_binary,4,iris_binary|4|21,no_cache,0.05340000097930897,1.9501183323041766,1
iris_binary,4,iris_binary|4|21,no_order,0.027399999453336932,1.9501183323041766,1
iris_binary,4,iris_binary|4|21,no_pruning,0.03389999983482994,1.9501183323041766,1
iris_binary,4,iris_binary|4|22,full,0.04160000025876798,1.3097809622657604,1
iris_binary,4,iris_binary|4|22,no_cache,0.05690000034519471,1.3097809622657604,1
iris_binary,4,iris_binary|4|22,no_order,0.03099999958067201,1.3097809622657604,1
iris_binary,4,iris_binary|4|22,no_pruning,0.03590000051190145,1.3097809622657604,1
iris_binary,4,iris_binary|4|23,full,0.04540000009001233,1.0187185213392076,1
iris_binary,4,iris_binary|4|23,no_cache,0.059899999541812576,1.0187185213392076,1
iris_binary,4,iris_binary|4|23,no_order,0.03189999915775843,1.0187185213392076,1
iris_binary,4,iris_binary|4|23,no_pruning,0.03580000156944152,1.0187185213392076,1
iris_binary,4,iris_binary|4|24,full,0.04079999962414149,2.4740307259719723,1
iris_binary,4,iris_binary|4|24,no_cache,0.05129999954078812,2.4740307259719723,1
iris_binary,4,iris_binary|4|24,no_order,0.028800001018680632,2.4740307259719723,1
iris_binary,4,iris_binary|4|24,no_pruning,0.04910000097879674,2.4740307259719723,1
iris_binary,4,iris_binary|4|25,full,0.042300000131945126,1.9501183323041766,1
iris_binary,4,iris_binary|4|25,no_cache,0.05379999856813811,1.9501183323041766,1
iris_binary,4,iris_binary|4|25,no_order,0.02719999974942766,1.9501183323041766,1
iris_binary,4,iris_binary|4|25,no_pruning,0.03330000072310213,1.9501183323041766,1
iris_binary,4,iris_binary|4|26,full,0.039000000469968654,2.066543308674798,1
iris_binary,4,iris_binary|4|26,no_cache,0.056599999879836105,2.066543308674798,1
iris_binary,4,iris_binary|4|26,no_order,0.02680000034160912,2.066543308674798,1
iris_binary,4,iris_binary|4|26,no_pruning,0.03259999903093558,2.066543308674798,1
iris_binary,4,iris_binary|4|27,full,0.039000000469968654,1.5426309150070026,1
iris_binary,4,iris_binary|4|27,no_cache,0.05050000072515104,1.5426309150070026,1
iris_binary,4,iris_binary|4|27,no_order,0.02829999903042335,1.5426309150070026,1
iris_binary,4,iris_binary|4|27,no_pruning,0.035200000638724305,1.5426309150070026,1
iris_binary,4,iris_binary|4|28,full,0.04040000021632295,0.4948071714788679,1
iris_binary,4,iris_binary|4|28,no_cache,0.05080000119050965,0.4948071714788679,1
iris_binary,4,iris_binary|4|28,no_order,0.028200000087963417,0.4948071714788679,1
iris_binary,4,iris_binary|4|28,no_pruning,0.03239999932702631,0.4948071714788679,1
iris_binary,4,iris_binary|4|29,full,0.042100000428035855,0.3201697069229362,1
iris_binary,4,iris_binary|4|29,no_cache,0.05609999971056823,0.3201697069229362,1
iris_binary,4,iris_binary|4|29,no_order,0.03189999915775843,0.3201697069229362,1
iris_binary,4,iris_binary|4|29,no_pruning,0.038300000596791506,0.3201697069229362,1
iris_binary,4,iris_binary|4|30,full,0.043799998820759356,0.6112321478494892,1
iris_binary,4,iris_binary|4|30,no_cache,0.05270000110613182,0.6112321478494892,1
iris_binary,4,iris_binary|4|30,no_order,0.028800001018680632,0.6112321478494892,1
iris_binary,4,iris_binary|4|30,no_pruning,0.032500000088475645,0.6112321478494892,1
iris_binary,4,iris_binary|4|31,full,0.04000000080850441,0.5530196596641784,1
iris_binary,4,iris_binary|4|31,no_cache,0.04939999962516595,0.5530196596641784,1
iris_binary,4,iris_binary|4|31,no_order,0.027399999453336932,0.5530196596641784,1
iris_binary,4,iris_binary|4|31,no_pruning,0.03310000101919286,0.5530196596641784,1
iris_binary,4,iris_binary|4|32,full,0.03809999907389283,0.8440821005907314,1
iris_binary,4,iris_binary|4|32,no_cache,0.049899999794433825,0.8440821005907314,1
iris_binary,4,iris_binary|4|32,no_order,0.02769999991869554,0.8440821005907314,1
iris_binary,4,iris_binary|4|32,no_pruning,0.03199999991920777,0.8440821005907314,1
iris_binary,4,iris_binary|4|33,full,0.0380000001314329,0.5530196596641784,1
iris_binary,4,iris_binary|4|33,no_cache,0.049199999921256676,0.5530196596641784,1
iris_binary,4,iris_binary|4|33,no_order,0.02660000063769985,0.5530196596641784,1
iris_binary,4,iris_binary|4|33,no_pruning,0.032699999792384915,0.5530196596641784,1
iris_binary,4,iris_binary|4|34,full,0.03870000000461005,2.008330820489488,1
iris_binary,4,iris_binary|4|34,no_cache,0.04980000085197389,2.008330820489488,1
iris_binary,4,iris_binary|4|34,no_order,0.027200001568417065,2.008330820489488,1
iris_binary,4,iris_binary|4|34,no_pruning,0.03259999903093558,2.008330820489488,1
iris_binary,4,iris_binary|4|35,full,0.03889999970851932,0.5530196596641784,1
iris_binary,4,iris_binary|4|35,no_cache,0.04930000068270601,0.5530196596641784,1
iris_binary,4,iris_binary|4|35,no_order,0.028000000384054147,0.5530196596641784,1
iris_binary,4,iris_binary|4|35,no_pruning,0.032300000384566374,0.5530196596641784,1
iris_binary,4,iris_binary|4|36,full,0.03909999941242859,1.775480867748245,1
iris_binary,4,iris_binary|4|36,no_cache,0.049700000090524554,1.775480867748245,1
iris_binary,4,iris_binary|4|36,no_order,0.026699999580159783,1.775480867748245,1
iris_binary,4,iris_binary|4|36,no_pruning,0.03149999974993989,1.775480867748245,1
iris_binary,4,iris_binary|4|37,full,0.039599999581696466,0.785868568597965,1
iris_binary,4,iris_binary|4|37,no_cache,0.049700000090524554,0.785868568597965,1
iris_binary,4,iris_binary|4|37,no_order,0.02700000004551839,0.785868568597965,1
iris_binary,4,iris_binary|4|37,no_pruning,0.032699999792384915,0.785868568597965,1
iris_binary,4,iris_binary|4|38,full,0.039000000469968654,2.008330820489488,1
iris_binary,4,iris_binary|4|38,no_cache,0.049500000386615284,2.008330820489488,1
iris_binary,4,iris_binary|4|38,no_order,0.027400001272326335,2.008330820489488,1
iris_binary,4,iris_binary|4|38,no_pruning,0.03300000025774352,2.008330820489488,1
iris_binary,4,iris_binary|4|39,full,0.0411000000895001,0.6112321478494892,1
iris_binary,4,iris_binary|4|39,no_cache,0.04920000174024608,0.6112321478494892,1
iris_binary,4,iris_binary|4|39,no_order,0.027599999157246202,0.6112321478494892,1
iris_binary,4,iris_binary|4|39,no_pruning,0.03260000084992498,0.6112321478494892,1
iris_binary,4,iris_binary|4|40,full,0.039200000173877925,0.6694446360347998,1
iris_binary,4,iris_binary|4|40,no_cache,0.05020000025979243,0.6694446360347998,1
iris_binary,4,iris_binary|4|40,no_order,0.02769999991869554,0.6694446360347998,1
iris_binary,4,iris_binary|4|40,no_pruning,0.031200001103570685,0.6694446360347998,1
iris_binary,4,iris_binary|4|41,full,0.03990000004705507,1.2515684740804496,1
iris_binary,4,iris_binary|4|41,no_cache,0.049199999921256676,1.2515684740804496,1
iris_binary,4,iris_binary|4|41,no_order,0.02789999962260481,1.2515684740804496,1
iris_binary,4,iris_binary|4|41,no_pruning,0.031600000511389226,1.2515684740804496,1
iris_binary,4,iris_binary|4|42,full,0.03769999966607429,1.1933559858951392,1
iris_binary,4,iris_binary|4|42,no_cache,0.052200000936863944,1.1933559858951392,1
iris_binary,4,iris_binary|4|42,no_order,0.028500000553322025,1.1933559858951392,1
iris_binary,4,iris_binary|4|42,no_pruning,0.03459999970800709,1.1933559858951392,1
iris_binary,4,iris_binary|4|43,full,0.04179999996267725,1.7172683795629347,1
iris_binary,4,iris_binary|4|43,no_cache,0.05090000013296958,1.7172683795629347,1
iris_binary,4,iris_binary|4|43,no_order,0.027800000680144876,1.7172683795629347,1
iris_binary,4,iris_binary|4|43,no_pruning,0.032899999496294186,1.7172683795629347,1
iris_binary,4,iris_binary|4|44,full,0.039399999877787195,0.5530196596641784,1
iris_binary,4,iris_binary|4|44,no_cache,0.05129999954078812,0.5530196596641784,1
iris_binary,4,iris_binary|4|44,no_order,0.028599999495781958,0.5530196596641784,1
iris_binary,4,iris_binary|4|44,no_pruning,0.033599999369471334,0.5530196596641784,1
digits_0_vs_1,0,digits_0_vs_1|0|0,full,0.07819999882485718,1.0299382092499623,1
digits_0_vs_1,0,digits_0_vs_1|0|0,no_cache,0.0763000007282244,1.0299382092499623,1
digits_0_vs_1,0,digits_0_vs_1|0|0,no_order,0.07099999857018702,1.0299382092499623,1
digits_0_vs_1,0,digits_0_vs_1|0|0,no_pruning,0.0822000001790002,1.0299382092499623,1
digits_0_vs_1,0,digits_0_vs_1|0|1,full,0.07879999975557439,1.853888760564446,1
digits_0_vs_1,0,digits_0_vs_1|0|1,no_cache,0.09330000102636404,1.853888760564446,1
digits_0_vs_1,0,digits_0_vs_1|0|1,no_order,0.07379999988188501,1.853888760564446,1
digits_0_vs_1,0,digits_0_vs_1|0|1,no_pruning,0.07970000115165021,1.853888760564446,1
digits_0_vs_1,0,digits_0_vs_1|0|2,full,0.07310000000870787,1.0299382092499623,1
digits_0_vs_1,0,digits_0_vs_1|0|2,no_cache,0.09139999929175247,1.0299382092499623,1
digits_0_vs_1,0,digits_0_vs_1|0|2,no_order,0.06749999920430128,1.0299382092499623,1
digits_0_vs_1,0,digits_0_vs_1|0|2,no_pruning,0.07949999962875154,1.0299382092499623,1
digits_0_vs_1,0,digits_0_vs_1|0|3,full,0.04670000089390669,0.06870335800922334,1
digits_0_vs_1,0,digits_0_vs_1|0|3,no_cache,0.07670000013604295,0.06870335800922334,1
digits_0_vs_1,0,digits_0_vs_1|0|3,no_order,0.07170000026235357,0.06870335800922334,1
digits_0_vs_1,0,digits_0_vs_1|0|3,no_pruning,0.07659999937459361,0.06870335800922334,1
digits_0_vs_1,0,digits_0_vs_1|0|4,full,0.06789999861211982,1.716563668678699,1
digits_0_vs_1,0,digits_0_vs_1|0|4,no_cache,0.08770000022195745,1.716563668678699,1
digits_0_vs_1,0,digits_0_vs_1|0|4,no_order,0.06620000021939632,1.716563668678699,1
digits_0_vs_1,0,digits_0_vs_1|0|4,no_pruning,0.07549999827460852,1.716563668678699,1
digits_0_vs_1,0,digits_0_vs_1|0|5,full,0.042300000131945126,0.06866352583601643,1
digits_0_vs_1,0,digits_0_vs_1|0|5,no_cache,0.06150000081106555,0.06866352583601643,1
digits_0_vs_1,0,digits_0_vs_1|0|5,no_order,0.061499998992076144,0.06866352583601643,1
digits_0_vs_1,0,digits_0_vs_1|0|5,no_pruning,0.07449999975506216,0.06866352583601643,1
digits_0_vs_1,0,digits_0_vs_1|0|6,full,0.06689999827358406,2.128538944335941,1
digits_0_vs_1,0,digits_0_vs_1|0|6,no_cache,0.08650000017951243,2.128538944335941,1
digits_0_vs_1,0,digits_0_vs_1|0|6,no_order,0.06650000068475492,2.128538944335941,1
digits_0_vs_1,0,digits_0_vs_1|0|6,no_pruning,0.07550000009359792,2.128538944335941,1
digits_0_vs_1,0,digits_0_vs_1|0|7,full,0.0439000014011981,0.21724455259561262,1
digits_0_vs_1,0,digits_0_vs_1|0|7,no_cache,0.06269999903452117,0.21724455259561262,1
digits_0_vs_1,0,digits_0_vs_1|0|7,no_order,0.0686999992467463,0.21724455259561262,1
digits_0_vs_1,0,digits_0_vs_1|0|7,no_pruning,0.07730000106676016,0.21724455259561262,1
digits_0_vs_1,0,digits_0_vs_1|0|8,full,0.06790000043110922,2.128538944335941,1
digits_0_vs_1,0,digits_0_vs_1|0|8,no_cache,0.08859999979904387,2.128538944335941,1
digits_0_vs_1,0,digits_0_vs_1|0|8,no_order,0.07240000013553072,2.128538944335941,1
digits_0_vs_1,0,digits_0_vs_1|0|8,no_pruning,0.07550000009359792,2.128538944335941,1
digits_0_vs_1,0,digits_0_vs_1|0|9,full,0.04310000076657161,1.4419134849072042,1
digits_0_vs_1,0,digits_0_vs_1|0|9,no_cache,0.0624999993306119,1.4419134849072042,1
digits_0_vs_1,0,digits_0_vs_1|0|9,no_order,0.06359999861160759,1.4419134849072042,1
digits_0_vs_1,0,digits_0_vs_1|0|9,no_pruning,0.07350000123551581,1.4419134849072042,1
digits_0_vs_1,0,digits_0_vs_1|0|10,full,0.04350000017439015,0.21724455259561262,1
digits_0_vs_1,0,digits_0_vs_1|0|10,no_cache,0.062000000980333425,0.21724455259561262,1
digits_0_vs_1,0,digits_0_vs_1|0|10,no_order,0.06749999920430128,0.21724455259561262,1
digits_0_vs_1,0,digits_0_vs_1|0|10,no_pruning,0.11219999942113645,0.21724455259561262,1
digits_0_vs_1,0,digits_0_vs_1|0|11,full,0.04910000097879674,0.21724455259561262,1
digits_0_vs_1,0,digits_0_vs_1|0|11,no_cache,0.06539999958476983,0.21724455259561262,1
digits_0_vs_1,0,digits_0_vs_1|0|11,no_order,0.0715000005584443,0.21724455259561262,1
digits_0_vs_1,0,digits_0_vs_1|0|11,no_pruning,0.07760000153211877,0.21724455259561262,1
digits_0_vs_1,0,digits_0_vs_1|0|12,full,0.04400000034365803,1.853888760564446,1
digits_0_vs_1,0,digits_0_vs_1|0|12,no_cache,0.16449999930046033,1.853888760564446,1
digits_0_vs_1,0,digits_0_vs_1|0|12,no_order,0.07129999903554562,1.853888760564446,1
digits_0_vs_1,0,digits_0_vs_1|0|12,no_pruning,0.08100000013655517,1.853888760564446,1
digits_0_vs_1,0,digits_0_vs_1|0|13,full,0.07890000051702373,1.853888760564446,1
digits_0_vs_1,0,digits_0_vs_1|0|13,no_cache,0.1005000012810342,1.853888760564446,1
digits_0_vs_1,0,digits_0_vs_1|0|13,no_order,0.07809999988239724,1.853888760564446,1
digits_0_vs_1,0,digits_0_vs_1|0|13,no_pruning,0.08379999962926377,1.853888760564446,1
digits_0_vs_1,0,digits_0_vs_1|0|14,full,0.04850000004807953,0.21724455259561262,1
digits_0_vs_1,0,digits_0_vs_1|0|14,no_cache,0.07550000009359792,0.21724455259561262,1
digits_0_vs_1,0,digits_0_vs_1|0|14,no_order,0.07559999903605785,0.21724455259561262,1
digits_0_vs_1,0,digits_0_vs_1|0|14,no_pruning,0.07929999992484227,0.21724455259561262,1
digits_0_vs_1,0,digits_0_vs_1|0|15,full,0.04640000042854808,0.09713305916101277,1
digits_0_vs_1,0,digits_0_vs_1|0|15,no_cache,0.06460000076913275,0.09713305916101277,1
digits_0_vs_1,0,digits_0_vs_1|0|15,no_order,0.06949999988137279,0.09713305916101277,1
digits_0_vs_1,0,digits_0_vs_1|0|15,no_pruning,0.07709999954386149,0.09713305916101277,1
digits_0_vs_1,0,digits_0_vs_1|0|16,full,0.07159999950090423,1.716563668678699,1
digits_0_vs_1,0,digits_0_vs_1|0|16,no_cache,0.08829999933368526,1.716563668678699,1
digits_0_vs_1,0,digits_0_vs_1|0|16,no_order,0.07879999975557439,1.716563668678699,1
digits_0_vs_1,0,digits_0_vs_1|0|16,no_pruning,0.0776999986555893,1.716563668678699,1
digits_0_vs_1,0,digits_0_vs_1|0|17,full,0.04580000131682027,0.06866352583601643,1
digits_0_vs_1,0,digits_0_vs_1|0|17,no_cache,0.06409999878087547,0.06866352583601643,1
digits_0_vs_1,0,digits_0_vs_1|0|17,no_order,0.06659999962721486,0.06866352583601643,1
digits_0_vs_1,0,digits_0_vs_1|0|17,no_pruning,0.08160000106727239,0.06866352583601643,1
digits_0_vs_1,0,digits_0_vs_1|0|18,full,0.04859999899053946,0.21724455259561262,1
digits_0_vs_1,0,digits_0_vs_1|0|18,no_cache,0.07279999954334926,0.21724455259561262,1
digits_0_vs_1,0,digits_0_vs_1|0|18,no_order,0.07990000085555948,0.21724455259561262,1
digits_0_vs_1,0,digits_0_vs_1|0|18,no_pruning,0.07969999933266081,0.21724455259561262,1
digits_0_vs_1,0,digits_0_vs_1|0|19,full,0.07240000013553072,2.128538944335941,1
digits_0_vs_1,0,digits_0_vs_1|0|19,no_cache,0.09189999946102034,2.128538944335941,1
digits_0_vs_1,0,digits_0_vs_1|0|19,no_order,0.07550000009359792,2.128538944335941,1
digits_0_vs_1,0,digits_0_vs_1|0|19,no_pruning,0.0808000004326459,2.128538944335941,1
digits_0_vs_1,0,digits_0_vs_1|0|20,full,0.04689999877882656,0.21724455259561262,1
digits_0_vs_1,0,digits_0_vs_1|0|20,no_cache,0.06810000013501849,0.21724455259561262,1
digits_0_vs_1,0,digits_0_vs_1|0|20,no_order,0.07100000038917642,0.21724455259561262,1
digits_0_vs_1,0,digits_0_vs_1|0|20,no_pruning,0.07730000106676016,0.21724455259561262,1
digits_0_vs_1,0,digits_0_vs_1|0|21,full,0.06829999983892776,1.853888760564446,1
digits_0_vs_1,0,digits_0_vs_1|0|21,no_cache,0.09039999895321671,1.853888760564446,1
digits_0_vs_1,0,digits_0_vs_1|0|21,no_order,0.06829999983892776,1.853888760564446,1
digits_0_vs_1,0,digits_0_vs_1|0|21,no_pruning,0.07520000144722871,1.853888760564446,1
digits_0_vs_1,0,digits_0_vs_1|0|22,full,0.07310000000870787,2.128538944335941,1
digits_0_vs_1,0,digits_0_vs_1|0|22,no_cache,0.11640000047918875,2.128538944335941,1
digits_0_vs_1,0,digits_0_vs_1|0|22,no_order,0.07730000106676016,2.128538944335941,1
digits_0_vs_1,0,digits_0_vs_1|0|22,no_pruning,0.08619999971415382,2.128538944335941,1
digits_0_vs_1,0,digits_0_vs_1|0|23,full,0.04799999987881165,0.06866352583601643,1
digits_0_vs_1,0,digits_0_vs_1|0|23,no_cache,0.0684000006003771,0.06866352583601643,1
digits_0_vs_1,0,digits_0_vs_1|0|23,no_order,0.06860000030428637,0.06866352583601643,1
digits_0_vs_1,0,digits_0_vs_1|0|23,no_pruning,0.08299999899463728,0.06866352583601643,1
digits_0_vs_1,0,digits_0_vs_1|0|24,full,0.19439999960013665,0.06866352583601643,1
digits_0_vs_1,0,digits_0_vs_1|0|24,no_cache,0.10760000077425502,0.06866352583601643,1
digits_0_vs_1,0,digits_0_vs_1|0|24,no_order,0.08259999958681874,0.06866352583601643,1
digits_0_vs_1,0,digits_0_vs_1|0|24,no_pruning,0.09539999882690609,0.06866352583601643,1
digits_0_vs_1,0,digits_0_vs_1|0|25,full,0.058700001318356954,1.304588393021457,1
digits_0_vs_1,0,digits_0_vs_1|0|25,no_cache,0.07779999941703863,1.304588393021457,1
digits_0_vs_1,0,digits_0_vs_1|0|25,no_order,0.06920000123500358,1.304588393021457,1
digits_0_vs_1,0,digits_0_vs_1|0|25,no_pruning,0.08030000026337802,1.304588393021457,1
digits_0_vs_1,0,digits_0_vs_1|0|26,full,0.07519999962823931,2.128538944335941,1
digits_0_vs_1,0,digits_0_vs_1|0|26,no_cache,0.0957000011112541,2.128538944335941,1
digits_0_vs_1,0,digits_0_vs_1|0|26,no_order,0.06899999971210491,2.128538944335941,1
digits_0_vs_1,0,digits_0_vs_1|0|26,no_pruning,0.07870000081311446,2.128538944335941,1
digits_0_vs_1,0,digits_0_vs_1|0|27,full,0.05000000055588316,0.11569910388582368,1
digits_0_vs_1,0,digits_0_vs_1|0|27,no_cache,0.06719999873894267,0.11569910388582368,1
digits_0_vs_1,0,digits_0_vs_1|0|27,no_order,0.07449999975506216,0.11569910388582368,1
digits_0_vs_1,0,digits_0_vs_1|0|27,no_pruning,0.07839999852876645,0.11569910388582368,1
digits_0_vs_1,0,digits_0_vs_1|0|28,full,0.07310000000870787,2.128538944335941,1
digits_0_vs_1,0,digits_0_vs_1|0|28,no_cache,0.08920000072976109,2.128538944335941,1
digits_0_vs_1,0,digits_0_vs_1|0|28,no_order,0.06749999920430128,2.128538944335941,1
digits_0_vs_1,0,digits_0_vs_1|0|28,no_pruning,0.07680000089749228,2.128538944335941,1
digits_0_vs_1,0,digits_0_vs_1|0|29,full,0.04579999949783087,0.21724455259561262,1
digits_0_vs_1,0,digits_0_vs_1|0|29,no_cache,0.06949999988137279,0.21724455259561262,1
digits_0_vs_1,0,digits_0_vs_1|0|29,no_order,0.06919999941601418,0.21724455259561262,1
digits_0_vs_1,0,digits_0_vs_1|0|29,no_pruning,0.07900000127847306,0.21724455259561262,1
digits_0_vs_1,0,digits_0_vs_1|0|30,full,0.04529999932856299,0.06866256604973087,1
digits_0_vs_1,0,digits_0_vs_1|0|30,no_cache,0.06380000013450626,0.06866256604973087,1
digits_0_vs_1,0,digits_0_vs_1|0|30,no_order,0.06349999966914766,0.06866256604973087,1
digits_0_vs_1,0,digits_0_vs_1|0|30,no_pruning,0.07670000013604295,0.06866256604973087,1
digits_0_vs_1,0,digits_0_vs_1|0|31,full,0.06860000030428637,2.128538944335941,1
digits_0_vs_1,0,digits_0_vs_1|0|31,no_cache,0.09169999975711107,2.128538944335941,1
digits_0_vs_1,0,digits_0_vs_1|0|31,no_order,0.06889999895065557,2.128538944335941,1
digits_0_vs_1,0,digits_0_vs_1|0|31,no_pruning,0.07790000017848797,2.128538944335941,1
digits_0_vs_1,0,digits_0_vs_1|0|32,full,0.07080000068526715,2.128538944335941,1
digits_0_vs_1,0,digits_0_vs_1|0|32,no_cache,0.09069999941857532,2.128538944335941,1
digits_0_vs_1,0,digits_0_vs_1|0|32,no_order,0.12100000094505958,2.128538944335941,1
digits_0_vs_1,0,digits_0_vs_1|0|32,no_pruning,0.10409999958937988,2.128538944335941,1
digits_0_vs_1,0,digits_0_vs_1|0|33,full,0.0760000002628658,0.21724455259561262,1
digits_0_vs_1,0,digits_0_vs_1|0|33,no_cache,0.09129999853030313,0.21724455259561262,1
digits_0_vs_1,0,digits_0_vs_1|0|33,no_order,0.08000000161700882,0.21724455259561262,1
digits_0_vs_1,0,digits_0_vs_1|0|33,no_pruning,0.08419999903708231,0.21724455259561262,1
digits_0_vs_1,0,digits_0_vs_1|0|34,full,0.05399999827204738,1.0299382092499623,1
digits_0_vs_1,0,digits_0_vs_1|0|34,no_cache,0.07250000089698005,1.0299382092499623,1
digits_0_vs_1,0,digits_0_vs_1|0|34,no_order,0.06820000089646783,1.0299382092499623,1
digits_0_vs_1,0,digits_0_vs_1|0|34,no_pruning,0.08200000047509093,1.0299382092499623,1
digits_0_vs_1,0,digits_0_vs_1|0|35,full,0.07439999899361283,1.5792385767929515,1
digits_0_vs_1,0,digits_0_vs_1|0|35,no_cache,0.09959999988495838,1.5792385767929515,1
digits_0_vs_1,0,digits_0_vs_1|0|35,no_order,0.06990000110818073,1.5792385767929515,1
digits_0_vs_1,0,digits_0_vs_1|0|35,no_pruning,0.09990000035031699,1.5792385767929515,1
digits_0_vs_1,0,digits_0_vs_1|0|36,full,0.05830000009154901,0.21724455259561262,1
digits_0_vs_1,0,digits_0_vs_1|0|36,no_cache,0.06880000000819564,0.21724455259561262,1
digits_0_vs_1,0,digits_0_vs_1|0|36,no_order,0.0748999991628807,0.21724455259561262,1
digits_0_vs_1,0,digits_0_vs_1|0|36,no_pruning,0.08309999975608662,0.21724455259561262,1
digits_0_vs_1,0,digits_0_vs_1|0|37,full,0.08000000161700882,2.128538944335941,1
digits_0_vs_1,0,digits_0_vs_1|0|37,no_cache,0.10479999946255703,2.128538944335941,1
digits_0_vs_1,0,digits_0_vs_1|0|37,no_order,0.07369999912043568,2.128538944335941,1
digits_0_vs_1,0,digits_0_vs_1|0|37,no_pruning,0.08460000026389025,2.128538944335941,1
digits_0_vs_1,0,digits_0_vs_1|0|38,full,0.07950000144774094,2.128538944335941,1
digits_0_vs_1,0,digits_0_vs_1|0|38,no_cache,0.10180000026593916,2.128538944335941,1
digits_0_vs_1,0,digits_0_vs_1|0|38,no_order,0.07750000077066943,2.128538944335941,1
digits_0_vs_1,0,digits_0_vs_1|0|38,no_pruning,0.08789999992586672,2.128538944335941,1
digits_0_vs_1,0,digits_0_vs_1|0|39,full,0.08030000026337802,2.128538944335941,1
digits_0_vs_1,0,digits_0_vs_1|0|39,no_cache,0.09990000035031699,2.128538944335941,1
digits_0_vs_1,0,digits_0_vs_1|0|39,no_order,0.07380000170087442,2.128538944335941,1
digits_0_vs_1,0,digits_0_vs_1|0|39,no_pruning,0.08040000102482736,2.128538944335941,1
digits_0_vs_1,0,digits_0_vs_1|0|40,full,0.049899999794433825,0.06866352583601643,1
digits_0_vs_1,0,digits_0_vs_1|0|40,no_cache,0.07089999962772708,0.06866352583601643,1
digits_0_vs_1,0,digits_0_vs_1|0|40,no_order,0.07220000043162145,0.06866352583601643,1
digits_0_vs_1,0,digits_0_vs_1|0|40,no_pruning,0.09270000009564683,0.06866352583601643,1
digits_0_vs_1,0,digits_0_vs_1|0|41,full,0.07960000039020088,2.128538944335941,1
digits_0_vs_1,0,digits_0_vs_1|0|41,no_cache,0.10490000022400636,2.128538944335941,1
digits_0_vs_1,0,digits_0_vs_1|0|41,no_order,0.07779999941703863,2.128538944335941,1
digits_0_vs_1,0,digits_0_vs_1|0|41,no_pruning,0.11029999950551428,2.128538944335941,1
digits_0_vs_1,0,digits_0_vs_1|0|42,full,0.09369999861519318,2.128538944335941,1
digits_0_vs_1,0,digits_0_vs_1|0|42,no_cache,0.12710000009974465,2.128538944335941,1
digits_0_vs_1,0,digits_0_vs_1|0|42,no_order,0.08659999912197236,2.128538944335941,1
digits_0_vs_1,0,digits_0_vs_1|0|42,no_pruning,0.09510000018053688,2.128538944335941,1
digits_0_vs_1,0,digits_0_vs_1|0|43,full,0.056400000175926834,1.853888760564446,1
digits_0_vs_1,0,digits_0_vs_1|0|43,no_cache,0.07809999988239724,1.853888760564446,1
digits_0_vs_1,0,digits_0_vs_1|0|43,no_order,0.07419999928970356,1.853888760564446,1
digits_0_vs_1,0,digits_0_vs_1|0|43,no_pruning,0.088099999629776,1.853888760564446,1
digits_0_vs_1,0,digits_0_vs_1|0|44,full,0.08100000013655517,2.128538944335941,1
digits_0_vs_1,0,digits_0_vs_1|0|44,no_cache,0.11209999865968712,2.128538944335941,1
digits_0_vs_1,0,digits_0_vs_1|0|44,no_order,0.08100000013655517,2.128538944335941,1
digits_0_vs_1,0,digits_0_vs_1|0|44,no_pruning,0.09510000018053688,2.128538944335941,1
digits_0_vs_1,0,digits_0_vs_1|0|45,full,0.051799999710056,1.9912138524501937,1
digits_0_vs_1,0,digits_0_vs_1|0|45,no_cache,0.07220000043162145,1.9912138524501937,1
digits_0_vs_1,0,digits_0_vs_1|0|45,no_order,0.07189999996626284,1.9912138524501937,1
digits_0_vs_1,0,digits_0_vs_1|0|45,no_pruning,0.08400000115216244,1.9912138524501937,1
digits_0_vs_1,0,digits_0_vs_1|0|46,full,0.050799999371520244,1.9912138524501937,1
digits_0_vs_1,0,digits_0_vs_1|0|46,no_cache,0.07879999975557439,1.9912138524501937,1
digits_0_vs_1,0,digits_0_vs_1|0|46,no_order,0.08139999954437371,1.9912138524501937,1
digits_0_vs_1,0,digits_0_vs_1|0|46,no_pruning,0.09339999996882398,1.9912138524501937,1
digits_0_vs_1,0,digits_0_vs_1|0|47,full,0.05650000093737617,0.21724455259561262,1
digits_0_vs_1,0,digits_0_vs_1|0|47,no_cache,0.07469999945897143,0.21724455259561262,1
digits_0_vs_1,0,digits_0_vs_1|0|47,no_order,0.07510000068577938,0.21724455259561262,1
digits_0_vs_1,0,digits_0_vs_1|0|47,no_pruning,0.08400000115216244,0.21724455259561262,1
digits_0_vs_1,0,digits_0_vs_1|0|48,full,0.04669999907491729,0.21724455259561262,1
digits_0_vs_1,0,digits_0_vs_1|0|48,no_cache,0.06850000136182643,0.21724455259561262,1
digits_0_vs_1,0,digits_0_vs_1|0|48,no_order,0.07379999988188501,0.21724455259561262,1
digits_0_vs_1,0,digits_0_vs_1|0|48,no_pruning,0.08560000060242601,0.21724455259561262,1
digits_0_vs_1,0,digits_0_vs_1|0|49,full,0.07809999988239724,0.8926131173642149,1
digits_0_vs_1,0,digits_0_vs_1|0|49,no_cache,0.0973999995039776,0.8926131173642149,1
digits_0_vs_1,0,digits_0_vs_1|0|49,no_order,0.07509999886678997,0.8926131173642149,1
digits_0_vs_1,0,digits_0_vs_1|0|49,no_pruning,0.22760000138077885,0.8926131173642149,1
digits_0_vs_1,0,digits_0_vs_1|0|50,full,0.08689999958733097,0.21724455259561262,1
digits_0_vs_1,0,digits_0_vs_1|0|50,no_cache,0.09210000098391902,0.21724455259561262,1
digits_0_vs_1,0,digits_0_vs_1|0|50,no_order,0.08259999958681874,0.21724455259561262,1
digits_0_vs_1,0,digits_0_vs_1|0|50,no_pruning,0.13889999900129624,0.21724455259561262,1
digits_0_vs_1,0,digits_0_vs_1|0|51,full,0.07960000039020088,1.716563668678699,1
digits_0_vs_1,0,digits_0_vs_1|0|51,no_cache,0.10449999899719842,1.716563668678699,1
digits_0_vs_1,0,digits_0_vs_1|0|51,no_order,0.08140000136336312,1.716563668678699,1
digits_0_vs_1,0,digits_0_vs_1|0|51,no_pruning,0.10920000022451859,1.716563668678699,1
digits_0_vs_1,0,digits_0_vs_1|0|52,full,0.06089999988034833,1.853888760564446,1
digits_0_vs_1,0,digits_0_vs_1|0|52,no_cache,0.07679999907850288,1.853888760564446,1
digits_0_vs_1,0,digits_0_vs_1|0|52,no_order,0.06990000110818073,1.853888760564446,1
digits_0_vs_1,0,digits_0_vs_1|0|52,no_pruning,0.08440000055998098,1.853888760564446,1
digits_0_vs_1,0,digits_0_vs_1|0|53,full,0.08119999984046444,2.128538944335941,1
digits_0_vs_1,0,digits_0_vs_1|0|53,no_cache,0.0988000010693213,2.128538944335941,1
digits_0_vs_1,0,digits_0_vs_1|0|53,no_order,0.07129999903554562,2.128538944335941,1
digits_0_vs_1,0,digits_0_vs_1|0|53,no_pruning,0.08239999988290947,2.128538944335941,1
digits_0_vs_1,0,digits_0_vs_1|0|54,full,0.07450000157405157,2.128538944335941,1
digits_0_vs_1,0,digits_0_vs_1|0|54,no_cache,0.10180000026593916,2.128538944335941,1
digits_0_vs_1,0,digits_0_vs_1|0|54,no_order,0.07259999983943999,2.128538944335941,1
digits_0_vs_1,0,digits_0_vs_1|0|54,no_pruning,0.08130000060191378,2.128538944335941,1
digits_0_vs_1,0,digits_0_vs_1|0|55,full,0.048999998398358,0.06866352583601643,1
digits_0_vs_1,0,digits_0_vs_1|0|55,no_cache,0.07059999916236848,0.06866352583601643,1
digits_0_vs_1,0,digits_0_vs_1|0|55,no_order,0.0684000006003771,0.06866352583601643,1
digits_0_vs_1,0,digits_0_vs_1|0|55,no_pruning,0.08070000149018597,0.06866352583601643,1
digits_0_vs_1,0,digits_0_vs_1|0|56,full,0.04819999958272092,0.21724455259561262,1
digits_0_vs_1,0,digits_0_vs_1|0|56,no_cache,0.06970000140427146,0.21724455259561262,1
digits_0_vs_1,0,digits_0_vs_1|0|56,no_order,0.07019999975454994,0.21724455259561262,1
digits_0_vs_1,0,digits_0_vs_1|0|56,no_pruning,0.08440000055998098,0.21724455259561262,1
digits_0_vs_1,0,digits_0_vs_1|0|57,full,0.05090000013296958,0.21724455259561262,1
digits_0_vs_1,0,digits_0_vs_1|0|57,no_cache,0.06930000017746352,0.21724455259561262,1
digits_0_vs_1,0,digits_0_vs_1|0|57,no_order,0.11230000018258579,0.21724455259561262,1
digits_0_vs_1,0,digits_0_vs_1|0|57,no_pruning,0.4042000000481494,0.21724455259561262,1
digits_0_vs_1,0,digits_0_vs_1|0|58,full,0.09419999878446106,1.0299382092499623,1
digits_0_vs_1,0,digits_0_vs_1|0|58,no_cache,0.10880000081670005,1.0299382092499623,1
digits_0_vs_1,0,digits_0_vs_1|0|58,no_order,0.07639999967068434,1.0299382092499623,1
digits_0_vs_1,0,digits_0_vs_1|0|58,no_pruning,0.08689999958733097,1.0299382092499623,1
digits_0_vs_1,0,digits_0_vs_1|0|59,full,0.13270000090415124,1.304588393021457,1
digits_0_vs_1,0,digits_0_vs_1|0|59,no_cache,0.13869999929738697,1.304588393021457,1
digits_0_vs_1,0,digits_0_vs_1|0|59,no_order,0.07510000068577938,1.304588393021457,1
digits_0_vs_1,0,digits_0_vs_1|0|59,no_pruning,0.08829999933368526,1.304588393021457,1
digits_0_vs_1,0,digits_0_vs_1|0|60,full,0.07949999962875154,2.128538944335941,1
digits_0_vs_1,0,digits_0_vs_1|0|60,no_cache,0.09870000030787196,2.128538944335941,1
digits_0_vs_1,0,digits_0_vs_1|0|60,no_order,0.07889999869803432,2.128538944335941,1
digits_0_vs_1,0,digits_0_vs_1|0|60,no_pruning,0.08449999950244091,2.128538944335941,1
digits_0_vs_1,0,digits_0_vs_1|0|61,full,0.053499999921768904,0.21724455259561262,1
digits_0_vs_1,0,digits_0_vs_1|0|61,no_cache,0.07419999928970356,0.21724455259561262,1
digits_0_vs_1,0,digits_0_vs_1|0|61,no_order,0.07720000030531082,0.21724455259561262,1
digits_0_vs_1,0,digits_0_vs_1|0|61,no_pruning,0.09490000047662761,0.21724455259561262,1
digits_0_vs_1,0,digits_0_vs_1|0|62,full,0.05599999894911889,0.21724455259561262,1
digits_0_vs_1,0,digits_0_vs_1|0|62,no_cache,0.07299999924725853,0.21724455259561262,1
digits_0_vs_1,0,digits_0_vs_1|0|62,no_order,0.07509999886678997,0.21724455259561262,1
digits_0_vs_1,0,digits_0_vs_1|0|62,no_pruning,0.09390000013809185,0.21724455259561262,1
digits_0_vs_1,0,digits_0_vs_1|0|63,full,0.057199998991563916,0.21724455259561262,1
digits_0_vs_1,0,digits_0_vs_1|0|63,no_cache,0.0746000005165115,0.21724455259561262,1
digits_0_vs_1,0,digits_0_vs_1|0|63,no_order,0.07750000077066943,0.21724455259561262,1
digits_0_vs_1,0,digits_0_vs_1|0|63,no_pruning,0.09099999988393392,0.21724455259561262,1
digits_0_vs_1,0,digits_0_vs_1|0|64,full,0.0579999996261904,0.21724455259561262,1
digits_0_vs_1,0,digits_0_vs_1|0|64,no_cache,0.0777000004745787,0.21724455259561262,1
digits_0_vs_1,0,digits_0_vs_1|0|64,no_order,0.08019999950192869,0.21724455259561262,1
digits_0_vs_1,0,digits_0_vs_1|0|64,no_pruning,0.09089999912248459,0.21724455259561262,1
digits_0_vs_1,0,digits_0_vs_1|0|65,full,0.05690000034519471,0.21724455259561262,1
digits_0_vs_1,0,digits_0_vs_1|0|65,no_cache,0.07650000043213367,0.21724455259561262,1
digits_0_vs_1,0,digits_0_vs_1|0|65,no_order,0.07879999975557439,0.21724455259561262,1
digits_0_vs_1,0,digits_0_vs_1|0|65,no_pruning,0.08410000009462237,0.21724455259561262,1
digits_0_vs_1,0,digits_0_vs_1|0|66,full,0.07619999996677507,2.128538944335941,1
digits_0_vs_1,0,digits_0_vs_1|0|66,no_cache,0.09649999992689118,2.128538944335941,1
digits_0_vs_1,0,digits_0_vs_1|0|66,no_order,0.07360000017797574,2.128538944335941,1
digits_0_vs_1,0,digits_0_vs_1|0|66,no_pruning,0.08630000047560316,2.128538944335941,1
digits_0_vs_1,0,digits_0_vs_1|0|67,full,0.05269999928714242,0.21724455259561262,1
digits_0_vs_1,0,digits_0_vs_1|0|67,no_cache,0.07519999962823931,0.21724455259561262,1
digits_0_vs_1,0,digits_0_vs_1|0|67,no_order,0.08779999916441739,0.21724455259561262,1
digits_0_vs_1,0,digits_0_vs_1|0|67,no_pruning,0.08850000085658394,0.21724455259561262,1
digits_0_vs_1,0,digits_0_vs_1|0|68,full,0.08119999984046444,1.716563668678699,1
digits_0_vs_1,0,digits_0_vs_1|0|68,no_cache,0.10370000018156134,1.716563668678699,1
digits_0_vs_1,0,digits_0_vs_1|0|68,no_order,0.08890000026440248,1.716563668678699,1
digits_0_vs_1,0,digits_0_vs_1|0|68,no_pruning,0.1036000012391014,1.716563668678699,1
digits_0_vs_1,0,digits_0_vs_1|0|69,full,0.06089999988034833,0.21724455259561262,1
digits_0_vs_1,0,digits_0_vs_1|0|69,no_cache,0.08609999895270448,0.21724455259561262,1
digits_0_vs_1,0,digits_0_vs_1|0|69,no_order,0.08779999916441739,0.21724455259561262,1
digits_0_vs_1,0,digits_0_vs_1|0|69,no_pruning,0.09700000009615906,0.21724455259561262,1
digits_0_vs_1,1,digits_0_vs_1|1|0,full,0.09649999992689118,0.06812553669990085,1
digits_0_vs_1,1,digits_0_vs_1|1|0,no_cache,0.08280000110971741,0.06812553669990085,1
digits_0_vs_1,1,digits_0_vs_1|1|0,no_order,0.07899999945948366,0.06812553669990085,1
digits_0_vs_1,1,digits_0_vs_1|1|0,no_pruning,0.08940000043367036,0.06812553669990085,1
digits_0_vs_1,1,digits_0_vs_1|1|1,full,0.05249999958323315,0.0967624497266831,1
digits_0_vs_1,1,digits_0_vs_1|1|1,no_cache,0.07129999903554562,0.0967624497266831,1
digits_0_vs_1,1,digits_0_vs_1|1|1,no_order,0.07240000013553072,0.0967624497266831,1
digits_0_vs_1,1,digits_0_vs_1|1|1,no_pruning,0.08600000001024455,0.0967624497266831,1
digits_0_vs_1,1,digits_0_vs_1|1|2,full,0.050499998906161636,1.4430143289565869,1
digits_0_vs_1,1,digits_0_vs_1|1|2,no_cache,0.07550000009359792,1.4430143289565869,1
digits_0_vs_1,1,digits_0_vs_1|1|2,no_order,0.13940000098955352,1.4430143289565869,1
digits_0_vs_1,1,digits_0_vs_1|1|2,no_pruning,0.09210000098391902,1.4430143289565869,1
digits_0_vs_1,1,digits_0_vs_1|1|3,full,0.06029999894963112,0.06871595830998312,1
digits_0_vs_1,1,digits_0_vs_1|1|3,no_cache,0.07560000085504726,0.06871595830998312,1
digits_0_vs_1,1,digits_0_vs_1|1|3,no_order,0.07719999848632142,0.06871595830998312,1
digits_0_vs_1,1,digits_0_vs_1|1|3,no_pruning,0.09050000153365545,0.06871595830998312,1
digits_0_vs_1,1,digits_0_vs_1|1|4,full,0.05860000055690762,0.0967624497266831,1
digits_0_vs_1,1,digits_0_vs_1|1|4,no_cache,0.07609999920532573,0.0967624497266831,1
digits_0_vs_1,1,digits_0_vs_1|1|4,no_order,0.08770000022195745,0.0967624497266831,1
digits_0_vs_1,1,digits_0_vs_1|1|4,no_pruning,0.09020000106829684,0.0967624497266831,1
digits_0_vs_1,1,digits_0_vs_1|1|5,full,0.055300000894931145,2.111860156925741,1
digits_0_vs_1,1,digits_0_vs_1|1|5,no_cache,0.07860000005166512,2.111860156925741,1
digits_0_vs_1,1,digits_0_vs_1|1|5,no_order,0.08470000102533959,2.111860156925741,1
digits_0_vs_1,1,digits_0_vs_1|1|5,no_pruning,0.09200000022246968,2.111860156925741,1
digits_0_vs_1,1,digits_0_vs_1|1|6,full,0.05599999894911889,0.0967624497266831,1
digits_0_vs_1,1,digits_0_vs_1|1|6,no_cache,0.07329999971261714,0.0967624497266831,1
digits_0_vs_1,1,digits_0_vs_1|1|6,no_order,0.09099999988393392,0.0967624497266831,1
digits_0_vs_1,1,digits_0_vs_1|1|6,no_pruning,0.09169999975711107,0.0967624497266831,1
digits_0_vs_1,1,digits_0_vs_1|1|7,full,0.05810000038763974,0.06871595830998312,1
digits_0_vs_1,1,digits_0_vs_1|1|7,no_cache,0.0763000007282244,0.06871595830998312,1
digits_0_vs_1,1,digits_0_vs_1|1|7,no_order,0.08089999937510584,0.06871595830998312,1
digits_0_vs_1,1,digits_0_vs_1|1|7,no_pruning,0.22230000104173087,0.06871595830998312,1
digits_0_vs_1,1,digits_0_vs_1|1|8,full,0.08830000115267467,0.0967624497266831,1
digits_0_vs_1,1,digits_0_vs_1|1|8,no_cache,0.13080000098852906,0.0967624497266831,1
digits_0_vs_1,1,digits_0_vs_1|1|8,no_order,0.11620000077527948,0.0967624497266831,1
digits_0_vs_1,1,digits_0_vs_1|1|8,no_pruning,0.10409999958937988,0.0967624497266831,1
digits_0_vs_1,1,digits_0_vs_1|1|9,full,0.06940000093891285,1.305584393750535,1
digits_0_vs_1,1,digits_0_vs_1|1|9,no_cache,0.08780000098340679,1.305584393750535,1
digits_0_vs_1,1,digits_0_vs_1|1|9,no_order,0.07440000081260223,1.305584393750535,1
digits_0_vs_1,1,digits_0_vs_1|1|9,no_pruning,0.08510000043315813,1.305584393750535,1
digits_0_vs_1,1,digits_0_vs_1|1|10,full,0.0579999996261904,0.0967624497266831,1
digits_0_vs_1,1,digits_0_vs_1|1|10,no_cache,0.07900000127847306,0.0967624497266831,1
digits_0_vs_1,1,digits_0_vs_1|1|10,no_order,0.12770000103046186,0.0967624497266831,1
digits_0_vs_1,1,digits_0_vs_1|1|10,no_pruning,0.6981000005907845,0.0967624497266831,1
digits_0_vs_1,1,digits_0_vs_1|1|11,full,0.10730000030889641,0.06812553669990085,1
digits_0_vs_1,1,digits_0_vs_1|1|11,no_cache,0.11919999997189734,0.06812553669990085,1
digits_0_vs_1,1,digits_0_vs_1|1|11,no_order,0.11950000043725595,0.06812553669990085,1
digits_0_vs_1,1,digits_0_vs_1|1|11,no_pruning,0.23119999968912452,0.06812553669990085,1
digits_0_vs_1,1,digits_0_vs_1|1|12,full,0.5067999991297256,0.0967624497266831,1
digits_0_vs_1,1,digits_0_vs_1|1|12,no_cache,0.13899999976274557,0.0967624497266831,1
digits_0_vs_1,1,digits_0_vs_1|1|12,no_order,0.09300000056100544,0.0967624497266831,1
digits_0_vs_1,1,digits_0_vs_1|1|12,no_pruning,0.09809999937715475,0.0967624497266831,1
digits_0_vs_1,1,digits_0_vs_1|1|13,full,0.06219999886525329,2.1301640049868458,1
digits_0_vs_1,1,digits_0_vs_1|1|13,no_cache,0.08350000098289456,2.1301640049868458,1
digits_0_vs_1,1,digits_0_vs_1|1|13,no_order,0.07490000098187011,2.1301640049868458,1
digits_0_vs_1,1,digits_0_vs_1|1|13,no_pruning,0.08610000077169389,2.1301640049868458,1
digits_0_vs_1,1,digits_0_vs_1|1|14,full,0.0563000012334669,0.0967624497266831,1
digits_0_vs_1,1,digits_0_vs_1|1|14,no_cache,0.07390000064333435,0.0967624497266831,1
digits_0_vs_1,1,digits_0_vs_1|1|14,no_order,0.07550000009359792,0.0967624497266831,1
digits_0_vs_1,1,digits_0_vs_1|1|14,no_pruning,0.08660000094096176,0.0967624497266831,1
digits_0_vs_1,1,digits_0_vs_1|1|15,full,0.052400000640773214,2.111860156925741,1
digits_0_vs_1,1,digits_0_vs_1|1|15,no_cache,0.07100000038917642,2.111860156925741,1
digits_0_vs_1,1,digits_0_vs_1|1|15,no_order,0.07419999928970356,2.111860156925741,1
digits_0_vs_1,1,digits_0_vs_1|1|15,no_pruning,0.08429999979853164,2.111860156925741,1
digits_0_vs_1,1,digits_0_vs_1|1|16,full,0.05419999979494605,1.305584393750535,1
digits_0_vs_1,1,digits_0_vs_1|1|16,no_cache,0.07069999992381781,1.305584393750535,1
digits_0_vs_1,1,digits_0_vs_1|1|16,no_order,0.06779999966965988,1.305584393750535,1
digits_0_vs_1,1,digits_0_vs_1|1|16,no_pruning,0.08949999937613029,1.305584393750535,1
digits_0_vs_1,1,digits_0_vs_1|1|17,full,0.056200000472017564,2.111860156925741,1
digits_0_vs_1,1,digits_0_vs_1|1|17,no_cache,0.08879999950295314,2.111860156925741,1
digits_0_vs_1,1,digits_0_vs_1|1|17,no_order,0.08859999979904387,2.111860156925741,1
digits_0_vs_1,1,digits_0_vs_1|1|17,no_pruning,0.10429999929328915,2.111860156925741,1
digits_0_vs_1,1,digits_0_vs_1|1|18,full,0.08060000072873663,0.06871595830998312,1
digits_0_vs_1,1,digits_0_vs_1|1|18,no_cache,0.08590000106778461,0.06871595830998312,1
digits_0_vs_1,1,digits_0_vs_1|1|18,no_order,0.10029999975813553,0.06871595830998312,1
digits_0_vs_1,1,digits_0_vs_1|1|18,no_pruning,0.08849999903759453,0.06871595830998312,1
digits_0_vs_1,1,digits_0_vs_1|1|19,full,0.05720000081055332,0.0967624497266831,1
digits_0_vs_1,1,digits_0_vs_1|1|19,no_cache,0.07879999975557439,0.0967624497266831,1
digits_0_vs_1,1,digits_0_vs_1|1|19,no_order,0.08680000064487103,0.0967624497266831,1
digits_0_vs_1,1,digits_0_vs_1|1|19,no_pruning,0.08970000089902896,0.0967624497266831,1
digits_0_vs_1,1,digits_0_vs_1|1|20,full,0.05380000038712751,0.0967624497266831,1
digits_0_vs_1,1,digits_0_vs_1|1|20,no_cache,0.07580000055895653,0.0967624497266831,1
digits_0_vs_1,1,digits_0_vs_1|1|20,no_order,0.1857999995991122,0.0967624497266831,1
digits_0_vs_1,1,digits_0_vs_1|1|20,no_pruning,0.1267000006919261,0.0967624497266831,1
digits_0_vs_1,1,digits_0_vs_1|1|21,full,0.08209999941755086,2.111860156925741,1
digits_0_vs_1,1,digits_0_vs_1|1|21,no_cache,0.10900000052060932,2.111860156925741,1
digits_0_vs_1,1,digits_0_vs_1|1|21,no_order,0.07869999899412505,2.111860156925741,1
digits_0_vs_1,1,digits_0_vs_1|1|21,no_pruning,0.08259999958681874,2.111860156925741,1
digits_0_vs_1,1,digits_0_vs_1|1|22,full,0.05160000000614673,1.7178741993686906,1
digits_0_vs_1,1,digits_0_vs_1|1|22,no_cache,0.07199999890872277,1.7178741993686906,1
digits_0_vs_1,1,digits_0_vs_1|1|22,no_order,0.06829999983892776,1.7178741993686906,1
digits_0_vs_1,1,digits_0_vs_1|1|22,no_pruning,0.08149999848683365,1.7178741993686906,1
digits_0_vs_1,1,digits_0_vs_1|1|23,full,0.04810000064026099,2.1301640049868458,1
digits_0_vs_1,1,digits_0_vs_1|1|23,no_cache,0.06930000017746352,2.1301640049868458,1
digits_0_vs_1,1,digits_0_vs_1|1|23,no_order,0.06910000047355425,2.1301640049868458,1
digits_0_vs_1,1,digits_0_vs_1|1|23,no_pruning,0.08030000026337802,2.1301640049868458,1
digits_0_vs_1,1,digits_0_vs_1|1|24,full,0.047700001232442446,2.1118601569259847,1
digits_0_vs_1,1,digits_0_vs_1|1|24,no_cache,0.0777000004745787,2.1118601569259847,1
digits_0_vs_1,1,digits_0_vs_1|1|24,no_order,0.07229999937408138,2.1118601569259847,1
digits_0_vs_1,1,digits_0_vs_1|1|24,no_pruning,0.0793999988673022,2.1118601569259847,1
digits_0_vs_1,1,digits_0_vs_1|1|25,full,0.048400001105619594,0.0967624497266831,1
digits_0_vs_1,1,digits_0_vs_1|1|25,no_cache,0.06720000055793207,0.0967624497266831,1
digits_0_vs_1,1,digits_0_vs_1|1|25,no_order,0.0714999987394549,0.0967624497266831,1
digits_0_vs_1,1,digits_0_vs_1|1|25,no_pruning,0.07890000051702373,0.0967624497266831,1
digits_0_vs_1,1,digits_0_vs_1|1|26,full,0.0455999997939216,1.7403680444906247,1
digits_0_vs_1,1,digits_0_vs_1|1|26,no_cache,0.1675000003160676,1.7403680444906247,1
digits_0_vs_1,1,digits_0_vs_1|1|26,no_order,0.09469999895372894,1.7403680444906247,1
digits_0_vs_1,1,digits_0_vs_1|1|26,no_pruning,0.19520000023476314,1.7403680444906247,1
digits_0_vs_1,1,digits_0_vs_1|1|27,full,0.08660000094096176,2.1301640049868458,1
digits_0_vs_1,1,digits_0_vs_1|1|27,no_cache,0.09339999996882398,2.1301640049868458,1
digits_0_vs_1,1,digits_0_vs_1|1|27,no_order,0.08019999950192869,2.1301640049868458,1
digits_0_vs_1,1,digits_0_vs_1|1|27,no_pruning,0.09270000009564683,2.1301640049868458,1
digits_0_vs_1,1,digits_0_vs_1|1|28,full,0.05960000089544337,0.0967624497266831,1
digits_0_vs_1,1,digits_0_vs_1|1|28,no_cache,0.08119999984046444,0.0967624497266831,1
digits_0_vs_1,1,digits_0_vs_1|1|28,no_order,0.09200000022246968,0.0967624497266831,1
digits_0_vs_1,1,digits_0_vs_1|1|28,no_pruning,0.08960000013757963,0.0967624497266831,1
digits_0_vs_1,1,digits_0_vs_1|1|29,full,0.053199999456410296,1.992734069780794,1
digits_0_vs_1,1,digits_0_vs_1|1|29,no_cache,0.07709999954386149,1.992734069780794,1
digits_0_vs_1,1,digits_0_vs_1|1|29,no_order,0.07240000013553072,1.992734069780794,1
digits_0_vs_1,1,digits_0_vs_1|1|29,no_pruning,0.08580000030633528,1.992734069780794,1
digits_0_vs_1,1,digits_0_vs_1|1|30,full,0.05050000072515104,2.1301640049868458,1
digits_0_vs_1,1,digits_0_vs_1|1|30,no_cache,0.06909999865456484,2.1301640049868458,1
digits_0_vs_1,1,digits_0_vs_1|1|30,no_order,0.06939999911992345,2.1301640049868458,1
digits_0_vs_1,1,digits_0_vs_1|1|30,no_pruning,0.07919999916339293,2.1301640049868458,1
digits_0_vs_1,1,digits_0_vs_1|1|31,full,0.046499999371008016,1.305584393750535,1
digits_0_vs_1,1,digits_0_vs_1|1|31,no_cache,0.06849999954283703,1.305584393750535,1
digits_0_vs_1,1,digits_0_vs_1|1|31,no_order,0.06930000017746352,1.305584393750535,1
digits_0_vs_1,1,digits_0_vs_1|1|31,no_pruning,0.07870000081311446,1.305584393750535,1
digits_0_vs_1,1,digits_0_vs_1|1|32,full,0.046799999836366624,0.0967624497266831,1
digits_0_vs_1,1,digits_0_vs_1|1|32,no_cache,0.06829999983892776,0.0967624497266831,1
digits_0_vs_1,1,digits_0_vs_1|1|32,no_order,0.07120000009308569,0.0967624497266831,1
digits_0_vs_1,1,digits_0_vs_1|1|32,no_pruning,0.07790000017848797,0.0967624497266831,1
digits_0_vs_1,1,digits_0_vs_1|1|33,full,0.04380000063974876,0.0967624497266831,1
digits_0_vs_1,1,digits_0_vs_1|1|33,no_cache,0.06479999865405262,0.0967624497266831,1
digits_0_vs_1,1,digits_0_vs_1|1|33,no_order,0.07059999916236848,0.0967624497266831,1
digits_0_vs_1,1,digits_0_vs_1|1|33,no_pruning,0.19629999951575883,0.0967624497266831,1
digits_0_vs_1,1,digits_0_vs_1|1|34,full,0.07990000085555948,2.111860156925741,1
digits_0_vs_1,1,digits_0_vs_1|1|34,no_cache,0.09039999895321671,2.111860156925741,1
digits_0_vs_1,1,digits_0_vs_1|1|34,no_order,0.07869999899412505,2.111860156925741,1
digits_0_vs_1,1,digits_0_vs_1|1|34,no_pruning,0.08739999975659885,2.111860156925741,1
digits_0_vs_1,1,digits_0_vs_1|1|35,full,0.0548999996681232,2.111860156925741,1
digits_0_vs_1,1,digits_0_vs_1|1|35,no_cache,0.07259999983943999,2.111860156925741,1
digits_0_vs_1,1,digits_0_vs_1|1|35,no_order,0.07000000005064066,2.111860156925741,1
digits_0_vs_1,1,digits_0_vs_1|1|35,no_pruning,0.07779999941703863,2.111860156925741,1
digits_0_vs_1,1,digits_0_vs_1|1|36,full,0.049000000217347406,2.111860156925741,1
digits_0_vs_1,1,digits_0_vs_1|1|36,no_cache,0.06920000123500358,2.111860156925741,1
digits_0_vs_1,1,digits_0_vs_1|1|36,no_order,0.0732000007701572,2.111860156925741,1
digits_0_vs_1,1,digits_0_vs_1|1|36,no_pruning,0.08659999912197236,2.111860156925741,1
digits_0_vs_1,1,digits_0_vs_1|1|37,full,0.05090000013296958,2.1301640049868458,1
digits_0_vs_1,1,digits_0_vs_1|1|37,no_cache,0.06779999966965988,2.1301640049868458,1
digits_0_vs_1,1,digits_0_vs_1|1|37,no_order,0.067299999500392,2.1301640049868458,1
digits_0_vs_1,1,digits_0_vs_1|1|37,no_pruning,0.09140000111074187,2.1301640049868458,1
digits_0_vs_1,1,digits_0_vs_1|1|38,full,0.05109999983687885,0.06871595830998312,1
digits_0_vs_1,1,digits_0_vs_1|1|38,no_cache,0.07100000038917642,0.06871595830998312,1
digits_0_vs_1,1,digits_0_vs_1|1|38,no_order,0.0715000005584443,0.06871595830998312,1
digits_0_vs_1,1,digits_0_vs_1|1|38,no_pruning,0.07969999933266081,0.06871595830998312,1
digits_0_vs_1,1,digits_0_vs_1|1|39,full,0.045500000851461664,0.0967624497266831,1
digits_0_vs_1,1,digits_0_vs_1|1|39,no_cache,0.06509999911941122,0.0967624497266831,1
digits_0_vs_1,1,digits_0_vs_1|1|39,no_order,0.07329999971261714,0.0967624497266831,1
digits_0_vs_1,1,digits_0_vs_1|1|39,no_pruning,0.07980000009411015,0.0967624497266831,1
digits_0_vs_1,1,digits_0_vs_1|1|40,full,0.04669999907491729,0.0967624497266831,1
digits_0_vs_1,1,digits_0_vs_1|1|40,no_cache,0.0667000003886642,0.0967624497266831,1
digits_0_vs_1,1,digits_0_vs_1|1|40,no_order,0.07229999937408138,0.0967624497266831,1
digits_0_vs_1,1,digits_0_vs_1|1|40,no_pruning,0.07990000085555948,0.0967624497266831,1
digits_0_vs_1,1,digits_0_vs_1|1|41,full,0.04579999949783087,0.0967624497266831,1
digits_0_vs_1,1,digits_0_vs_1|1|41,no_cache,0.06890000076964498,0.0967624497266831,1
digits_0_vs_1,1,digits_0_vs_1|1|41,no_order,0.07480000022042077,0.0967624497266831,1
digits_0_vs_1,1,digits_0_vs_1|1|41,no_pruning,0.07820000064384658,0.0967624497266831,1
digits_0_vs_1,1,digits_0_vs_1|1|42,full,0.04400000034365803,2.1301640049868458,1
digits_0_vs_1,1,digits_0_vs_1|1|42,no_cache,0.06319999920378905,2.1301640049868458,1
digits_0_vs_1,1,digits_0_vs_1|1|42,no_order,0.06589999975403771,2.1301640049868458,1
digits_0_vs_1,1,digits_0_vs_1|1|42,no_pruning,0.07689999983995222,2.1301640049868458,1
digits_0_vs_1,1,digits_0_vs_1|1|43,full,0.042499999835854396,1.4430143289565869,1
digits_0_vs_1,1,digits_0_vs_1|1|43,no_cache,0.06650000068475492,1.4430143289565869,1
digits_0_vs_1,1,digits_0_vs_1|1|43,no_order,0.06430000030377414,1.4430143289565869,1
digits_0_vs_1,1,digits_0_vs_1|1|43,no_pruning,0.07379999988188501,1.4430143289565869,1
digits_0_vs_1,1,digits_0_vs_1|1|44,full,0.04189999890513718,2.1301640049868458,1
digits_0_vs_1,1,digits_0_vs_1|1|44,no_cache,0.06159999975352548,2.1301640049868458,1
digits_0_vs_1,1,digits_0_vs_1|1|44,no_order,0.06909999865456484,2.1301640049868458,1
digits_0_vs_1,1,digits_0_vs_1|1|44,no_pruning,0.07819999882485718,2.1301640049868458,1
digits_0_vs_1,1,digits_0_vs_1|1|45,full,0.04389999958220869,1.5668639835193305,1
digits_0_vs_1,1,digits_0_vs_1|1|45,no_cache,0.06229999962670263,1.5668639835193305,1
digits_0_vs_1,1,digits_0_vs_1|1|45,no_order,0.0714999987394549,1.5668639835193305,1
digits_0_vs_1,1,digits_0_vs_1|1|45,no_pruning,0.07789999835949857,1.5668639835193305,1
digits_0_vs_1,1,digits_0_vs_1|1|46,full,0.042300000131945126,1.8553041345747423,1
digits_0_vs_1,1,digits_0_vs_1|1|46,no_cache,0.06229999962670263,1.8553041345747423,1
digits_0_vs_1,1,digits_0_vs_1|1|46,no_order,0.07619999996677507,1.8553041345747423,1
digits_0_vs_1,1,digits_0_vs_1|1|46,no_pruning,0.0804999999672873,1.8553041345747423,1
digits_0_vs_1,1,digits_0_vs_1|1|47,full,0.043399999412940815,1.9756111135741385,1
digits_0_vs_1,1,digits_0_vs_1|1|47,no_cache,0.06229999962670263,1.9756111135741385,1
digits_0_vs_1,1,digits_0_vs_1|1|47,no_order,0.07189999996626284,1.9756111135741385,1
digits_0_vs_1,1,digits_0_vs_1|1|47,no_pruning,0.0774000000092201,1.9756111135741385,1
digits_0_vs_1,1,digits_0_vs_1|1|48,full,0.05729999975301325,2.1118601569259847,1
digits_0_vs_1,1,digits_0_vs_1|1|48,no_cache,0.09470000077271834,2.1118601569259847,1
digits_0_vs_1,1,digits_0_vs_1|1|48,no_order,0.09649999992689118,2.1118601569259847,1
digits_0_vs_1,1,digits_0_vs_1|1|48,no_pruning,0.10660000043571927,2.1118601569259847,1
digits_0_vs_1,1,digits_0_vs_1|1|49,full,0.05609999971056823,1.4430143289565869,1
digits_0_vs_1,1,digits_0_vs_1|1|49,no_cache,0.06820000089646783,1.4430143289565869,1
digits_0_vs_1,1,digits_0_vs_1|1|49,no_order,0.06579999899258837,1.4430143289565869,1
digits_0_vs_1,1,digits_0_vs_1|1|49,no_pruning,0.0760000002628658,1.4430143289565869,1
digits_0_vs_1,1,digits_0_vs_1|1|50,full,0.0455999997939216,2.111860156925741,1
digits_0_vs_1,1,digits_0_vs_1|1|50,no_cache,0.06450000000768341,2.111860156925741,1
digits_0_vs_1,1,digits_0_vs_1|1|50,no_order,0.06750000102329068,2.111860156925741,1
digits_0_vs_1,1,digits_0_vs_1|1|50,no_pruning,0.07679999907850288,2.111860156925741,1
digits_0_vs_1,1,digits_0_vs_1|1|51,full,0.04290000106266234,2.111860156925741,1
digits_0_vs_1,1,digits_0_vs_1|1|51,no_cache,0.06380000013450626,2.111860156925741,1
digits_0_vs_1,1,digits_0_vs_1|1|51,no_order,0.06820000089646783,2.111860156925741,1
digits_0_vs_1,1,digits_0_vs_1|1|51,no_pruning,0.07229999937408138,2.111860156925741,1
digits_0_vs_1,1,digits_0_vs_1|1|52,full,0.04349999835540075,0.0967624497266831,1
digits_0_vs_1,1,digits_0_vs_1|1|52,no_cache,0.06120000034570694,0.0967624497266831,1
digits_0_vs_1,1,digits_0_vs_1|1|52,no_order,0.06799999937356915,0.0967624497266831,1
digits_0_vs_1,1,digits_0_vs_1|1|52,no_pruning,0.07610000102431513,0.0967624497266831,1
digits_0_vs_1,1,digits_0_vs_1|1|53,full,0.04259999877831433,1.305584393750535,1
digits_0_vs_1,1,digits_0_vs_1|1|53,no_cache,0.06500000017695129,1.305584393750535,1
digits_0_vs_1,1,digits_0_vs_1|1|53,no_order,0.06519999988086056,1.305584393750535,1
digits_0_vs_1,1,digits_0_vs_1|1|53,no_pruning,0.07650000043213367,1.305584393750535,1
digits_0_vs_1,1,digits_0_vs_1|1|54,full,0.04269999953976367,0.06812553669990085,1
digits_0_vs_1,1,digits_0_vs_1|1|54,no_cache,0.06339999890769832,0.06812553669990085,1
digits_0_vs_1,1,digits_0_vs_1|1|54,no_order,0.06730000131938141,0.06812553669990085,1
digits_0_vs_1,1,digits_0_vs_1|1|54,no_pruning,0.07439999899361283,0.06812553669990085,1
digits_0_vs_1,1,digits_0_vs_1|1|55,full,0.04160000025876798,0.0967624497266831,1
digits_0_vs_1,1,digits_0_vs_1|1|55,no_cache,0.06070000017643906,0.0967624497266831,1
digits_0_vs_1,1,digits_0_vs_1|1|55,no_order,0.06749999920430128,0.0967624497266831,1
digits_0_vs_1,1,digits_0_vs_1|1|55,no_pruning,0.07480000022042077,0.0967624497266831,1
digits_0_vs_1,1,digits_0_vs_1|1|56,full,0.04189999890513718,0.0967624497266831,1
digits_0_vs_1,1,digits_0_vs_1|1|56,no_cache,0.06070000017643906,0.0967624497266831,1
digits_0_vs_1,1,digits_0_vs_1|1|56,no_order,0.06719999873894267,0.0967624497266831,1
digits_0_vs_1,1,digits_0_vs_1|1|56,no_pruning,0.07519999962823931,0.0967624497266831,1
digits_0_vs_1,1,digits_0_vs_1|1|57,full,0.04489999992074445,0.0967624497266831,1
digits_0_vs_1,1,digits_0_vs_1|1|57,no_cache,0.060799999118898995,0.0967624497266831,1
digits_0_vs_1,1,digits_0_vs_1|1|57,no_order,0.0686999992467463,0.0967624497266831,1
digits_0_vs_1,1,digits_0_vs_1|1|57,no_pruning,0.07750000077066943,0.0967624497266831,1
digits_0_vs_1,1,digits_0_vs_1|1|58,full,0.04479999915929511,1.5804442641626386,1
digits_0_vs_1,1,digits_0_vs_1|1|58,no_cache,0.07650000043213367,1.5804442641626386,1
digits_0_vs_1,1,digits_0_vs_1|1|58,no_order,0.07929999992484227,1.5804442641626386,1
digits_0_vs_1,1,digits_0_vs_1|1|58,no_pruning,0.08600000001024455,1.5804442641626386,1
digits_0_vs_1,1,digits_0_vs_1|1|59,full,0.05290000081004109,0.0967624497266831,1
digits_0_vs_1,1,digits_0_vs_1|1|59,no_cache,0.07010000081209,0.0967624497266831,1
digits_0_vs_1,1,digits_0_vs_1|1|59,no_order,0.07550000009359792,0.0967624497266831,1
digits_0_vs_1,1,digits_0_vs_1|1|59,no_pruning,0.07879999975557439,0.0967624497266831,1
digits_0_vs_1,1,digits_0_vs_1|1|60,full,0.04430000080901664,0.4810047825142242,1
digits_0_vs_1,1,digits_0_vs_1|1|60,no_cache,0.06319999920378905,0.4810047825142242,1
digits_0_vs_1,1,digits_0_vs_1|1|60,no_order,0.06750000102329068,0.4810047825142242,1
digits_0_vs_1,1,digits_0_vs_1|1|60,no_pruning,0.07829999958630651,0.4810047825142242,1
digits_0_vs_1,1,digits_0_vs_1|1|61,full,0.042300000131945126,2.1301640049868458,1
digits_0_vs_1,1,digits_0_vs_1|1|61,no_cache,0.06010000106471125,2.1301640049868458,1
digits_0_vs_1,1,digits_0_vs_1|1|61,no_order,0.06639999992330559,2.1301640049868458,1
digits_0_vs_1,1,digits_0_vs_1|1|61,no_pruning,0.0748999991628807,2.1301640049868458,1
digits_0_vs_1,1,digits_0_vs_1|1|62,full,0.04430000080901664,0.0967624497266831,1
digits_0_vs_1,1,digits_0_vs_1|1|62,no_cache,0.06399999983841553,0.0967624497266831,1
digits_0_vs_1,1,digits_0_vs_1|1|62,no_order,0.06810000013501849,0.0967624497266831,1
digits_0_vs_1,1,digits_0_vs_1|1|62,no_pruning,0.0763000007282244,0.0967624497266831,1
digits_0_vs_1,1,digits_0_vs_1|1|63,full,0.04160000025876798,0.0967624497266831,1
digits_0_vs_1,1,digits_0_vs_1|1|63,no_cache,0.06710000161547214,0.0967624497266831,1
digits_0_vs_1,1,digits_0_vs_1|1|63,no_order,0.06589999975403771,0.0967624497266831,1
digits_0_vs_1,1,digits_0_vs_1|1|63,no_pruning,0.07439999899361283,0.0967624497266831,1
digits_0_vs_1,1,digits_0_vs_1|1|64,full,0.042300000131945126,1.992734069780794,1
digits_0_vs_1,1,digits_0_vs_1|1|64,no_cache,0.06100000064179767,1.992734069780794,1
digits_0_vs_1,1,digits_0_vs_1|1|64,no_order,0.06440000106522348,1.992734069780794,1
digits_0_vs_1,1,digits_0_vs_1|1|64,no_pruning,0.07339999865507707,1.992734069780794,1
digits_0_vs_1,1,digits_0_vs_1|1|65,full,0.042800000301213004,2.1301640049868458,1
digits_0_vs_1,1,digits_0_vs_1|1|65,no_cache,0.05990000136080198,2.1301640049868458,1
digits_0_vs_1,1,digits_0_vs_1|1|65,no_order,0.06680000115011353,2.1301640049868458,1
digits_0_vs_1,1,digits_0_vs_1|1|65,no_pruning,0.0763000007282244,2.1301640049868458,1
digits_0_vs_1,1,digits_0_vs_1|1|66,full,0.042300000131945126,0.0967624497266831,1
digits_0_vs_1,1,digits_0_vs_1|1|66,no_cache,0.06140000004961621,0.0967624497266831,1
digits_0_vs_1,1,digits_0_vs_1|1|66,no_order,0.06759999996575061,0.0967624497266831,1
digits_0_vs_1,1,digits_0_vs_1|1|66,no_pruning,0.07550000009359792,0.0967624497266831,1
digits_0_vs_1,1,digits_0_vs_1|1|67,full,0.04199999966658652,0.0967624497266831,1
digits_0_vs_1,1,digits_0_vs_1|1|67,no_cache,0.0610999995842576,0.0967624497266831,1
digits_0_vs_1,1,digits_0_vs_1|1|67,no_order,0.06750000102329068,0.0967624497266831,1
digits_0_vs_1,1,digits_0_vs_1|1|67,no_pruning,0.07449999975506216,0.0967624497266831,1
digits_0_vs_1,1,digits_0_vs_1|1|68,full,0.0413999987358693,1.7178741993686906,1
digits_0_vs_1,1,digits_0_vs_1|1|68,no_cache,0.05899999996472616,1.7178741993686906,1
digits_0_vs_1,1,digits_0_vs_1|1|68,no_order,0.06190000021888409,1.7178741993686906,1
digits_0_vs_1,1,digits_0_vs_1|1|68,no_pruning,0.07389999882434495,1.7178741993686906,1
digits_0_vs_1,1,digits_0_vs_1|1|69,full,0.0411000000895001,1.305584393750535,1
digits_0_vs_1,1,digits_0_vs_1|1|69,no_cache,0.06060000123397913,1.305584393750535,1
digits_0_vs_1,1,digits_0_vs_1|1|69,no_order,0.06460000076913275,1.305584393750535,1
digits_0_vs_1,1,digits_0_vs_1|1|69,no_pruning,0.07249999907799065,1.305584393750535,1
digits_0_vs_1,2,digits_0_vs_1|2|0,full,0.07809999988239724,0.06979071272730464,1
digits_0_vs_1,2,digits_0_vs_1|2|0,no_cache,0.07659999937459361,0.06979071272730464,1
digits_0_vs_1,2,digits_0_vs_1|2|0,no_order,0.07109999933163635,0.06979071272730464,1
digits_0_vs_1,2,digits_0_vs_1|2|0,no_pruning,0.08239999988290947,0.06979071272730464,1
digits_0_vs_1,2,digits_0_vs_1|2|1,full,0.05889999920327682,0.06979071272730464,1
digits_0_vs_1,2,digits_0_vs_1|2|1,no_cache,0.07130000085453503,0.06979071272730464,1
digits_0_vs_1,2,digits_0_vs_1|2|1,no_order,0.06829999983892776,0.06979071272730464,1
digits_0_vs_1,2,digits_0_vs_1|2|1,no_pruning,0.07899999945948366,0.06979071272730464,1
digits_0_vs_1,2,digits_0_vs_1|2|2,full,0.0486999997519888,1.4358533761784966,1
digits_0_vs_1,2,digits_0_vs_1|2|2,no_cache,0.06630000098084565,1.4358533761784966,1
digits_0_vs_1,2,digits_0_vs_1|2|2,no_order,0.0684000006003771,1.4358533761784966,1
digits_0_vs_1,2,digits_0_vs_1|2|2,no_pruning,0.07530000038968865,1.4358533761784966,1
digits_0_vs_1,2,digits_0_vs_1|2|3,full,0.045900000259280205,2.1195930755103616,1
digits_0_vs_1,2,digits_0_vs_1|2|3,no_cache,0.06450000000768341,2.1195930755103616,1
digits_0_vs_1,2,digits_0_vs_1|2|3,no_order,0.0686999992467463,2.1195930755103616,1
digits_0_vs_1,2,digits_0_vs_1|2|3,no_pruning,0.07589999950141646,2.1195930755103616,1
digits_0_vs_1,2,digits_0_vs_1|2|4,full,0.04819999958272092,0.06979071272730464,1
digits_0_vs_1,2,digits_0_vs_1|2|4,no_cache,0.0652999988233205,0.06979071272730464,1
digits_0_vs_1,2,digits_0_vs_1|2|4,no_order,0.0652999988233205,0.06979071272730464,1
digits_0_vs_1,2,digits_0_vs_1|2|4,no_pruning,0.07819999882485718,0.06979071272730464,1
digits_0_vs_1,2,digits_0_vs_1|2|5,full,0.04990000161342323,2.023901240478188,1
digits_0_vs_1,2,digits_0_vs_1|2|5,no_cache,0.07170000026235357,2.023901240478188,1
digits_0_vs_1,2,digits_0_vs_1|2|5,no_order,0.07250000089698005,2.023901240478188,1
digits_0_vs_1,2,digits_0_vs_1|2|5,no_pruning,0.08499999967170879,2.023901240478188,1
digits_0_vs_1,2,digits_0_vs_1|2|6,full,0.04889999945589807,0.06979071272730464,1
digits_0_vs_1,2,digits_0_vs_1|2|6,no_cache,0.06409999878087547,0.06979071272730464,1
digits_0_vs_1,2,digits_0_vs_1|2|6,no_order,0.07419999928970356,0.06979071272730464,1
digits_0_vs_1,2,digits_0_vs_1|2|6,no_pruning,0.07700000060140155,0.06979071272730464,1
digits_0_vs_1,2,digits_0_vs_1|2|7,full,0.04509999962465372,2.1195930755103616,1
digits_0_vs_1,2,digits_0_vs_1|2|7,no_cache,0.06329999996523838,2.1195930755103616,1
digits_0_vs_1,2,digits_0_vs_1|2|7,no_order,0.06709999979648273,2.1195930755103616,1
digits_0_vs_1,2,digits_0_vs_1|2|7,no_pruning,0.07619999996677507,2.1195930755103616,1
digits_0_vs_1,2,digits_0_vs_1|2|8,full,0.04269999953976367,1.5726013160448695,1
digits_0_vs_1,2,digits_0_vs_1|2|8,no_cache,0.06480000047304202,1.5726013160448695,1
digits_0_vs_1,2,digits_0_vs_1|2|8,no_order,0.06940000093891285,1.5726013160448695,1
digits_0_vs_1,2,digits_0_vs_1|2|8,no_pruning,0.07610000102431513,1.5726013160448695,1
digits_0_vs_1,2,digits_0_vs_1|2|9,full,0.043000000005122274,1.465583652956723,1
digits_0_vs_1,2,digits_0_vs_1|2|9,no_cache,0.06279999979597051,1.465583652956723,1
digits_0_vs_1,2,digits_0_vs_1|2|9,no_order,0.06759999996575061,1.465583652956723,1
digits_0_vs_1,2,digits_0_vs_1|2|9,no_pruning,0.07869999899412505,1.465583652956723,1
digits_0_vs_1,2,digits_0_vs_1|2|10,full,0.04260000059730373,1.982845135643989,1
digits_0_vs_1,2,digits_0_vs_1|2|10,no_cache,0.06299999949987978,1.982845135643989,1
digits_0_vs_1,2,digits_0_vs_1|2|10,no_order,0.06959999882383272,1.982845135643989,1
digits_0_vs_1,2,digits_0_vs_1|2|10,no_pruning,0.07519999962823931,1.982845135643989,1
digits_0_vs_1,2,digits_0_vs_1|2|11,full,0.0425000016548438,2.1195930755103616,1
digits_0_vs_1,2,digits_0_vs_1|2|11,no_cache,0.06100000064179767,2.1195930755103616,1
digits_0_vs_1,2,digits_0_vs_1|2|11,no_order,0.06769999890821055,2.1195930755103616,1
digits_0_vs_1,2,digits_0_vs_1|2|11,no_pruning,0.07480000022042077,2.1195930755103616,1
digits_0_vs_1,2,digits_0_vs_1|2|12,full,0.04220000118948519,1.7447424467174553,1
digits_0_vs_1,2,digits_0_vs_1|2|12,no_cache,0.06140000004961621,1.7447424467174553,1
digits_0_vs_1,2,digits_0_vs_1|2|12,no_order,0.06450000000768341,1.7447424467174553,1
digits_0_vs_1,2,digits_0_vs_1|2|12,no_pruning,0.0748999991628807,1.7447424467174553,1
digits_0_vs_1,2,digits_0_vs_1|2|13,full,0.04340000123193022,2.1195930755103616,1
digits_0_vs_1,2,digits_0_vs_1|2|13,no_cache,0.06029999894963112,2.1195930755103616,1
digits_0_vs_1,2,digits_0_vs_1|2|13,no_order,0.06850000136182643,2.1195930755103616,1
digits_0_vs_1,2,digits_0_vs_1|2|13,no_pruning,0.07499999992433004,2.1195930755103616,1
digits_0_vs_1,2,digits_0_vs_1|2|14,full,0.04459999945538584,0.06979071272730464,1
digits_0_vs_1,2,digits_0_vs_1|2|14,no_cache,0.06790000043110922,0.06979071272730464,1
digits_0_vs_1,2,digits_0_vs_1|2|14,no_order,0.06500000017695129,0.06979071272730464,1
digits_0_vs_1,2,digits_0_vs_1|2|14,no_pruning,0.07349999941652641,0.06979071272730464,1
digits_0_vs_1,2,digits_0_vs_1|2|15,full,0.041900000724126585,1.0256095565793775,1
digits_0_vs_1,2,digits_0_vs_1|2|15,no_cache,0.06230000144569203,1.0256095565793775,1
digits_0_vs_1,2,digits_0_vs_1|2|15,no_order,0.0703999994584592,1.0256095565793775,1
digits_0_vs_1,2,digits_0_vs_1|2|15,no_pruning,0.07430000005115289,1.0256095565793775,1
digits_0_vs_1,2,digits_0_vs_1|2|16,full,0.045900000259280205,0.0977030145879279,1
digits_0_vs_1,2,digits_0_vs_1|2|16,no_cache,0.06480000047304202,0.0977030145879279,1
digits_0_vs_1,2,digits_0_vs_1|2|16,no_order,0.07029999869700987,0.0977030145879279,1
digits_0_vs_1,2,digits_0_vs_1|2|16,no_pruning,0.07860000005166512,0.0977030145879279,1
digits_0_vs_1,2,digits_0_vs_1|2|17,full,0.04600000102072954,0.06979071272730464,1
digits_0_vs_1,2,digits_0_vs_1|2|17,no_cache,0.06469999971159268,0.06979071272730464,1
digits_0_vs_1,2,digits_0_vs_1|2|17,no_order,0.0669999990350334,0.06979071272730464,1
digits_0_vs_1,2,digits_0_vs_1|2|17,no_pruning,0.2220999995188322,0.06979071272730464,1
digits_0_vs_1,2,digits_0_vs_1|2|18,full,0.08320000051753595,0.06979071272730464,1
digits_0_vs_1,2,digits_0_vs_1|2|18,no_cache,0.09200000022246968,0.06979071272730464,1
digits_0_vs_1,2,digits_0_vs_1|2|18,no_order,0.07560000085504726,0.06979071272730464,1
digits_0_vs_1,2,digits_0_vs_1|2|18,no_pruning,0.08899999920686241,0.06979071272730464,1
digits_0_vs_1,2,digits_0_vs_1|2|19,full,0.05509999937203247,0.06979071272730464,1
digits_0_vs_1,2,digits_0_vs_1|2|19,no_cache,0.07639999967068434,0.06979071272730464,1
digits_0_vs_1,2,digits_0_vs_1|2|19,no_order,0.07779999941703863,0.06979071272730464,1
digits_0_vs_1,2,digits_0_vs_1|2|19,no_pruning,0.08150000030582305,0.06979071272730464,1
digits_0_vs_1,2,digits_0_vs_1|2|20,full,0.05149999924469739,0.06979071272730464,1
digits_0_vs_1,2,digits_0_vs_1|2|20,no_cache,0.07570000161649659,0.06979071272730464,1
digits_0_vs_1,2,digits_0_vs_1|2|20,no_order,0.0732000007701572,0.06979071272730464,1
digits_0_vs_1,2,digits_0_vs_1|2|20,no_pruning,0.07730000106676016,0.06979071272730464,1
digits_0_vs_1,2,digits_0_vs_1|2|21,full,0.049700000090524554,0.06979071272730464,1
digits_0_vs_1,2,digits_0_vs_1|2|21,no_cache,0.06919999941601418,0.06979071272730464,1
digits_0_vs_1,2,digits_0_vs_1|2|21,no_order,0.1376999989588512,0.06979071272730464,1
digits_0_vs_1,2,digits_0_vs_1|2|21,no_pruning,0.13029999900027178,0.06979071272730464,1
digits_0_vs_1,2,digits_0_vs_1|2|22,full,0.07689999983995222,0.06979071272730464,1
digits_0_vs_1,2,digits_0_vs_1|2|22,no_cache,0.09230000068782829,0.06979071272730464,1
digits_0_vs_1,2,digits_0_vs_1|2|22,no_order,0.07530000038968865,0.06979071272730464,1
digits_0_vs_1,2,digits_0_vs_1|2|22,no_pruning,0.0839000003907131,0.06979071272730464,1
digits_0_vs_1,2,digits_0_vs_1|2|23,full,0.05689999852620531,0.6153657369802582,1
digits_0_vs_1,2,digits_0_vs_1|2|23,no_cache,0.08150000030582305,0.6153657369802582,1
digits_0_vs_1,2,digits_0_vs_1|2|23,no_order,0.07189999996626284,0.6153657369802582,1
digits_0_vs_1,2,digits_0_vs_1|2|23,no_pruning,0.08130000060191378,0.6153657369802582,1
digits_0_vs_1,2,digits_0_vs_1|2|24,full,0.04850000004807953,1.5726013160448695,1
digits_0_vs_1,2,digits_0_vs_1|2|24,no_cache,0.08170000000973232,1.5726013160448695,1
digits_0_vs_1,2,digits_0_vs_1|2|24,no_order,0.07519999962823931,1.5726013160448695,1
digits_0_vs_1,2,digits_0_vs_1|2|24,no_pruning,0.0776999986555893,1.5726013160448695,1
digits_0_vs_1,2,digits_0_vs_1|2|25,full,0.04780000017490238,2.1195930755103616,1
digits_0_vs_1,2,digits_0_vs_1|2|25,no_cache,0.0670000008540228,2.1195930755103616,1
digits_0_vs_1,2,digits_0_vs_1|2|25,no_order,0.07289999848580919,2.1195930755103616,1
digits_0_vs_1,2,digits_0_vs_1|2|25,no_pruning,0.07980000009411015,2.1195930755103616,1
digits_0_vs_1,2,digits_0_vs_1|2|26,full,0.04670000089390669,2.1195930755103616,1
digits_0_vs_1,2,digits_0_vs_1|2|26,no_cache,0.06820000089646783,2.1195930755103616,1
digits_0_vs_1,2,digits_0_vs_1|2|26,no_order,0.07230000119307078,2.1195930755103616,1
digits_0_vs_1,2,digits_0_vs_1|2|26,no_pruning,0.18970000019180588,2.1195930755103616,1
digits_0_vs_1,2,digits_0_vs_1|2|27,full,0.09140000111074187,0.06979071272730464,1
digits_0_vs_1,2,digits_0_vs_1|2|27,no_cache,0.24459999985992908,0.06979071272730464,1
digits_0_vs_1,2,digits_0_vs_1|2|27,no_order,0.11040000026696362,0.06979071272730464,1
digits_0_vs_1,2,digits_0_vs_1|2|27,no_pruning,0.103599999420112,0.06979071272730464,1
digits_0_vs_1,2,digits_0_vs_1|2|28,full,0.07209999967017211,0.06979071272730464,1
digits_0_vs_1,2,digits_0_vs_1|2|28,no_cache,0.08999999954539817,0.06979071272730464,1
digits_0_vs_1,2,digits_0_vs_1|2|28,no_order,0.07579999873996712,0.06979071272730464,1
digits_0_vs_1,2,digits_0_vs_1|2|28,no_pruning,0.08419999903708231,0.06979071272730464,1
digits_0_vs_1,2,digits_0_vs_1|2|29,full,0.057199998991563916,2.1195930755103616,1
digits_0_vs_1,2,digits_0_vs_1|2|29,no_cache,0.07709999954386149,2.1195930755103616,1
digits_0_vs_1,2,digits_0_vs_1|2|29,no_order,0.07590000132040586,2.1195930755103616,1
digits_0_vs_1,2,digits_0_vs_1|2|29,no_pruning,0.08479999996779952,2.1195930755103616,1
digits_0_vs_1,2,digits_0_vs_1|2|30,full,0.05250000140222255,0.06979071272730464,1
digits_0_vs_1,2,digits_0_vs_1|2|30,no_cache,0.07659999937459361,0.06979071272730464,1
digits_0_vs_1,2,digits_0_vs_1|2|30,no_order,0.07390000064333435,0.06979071272730464,1
digits_0_vs_1,2,digits_0_vs_1|2|30,no_pruning,0.08709999929124024,0.06979071272730464,1
digits_0_vs_1,2,digits_0_vs_1|2|31,full,0.05740000051446259,1.4358533761784966,1
digits_0_vs_1,2,digits_0_vs_1|2|31,no_cache,0.07499999992433004,1.4358533761784966,1
digits_0_vs_1,2,digits_0_vs_1|2|31,no_order,0.07310000000870787,1.4358533761784966,1
digits_0_vs_1,2,digits_0_vs_1|2|31,no_pruning,0.08309999975608662,1.4358533761784966,1
digits_0_vs_1,2,digits_0_vs_1|2|32,full,0.05069999861007091,0.06979071272730464,1
digits_0_vs_1,2,digits_0_vs_1|2|32,no_cache,0.07560000085504726,0.06979071272730464,1
digits_0_vs_1,2,digits_0_vs_1|2|32,no_order,0.07079999886627775,0.06979071272730464,1
digits_0_vs_1,2,digits_0_vs_1|2|32,no_pruning,0.08179999895219225,0.06979071272730464,1
digits_0_vs_1,2,digits_0_vs_1|2|33,full,0.04929999886371661,0.06979071272730464,1
digits_0_vs_1,2,digits_0_vs_1|2|33,no_cache,0.06820000089646783,0.06979071272730464,1
digits_0_vs_1,2,digits_0_vs_1|2|33,no_order,0.07120000009308569,0.06979071272730464,1
digits_0_vs_1,2,digits_0_vs_1|2|33,no_pruning,0.0822000001790002,0.06979071272730464,1
digits_0_vs_1,2,digits_0_vs_1|2|34,full,0.04819999958272092,0.7521136768466312,1
digits_0_vs_1,2,digits_0_vs_1|2|34,no_cache,0.06589999975403771,0.7521136768466312,1
digits_0_vs_1,2,digits_0_vs_1|2|34,no_order,0.07220000043162145,0.7521136768466312,1
digits_0_vs_1,2,digits_0_vs_1|2|34,no_pruning,0.08350000098289456,0.7521136768466312,1
digits_0_vs_1,2,digits_0_vs_1|2|35,full,0.04810000064026099,0.06979071273427227,1
digits_0_vs_1,2,digits_0_vs_1|2|35,no_cache,0.06649999886576552,0.06979071273427227,1
digits_0_vs_1,2,digits_0_vs_1|2|35,no_order,0.07589999950141646,0.06979071273427227,1
digits_0_vs_1,2,digits_0_vs_1|2|35,no_pruning,0.08330000127898529,0.06979071273427227,1
digits_0_vs_1,2,digits_0_vs_1|2|36,full,0.059899999541812576,0.06979071272730464,1
digits_0_vs_1,2,digits_0_vs_1|2|36,no_cache,0.09449999924981967,0.06979071272730464,1
digits_0_vs_1,2,digits_0_vs_1|2|36,no_order,0.09180000051856041,0.06979071272730464,1
digits_0_vs_1,2,digits_0_vs_1|2|36,no_pruning,0.1095000006898772,0.06979071272730464,1
digits_0_vs_1,2,digits_0_vs_1|2|37,full,0.079100000220933,2.1195930755103616,1
digits_0_vs_1,2,digits_0_vs_1|2|37,no_cache,0.08449999950244091,2.1195930755103616,1
digits_0_vs_1,2,digits_0_vs_1|2|37,no_order,0.08609999895270448,2.1195930755103616,1
digits_0_vs_1,2,digits_0_vs_1|2|37,no_pruning,0.0870000003487803,2.1195930755103616,1
digits_0_vs_1,2,digits_0_vs_1|2|38,full,0.05619999865302816,0.06979071272730464,1
digits_0_vs_1,2,digits_0_vs_1|2|38,no_cache,0.07579999873996712,0.06979071272730464,1
digits_0_vs_1,2,digits_0_vs_1|2|38,no_order,0.07360000017797574,0.06979071272730464,1
digits_0_vs_1,2,digits_0_vs_1|2|38,no_pruning,0.08440000055998098,0.06979071272730464,1
digits_0_vs_1,2,digits_0_vs_1|2|39,full,0.0473000000056345,2.1195930755103616,1
digits_0_vs_1,2,digits_0_vs_1|2|39,no_cache,0.0655999992886791,2.1195930755103616,1
digits_0_vs_1,2,digits_0_vs_1|2|39,no_order,0.0700999989931006,2.1195930755103616,1
digits_0_vs_1,2,digits_0_vs_1|2|39,no_pruning,0.07670000013604295,2.1195930755103616,1
digits_0_vs_1,2,digits_0_vs_1|2|40,full,0.04529999932856299,2.1195930755103616,1
digits_0_vs_1,2,digits_0_vs_1|2|40,no_cache,0.0684000006003771,2.1195930755103616,1
digits_0_vs_1,2,digits_0_vs_1|2|40,no_order,0.07229999937408138,2.1195930755103616,1
digits_0_vs_1,2,digits_0_vs_1|2|40,no_pruning,0.07879999975557439,2.1195930755103616,1
digits_0_vs_1,2,digits_0_vs_1|2|41,full,0.05269999928714242,0.06979071272730464,1
digits_0_vs_1,2,digits_0_vs_1|2|41,no_cache,0.06709999979648273,0.06979071272730464,1
digits_0_vs_1,2,digits_0_vs_1|2|41,no_order,0.07019999975454994,0.06979071272730464,1
digits_0_vs_1,2,digits_0_vs_1|2|41,no_pruning,0.07809999988239724,0.06979071272730464,1
digits_0_vs_1,2,digits_0_vs_1|2|42,full,0.04540000009001233,0.06979071272730464,1
digits_0_vs_1,2,digits_0_vs_1|2|42,no_cache,0.06310000026132911,0.06979071272730464,1
digits_0_vs_1,2,digits_0_vs_1|2|42,no_order,0.06629999916185625,0.06979071272730464,1
digits_0_vs_1,2,digits_0_vs_1|2|42,no_pruning,0.07619999996677507,0.06979071272730464,1
digits_0_vs_1,2,digits_0_vs_1|2|43,full,0.043000000005122274,2.1195930755103616,1
digits_0_vs_1,2,digits_0_vs_1|2|43,no_cache,0.06349999966914766,2.1195930755103616,1
digits_0_vs_1,2,digits_0_vs_1|2|43,no_order,0.06880000000819564,2.1195930755103616,1
digits_0_vs_1,2,digits_0_vs_1|2|43,no_pruning,0.07609999920532573,2.1195930755103616,1
digits_0_vs_1,2,digits_0_vs_1|2|44,full,0.044800000978284515,1.7093492559112426,1
digits_0_vs_1,2,digits_0_vs_1|2|44,no_cache,0.06310000026132911,1.7093492559112426,1
digits_0_vs_1,2,digits_0_vs_1|2|44,no_order,0.07120000009308569,1.7093492559112426,1
digits_0_vs_1,2,digits_0_vs_1|2|44,no_pruning,0.07350000123551581,1.7093492559112426,1
digits_0_vs_1,2,digits_0_vs_1|2|45,full,0.04430000080901664,1.1623574964457504,1
digits_0_vs_1,2,digits_0_vs_1|2|45,no_cache,0.06299999949987978,1.1623574964457504,1
digits_0_vs_1,2,digits_0_vs_1|2|45,no_order,0.06939999911992345,1.1623574964457504,1
digits_0_vs_1,2,digits_0_vs_1|2|45,no_pruning,0.07559999903605785,1.1623574964457504,1
digits_0_vs_1,2,digits_0_vs_1|2|46,full,0.04470000021683518,0.06979071272730464,1
digits_0_vs_1,2,digits_0_vs_1|2|46,no_cache,0.06219999886525329,0.06979071272730464,1
digits_0_vs_1,2,digits_0_vs_1|2|46,no_order,0.06679999933112413,0.06979071272730464,1
digits_0_vs_1,2,digits_0_vs_1|2|46,no_pruning,0.2077999997709412,0.06979071272730464,1
digits_0_vs_1,2,digits_0_vs_1|2|47,full,0.09719999980006833,0.06979071272730464,1
digits_0_vs_1,2,digits_0_vs_1|2|47,no_cache,0.10819999988598283,0.06979071272730464,1
digits_0_vs_1,2,digits_0_vs_1|2|47,no_order,0.08749999869905878,0.06979071272730464,1
digits_0_vs_1,2,digits_0_vs_1|2|47,no_pruning,0.10570000085863285,0.06979071272730464,1
digits_0_vs_1,2,digits_0_vs_1|2|48,full,0.0670000008540228,0.06979071272730464,1
digits_0_vs_1,2,digits_0_vs_1|2|48,no_cache,0.09250000039173756,0.06979071272730464,1
digits_0_vs_1,2,digits_0_vs_1|2|48,no_order,0.08580000030633528,0.06979071272730464,1
digits_0_vs_1,2,digits_0_vs_1|2|48,no_pruning,0.08969999908003956,0.06979071272730464,1
digits_0_vs_1,2,digits_0_vs_1|2|49,full,0.058000001445179805,0.06979071272730464,1
digits_0_vs_1,2,digits_0_vs_1|2|49,no_cache,0.07080000068526715,0.06979071272730464,1
digits_0_vs_1,2,digits_0_vs_1|2|49,no_order,0.06880000000819564,0.06979071272730464,1
digits_0_vs_1,2,digits_0_vs_1|2|49,no_pruning,0.08209999941755086,0.06979071272730464,1
digits_0_vs_1,2,digits_0_vs_1|2|50,full,0.049000000217347406,1.1623574964457504,1
digits_0_vs_1,2,digits_0_vs_1|2|50,no_cache,0.08069999967119657,1.1623574964457504,1
digits_0_vs_1,2,digits_0_vs_1|2|50,no_order,0.07329999971261714,1.1623574964457504,1
digits_0_vs_1,2,digits_0_vs_1|2|50,no_pruning,0.10340000153519213,1.1623574964457504,1
digits_0_vs_1,2,digits_0_vs_1|2|51,full,0.12799999967683107,1.1623574964457504,1
digits_0_vs_1,2,digits_0_vs_1|2|51,no_cache,0.13349999971978832,1.1623574964457504,1
digits_0_vs_1,2,digits_0_vs_1|2|51,no_order,0.10010000005422626,1.1623574964457504,1
digits_0_vs_1,2,digits_0_vs_1|2|51,no_pruning,0.10150000161956996,1.1623574964457504,1
digits_0_vs_1,2,digits_0_vs_1|2|52,full,0.0579999996261904,0.06979071272730464,1
digits_0_vs_1,2,digits_0_vs_1|2|52,no_cache,0.07499999992433004,0.06979071272730464,1
digits_0_vs_1,2,digits_0_vs_1|2|52,no_order,0.07109999933163635,0.06979071272730464,1
digits_0_vs_1,2,digits_0_vs_1|2|52,no_pruning,0.08320000051753595,0.06979071272730464,1
digits_0_vs_1,2,digits_0_vs_1|2|53,full,0.05059999966761097,2.1195930755103616,1
digits_0_vs_1,2,digits_0_vs_1|2|53,no_cache,0.07010000081209,2.1195930755103616,1
digits_0_vs_1,2,digits_0_vs_1|2|53,no_order,0.07159999950090423,2.1195930755103616,1
digits_0_vs_1,2,digits_0_vs_1|2|53,no_pruning,0.07860000005166512,2.1195930755103616,1
digits_0_vs_1,2,digits_0_vs_1|2|54,full,0.04799999987881165,0.0977030145879279,1
digits_0_vs_1,2,digits_0_vs_1|2|54,no_cache,0.07790000017848797,0.0977030145879279,1
digits_0_vs_1,2,digits_0_vs_1|2|54,no_order,0.07160000131989364,0.0977030145879279,1
digits_0_vs_1,2,digits_0_vs_1|2|54,no_pruning,0.09060000047611538,0.0977030145879279,1
digits_0_vs_1,2,digits_0_vs_1|2|55,full,0.048800000513438135,0.06979071272730464,1
digits_0_vs_1,2,digits_0_vs_1|2|55,no_cache,0.7567000011476921,0.06979071272730464,1
digits_0_vs_1,2,digits_0_vs_1|2|55,no_order,0.10519999887037557,0.06979071272730464,1
digits_0_vs_1,2,digits_0_vs_1|2|55,no_pruning,0.10509999992791563,0.06979071272730464,1
digits_0_vs_1,2,digits_0_vs_1|2|56,full,0.07299999924725853,0.06979071272730464,1
digits_0_vs_1,2,digits_0_vs_1|2|56,no_cache,0.08689999958733097,0.06979071272730464,1
digits_0_vs_1,2,digits_0_vs_1|2|56,no_order,0.076299998909235,0.06979071272730464,1
digits_0_vs_1,2,digits_0_vs_1|2|56,no_pruning,0.09160000081465114,0.06979071272730464,1
digits_0_vs_1,2,digits_0_vs_1|2|57,full,0.059500000133994035,2.1195930755103616,1
digits_0_vs_1,2,digits_0_vs_1|2|57,no_cache,0.07749999895168003,2.1195930755103616,1
digits_0_vs_1,2,digits_0_vs_1|2|57,no_order,0.07709999954386149,2.1195930755103616,1
digits_0_vs_1,2,digits_0_vs_1|2|57,no_pruning,0.08290000005217735,2.1195930755103616,1
digits_0_vs_1,2,digits_0_vs_1|2|58,full,0.04939999962516595,1.0468454623156245,1
digits_0_vs_1,2,digits_0_vs_1|2|58,no_cache,0.07250000089698005,1.0468454623156245,1
digits_0_vs_1,2,digits_0_vs_1|2|58,no_order,0.07379999988188501,1.0468454623156245,1
digits_0_vs_1,2,digits_0_vs_1|2|58,no_pruning,0.08119999984046444,1.0468454623156245,1
digits_0_vs_1,2,digits_0_vs_1|2|59,full,0.04810000064026099,2.1195930755103616,1
digits_0_vs_1,2,digits_0_vs_1|2|59,no_cache,0.06679999933112413,2.1195930755103616,1
digits_0_vs_1,2,digits_0_vs_1|2|59,no_order,0.07040000127744861,2.1195930755103616,1
digits_0_vs_1,2,digits_0_vs_1|2|59,no_pruning,0.09180000051856041,2.1195930755103616,1
digits_0_vs_1,2,digits_0_vs_1|2|60,full,0.046799999836366624,2.1195930755103616,1
digits_0_vs_1,2,digits_0_vs_1|2|60,no_cache,0.06730000131938141,2.1195930755103616,1
digits_0_vs_1,2,digits_0_vs_1|2|60,no_order,0.07430000005115289,2.1195930755103616,1
digits_0_vs_1,2,digits_0_vs_1|2|60,no_pruning,0.08709999929124024,2.1195930755103616,1
digits_0_vs_1,2,digits_0_vs_1|2|61,full,0.08189999971364159,1.5726013160448695,1
digits_0_vs_1,2,digits_0_vs_1|2|61,no_cache,0.07840000034775585,1.5726013160448695,1
digits_0_vs_1,2,digits_0_vs_1|2|61,no_order,0.07689999983995222,1.5726013160448695,1
digits_0_vs_1,2,digits_0_vs_1|2|61,no_pruning,0.08819999857223593,1.5726013160448695,1
digits_0_vs_1,2,digits_0_vs_1|2|62,full,0.052800000048591755,0.06979071272730464,1
digits_0_vs_1,2,digits_0_vs_1|2|62,no_cache,0.07760000153211877,0.06979071272730464,1
digits_0_vs_1,2,digits_0_vs_1|2|62,no_order,0.07249999907799065,0.06979071272730464,1
digits_0_vs_1,2,digits_0_vs_1|2|62,no_pruning,0.08720000005268957,0.06979071272730464,1
digits_0_vs_1,2,digits_0_vs_1|2|63,full,0.05450000026030466,1.982845135643989,1
digits_0_vs_1,2,digits_0_vs_1|2|63,no_cache,0.07200000072771218,1.982845135643989,1
digits_0_vs_1,2,digits_0_vs_1|2|63,no_order,0.076299998909235,1.982845135643989,1
digits_0_vs_1,2,digits_0_vs_1|2|63,no_pruning,0.20790000053239055,1.982845135643989,1
digits_0_vs_1,2,digits_0_vs_1|2|64,full,0.14460000056715216,0.06979071272730464,1
digits_0_vs_1,2,digits_0_vs_1|2|64,no_cache,0.08420000085607171,0.06979071272730464,1
digits_0_vs_1,2,digits_0_vs_1|2|64,no_order,0.07229999937408138,0.06979071272730464,1
digits_0_vs_1,2,digits_0_vs_1|2|64,no_pruning,0.09099999988393392,0.06979071272730464,1
digits_0_vs_1,2,digits_0_vs_1|2|65,full,0.051900000471505336,2.1195930755103616,1
digits_0_vs_1,2,digits_0_vs_1|2|65,no_cache,0.06920000123500358,2.1195930755103616,1
digits_0_vs_1,2,digits_0_vs_1|2|65,no_order,0.07329999971261714,2.1195930755103616,1
digits_0_vs_1,2,digits_0_vs_1|2|65,no_pruning,0.08229999912146013,2.1195930755103616,1
digits_0_vs_1,2,digits_0_vs_1|2|66,full,0.05000000055588316,0.06979071272730464,1
digits_0_vs_1,2,digits_0_vs_1|2|66,no_cache,0.07340000047406647,0.06979071272730464,1
digits_0_vs_1,2,digits_0_vs_1|2|66,no_order,0.06960000064282212,0.06979071272730464,1
digits_0_vs_1,2,digits_0_vs_1|2|66,no_pruning,0.08320000051753595,0.06979071272730464,1
digits_0_vs_1,2,digits_0_vs_1|2|67,full,0.04939999962516595,0.06979071272730464,1
digits_0_vs_1,2,digits_0_vs_1|2|67,no_cache,0.06489999941550195,0.06979071272730464,1
digits_0_vs_1,2,digits_0_vs_1|2|67,no_order,0.07050000021990854,0.06979071272730464,1
digits_0_vs_1,2,digits_0_vs_1|2|67,no_pruning,0.08129999878292438,0.06979071272730464,1
digits_0_vs_1,2,digits_0_vs_1|2|68,full,0.045900000259280205,0.06979071272730464,1
digits_0_vs_1,2,digits_0_vs_1|2|68,no_cache,0.0653000006423099,0.06979071272730464,1
digits_0_vs_1,2,digits_0_vs_1|2|68,no_order,0.0667000003886642,0.06979071272730464,1
digits_0_vs_1,2,digits_0_vs_1|2|68,no_pruning,0.0777000004745787,0.06979071272730464,1
digits_0_vs_1,2,digits_0_vs_1|2|69,full,0.04839999928663019,2.1195930755103616,1
digits_0_vs_1,2,digits_0_vs_1|2|69,no_cache,0.07430000005115289,2.1195930755103616,1
digits_0_vs_1,2,digits_0_vs_1|2|69,no_order,0.07109999933163635,2.1195930755103616,1
digits_0_vs_1,2,digits_0_vs_1|2|69,no_pruning,0.08189999971364159,2.1195930755103616,1
digits_0_vs_1,3,digits_0_vs_1|3|0,full,0.0942999995459104,1.7372676888695537,1
digits_0_vs_1,3,digits_0_vs_1|3|0,no_cache,0.09169999975711107,1.7372676888695537,1
digits_0_vs_1,3,digits_0_vs_1|3|0,no_order,0.046999999540275894,1.7372676888695537,1
digits_0_vs_1,3,digits_0_vs_1|3|0,no_pruning,0.05100000089441892,1.7372676888695537,1
digits_0_vs_1,3,digits_0_vs_1|3|1,full,0.05199999941396527,0.8078406739482951,1
digits_0_vs_1,3,digits_0_vs_1|3|1,no_cache,0.07480000022042077,0.8078406739482951,1
digits_0_vs_1,3,digits_0_vs_1|3|1,no_order,0.03809999907389283,0.8078406739482951,1
digits_0_vs_1,3,digits_0_vs_1|3|1,no_pruning,0.04439999975147657,0.8078406739482951,1
digits_0_vs_1,3,digits_0_vs_1|3|2,full,0.04620000072463881,0.09130675740818273,1
digits_0_vs_1,3,digits_0_vs_1|3|2,no_cache,0.07019999975454994,0.09130675740818273,1
digits_0_vs_1,3,digits_0_vs_1|3|2,no_order,0.03820000165433157,0.09130675740818273,1
digits_0_vs_1,3,digits_0_vs_1|3|2,no_pruning,0.04219999937049579,0.09130675740818273,1
digits_0_vs_1,3,digits_0_vs_1|3|3,full,0.056400000175926834,0.4836271966921141,1
digits_0_vs_1,3,digits_0_vs_1|3|3,no_cache,0.08909999996831175,0.4836271966921141,1
digits_0_vs_1,3,digits_0_vs_1|3|3,no_order,0.12860000060754828,0.4836271966921141,1
digits_0_vs_1,3,digits_0_vs_1|3|3,no_pruning,0.14939999891794287,0.4836271966921141,1
digits_0_vs_1,3,digits_0_vs_1|3|4,full,0.049199999921256676,0.4836271966921141,1
digits_0_vs_1,3,digits_0_vs_1|3|4,no_cache,0.0729000003047986,0.4836271966921141,1
digits_0_vs_1,3,digits_0_vs_1|3|4,no_order,0.13039999976172112,0.4836271966921141,1
digits_0_vs_1,3,digits_0_vs_1|3|4,no_pruning,0.14390000069397502,0.4836271966921141,1
digits_0_vs_1,3,digits_0_vs_1|3|5,full,0.043399999412940815,1.3409739938123872,1
digits_0_vs_1,3,digits_0_vs_1|3|5,no_cache,0.06900000153109431,1.3409739938123872,1
digits_0_vs_1,3,digits_0_vs_1|3|5,no_order,0.03980000110459514,1.3409739938123872,1
digits_0_vs_1,3,digits_0_vs_1|3|5,no_pruning,0.04330000047048088,1.3409739938123872,1
digits_0_vs_1,3,digits_0_vs_1|3|6,full,0.04810000064026099,0.4836271966921141,1
digits_0_vs_1,3,digits_0_vs_1|3|6,no_cache,0.07229999937408138,0.4836271966921141,1
digits_0_vs_1,3,digits_0_vs_1|3|6,no_order,0.12799999967683107,0.4836271966921141,1
digits_0_vs_1,3,digits_0_vs_1|3|6,no_pruning,0.1584999990882352,0.4836271966921141,1
digits_0_vs_1,3,digits_0_vs_1|3|7,full,0.05380000038712751,0.4836271966921141,1
digits_0_vs_1,3,digits_0_vs_1|3|7,no_cache,0.07809999988239724,0.4836271966921141,1
digits_0_vs_1,3,digits_0_vs_1|3|7,no_order,0.13659999967785552,0.4836271966921141,1
digits_0_vs_1,3,digits_0_vs_1|3|7,no_pruning,0.1903000011225231,0.4836271966921141,1
digits_0_vs_1,3,digits_0_vs_1|3|8,full,0.06060000123397913,0.8078406739482951,1
digits_0_vs_1,3,digits_0_vs_1|3|8,no_cache,0.07889999869803432,0.8078406739482951,1
digits_0_vs_1,3,digits_0_vs_1|3|8,no_order,0.1083999995898921,0.8078406739482951,1
digits_0_vs_1,3,digits_0_vs_1|3|8,no_pruning,0.12710000009974465,0.8078406739482951,1
digits_0_vs_1,3,digits_0_vs_1|3|9,full,0.07790000017848797,1.4765092228126204,1
digits_0_vs_1,3,digits_0_vs_1|3|9,no_cache,0.09669999963080045,1.4765092228126204,1
digits_0_vs_1,3,digits_0_vs_1|3|9,no_order,0.04090000038559083,1.4765092228126204,1
digits_0_vs_1,3,digits_0_vs_1|3|9,no_pruning,0.04620000072463881,1.4765092228126204,1
digits_0_vs_1,3,digits_0_vs_1|3|10,full,0.04980000085197389,1.7272363949098442,1
digits_0_vs_1,3,digits_0_vs_1|3|10,no_cache,0.07469999945897143,1.7272363949098442,1
digits_0_vs_1,3,digits_0_vs_1|3|10,no_order,0.09829999908106402,1.7272363949098442,1
digits_0_vs_1,3,digits_0_vs_1|3|10,no_pruning,0.11589999849093147,1.7272363949098442,1
digits_0_vs_1,3,digits_0_vs_1|3|11,full,0.07780000123602804,1.7670196229775872,1
digits_0_vs_1,3,digits_0_vs_1|3|11,no_cache,0.09169999975711107,1.7670196229775872,1
digits_0_vs_1,3,digits_0_vs_1|3|11,no_order,0.04260000059730373,1.7670196229775872,1
digits_0_vs_1,3,digits_0_vs_1|3|11,no_pruning,0.049199999921256676,1.7670196229775872,1
digits_0_vs_1,3,digits_0_vs_1|3|12,full,0.06450000000768341,0.4836271966921141,1
digits_0_vs_1,3,digits_0_vs_1|3|12,no_cache,0.0810999990790151,0.4836271966921141,1
digits_0_vs_1,3,digits_0_vs_1|3|12,no_order,0.13749999925494194,0.4836271966921141,1
digits_0_vs_1,3,digits_0_vs_1|3|12,no_pruning,0.15179999900283292,0.4836271966921141,1
digits_0_vs_1,3,digits_0_vs_1|3|13,full,0.05300000157149043,0.4836271966921141,1
digits_0_vs_1,3,digits_0_vs_1|3|13,no_cache,0.07580000055895653,0.4836271966921141,1
digits_0_vs_1,3,digits_0_vs_1|3|13,no_order,0.13410000065050554,0.4836271966921141,1
digits_0_vs_1,3,digits_0_vs_1|3|13,no_pruning,0.14850000115984585,0.4836271966921141,1
digits_0_vs_1,3,digits_0_vs_1|3|14,full,0.0473000000056345,1.7272363949092686,1
digits_0_vs_1,3,digits_0_vs_1|3|14,no_cache,0.07800000093993731,1.7272363949092686,1
digits_0_vs_1,3,digits_0_vs_1|3|14,no_order,0.03780000042752363,1.7272363949092686,1
digits_0_vs_1,3,digits_0_vs_1|3|14,no_pruning,0.041599998439778574,1.7272363949092686,1
digits_0_vs_1,3,digits_0_vs_1|3|15,full,0.04400000034365803,1.7272363949092686,1
digits_0_vs_1,3,digits_0_vs_1|3|15,no_cache,0.3316999991511693,1.7272363949092686,1
digits_0_vs_1,3,digits_0_vs_1|3|15,no_order,0.06659999962721486,1.7272363949092686,1
digits_0_vs_1,3,digits_0_vs_1|3|15,no_pruning,0.07279999954334926,1.7272363949092686,1
digits_0_vs_1,3,digits_0_vs_1|3|16,full,0.13790000048174988,0.4836271966921141,1
digits_0_vs_1,3,digits_0_vs_1|3|16,no_cache,0.1847000003181165,0.4836271966921141,1
digits_0_vs_1,3,digits_0_vs_1|3|16,no_order,0.14240000018617138,0.4836271966921141,1
digits_0_vs_1,3,digits_0_vs_1|3|16,no_pruning,0.16429999959655106,0.4836271966921141,1
digits_0_vs_1,3,digits_0_vs_1|3|17,full,0.056799999583745375,0.4836271966921141,1
digits_0_vs_1,3,digits_0_vs_1|3|17,no_cache,0.07810000170138665,0.4836271966921141,1
digits_0_vs_1,3,digits_0_vs_1|3|17,no_order,0.14169999849400483,0.4836271966921141,1
digits_0_vs_1,3,digits_0_vs_1|3|17,no_pruning,0.15350000103353523,0.4836271966921141,1
digits_0_vs_1,3,digits_0_vs_1|3|18,full,0.05229999987932388,0.4836271966921141,1
digits_0_vs_1,3,digits_0_vs_1|3|18,no_cache,0.07689999983995222,0.4836271966921141,1
digits_0_vs_1,3,digits_0_vs_1|3|18,no_order,0.13659999967785552,0.4836271966921141,1
digits_0_vs_1,3,digits_0_vs_1|3|18,no_pruning,0.15560000065306667,0.4836271966921141,1
digits_0_vs_1,3,digits_0_vs_1|3|19,full,0.0473000000056345,1.7488214377922031,1
digits_0_vs_1,3,digits_0_vs_1|3|19,no_cache,0.07899999945948366,1.7488214377922031,1
digits_0_vs_1,3,digits_0_vs_1|3|19,no_order,0.0366000003850786,1.7488214377922031,1
digits_0_vs_1,3,digits_0_vs_1|3|19,no_pruning,0.04269999953976367,1.7488214377922031,1
digits_0_vs_1,3,digits_0_vs_1|3|20,full,0.050299999202252366,0.4836271966921141,1
digits_0_vs_1,3,digits_0_vs_1|3|20,no_cache,0.07329999971261714,0.4836271966921141,1
digits_0_vs_1,3,digits_0_vs_1|3|20,no_order,0.15069999972183723,0.4836271966921141,1
digits_0_vs_1,3,digits_0_vs_1|3|20,no_pruning,0.16940000023168977,0.4836271966921141,1
digits_0_vs_1,3,digits_0_vs_1|3|21,full,0.08379999962926377,0.4836271966921141,1
digits_0_vs_1,3,digits_0_vs_1|3|21,no_cache,0.07969999933266081,0.4836271966921141,1
digits_0_vs_1,3,digits_0_vs_1|3|21,no_order,0.13749999925494194,0.4836271966921141,1
digits_0_vs_1,3,digits_0_vs_1|3|21,no_pruning,0.16180000056920107,0.4836271966921141,1
digits_0_vs_1,3,digits_0_vs_1|3|22,full,0.050499998906161636,1.7670196229775872,1
digits_0_vs_1,3,digits_0_vs_1|3|22,no_cache,0.07560000085504726,1.7670196229775872,1
digits_0_vs_1,3,digits_0_vs_1|3|22,no_order,0.09339999996882398,1.7670196229775872,1
digits_0_vs_1,3,digits_0_vs_1|3|22,no_pruning,0.05520000013348181,1.7670196229775872,1
digits_0_vs_1,3,digits_0_vs_1|3|23,full,0.2538999997341307,1.7670196229775872,1
digits_0_vs_1,3,digits_0_vs_1|3|23,no_cache,0.13020000005781185,1.7670196229775872,1
digits_0_vs_1,3,digits_0_vs_1|3|23,no_order,0.052999999752501026,1.7670196229775872,1
digits_0_vs_1,3,digits_0_vs_1|3|23,no_pruning,0.059300000430084765,1.7670196229775872,1
digits_0_vs_1,3,digits_0_vs_1|3|24,full,0.059899999541812576,1.5890574829341821,1
digits_0_vs_1,3,digits_0_vs_1|3|24,no_cache,0.0850000014906982,1.5890574829341821,1
digits_0_vs_1,3,digits_0_vs_1|3|24,no_order,0.04260000059730373,1.5890574829341821,1
digits_0_vs_1,3,digits_0_vs_1|3|24,no_pruning,0.12539999988803174,1.5890574829341821,1
digits_0_vs_1,3,digits_0_vs_1|3|25,full,0.08150000030582305,1.7272363949092686,1
digits_0_vs_1,3,digits_0_vs_1|3|25,no_cache,0.09940000018104911,1.7272363949092686,1
digits_0_vs_1,3,digits_0_vs_1|3|25,no_order,0.04389999958220869,1.7272363949092686,1
digits_0_vs_1,3,digits_0_vs_1|3|25,no_pruning,0.050299999202252366,1.7272363949092686,1
digits_0_vs_1,3,digits_0_vs_1|3|26,full,0.05169999894860666,1.7272363949092686,1
digits_0_vs_1,3,digits_0_vs_1|3|26,no_cache,0.07539999933214858,1.7272363949092686,1
digits_0_vs_1,3,digits_0_vs_1|3|26,no_order,0.0380000001314329,1.7272363949092686,1
digits_0_vs_1,3,digits_0_vs_1|3|26,no_pruning,0.04350000017439015,1.7272363949092686,1
digits_0_vs_1,3,digits_0_vs_1|3|27,full,0.04569999873638153,1.7296480820813127,1
digits_0_vs_1,3,digits_0_vs_1|3|27,no_cache,0.07220000043162145,1.7296480820813127,1
digits_0_vs_1,3,digits_0_vs_1|3|27,no_order,0.03769999966607429,1.7296480820813127,1
digits_0_vs_1,3,digits_0_vs_1|3|27,no_pruning,0.04479999915929511,1.7296480820813127,1
digits_0_vs_1,3,digits_0_vs_1|3|28,full,0.062000000980333425,0.4836271966921141,1
digits_0_vs_1,3,digits_0_vs_1|3|28,no_cache,0.07989999903657008,0.4836271966921141,1
digits_0_vs_1,3,digits_0_vs_1|3|28,no_order,0.1472000003559515,0.4836271966921141,1
digits_0_vs_1,3,digits_0_vs_1|3|28,no_pruning,0.17139999908977188,0.4836271966921141,1
digits_0_vs_1,3,digits_0_vs_1|3|29,full,0.05830000009154901,0.4836271966921141,1
digits_0_vs_1,3,digits_0_vs_1|3|29,no_cache,0.08259999958681874,0.4836271966921141,1
digits_0_vs_1,3,digits_0_vs_1|3|29,no_order,0.1480999999330379,0.4836271966921141,1
digits_0_vs_1,3,digits_0_vs_1|3|29,no_pruning,0.16259999938483816,0.4836271966921141,1
digits_0_vs_1,3,digits_0_vs_1|3|30,full,0.04749999970954377,1.4508785709597807,1
digits_0_vs_1,3,digits_0_vs_1|3|30,no_cache,0.07580000055895653,1.4508785709597807,1
digits_0_vs_1,3,digits_0_vs_1|3|30,no_order,0.043000000005122274,1.4508785709597807,1
digits_0_vs_1,3,digits_0_vs_1|3|30,no_pruning,0.049000000217347406,1.4508785709597807,1
digits_0_vs_1,3,digits_0_vs_1|3|31,full,0.05560000136028975,0.4836271966921141,1
digits_0_vs_1,3,digits_0_vs_1|3|31,no_cache,0.08069999967119657,0.4836271966921141,1
digits_0_vs_1,3,digits_0_vs_1|3|31,no_order,0.16390000018873252,0.4836271966921141,1
digits_0_vs_1,3,digits_0_vs_1|3|31,no_pruning,0.4353000003902707,0.4836271966921141,1
digits_0_vs_1,3,digits_0_vs_1|3|32,full,0.09299999874201603,1.7670196229775872,1
digits_0_vs_1,3,digits_0_vs_1|3|32,no_cache,0.1281000004382804,1.7670196229775872,1
digits_0_vs_1,3,digits_0_vs_1|3|32,no_order,0.05899999996472616,1.7670196229775872,1
digits_0_vs_1,3,digits_0_vs_1|3|32,no_pruning,0.07139999979699496,1.7670196229775872,1
digits_0_vs_1,3,digits_0_vs_1|3|33,full,0.17490000027464703,0.4836271966921141,1
digits_0_vs_1,3,digits_0_vs_1|3|33,no_cache,0.10859999929380137,0.4836271966921141,1
digits_0_vs_1,3,digits_0_vs_1|3|33,no_order,0.15840000014577527,0.4836271966921141,1
digits_0_vs_1,3,digits_0_vs_1|3|33,no_pruning,0.1596000001882203,0.4836271966921141,1
digits_0_vs_1,3,digits_0_vs_1|3|34,full,0.05169999894860666,1.7670196229775872,1
digits_0_vs_1,3,digits_0_vs_1|3|34,no_cache,0.07809999988239724,1.7670196229775872,1
digits_0_vs_1,3,digits_0_vs_1|3|34,no_order,0.03780000042752363,1.7670196229775872,1
digits_0_vs_1,3,digits_0_vs_1|3|34,no_pruning,0.04380000063974876,1.7670196229775872,1
digits_0_vs_1,3,digits_0_vs_1|3|35,full,0.045200000386103056,1.7670196229775872,1
digits_0_vs_1,3,digits_0_vs_1|3|35,no_cache,0.07109999933163635,1.7670196229775872,1
digits_0_vs_1,3,digits_0_vs_1|3|35,no_order,0.036699999327538535,1.7670196229775872,1
digits_0_vs_1,3,digits_0_vs_1|3|35,no_pruning,0.04350000017439015,1.7670196229775872,1
digits_0_vs_1,3,digits_0_vs_1|3|36,full,0.043799998820759356,0.6218050991085771,1
digits_0_vs_1,3,digits_0_vs_1|3|36,no_cache,0.0684000006003771,0.6218050991085771,1
digits_0_vs_1,3,digits_0_vs_1|3|36,no_order,0.03590000051190145,0.6218050991085771,1
digits_0_vs_1,3,digits_0_vs_1|3|36,no_pruning,0.04099999932805076,0.6218050991085771,1
digits_0_vs_1,3,digits_0_vs_1|3|37,full,0.050999999075429514,0.4836271966921141,1
digits_0_vs_1,3,digits_0_vs_1|3|37,no_cache,0.08589999924879521,0.4836271966921141,1
digits_0_vs_1,3,digits_0_vs_1|3|37,no_order,0.1319999992119847,0.4836271966921141,1
digits_0_vs_1,3,digits_0_vs_1|3|37,no_pruning,0.14829999963694718,0.4836271966921141,1
digits_0_vs_1,3,digits_0_vs_1|3|38,full,0.049000000217347406,0.3728427371364158,1
digits_0_vs_1,3,digits_0_vs_1|3|38,no_cache,0.0717999992048135,0.3728427371364158,1
digits_0_vs_1,3,digits_0_vs_1|3|38,no_order,0.1289000010729069,0.3728427371364158,1
digits_0_vs_1,3,digits_0_vs_1|3|38,no_pruning,0.15700000039942097,0.3728427371364158,1
digits_0_vs_1,3,digits_0_vs_1|3|39,full,0.05569999848376028,0.4836271966921141,1
digits_0_vs_1,3,digits_0_vs_1|3|39,no_cache,0.0760000002628658,0.4836271966921141,1
digits_0_vs_1,3,digits_0_vs_1|3|39,no_order,0.5853999991813907,0.4836271966921141,1
digits_0_vs_1,3,digits_0_vs_1|3|39,no_pruning,0.25439999990339857,0.4836271966921141,1
digits_0_vs_1,3,digits_0_vs_1|3|40,full,0.09159999899566174,0.4836271966921141,1
digits_0_vs_1,3,digits_0_vs_1|3|40,no_cache,0.10139999903913122,0.4836271966921141,1
digits_0_vs_1,3,digits_0_vs_1|3|40,no_order,0.14970000120229088,0.4836271966921141,1
digits_0_vs_1,3,digits_0_vs_1|3|40,no_pruning,0.16039999900385737,0.4836271966921141,1
digits_0_vs_1,3,digits_0_vs_1|3|41,full,0.05340000097930897,1.3409739938116458,1
digits_0_vs_1,3,digits_0_vs_1|3|41,no_cache,0.0869999985297909,1.3409739938116458,1
digits_0_vs_1,3,digits_0_vs_1|3|41,no_order,0.04160000025876798,1.3409739938116458,1
digits_0_vs_1,3,digits_0_vs_1|3|41,no_pruning,0.0593999993725447,1.3409739938116458,1
digits_0_vs_1,3,digits_0_vs_1|3|42,full,0.05899999996472616,0.4836271966921141,1
digits_0_vs_1,3,digits_0_vs_1|3|42,no_cache,0.08319999869854655,0.4836271966921141,1
digits_0_vs_1,3,digits_0_vs_1|3|42,no_order,0.14040000132808927,0.4836271966921141,1
digits_0_vs_1,3,digits_0_vs_1|3|42,no_pruning,0.15469999925699085,0.4836271966921141,1
digits_0_vs_1,3,digits_0_vs_1|3|43,full,0.053199999456410296,0.4836271966921141,1
digits_0_vs_1,3,digits_0_vs_1|3|43,no_cache,0.07870000081311446,0.4836271966921141,1
digits_0_vs_1,3,digits_0_vs_1|3|43,no_order,0.13699999908567406,0.4836271966921141,1
digits_0_vs_1,3,digits_0_vs_1|3|43,no_pruning,0.15949999942677096,0.4836271966921141,1
digits_0_vs_1,3,digits_0_vs_1|3|44,full,0.05249999958323315,0.4836271966921141,1
digits_0_vs_1,3,digits_0_vs_1|3|44,no_cache,0.07760000153211877,0.4836271966921141,1
digits_0_vs_1,3,digits_0_vs_1|3|44,no_order,0.1421999986632727,0.4836271966921141,1
digits_0_vs_1,3,digits_0_vs_1|3|44,no_pruning,0.15910000001895241,0.4836271966921141,1
digits_0_vs_1,3,digits_0_vs_1|3|45,full,0.04910000097879674,1.5890574829341821,1
digits_0_vs_1,3,digits_0_vs_1|3|45,no_cache,0.07809999988239724,1.5890574829341821,1
digits_0_vs_1,3,digits_0_vs_1|3|45,no_order,0.03990000004705507,1.5890574829341821,1
digits_0_vs_1,3,digits_0_vs_1|3|45,no_pruning,0.051799999710056,1.5890574829341821,1
digits_0_vs_1,3,digits_0_vs_1|3|46,full,0.050799999371520244,1.071930621086888,1
digits_0_vs_1,3,digits_0_vs_1|3|46,no_cache,0.07709999954386149,1.071930621086888,1
digits_0_vs_1,3,digits_0_vs_1|3|46,no_order,0.04199999966658652,1.071930621086888,1
digits_0_vs_1,3,digits_0_vs_1|3|46,no_pruning,0.13549999857787043,1.071930621086888,1
digits_0_vs_1,3,digits_0_vs_1|3|47,full,0.0901000003068475,0.4836271966921141,1
digits_0_vs_1,3,digits_0_vs_1|3|47,no_cache,0.10089999886986334,0.4836271966921141,1
digits_0_vs_1,3,digits_0_vs_1|3|47,no_order,0.27860000045620836,0.4836271966921141,1
digits_0_vs_1,3,digits_0_vs_1|3|47,no_pruning,0.17660000048635993,0.4836271966921141,1
digits_0_vs_1,3,digits_0_vs_1|3|48,full,0.07050000021990854,0.4836271966921141,1
digits_0_vs_1,3,digits_0_vs_1|3|48,no_cache,0.088099999629776,0.4836271966921141,1
digits_0_vs_1,3,digits_0_vs_1|3|48,no_order,0.12569999853440095,0.4836271966921141,1
digits_0_vs_1,3,digits_0_vs_1|3|48,no_pruning,0.1508999994257465,0.4836271966921141,1
digits_0_vs_1,3,digits_0_vs_1|3|49,full,0.04939999962516595,1.7587296211108125,1
digits_0_vs_1,3,digits_0_vs_1|3|49,no_cache,0.07480000022042077,1.7587296211108125,1
digits_0_vs_1,3,digits_0_vs_1|3|49,no_order,0.038500000300700776,1.7587296211108125,1
digits_0_vs_1,3,digits_0_vs_1|3|49,no_pruning,0.05480000072566327,1.7587296211108125,1
digits_0_vs_1,3,digits_0_vs_1|3|50,full,0.052999999752501026,0.4836271966921141,1
digits_0_vs_1,3,digits_0_vs_1|3|50,no_cache,0.07530000038968865,0.4836271966921141,1
digits_0_vs_1,3,digits_0_vs_1|3|50,no_order,0.13799999942420982,0.4836271966921141,1
digits_0_vs_1,3,digits_0_vs_1|3|50,no_pruning,0.14820000069448724,0.4836271966921141,1
digits_0_vs_1,3,digits_0_vs_1|3|51,full,0.05000000055588316,0.4836271966921141,1
digits_0_vs_1,3,digits_0_vs_1|3|51,no_cache,0.07409999852825422,0.4836271966921141,1
digits_0_vs_1,3,digits_0_vs_1|3|51,no_order,0.13670000043930486,0.4836271966921141,1
digits_0_vs_1,3,digits_0_vs_1|3|51,no_pruning,0.149200001033023,0.4836271966921141,1
digits_0_vs_1,3,digits_0_vs_1|3|52,full,0.04749999970954377,1.769377085851473,1
digits_0_vs_1,3,digits_0_vs_1|3|52,no_cache,0.07130000085453503,1.769377085851473,1
digits_0_vs_1,3,digits_0_vs_1|3|52,no_order,0.04079999962414149,1.769377085851473,1
digits_0_vs_1,3,digits_0_vs_1|3|52,no_pruning,0.0470000013592653,1.769377085851473,1
digits_0_vs_1,3,digits_0_vs_1|3|53,full,0.04960000114806462,0.4836271966921141,1
digits_0_vs_1,3,digits_0_vs_1|3|53,no_cache,0.07559999903605785,0.4836271966921141,1
digits_0_vs_1,3,digits_0_vs_1|3|53,no_order,0.1360000005661277,0.4836271966921141,1
digits_0_vs_1,3,digits_0_vs_1|3|53,no_pruning,0.15779999921505805,0.4836271966921141,1
digits_0_vs_1,3,digits_0_vs_1|3|54,full,0.04639999860955868,1.7488214377922031,1
digits_0_vs_1,3,digits_0_vs_1|3|54,no_cache,0.08060000072873663,1.7488214377922031,1
digits_0_vs_1,3,digits_0_vs_1|3|54,no_order,0.038300000596791506,1.7488214377922031,1
digits_0_vs_1,3,digits_0_vs_1|3|54,no_pruning,0.04209999860904645,1.7488214377922031,1
digits_0_vs_1,3,digits_0_vs_1|3|55,full,0.04639999860955868,1.7272363949098442,1
digits_0_vs_1,3,digits_0_vs_1|3|55,no_cache,0.21419999939098489,1.7272363949098442,1
digits_0_vs_1,3,digits_0_vs_1|3|55,no_order,0.049000000217347406,1.7272363949098442,1
digits_0_vs_1,3,digits_0_vs_1|3|55,no_pruning,0.05430000055639539,1.7272363949098442,1
digits_0_vs_1,3,digits_0_vs_1|3|56,full,0.21070000002509914,0.4836271966921141,1
digits_0_vs_1,3,digits_0_vs_1|3|56,no_cache,0.13249999938125256,0.4836271966921141,1
digits_0_vs_1,3,digits_0_vs_1|3|56,no_order,0.17799999841372482,0.4836271966921141,1
digits_0_vs_1,3,digits_0_vs_1|3|56,no_pruning,0.18210000052931719,0.4836271966921141,1
digits_0_vs_1,3,digits_0_vs_1|3|57,full,0.0655999992886791,0.4836271966921141,1
digits_0_vs_1,3,digits_0_vs_1|3|57,no_cache,0.10169999950448982,0.4836271966921141,1
digits_0_vs_1,3,digits_0_vs_1|3|57,no_order,0.1357000001007691,0.4836271966921141,1
digits_0_vs_1,3,digits_0_vs_1|3|57,no_pruning,0.15410000014526304,0.4836271966921141,1
digits_0_vs_1,3,digits_0_vs_1|3|58,full,0.05060000148660038,0.725020251693782,1
digits_0_vs_1,3,digits_0_vs_1|3|58,no_cache,0.07359999835898634,0.725020251693782,1
digits_0_vs_1,3,digits_0_vs_1|3|58,no_order,0.036299999919719994,0.725020251693782,1
digits_0_vs_1,3,digits_0_vs_1|3|58,no_pruning,0.0442000000475673,0.725020251693782,1
digits_0_vs_1,3,digits_0_vs_1|3|59,full,0.043399999412940815,1.7272363949092686,1
digits_0_vs_1,3,digits_0_vs_1|3|59,no_cache,0.07650000043213367,1.7272363949092686,1
digits_0_vs_1,3,digits_0_vs_1|3|59,no_order,0.03769999966607429,1.7272363949092686,1
digits_0_vs_1,3,digits_0_vs_1|3|59,no_pruning,0.042300000131945126,1.7272363949092686,1
digits_0_vs_1,3,digits_0_vs_1|3|60,full,0.0520999983564252,0.4836271966921141,1
digits_0_vs_1,3,digits_0_vs_1|3|60,no_cache,0.07390000064333435,0.4836271966921141,1
digits_0_vs_1,3,digits_0_vs_1|3|60,no_order,0.13500000022759195,0.4836271966921141,1
digits_0_vs_1,3,digits_0_vs_1|3|60,no_pruning,0.1489000005676644,0.4836271966921141,1
digits_0_vs_1,3,digits_0_vs_1|3|61,full,0.0486999997519888,0.4836271966921141,1
digits_0_vs_1,3,digits_0_vs_1|3|61,no_cache,0.0763000007282244,0.4836271966921141,1
digits_0_vs_1,3,digits_0_vs_1|3|61,no_order,0.12989999959245324,0.4836271966921141,1
digits_0_vs_1,3,digits_0_vs_1|3|61,no_pruning,0.15359999997599516,0.4836271966921141,1
digits_0_vs_1,3,digits_0_vs_1|3|62,full,0.048800000513438135,0.4836271966921141,1
digits_0_vs_1,3,digits_0_vs_1|3|62,no_cache,0.07050000021990854,0.4836271966921141,1
digits_0_vs_1,3,digits_0_vs_1|3|62,no_order,0.13100000069243833,0.4836271966921141,1
digits_0_vs_1,3,digits_0_vs_1|3|62,no_pruning,0.14149999879009556,0.4836271966921141,1
digits_0_vs_1,3,digits_0_vs_1|3|63,full,0.04199999966658652,1.3646219911702369,1
digits_0_vs_1,3,digits_0_vs_1|3|63,no_cache,0.06570000005012844,1.3646219911702369,1
digits_0_vs_1,3,digits_0_vs_1|3|63,no_order,0.04020000051241368,1.3646219911702369,1
digits_0_vs_1,3,digits_0_vs_1|3|63,no_pruning,0.048800000513438135,1.3646219911702369,1
digits_0_vs_1,3,digits_0_vs_1|3|64,full,0.05200000123295467,1.2322790955149265,1
digits_0_vs_1,3,digits_0_vs_1|3|64,no_cache,0.07749999895168003,1.2322790955149265,1
digits_0_vs_1,3,digits_0_vs_1|3|64,no_order,0.04489999992074445,1.2322790955149265,1
digits_0_vs_1,3,digits_0_vs_1|3|64,no_pruning,0.06299999949987978,1.2322790955149265,1
digits_0_vs_1,3,digits_0_vs_1|3|65,full,0.05830000009154901,1.3126996589840092,1
digits_0_vs_1,3,digits_0_vs_1|3|65,no_cache,0.08089999937510584,1.3126996589840092,1
digits_0_vs_1,3,digits_0_vs_1|3|65,no_order,0.03879999894706998,1.3126996589840092,1
digits_0_vs_1,3,digits_0_vs_1|3|65,no_pruning,0.04269999953976367,1.3126996589840092,1
digits_0_vs_1,3,digits_0_vs_1|3|66,full,0.051799999710056,0.4836271966921141,1
digits_0_vs_1,3,digits_0_vs_1|3|66,no_cache,0.07479999840143137,0.4836271966921141,1
digits_0_vs_1,3,digits_0_vs_1|3|66,no_order,0.1436000002286164,0.4836271966921141,1
digits_0_vs_1,3,digits_0_vs_1|3|66,no_pruning,0.15270000039890874,0.4836271966921141,1
digits_0_vs_1,3,digits_0_vs_1|3|67,full,0.04959999932907522,0.4836271966921141,1
digits_0_vs_1,3,digits_0_vs_1|3|67,no_cache,0.0700999989931006,0.4836271966921141,1
digits_0_vs_1,3,digits_0_vs_1|3|67,no_order,0.12820000119972974,0.4836271966921141,1
digits_0_vs_1,3,digits_0_vs_1|3|67,no_pruning,0.14200000077835284,0.4836271966921141,1
digits_0_vs_1,3,digits_0_vs_1|3|68,full,0.044800000978284515,0.34544828471702776,1
digits_0_vs_1,3,digits_0_vs_1|3|68,no_cache,0.07030000051599927,0.34544828471702776,1
digits_0_vs_1,3,digits_0_vs_1|3|68,no_order,0.1300999992963625,0.34544828471702776,1
digits_0_vs_1,3,digits_0_vs_1|3|68,no_pruning,0.14770000052521937,0.34544828471702776,1
digits_0_vs_1,3,digits_0_vs_1|3|69,full,0.042100000428035855,1.4765092228126204,1
digits_0_vs_1,3,digits_0_vs_1|3|69,no_cache,0.06310000026132911,1.4765092228126204,1
digits_0_vs_1,3,digits_0_vs_1|3|69,no_order,0.036699999327538535,1.4765092228126204,1
digits_0_vs_1,3,digits_0_vs_1|3|69,no_pruning,0.03950000063923653,1.4765092228126204,1
digits_0_vs_1,4,digits_0_vs_1|4|0,full,0.13649999891640618,0.4827687219952597,1
digits_0_vs_1,4,digits_0_vs_1|4|0,no_cache,0.09399999908055179,0.4827687219952597,1
digits_0_vs_1,4,digits_0_vs_1|4|0,no_order,0.12110000170650892,0.4827687219952597,1
digits_0_vs_1,4,digits_0_vs_1|4|0,no_pruning,0.1289000010729069,0.4827687219952597,1
digits_0_vs_1,4,digits_0_vs_1|4|1,full,0.05229999987932388,1.7241704838261,1
digits_0_vs_1,4,digits_0_vs_1|4|1,no_cache,0.07079999886627775,1.7241704838261,1
digits_0_vs_1,4,digits_0_vs_1|4|1,no_order,0.03739999920071568,1.7241704838261,1
digits_0_vs_1,4,digits_0_vs_1|4|1,no_pruning,0.04140000055485871,1.7241704838261,1
digits_0_vs_1,4,digits_0_vs_1|4|2,full,0.05200000123295467,0.4827687219952597,1
digits_0_vs_1,4,digits_0_vs_1|4|2,no_cache,0.07209999967017211,0.4827687219952597,1
digits_0_vs_1,4,digits_0_vs_1|4|2,no_order,0.10230000043520704,0.4827687219952597,1
digits_0_vs_1,4,digits_0_vs_1|4|2,no_pruning,0.11300000005576294,0.4827687219952597,1
digits_0_vs_1,4,digits_0_vs_1|4|3,full,0.045200000386103056,0.3448341051877502,1
digits_0_vs_1,4,digits_0_vs_1|4|3,no_cache,0.06570000005012844,0.3448341051877502,1
digits_0_vs_1,4,digits_0_vs_1|4|3,no_order,0.03589999869291205,0.3448341051877502,1
digits_0_vs_1,4,digits_0_vs_1|4|3,no_pruning,0.04020000051241368,0.3448341051877502,1
digits_0_vs_1,4,digits_0_vs_1|4|4,full,0.0487000015709782,0.4827687219952597,1
digits_0_vs_1,4,digits_0_vs_1|4|4,no_cache,0.06949999988137279,0.4827687219952597,1
digits_0_vs_1,4,digits_0_vs_1|4|4,no_order,0.10099999963131268,0.4827687219952597,1
digits_0_vs_1,4,digits_0_vs_1|4|4,no_pruning,0.11319999975967221,0.4827687219952597,1
digits_0_vs_1,4,digits_0_vs_1|4|5,full,0.046499999371008016,0.3448350841314248,1
digits_0_vs_1,4,digits_0_vs_1|4|5,no_cache,0.06690000009257346,0.3448350841314248,1
digits_0_vs_1,4,digits_0_vs_1|4|5,no_order,0.10110000039276201,0.3448350841314248,1
digits_0_vs_1,4,digits_0_vs_1|4|5,no_pruning,0.1145999995060265,0.3448350841314248,1
digits_0_vs_1,4,digits_0_vs_1|4|6,full,0.04660000013245735,0.20690144626758972,1
digits_0_vs_1,4,digits_0_vs_1|4|6,no_cache,0.06480000047304202,0.20690144626758972,1
digits_0_vs_1,4,digits_0_vs_1|4|6,no_order,0.1635999997233739,0.20690144626758972,1
digits_0_vs_1,4,digits_0_vs_1|4|6,no_pruning,0.1173999989987351,0.20690144626758972,1
digits_0_vs_1,4,digits_0_vs_1|4|7,full,0.05140000030223746,0.4827687219952597,1
digits_0_vs_1,4,digits_0_vs_1|4|7,no_cache,0.06910000047355425,0.4827687219952597,1
digits_0_vs_1,4,digits_0_vs_1|4|7,no_order,0.10099999963131268,0.4827687219952597,1
digits_0_vs_1,4,digits_0_vs_1|4|7,no_pruning,0.12789999891538173,0.4827687219952597,1
digits_0_vs_1,4,digits_0_vs_1|4|8,full,0.1833000005717622,0.20690144626758972,1
digits_0_vs_1,4,digits_0_vs_1|4|8,no_cache,0.10370000018156134,0.20690144626758972,1
digits_0_vs_1,4,digits_0_vs_1|4|8,no_order,0.11980000090261456,0.20690144626758972,1
digits_0_vs_1,4,digits_0_vs_1|4|8,no_pruning,0.13210000179242343,0.20690144626758972,1
digits_0_vs_1,4,digits_0_vs_1|4|9,full,0.05430000055639539,1.7241704838261,1
digits_0_vs_1,4,digits_0_vs_1|4|9,no_cache,0.07869999899412505,1.7241704838261,1
digits_0_vs_1,4,digits_0_vs_1|4|9,no_order,0.04079999962414149,1.7241704838261,1
digits_0_vs_1,4,digits_0_vs_1|4|9,no_pruning,0.04599999920174014,1.7241704838261,1
digits_0_vs_1,4,digits_0_vs_1|4|10,full,0.052600000344682485,1.7241704838261,1
digits_0_vs_1,4,digits_0_vs_1|4|10,no_cache,0.0729000003047986,1.7241704838261,1
digits_0_vs_1,4,digits_0_vs_1|4|10,no_order,0.037599998904624954,1.7241704838261,1
digits_0_vs_1,4,digits_0_vs_1|4|10,no_pruning,0.045000000682193786,1.7241704838261,1
digits_0_vs_1,4,digits_0_vs_1|4|11,full,0.06179999945743475,0.4827687219952597,1
digits_0_vs_1,4,digits_0_vs_1|4|11,no_cache,0.07329999971261714,0.4827687219952597,1
digits_0_vs_1,4,digits_0_vs_1|4|11,no_order,0.13130000115779694,0.4827687219952597,1
digits_0_vs_1,4,digits_0_vs_1|4|11,no_pruning,0.1382000009471085,0.4827687219952597,1
digits_0_vs_1,4,digits_0_vs_1|4|12,full,0.05410000085248612,1.758917935598336,1
digits_0_vs_1,4,digits_0_vs_1|4|12,no_cache,0.0687000010657357,1.758917935598336,1
digits_0_vs_1,4,digits_0_vs_1|4|12,no_order,0.03930000093532726,1.758917935598336,1
digits_0_vs_1,4,digits_0_vs_1|4|12,no_pruning,0.045700000555370934,1.758917935598336,1
digits_0_vs_1,4,digits_0_vs_1|4|13,full,0.052999999752501026,0.4827687219952597,1
digits_0_vs_1,4,digits_0_vs_1|4|13,no_cache,0.07080000068526715,0.4827687219952597,1
digits_0_vs_1,4,digits_0_vs_1|4|13,no_order,0.1145999995060265,0.4827687219952597,1
digits_0_vs_1,4,digits_0_vs_1|4|13,no_pruning,0.12169999899924733,0.4827687219952597,1
digits_0_vs_1,4,digits_0_vs_1|4|14,full,0.04799999987881165,1.758917935598336,1
digits_0_vs_1,4,digits_0_vs_1|4|14,no_cache,0.07100000038917642,1.758917935598336,1
digits_0_vs_1,4,digits_0_vs_1|4|14,no_order,0.03879999894706998,1.758917935598336,1
digits_0_vs_1,4,digits_0_vs_1|4|14,no_pruning,0.047199999244185165,1.758917935598336,1
digits_0_vs_1,4,digits_0_vs_1|4|15,full,0.04720000106317457,0.0689668294600802,1
digits_0_vs_1,4,digits_0_vs_1|4|15,no_cache,0.0667000003886642,0.0689668294600802,1
digits_0_vs_1,4,digits_0_vs_1|4|15,no_order,0.036899999031447805,0.0689668294600802,1
digits_0_vs_1,4,digits_0_vs_1|4|15,no_pruning,0.04389999958220869,0.0689668294600802,1
digits_0_vs_1,4,digits_0_vs_1|4|16,full,0.05729999975301325,0.4827687219952597,1
digits_0_vs_1,4,digits_0_vs_1|4|16,no_cache,0.07210000148916151,0.4827687219952597,1
digits_0_vs_1,4,digits_0_vs_1|4|16,no_order,0.10830000064743217,0.4827687219952597,1
digits_0_vs_1,4,digits_0_vs_1|4|16,no_pruning,0.1249999986612238,0.4827687219952597,1
digits_0_vs_1,4,digits_0_vs_1|4|17,full,0.051799999710056,0.4827687219952597,1
digits_0_vs_1,4,digits_0_vs_1|4|17,no_cache,0.06930000017746352,0.4827687219952597,1
digits_0_vs_1,4,digits_0_vs_1|4|17,no_order,0.11350000022503082,0.4827687219952597,1
digits_0_vs_1,4,digits_0_vs_1|4|17,no_pruning,0.12690000039583538,0.4827687219952597,1
digits_0_vs_1,4,digits_0_vs_1|4|18,full,0.05439999949885532,1.310369570235157,1
digits_0_vs_1,4,digits_0_vs_1|4|18,no_cache,0.07189999996626284,1.310369570235157,1
digits_0_vs_1,4,digits_0_vs_1|4|18,no_order,0.04239999907440506,1.310369570235157,1
digits_0_vs_1,4,digits_0_vs_1|4|18,no_pruning,0.13330000001587905,1.310369570235157,1
digits_0_vs_1,4,digits_0_vs_1|4|19,full,0.08960000013757963,0.4827687219952597,1
digits_0_vs_1,4,digits_0_vs_1|4|19,no_cache,0.09690000115369912,0.4827687219952597,1
digits_0_vs_1,4,digits_0_vs_1|4|19,no_order,0.1109000004362315,0.4827687219952597,1
digits_0_vs_1,4,digits_0_vs_1|4|19,no_pruning,0.11979999908362515,0.4827687219952597,1
digits_0_vs_1,4,digits_0_vs_1|4|20,full,0.055500000598840415,0.4827687219952597,1
digits_0_vs_1,4,digits_0_vs_1|4|20,no_cache,0.07589999950141646,0.4827687219952597,1
digits_0_vs_1,4,digits_0_vs_1|4|20,no_order,0.1038999998854706,0.4827687219952597,1
digits_0_vs_1,4,digits_0_vs_1|4|20,no_pruning,0.11559999984456226,0.4827687219952597,1
digits_0_vs_1,4,digits_0_vs_1|4|21,full,0.04799999987881165,1.7241704838261,1
digits_0_vs_1,4,digits_0_vs_1|4|21,no_cache,0.06679999933112413,1.7241704838261,1
digits_0_vs_1,4,digits_0_vs_1|4|21,no_order,0.03620000097726006,1.7241704838261,1
digits_0_vs_1,4,digits_0_vs_1|4|21,no_pruning,0.0411000000895001,1.7241704838261,1
digits_0_vs_1,4,digits_0_vs_1|4|22,full,0.04529999932856299,1.7241704838261,1
digits_0_vs_1,4,digits_0_vs_1|4|22,no_cache,0.06340000072668772,1.7241704838261,1
digits_0_vs_1,4,digits_0_vs_1|4|22,no_order,0.03539999852364417,1.7241704838261,1
digits_0_vs_1,4,digits_0_vs_1|4|22,no_pruning,0.03999999898951501,1.7241704838261,1
digits_0_vs_1,4,digits_0_vs_1|4|23,full,0.042800000301213004,1.758917935598336,1
digits_0_vs_1,4,digits_0_vs_1|4|23,no_cache,0.06190000021888409,1.758917935598336,1
digits_0_vs_1,4,digits_0_vs_1|4|23,no_order,0.03470000046945643,1.758917935598336,1
digits_0_vs_1,4,digits_0_vs_1|4|23,no_pruning,0.04079999962414149,1.758917935598336,1
digits_0_vs_1,4,digits_0_vs_1|4|24,full,0.04289999924367294,1.758917935598336,1
digits_0_vs_1,4,digits_0_vs_1|4|24,no_cache,0.06170000051497482,1.758917935598336,1
digits_0_vs_1,4,digits_0_vs_1|4|24,no_order,0.035600000046542846,1.758917935598336,1
digits_0_vs_1,4,digits_0_vs_1|4|24,no_pruning,0.04059999992023222,1.758917935598336,1
digits_0_vs_1,4,digits_0_vs_1|4|25,full,0.042800000301213004,0.7586350187792552,1
digits_0_vs_1,4,digits_0_vs_1|4|25,no_cache,0.06380000013450626,0.7586350187792552,1
digits_0_vs_1,4,digits_0_vs_1|4|25,no_order,0.036299999919719994,0.7586350187792552,1
digits_0_vs_1,4,digits_0_vs_1|4|25,no_pruning,0.04020000051241368,0.7586350187792552,1
digits_0_vs_1,4,digits_0_vs_1|4|26,full,0.050799999371520244,0.4827687219952597,1
digits_0_vs_1,4,digits_0_vs_1|4|26,no_cache,0.06750000102329068,0.4827687219952597,1
digits_0_vs_1,4,digits_0_vs_1|4|26,no_order,0.10350000047765207,0.4827687219952597,1
digits_0_vs_1,4,digits_0_vs_1|4|26,no_pruning,0.11199999971722718,0.4827687219952597,1
digits_0_vs_1,4,digits_0_vs_1|4|27,full,0.04769999941345304,0.4827687219952597,1
digits_0_vs_1,4,digits_0_vs_1|4|27,no_cache,0.06919999941601418,0.4827687219952597,1
digits_0_vs_1,4,digits_0_vs_1|4|27,no_order,0.10010000005422626,0.4827687219952597,1
digits_0_vs_1,4,digits_0_vs_1|4|27,no_pruning,0.3285999991931021,0.4827687219952597,1
digits_0_vs_1,4,digits_0_vs_1|4|28,full,0.07259999983943999,0.40476690854272995,1
digits_0_vs_1,4,digits_0_vs_1|4|28,no_cache,0.08679999882588163,0.40476690854272995,1
digits_0_vs_1,4,digits_0_vs_1|4|28,no_order,0.041900000724126585,0.40476690854272995,1
digits_0_vs_1,4,digits_0_vs_1|4|28,no_pruning,0.07469999945897143,0.40476690854272995,1
digits_0_vs_1,4,digits_0_vs_1|4|29,full,0.07959999857121147,1.758917935598336,1
digits_0_vs_1,4,digits_0_vs_1|4|29,no_cache,0.11799999992945231,1.758917935598336,1
digits_0_vs_1,4,digits_0_vs_1|4|29,no_order,0.06420000136131421,1.758917935598336,1
digits_0_vs_1,4,digits_0_vs_1|4|29,no_pruning,0.07069999992381781,1.758917935598336,1
digits_0_vs_1,4,digits_0_vs_1|4|30,full,0.10300000030838419,0.4827687219952597,1
digits_0_vs_1,4,digits_0_vs_1|4|30,no_cache,0.12319999950705096,0.4827687219952597,1
digits_0_vs_1,4,digits_0_vs_1|4|30,no_order,0.17640000078245066,0.4827687219952597,1
digits_0_vs_1,4,digits_0_vs_1|4|30,no_pruning,0.20760000006703194,0.4827687219952597,1
digits_0_vs_1,4,digits_0_vs_1|4|31,full,0.08760000127949752,0.4827687219952597,1
digits_0_vs_1,4,digits_0_vs_1|4|31,no_cache,0.11099999937869143,0.4827687219952597,1
digits_0_vs_1,4,digits_0_vs_1|4|31,no_order,0.15840000014577527,0.4827687219952597,1
digits_0_vs_1,4,digits_0_vs_1|4|31,no_pruning,0.18939999972644728,0.4827687219952597,1
digits_0_vs_1,4,digits_0_vs_1|4|32,full,0.07399999958579428,1.758917935598336,1
digits_0_vs_1,4,digits_0_vs_1|4|32,no_cache,0.10379999912402127,1.758917935598336,1
digits_0_vs_1,4,digits_0_vs_1|4|32,no_order,0.05520000013348181,1.758917935598336,1
digits_0_vs_1,4,digits_0_vs_1|4|32,no_pruning,0.06600000051548705,1.758917935598336,1
digits_0_vs_1,4,digits_0_vs_1|4|33,full,0.07120000009308569,1.7241704838261,1
digits_0_vs_1,4,digits_0_vs_1|4|33,no_cache,0.10099999963131268,1.7241704838261,1
digits_0_vs_1,4,digits_0_vs_1|4|33,no_order,0.058200001149089076,1.7241704838261,1
digits_0_vs_1,4,digits_0_vs_1|4|33,no_pruning,0.06239999856916256,1.7241704838261,1
digits_0_vs_1,4,digits_0_vs_1|4|34,full,0.06570000005012844,0.4827687219952597,1
digits_0_vs_1,4,digits_0_vs_1|4|34,no_cache,0.11769999946409371,0.4827687219952597,1
digits_0_vs_1,4,digits_0_vs_1|4|34,no_order,0.15869999879214447,0.4827687219952597,1
digits_0_vs_1,4,digits_0_vs_1|4|34,no_pruning,0.23319999854720663,0.4827687219952597,1
digits_0_vs_1,4,digits_0_vs_1|4|35,full,0.10719999954744708,0.4827687219952597,1
digits_0_vs_1,4,digits_0_vs_1|4|35,no_cache,0.1315000008617062,0.4827687219952597,1
digits_0_vs_1,4,digits_0_vs_1|4|35,no_order,0.15589999929943588,0.4827687219952597,1
digits_0_vs_1,4,digits_0_vs_1|4|35,no_pruning,0.18620000082592014,0.4827687219952597,1
digits_0_vs_1,4,digits_0_vs_1|4|36,full,0.07609999920532573,1.7241704838261,1
digits_0_vs_1,4,digits_0_vs_1|4|36,no_cache,0.10349999865866266,1.7241704838261,1
digits_0_vs_1,4,digits_0_vs_1|4|36,no_order,0.056599999879836105,1.7241704838261,1
digits_0_vs_1,4,digits_0_vs_1|4|36,no_pruning,0.06359999861160759,1.7241704838261,1
digits_0_vs_1,4,digits_0_vs_1|4|37,full,0.06579999899258837,0.4827687219952597,1
digits_0_vs_1,4,digits_0_vs_1|4|37,no_cache,0.06519999988086056,0.4827687219952597,1
digits_0_vs_1,4,digits_0_vs_1|4|37,no_order,0.09870000030787196,0.4827687219952597,1
digits_0_vs_1,4,digits_0_vs_1|4|37,no_pruning,0.11029999950551428,0.4827687219952597,1
digits_0_vs_1,4,digits_0_vs_1|4|38,full,0.04400000034365803,0.3478914297196529,1
digits_0_vs_1,4,digits_0_vs_1|4|38,no_cache,0.05960000089544337,0.3478914297196529,1
digits_0_vs_1,4,digits_0_vs_1|4|38,no_order,0.035200000638724305,0.3478914297196529,1
digits_0_vs_1,4,digits_0_vs_1|4|38,no_pruning,0.0396999985241564,0.3478914297196529,1
digits_0_vs_1,4,digits_0_vs_1|4|39,full,0.040600001739221625,1.7241704838261,1
digits_0_vs_1,4,digits_0_vs_1|4|39,no_cache,0.05830000009154901,1.7241704838261,1
digits_0_vs_1,4,digits_0_vs_1|4|39,no_order,0.03459999970800709,1.7241704838261,1
digits_0_vs_1,4,digits_0_vs_1|4|39,no_pruning,0.03950000063923653,1.7241704838261,1
digits_0_vs_1,4,digits_0_vs_1|4|40,full,0.039200000173877925,1.758917935598336,1
digits_0_vs_1,4,digits_0_vs_1|4|40,no_cache,0.06140000004961621,1.758917935598336,1
digits_0_vs_1,4,digits_0_vs_1|4|40,no_order,0.03389999983482994,1.758917935598336,1
digits_0_vs_1,4,digits_0_vs_1|4|40,no_pruning,0.03950000063923653,1.758917935598336,1
digits_0_vs_1,4,digits_0_vs_1|4|41,full,0.04240000089339446,1.7241704838261,1
digits_0_vs_1,4,digits_0_vs_1|4|41,no_cache,0.05960000089544337,1.7241704838261,1
digits_0_vs_1,4,digits_0_vs_1|4|41,no_order,0.03440000000409782,1.7241704838261,1
digits_0_vs_1,4,digits_0_vs_1|4|41,no_pruning,0.03839999953925144,1.7241704838261,1
digits_0_vs_1,4,digits_0_vs_1|4|42,full,0.04040000021632295,1.7329227276753691,1
digits_0_vs_1,4,digits_0_vs_1|4|42,no_cache,0.06089999988034833,1.7329227276753691,1
digits_0_vs_1,4,digits_0_vs_1|4|42,no_order,0.035400000342633575,1.7329227276753691,1
digits_0_vs_1,4,digits_0_vs_1|4|42,no_pruning,0.039399999877787195,1.7329227276753691,1
digits_0_vs_1,4,digits_0_vs_1|4|43,full,0.04819999958272092,0.4827687219952597,1
digits_0_vs_1,4,digits_0_vs_1|4|43,no_cache,0.06660000144620426,0.4827687219952597,1
digits_0_vs_1,4,digits_0_vs_1|4|43,no_order,0.10729999848990701,0.4827687219952597,1
digits_0_vs_1,4,digits_0_vs_1|4|43,no_pruning,0.10910000128205866,0.4827687219952597,1
digits_0_vs_1,4,digits_0_vs_1|4|44,full,0.040899998566601425,1.7241704838261,1
digits_0_vs_1,4,digits_0_vs_1|4|44,no_cache,0.05759999839938246,1.7241704838261,1
digits_0_vs_1,4,digits_0_vs_1|4|44,no_order,0.0335000004270114,1.7241704838261,1
digits_0_vs_1,4,digits_0_vs_1|4|44,no_pruning,0.03889999970851932,1.7241704838261,1
digits_0_vs_1,4,digits_0_vs_1|4|45,full,0.04000000080850441,1.7241704838261,1
digits_0_vs_1,4,digits_0_vs_1|4|45,no_cache,0.06480000047304202,1.7241704838261,1
digits_0_vs_1,4,digits_0_vs_1|4|45,no_order,0.03859999924316071,1.7241704838261,1
digits_0_vs_1,4,digits_0_vs_1|4|45,no_pruning,0.04350000017439015,1.7241704838261,1
digits_0_vs_1,4,digits_0_vs_1|4|46,full,0.052400000640773214,0.4827687219952597,1
digits_0_vs_1,4,digits_0_vs_1|4|46,no_cache,0.07030000051599927,0.4827687219952597,1
digits_0_vs_1,4,digits_0_vs_1|4|46,no_order,0.10590000056254212,0.4827687219952597,1
digits_0_vs_1,4,digits_0_vs_1|4|46,no_pruning,0.11699999959091656,0.4827687219952597,1
digits_0_vs_1,4,digits_0_vs_1|4|47,full,0.04199999966658652,1.3103695702345952,1
digits_0_vs_1,4,digits_0_vs_1|4|47,no_cache,0.05860000055690762,1.3103695702345952,1
digits_0_vs_1,4,digits_0_vs_1|4|47,no_order,0.035200000638724305,1.3103695702345952,1
digits_0_vs_1,4,digits_0_vs_1|4|47,no_pruning,0.0396999985241564,1.3103695702345952,1
digits_0_vs_1,4,digits_0_vs_1|4|48,full,0.04090000038559083,1.7241704838261,1
digits_0_vs_1,4,digits_0_vs_1|4|48,no_cache,0.40549999903305434,1.7241704838261,1
digits_0_vs_1,4,digits_0_vs_1|4|48,no_order,0.04329999865149148,1.7241704838261,1
digits_0_vs_1,4,digits_0_vs_1|4|48,no_pruning,0.04119999903196003,1.7241704838261,1
digits_0_vs_1,4,digits_0_vs_1|4|49,full,0.041700001020217314,1.4895001273785071,1
digits_0_vs_1,4,digits_0_vs_1|4|49,no_cache,0.062400000388151966,1.4895001273785071,1
digits_0_vs_1,4,digits_0_vs_1|4|49,no_order,0.035200000638724305,1.4895001273785071,1
digits_0_vs_1,4,digits_0_vs_1|4|49,no_pruning,0.03889999970851932,1.4895001273785071,1
digits_0_vs_1,4,digits_0_vs_1|4|50,full,0.04749999970954377,0.4827687219952597,1
digits_0_vs_1,4,digits_0_vs_1|4|50,no_cache,0.06269999903452117,0.4827687219952597,1
digits_0_vs_1,4,digits_0_vs_1|4|50,no_order,0.09409999984200113,0.4827687219952597,1
digits_0_vs_1,4,digits_0_vs_1|4|50,no_pruning,0.1095000006898772,0.4827687219952597,1
digits_0_vs_1,4,digits_0_vs_1|4|51,full,0.04090000038559083,1.758917935598336,1
digits_0_vs_1,4,digits_0_vs_1|4|51,no_cache,0.05740000051446259,1.758917935598336,1
digits_0_vs_1,4,digits_0_vs_1|4|51,no_order,0.03530000140017364,1.758917935598336,1
digits_0_vs_1,4,digits_0_vs_1|4|51,no_pruning,0.03879999894706998,1.758917935598336,1
digits_0_vs_1,4,digits_0_vs_1|4|52,full,0.04470000021683518,0.4827687219952597,1
digits_0_vs_1,4,digits_0_vs_1|4|52,no_cache,0.06269999903452117,0.4827687219952597,1
digits_0_vs_1,4,digits_0_vs_1|4|52,no_order,0.09899999895424116,0.4827687219952597,1
digits_0_vs_1,4,digits_0_vs_1|4|52,no_pruning,0.1081000009435229,0.4827687219952597,1
digits_0_vs_1,4,digits_0_vs_1|4|53,full,0.043700001697288826,0.4827687219952597,1
digits_0_vs_1,4,digits_0_vs_1|4|53,no_cache,0.06190000021888409,0.4827687219952597,1
digits_0_vs_1,4,digits_0_vs_1|4|53,no_order,0.09870000030787196,0.4827687219952597,1
digits_0_vs_1,4,digits_0_vs_1|4|53,no_pruning,0.10759999895526562,0.4827687219952597,1
digits_0_vs_1,4,digits_0_vs_1|4|54,full,0.0411000000895001,1.758917935598336,1
digits_0_vs_1,4,digits_0_vs_1|4|54,no_cache,0.06229999962670263,1.758917935598336,1
digits_0_vs_1,4,digits_0_vs_1|4|54,no_order,0.034300001061637886,1.758917935598336,1
digits_0_vs_1,4,digits_0_vs_1|4|54,no_pruning,0.040099999750964344,1.758917935598336,1
digits_0_vs_1,4,digits_0_vs_1|4|55,full,0.04050000097777229,1.7241704838261,1
digits_0_vs_1,4,digits_0_vs_1|4|55,no_cache,0.058000001445179805,1.7241704838261,1
digits_0_vs_1,4,digits_0_vs_1|4|55,no_order,0.03479999941191636,1.7241704838261,1
digits_0_vs_1,4,digits_0_vs_1|4|55,no_pruning,0.03990000004705507,1.7241704838261,1
digits_0_vs_1,4,digits_0_vs_1|4|56,full,0.044800000978284515,0.4827687219952597,1
digits_0_vs_1,4,digits_0_vs_1|4|56,no_cache,0.06190000021888409,0.4827687219952597,1
digits_0_vs_1,4,digits_0_vs_1|4|56,no_order,0.09780000073078554,0.4827687219952597,1
digits_0_vs_1,4,digits_0_vs_1|4|56,no_pruning,0.11640000047918875,0.4827687219952597,1
digits_0_vs_1,4,digits_0_vs_1|4|57,full,0.043599999116850086,1.5957457987677826,1
digits_0_vs_1,4,digits_0_vs_1|4|57,no_cache,0.06129999928816687,1.5957457987677826,1
digits_0_vs_1,4,digits_0_vs_1|4|57,no_order,0.0366000003850786,1.5957457987677826,1
digits_0_vs_1,4,digits_0_vs_1|4|57,no_pruning,0.042300000131945126,1.5957457987677826,1
digits_0_vs_1,4,digits_0_vs_1|4|58,full,0.04030000127386302,1.7241704838261,1
digits_0_vs_1,4,digits_0_vs_1|4|58,no_cache,0.060399999711080454,1.7241704838261,1
digits_0_vs_1,4,digits_0_vs_1|4|58,no_order,0.03599999945436139,1.7241704838261,1
digits_0_vs_1,4,digits_0_vs_1|4|58,no_pruning,0.03999999898951501,1.7241704838261,1
digits_0_vs_1,4,digits_0_vs_1|4|59,full,0.046299999667098746,0.4827687219952597,1
digits_0_vs_1,4,digits_0_vs_1|4|59,no_cache,0.06349999966914766,0.4827687219952597,1
digits_0_vs_1,4,digits_0_vs_1|4|59,no_order,0.09810000119614415,0.4827687219952597,1
digits_0_vs_1,4,digits_0_vs_1|4|59,no_pruning,0.11319999975967221,0.4827687219952597,1
digits_0_vs_1,4,digits_0_vs_1|4|60,full,0.04099999932805076,1.7241704838261,1
digits_0_vs_1,4,digits_0_vs_1|4|60,no_cache,0.05830000009154901,1.7241704838261,1
digits_0_vs_1,4,digits_0_vs_1|4|60,no_order,0.035000000934815034,1.7241704838261,1
digits_0_vs_1,4,digits_0_vs_1|4|60,no_pruning,0.03870000000461005,1.7241704838261,1
digits_0_vs_1,4,digits_0_vs_1|4|61,full,0.04489999992074445,0.4827687219952597,1
digits_0_vs_1,4,digits_0_vs_1|4|61,no_cache,0.06129999928816687,0.4827687219952597,1
digits_0_vs_1,4,digits_0_vs_1|4|61,no_order,0.09959999988495838,0.4827687219952597,1
digits_0_vs_1,4,digits_0_vs_1|4|61,no_pruning,0.11250000170548446,0.4827687219952597,1
digits_0_vs_1,4,digits_0_vs_1|4|62,full,0.04369999987829942,0.4827687219952597,1
digits_0_vs_1,4,digits_0_vs_1|4|62,no_cache,0.06239999856916256,0.4827687219952597,1
digits_0_vs_1,4,digits_0_vs_1|4|62,no_order,0.09750000026542693,0.4827687219952597,1
digits_0_vs_1,4,digits_0_vs_1|4|62,no_pruning,0.11189999895577785,0.4827687219952597,1
digits_0_vs_1,4,digits_0_vs_1|4|63,full,0.04020000051241368,1.7241704838261,1
digits_0_vs_1,4,digits_0_vs_1|4|63,no_cache,0.05889999920327682,1.7241704838261,1
digits_0_vs_1,4,digits_0_vs_1|4|63,no_order,0.0351999988197349,1.7241704838261,1
digits_0_vs_1,4,digits_0_vs_1|4|63,no_pruning,0.04040000021632295,1.7241704838261,1
digits_0_vs_1,4,digits_0_vs_1|4|64,full,0.04450000051292591,0.4827687219952597,1
digits_0_vs_1,4,digits_0_vs_1|4|64,no_cache,0.06299999949987978,0.4827687219952597,1
digits_0_vs_1,4,digits_0_vs_1|4|64,no_order,0.09669999963080045,0.4827687219952597,1
digits_0_vs_1,4,digits_0_vs_1|4|64,no_pruning,0.11180000001331791,0.4827687219952597,1
digits_0_vs_1,4,digits_0_vs_1|4|65,full,0.043199999709031545,0.4827687219952597,1
digits_0_vs_1,4,digits_0_vs_1|4|65,no_cache,0.06290000055741984,0.4827687219952597,1
digits_0_vs_1,4,digits_0_vs_1|4|65,no_order,0.09940000018104911,0.4827687219952597,1
digits_0_vs_1,4,digits_0_vs_1|4|65,no_pruning,0.11269999959040433,0.4827687219952597,1
digits_0_vs_1,4,digits_0_vs_1|4|66,full,0.040299999454873614,1.586236845962265,1
digits_0_vs_1,4,digits_0_vs_1|4|66,no_cache,0.05899999996472616,1.586236845962265,1
digits_0_vs_1,4,digits_0_vs_1|4|66,no_order,0.03509999987727497,1.586236845962265,1
digits_0_vs_1,4,digits_0_vs_1|4|66,no_pruning,0.03840000135824084,1.586236845962265,1
digits_0_vs_1,4,digits_0_vs_1|4|67,full,0.039200000173877925,0.0689668294600802,1
digits_0_vs_1,4,digits_0_vs_1|4|67,no_cache,0.0577000009798212,0.0689668294600802,1
digits_0_vs_1,4,digits_0_vs_1|4|67,no_order,0.03499999911582563,0.0689668294600802,1
digits_0_vs_1,4,digits_0_vs_1|4|67,no_pruning,0.03789999936998356,0.0689668294600802,1
digits_0_vs_1,4,digits_0_vs_1|4|68,full,0.0442000000475673,0.4827687219952597,1
digits_0_vs_1,4,digits_0_vs_1|4|68,no_cache,0.061699998695985414,0.4827687219952597,1
digits_0_vs_1,4,digits_0_vs_1|4|68,no_order,0.1021999996737577,0.4827687219952597,1
digits_0_vs_1,4,digits_0_vs_1|4|68,no_pruning,0.11420000009820797,0.4827687219952597,1
digits_0_vs_1,4,digits_0_vs_1|4|69,full,0.046799999836366624,0.4827687219952597,1
digits_0_vs_1,4,digits_0_vs_1|4|69,no_cache,0.06719999873894267,0.4827687219952597,1
digits_0_vs_1,4,digits_0_vs_1|4|69,no_order,0.10059999840450473,0.4827687219952597,1
digits_0_vs_1,4,digits_0_vs_1|4|69,no_pruning,0.1807000007829629,0.4827687219952597,1
synthetic_20,0,synthetic_20|0|0,full,0.11470000026747584,0.1536821995183323,1
synthetic_20,0,synthetic_20|0|0,no_cache,0.24839999969117343,0.1536821995183323,1
synthetic_20,0,synthetic_20|0|0,no_order,0.5715999996027676,0.1536821995183323,1
synthetic_20,0,synthetic_20|0|0,no_pruning,0.6417000004148576,0.1536821995183323,1
synthetic_20,0,synthetic_20|0|1,full,0.0667000003886642,0.43712055385129345,1
synthetic_20,0,synthetic_20|0|1,no_cache,0.22910000006959308,0.43712055385129345,1
synthetic_20,0,synthetic_20|0|1,no_order,0.5354999993869569,0.43712055385129345,1
synthetic_20,0,synthetic_20|0|1,no_pruning,0.6310000007943017,0.43712055385129345,1
synthetic_20,0,synthetic_20|0|2,full,0.09399999908055179,1.2510820300166263,1
synthetic_20,0,synthetic_20|0|2,no_cache,0.26930000058200676,1.2510820300166263,1
synthetic_20,0,synthetic_20|0|2,no_order,0.5885000009584473,1.2510820300166263,1
synthetic_20,0,synthetic_20|0|2,no_pruning,0.656999998682295,1.2510820300166263,1
synthetic_20,0,synthetic_20|0|3,full,0.06399999983841553,0.6841142304098634,1
synthetic_20,0,synthetic_20|0|3,no_cache,0.22600000011152588,0.6841142304098634,1
synthetic_20,0,synthetic_20|0|3,no_order,0.5359999995562248,0.6841142304098634,1
synthetic_20,0,synthetic_20|0|3,no_pruning,0.6303999998635845,0.6841142304098634,1
synthetic_20,0,synthetic_20|0|4,full,0.06519999988086056,0.8040550104893326,1
synthetic_20,0,synthetic_20|0|4,no_cache,0.23049999981594738,0.8040550104893326,1
synthetic_20,0,synthetic_20|0|4,no_order,0.5519999995158287,0.8040550104893326,1
synthetic_20,0,synthetic_20|0|4,no_pruning,0.6732000001647975,0.8040550104893326,1
synthetic_20,0,synthetic_20|0|5,full,0.06779999966965988,0.5200697628822556,1
synthetic_20,0,synthetic_20|0|5,no_cache,0.2395999999862397,0.5200697628822556,1
synthetic_20,0,synthetic_20|0|5,no_order,0.5382999988796655,0.5200697628822556,1
synthetic_20,0,synthetic_20|0|5,no_pruning,0.622200001089368,0.5200697628822556,1
synthetic_20,0,synthetic_20|0|6,full,0.06289999873843044,0.7122247005217034,1
synthetic_20,0,synthetic_20|0|6,no_cache,0.22319999879982788,0.7122247005217034,1
synthetic_20,0,synthetic_20|0|6,no_order,0.5421999994723592,0.7122247005217034,1
synthetic_20,0,synthetic_20|0|6,no_pruning,0.6297999989328673,0.7122247005217034,1
synthetic_20,0,synthetic_20|0|7,full,0.059899999541812576,0.6135838991371364,1
synthetic_20,0,synthetic_20|0|7,no_cache,0.22870000066177454,0.6135838991371364,1
synthetic_20,0,synthetic_20|0|7,no_order,0.5714999988413183,0.6135838991371364,1
synthetic_20,0,synthetic_20|0|7,no_pruning,0.6290999990596902,0.6135838991371364,1
synthetic_20,0,synthetic_20|0|8,full,0.06790000043110922,0.7301684913249818,1
synthetic_20,0,synthetic_20|0|8,no_cache,0.23549999968963675,0.7301684913249818,1
synthetic_20,0,synthetic_20|0|8,no_order,0.5509999991772929,0.7301684913249818,1
synthetic_20,0,synthetic_20|0|8,no_pruning,0.6543999988934956,0.7301684913249818,1
synthetic_20,0,synthetic_20|0|9,full,0.06410000059986487,0.08012835858357059,1
synthetic_20,0,synthetic_20|0|9,no_cache,0.22499999977299012,0.08012835858357059,1
synthetic_20,0,synthetic_20|0|9,no_order,0.5641999996441882,0.08012835858357059,1
synthetic_20,0,synthetic_20|0|9,no_pruning,0.6549000008817529,0.08012835858357059,1
synthetic_20,0,synthetic_20|0|10,full,0.067299999500392,0.6171687761489447,1
synthetic_20,0,synthetic_20|0|10,no_cache,0.24310000117111485,0.6171687761489447,1
synthetic_20,0,synthetic_20|0|10,no_order,0.5268000004434725,0.6171687761489447,1
synthetic_20,0,synthetic_20|0|10,no_pruning,0.6064999997761333,0.6171687761489447,1
synthetic_20,0,synthetic_20|0|11,full,0.06089999988034833,0.3418163358932762,1
synthetic_20,0,synthetic_20|0|11,no_cache,0.22400000125344377,0.3418163358932762,1
synthetic_20,0,synthetic_20|0|11,no_order,0.5387000001064735,0.3418163358932762,1
synthetic_20,0,synthetic_20|0|11,no_pruning,0.6170999986352399,0.3418163358932762,1
synthetic_20,0,synthetic_20|0|12,full,0.05899999996472616,0.020503550283842098,1
synthetic_20,0,synthetic_20|0|12,no_cache,0.2234999992651865,0.020503550283842098,1
synthetic_20,0,synthetic_20|0|12,no_order,0.5294000002322719,0.020503550283842098,1
synthetic_20,0,synthetic_20|0|12,no_pruning,1.0284999989380594,0.020503550283842098,1
synthetic_20,0,synthetic_20|0|13,full,0.08969999908003956,0.0451895977953236,1
synthetic_20,0,synthetic_20|0|13,no_cache,0.23949999922479037,0.0451895977953236,1
synthetic_20,0,synthetic_20|0|13,no_order,0.5670999998983461,0.0451895977953236,1
synthetic_20,0,synthetic_20|0|13,no_pruning,0.6661999996140366,0.0451895977953236,1
synthetic_20,0,synthetic_20|0|14,full,0.09300000056100544,0.42926482556835754,1
synthetic_20,0,synthetic_20|0|14,no_cache,0.2576000006229151,0.42926482556835754,1
synthetic_20,0,synthetic_20|0|14,no_order,0.7277000004251022,0.42926482556835754,1
synthetic_20,0,synthetic_20|0|14,no_pruning,0.8173000005626818,0.42926482556835754,1
synthetic_20,0,synthetic_20|0|15,full,0.09850000060396269,0.727611898790304,1
synthetic_20,0,synthetic_20|0|15,no_cache,0.2640000002429588,0.727611898790304,1
synthetic_20,0,synthetic_20|0|15,no_order,0.711599999704049,0.727611898790304,1
synthetic_20,0,synthetic_20|0|15,no_pruning,0.6890999993629521,0.727611898790304,1
synthetic_20,0,synthetic_20|0|16,full,0.11139999878650997,1.0393791772552976,1
synthetic_20,0,synthetic_20|0|16,no_cache,0.2867999992304249,1.0393791772552976,1
synthetic_20,0,synthetic_20|0|16,no_order,0.5760999993071891,1.0393791772552976,1
synthetic_20,0,synthetic_20|0|16,no_pruning,0.6632999993598787,1.0393791772552976,1
synthetic_20,0,synthetic_20|0|17,full,0.0698000003467314,0.11223515296904152,1
synthetic_20,0,synthetic_20|0|17,no_cache,0.37710000106017105,0.11223515296904152,1
synthetic_20,0,synthetic_20|0|17,no_order,0.6111999991844641,0.11223515296904152,1
synthetic_20,0,synthetic_20|0|17,no_pruning,0.7713000013609417,0.11223515296904152,1
synthetic_20,0,synthetic_20|0|18,full,0.09780000073078554,0.552110077515607,1
synthetic_20,0,synthetic_20|0|18,no_cache,0.24570000095991418,0.552110077515607,1
synthetic_20,0,synthetic_20|0|18,no_order,0.5977000000711996,0.552110077515607,1
synthetic_20,0,synthetic_20|0|18,no_pruning,0.6771999996999511,0.552110077515607,1
synthetic_20,0,synthetic_20|0|19,full,0.06800000119255856,0.38880672269391137,1
synthetic_20,0,synthetic_20|0|19,no_cache,0.23019999935058877,0.38880672269391137,1
synthetic_20,0,synthetic_20|0|19,no_order,0.5846000003657537,0.38880672269391137,1
synthetic_20,0,synthetic_20|0|19,no_pruning,0.6692999995721038,0.38880672269391137,1
synthetic_20,0,synthetic_20|0|20,full,0.09669999963080045,0.9111597053948238,1
synthetic_20,0,synthetic_20|0|20,no_cache,0.2736999995249789,0.9111597053948238,1
synthetic_20,0,synthetic_20|0|20,no_order,0.5698000004485948,0.9111597053948238,1
synthetic_20,0,synthetic_20|0|20,no_pruning,0.6534999993164092,0.9111597053948238,1
synthetic_20,0,synthetic_20|0|21,full,0.07270000060088933,1.1907798882667344,1
synthetic_20,0,synthetic_20|0|21,no_cache,0.23299999884329736,1.1907798882667344,1
synthetic_20,0,synthetic_20|0|21,no_order,0.5811000009998679,1.1907798882667344,1
synthetic_20,0,synthetic_20|0|21,no_pruning,1.2990000013815006,1.1907798882667344,1
synthetic_20,0,synthetic_20|0|22,full,0.09680000039224979,0.5137364228006367,1
synthetic_20,0,synthetic_20|0|22,no_cache,0.24140000095940195,0.5137364228006367,1
synthetic_20,0,synthetic_20|0|22,no_order,0.572900000406662,0.5137364228006367,1
synthetic_20,0,synthetic_20|0|22,no_pruning,0.7012000005488517,0.5137364228006367,1
synthetic_20,0,synthetic_20|0|23,full,0.07469999945897143,0.01769733930035522,1
synthetic_20,0,synthetic_20|0|23,no_cache,0.23719999990134966,0.01769733930035522,1
synthetic_20,0,synthetic_20|0|23,no_order,0.5456999988382449,0.01769733930035522,1
synthetic_20,0,synthetic_20|0|23,no_pruning,0.7475999991584104,0.01769733930035522,1
synthetic_20,0,synthetic_20|0|24,full,0.1666999996814411,1.0896318042491837,1
synthetic_20,0,synthetic_20|0|24,no_cache,0.31859999944572337,1.0896318042491837,1
synthetic_20,0,synthetic_20|0|24,no_order,0.5694999999832362,1.0896318042491837,1
synthetic_20,0,synthetic_20|0|24,no_pruning,0.8435999989160337,1.0896318042491837,1
synthetic_20,0,synthetic_20|0|25,full,0.09560000034980476,0.2529989170768695,1
synthetic_20,0,synthetic_20|0|25,no_cache,0.24850000045262277,0.2529989170768695,1
synthetic_20,0,synthetic_20|0|25,no_order,0.5686000004061498,0.2529989170768695,1
synthetic_20,0,synthetic_20|0|25,no_pruning,0.6522999992739642,0.2529989170768695,1
synthetic_20,0,synthetic_20|0|26,full,0.07079999886627775,0.4192813496420421,1
synthetic_20,0,synthetic_20|0|26,no_cache,0.23040000087348744,0.4192813496420421,1
synthetic_20,0,synthetic_20|0|26,no_order,0.6088000009185635,0.4192813496420421,1
synthetic_20,0,synthetic_20|0|26,no_pruning,0.684200000250712,0.4192813496420421,1
synthetic_20,0,synthetic_20|0|27,full,0.07030000051599927,0.6193306891571316,1
synthetic_20,0,synthetic_20|0|27,no_cache,0.2406999992672354,0.6193306891571316,1
synthetic_20,0,synthetic_20|0|27,no_order,0.5498000009538373,0.6193306891571316,1
synthetic_20,0,synthetic_20|0|27,no_pruning,0.6334000008791918,0.6193306891571316,1
synthetic_20,0,synthetic_20|0|28,full,0.06310000026132911,0.4079664625013701,1
synthetic_20,0,synthetic_20|0|28,no_cache,0.22570000146515667,0.4079664625013701,1
synthetic_20,0,synthetic_20|0|28,no_order,0.5395999996835599,0.4079664625013701,1
synthetic_20,0,synthetic_20|0|28,no_pruning,0.7036999995762017,0.4079664625013701,1
synthetic_20,0,synthetic_20|0|29,full,0.07209999967017211,0.185194992278088,1
synthetic_20,0,synthetic_20|0|29,no_cache,0.2330999996047467,0.185194992278088,1
synthetic_20,0,synthetic_20|0|29,no_order,0.5497999991348479,0.185194992278088,1
synthetic_20,0,synthetic_20|0|29,no_pruning,0.6310999997367617,0.185194992278088,1
synthetic_20,0,synthetic_20|0|30,full,0.06469999971159268,0.39927984659039906,1
synthetic_20,0,synthetic_20|0|30,no_cache,0.22059999901102856,0.39927984659039906,1
synthetic_20,0,synthetic_20|0|30,no_order,0.5808000005345093,0.39927984659039906,1
synthetic_20,0,synthetic_20|0|30,no_pruning,0.6510000002890592,0.39927984659039906,1
synthetic_20,0,synthetic_20|0|31,full,0.08759999946050812,0.8756158993592964,1
synthetic_20,0,synthetic_20|0|31,no_cache,0.777699999161996,0.8756158993592964,1
synthetic_20,0,synthetic_20|0|31,no_order,0.6085000004532048,0.8756158993592964,1
synthetic_20,0,synthetic_20|0|31,no_pruning,0.7349999996222323,0.8756158993592964,1
synthetic_20,0,synthetic_20|0|32,full,0.10649999967426993,1.1996502705289243,1
synthetic_20,0,synthetic_20|0|32,no_cache,0.27319999935571104,1.1996502705289243,1
synthetic_20,0,synthetic_20|0|32,no_order,0.5932000003667781,1.1996502705289243,1
synthetic_20,0,synthetic_20|0|32,no_pruning,0.6759999996575061,1.1996502705289243,1
synthetic_20,0,synthetic_20|0|33,full,0.06880000000819564,0.9641886994519427,1
synthetic_20,0,synthetic_20|0|33,no_cache,0.23239999973156955,0.9641886994519427,1
synthetic_20,0,synthetic_20|0|33,no_order,0.8433000002696645,0.9641886994519427,1
synthetic_20,0,synthetic_20|0|33,no_pruning,0.6845999996585306,0.9641886994519427,1
synthetic_20,0,synthetic_20|0|34,full,0.11959999937971588,0.4263805879112714,1
synthetic_20,0,synthetic_20|0|34,no_cache,0.37960000008752104,0.4263805879112714,1
synthetic_20,0,synthetic_20|0|34,no_order,0.6161999990581535,0.4263805879112714,1
synthetic_20,0,synthetic_20|0|34,no_pruning,0.6983999992371537,0.4263805879112714,1
synthetic_20,0,synthetic_20|0|35,full,0.07000000005064066,0.7895835804929352,1
synthetic_20,0,synthetic_20|0|35,no_cache,0.23859999964770395,0.7895835804929352,1
synthetic_20,0,synthetic_20|0|35,no_order,0.5749000010837335,0.7895835804929352,1
synthetic_20,0,synthetic_20|0|35,no_pruning,0.6779000013921177,0.7895835804929352,1
synthetic_20,0,synthetic_20|0|36,full,0.07050000021990854,0.1152932077599095,1
synthetic_20,0,synthetic_20|0|36,no_cache,0.22730000091542024,0.1152932077599095,1
synthetic_20,0,synthetic_20|0|36,no_order,0.5605999995168531,0.1152932077599095,1
synthetic_20,0,synthetic_20|0|36,no_pruning,0.6159000004117843,0.1152932077599095,1
synthetic_20,0,synthetic_20|0|37,full,0.06580000081157777,0.4876127660894707,1
synthetic_20,0,synthetic_20|0|37,no_cache,0.22469999930763151,0.4876127660894707,1
synthetic_20,0,synthetic_20|0|37,no_order,0.5680999984178925,0.4876127660894707,1
synthetic_20,0,synthetic_20|0|37,no_pruning,0.6558000004588393,0.4876127660894707,1
synthetic_20,0,synthetic_20|0|38,full,0.10300000030838419,1.0842232418419688,1
synthetic_20,0,synthetic_20|0|38,no_cache,0.2817999993567355,1.0842232418419688,1
synthetic_20,0,synthetic_20|0|38,no_order,0.574199999391567,1.0842232418419688,1
synthetic_20,0,synthetic_20|0|38,no_pruning,0.6575999996130122,1.0842232418419688,1
synthetic_20,0,synthetic_20|0|39,full,0.06510000093840063,0.6533351939478922,1
synthetic_20,0,synthetic_20|0|39,no_cache,0.2294000005349517,0.6533351939478922,1
synthetic_20,0,synthetic_20|0|39,no_order,0.5419999997684499,0.6533351939478922,1
synthetic_20,0,synthetic_20|0|39,no_pruning,0.7826999990356853,0.6533351939478922,1
synthetic_20,0,synthetic_20|0|40,full,0.11629999971773941,0.6242846705469315,1
synthetic_20,0,synthetic_20|0|40,no_cache,0.2638000005390495,0.6242846705469315,1
synthetic_20,0,synthetic_20|0|40,no_order,0.9308000007877126,0.6242846705469315,1
synthetic_20,0,synthetic_20|0|40,no_pruning,1.1159000005136477,0.6242846705469315,1
synthetic_20,0,synthetic_20|0|41,full,0.1067000011971686,0.28901053398699256,1
synthetic_20,0,synthetic_20|0|41,no_cache,0.2624000007926952,0.28901053398699256,1
synthetic_20,0,synthetic_20|0|41,no_order,0.6431999991036719,0.28901053398699256,1
synthetic_20,0,synthetic_20|0|41,no_pruning,0.6866000003356021,0.28901053398699256,1
synthetic_20,0,synthetic_20|0|42,full,0.10180000026593916,1.0193570597050934,1
synthetic_20,0,synthetic_20|0|42,no_cache,0.33650000113993883,1.0193570597050934,1
synthetic_20,0,synthetic_20|0|42,no_order,0.8631000000605127,1.0193570597050934,1
synthetic_20,0,synthetic_20|0|42,no_pruning,0.7232000007206807,1.0193570597050934,1
synthetic_20,0,synthetic_20|0|43,full,0.09200000022246968,0.18679380393944017,1
synthetic_20,0,synthetic_20|0|43,no_cache,0.25069999901461415,0.18679380393944017,1
synthetic_20,0,synthetic_20|0|43,no_order,0.5679999994754326,0.18679380393944017,1
synthetic_20,0,synthetic_20|0|43,no_pruning,0.6640999999945052,0.18679380393944017,1
synthetic_20,0,synthetic_20|0|44,full,0.08119999984046444,0.7640993668376991,1
synthetic_20,0,synthetic_20|0|44,no_cache,0.25159999859170057,0.7640993668376991,1
synthetic_20,0,synthetic_20|0|44,no_order,0.7206999998743413,0.7640993668376991,1
synthetic_20,0,synthetic_20|0|44,no_pruning,0.7447999996657018,0.7640993668376991,1
synthetic_20,0,synthetic_20|0|45,full,0.15979999989212956,1.8063578165055951,1
synthetic_20,0,synthetic_20|0|45,no_cache,0.30359999982465524,1.8063578165055951,1
synthetic_20,0,synthetic_20|0|45,no_order,0.6446999996114755,1.8063578165055951,1
synthetic_20,0,synthetic_20|0|45,no_pruning,0.9877000011329073,1.8063578165055951,1
synthetic_20,0,synthetic_20|0|46,full,0.20399999993969686,1.1171678532117897,1
synthetic_20,0,synthetic_20|0|46,no_cache,0.38210000093386043,1.1171678532117897,1
synthetic_20,0,synthetic_20|0|46,no_order,2.3742999983369373,1.1171678532117897,1
synthetic_20,0,synthetic_20|0|46,no_pruning,0.7009000000834931,1.1171678532117897,1
synthetic_20,0,synthetic_20|0|47,full,0.12830000014218967,1.4214000302741208,1
synthetic_20,0,synthetic_20|0|47,no_cache,0.28840000049967784,1.4214000302741208,1
synthetic_20,0,synthetic_20|0|47,no_order,0.5832000006193994,1.4214000302741208,1
synthetic_20,0,synthetic_20|0|47,no_pruning,0.9895000002870802,1.4214000302741208,1
synthetic_20,0,synthetic_20|0|48,full,0.08870000056049321,0.6353245891927782,1
synthetic_20,0,synthetic_20|0|48,no_cache,0.25009999990288634,0.6353245891927782,1
synthetic_20,0,synthetic_20|0|48,no_order,0.5547000000660773,0.6353245891927782,1
synthetic_20,0,synthetic_20|0|48,no_pruning,0.790299998698174,0.6353245891927782,1
synthetic_20,0,synthetic_20|0|49,full,0.10560000009718351,0.5225225260789802,1
synthetic_20,0,synthetic_20|0|49,no_cache,0.24589999884483404,0.5225225260789802,1
synthetic_20,0,synthetic_20|0|49,no_order,0.5177000002731802,0.5225225260789802,1
synthetic_20,0,synthetic_20|0|49,no_pruning,0.772299999880488,0.5225225260789802,1
synthetic_20,0,synthetic_20|0|50,full,0.08739999975659885,0.6365587773244412,1
synthetic_20,0,synthetic_20|0|50,no_cache,0.3037000005861046,0.6365587773244412,1
synthetic_20,0,synthetic_20|0|50,no_order,0.5834000003233086,0.6365587773244412,1
synthetic_20,0,synthetic_20|0|50,no_pruning,0.6629999988945201,0.6365587773244412,1
synthetic_20,0,synthetic_20|0|51,full,0.07019999975454994,0.46828653115523655,1
synthetic_20,0,synthetic_20|0|51,no_cache,0.35089999983028974,0.46828653115523655,1
synthetic_20,0,synthetic_20|0|51,no_order,0.5946000001131324,0.46828653115523655,1
synthetic_20,0,synthetic_20|0|51,no_pruning,0.6702000009681797,0.46828653115523655,1
synthetic_20,0,synthetic_20|0|52,full,0.10520000068936497,0.6104266121568459,1
synthetic_20,0,synthetic_20|0|52,no_cache,0.2575999988039257,0.6104266121568459,1
synthetic_20,0,synthetic_20|0|52,no_order,0.5736999992222991,0.6104266121568459,1
synthetic_20,0,synthetic_20|0|52,no_pruning,0.6296999999904074,0.6104266121568459,1
synthetic_20,0,synthetic_20|0|53,full,0.06889999895065557,1.1139180718741124,1
synthetic_20,0,synthetic_20|0|53,no_cache,0.23020000116957817,1.1139180718741124,1
synthetic_20,0,synthetic_20|0|53,no_order,0.552100000277278,1.1139180718741124,1
synthetic_20,0,synthetic_20|0|53,no_pruning,0.6553000002895715,1.1139180718741124,1
synthetic_20,0,synthetic_20|0|54,full,0.08850000085658394,0.8409497297883577,1
synthetic_20,0,synthetic_20|0|54,no_cache,0.2518999990570592,0.8409497297883577,1
synthetic_20,0,synthetic_20|0|54,no_order,0.5596999999397667,0.8409497297883577,1
synthetic_20,0,synthetic_20|0|54,no_pruning,1.0333999998692889,0.8409497297883577,1
synthetic_20,0,synthetic_20|0|55,full,0.09360000149172265,0.5873205701291033,1
synthetic_20,0,synthetic_20|0|55,no_cache,0.2549999990151264,0.5873205701291033,1
synthetic_20,0,synthetic_20|0|55,no_order,0.5302999998093583,0.5873205701291033,1
synthetic_20,0,synthetic_20|0|55,no_pruning,0.8202999997592997,0.5873205701291033,1
synthetic_20,0,synthetic_20|0|56,full,0.1007999999274034,0.7386802267623206,1
synthetic_20,0,synthetic_20|0|56,no_cache,0.24560000019846484,0.7386802267623206,1
synthetic_20,0,synthetic_20|0|56,no_order,0.5590000000665896,0.7386802267623206,1
synthetic_20,0,synthetic_20|0|56,no_pruning,0.6338000002870103,0.7386802267623206,1
synthetic_20,0,synthetic_20|0|57,full,0.06990000110818073,0.7237610194018228,1
synthetic_20,0,synthetic_20|0|57,no_cache,0.34359999881417025,0.7237610194018228,1
synthetic_20,0,synthetic_20|0|57,no_order,0.5939999991824152,0.7237610194018228,1
synthetic_20,0,synthetic_20|0|57,no_pruning,0.6587000007129973,0.7237610194018228,1
synthetic_20,0,synthetic_20|0|58,full,0.07250000089698005,0.3939118373972408,1
synthetic_20,0,synthetic_20|0|58,no_cache,0.3257999997003935,0.3939118373972408,1
synthetic_20,0,synthetic_20|0|58,no_order,0.5576000003202353,0.3939118373972408,1
synthetic_20,0,synthetic_20|0|58,no_pruning,0.6392000013875077,0.3939118373972408,1
synthetic_20,0,synthetic_20|0|59,full,0.07270000060088933,0.24351234646419456,1
synthetic_20,0,synthetic_20|0|59,no_cache,0.2423999994789483,0.24351234646419456,1
synthetic_20,0,synthetic_20|0|59,no_order,0.5773000011686236,0.24351234646419456,1
synthetic_20,0,synthetic_20|0|59,no_pruning,0.6783999997423962,0.24351234646419456,1
synthetic_20,0,synthetic_20|0|60,full,0.06829999983892776,0.9924946481804939,1
synthetic_20,0,synthetic_20|0|60,no_cache,0.23569999939354602,0.9924946481804939,1
synthetic_20,0,synthetic_20|0|60,no_order,0.5355999983294168,0.9924946481804939,1
synthetic_20,0,synthetic_20|0|60,no_pruning,0.6160000011732336,0.9924946481804939,1
synthetic_20,0,synthetic_20|0|61,full,0.06500000017695129,0.8752421527325075,1
synthetic_20,0,synthetic_20|0|61,no_cache,0.2285999999003252,0.8752421527325075,1
synthetic_20,0,synthetic_20|0|61,no_order,0.5579999997280538,0.8752421527325075,1
synthetic_20,0,synthetic_20|0|61,no_pruning,0.6751000000804197,0.8752421527325075,1
synthetic_20,0,synthetic_20|0|62,full,0.07099999857018702,0.06951971409714675,1
synthetic_20,0,synthetic_20|0|62,no_cache,0.25769999956537504,0.06951971409714675,1
synthetic_20,0,synthetic_20|0|62,no_order,0.5721999987144955,0.06951971409714675,1
synthetic_20,0,synthetic_20|0|62,no_pruning,0.625100001343526,0.06951971409714675,1
synthetic_20,0,synthetic_20|0|63,full,0.13750000107393134,1.6024590158655816,1
synthetic_20,0,synthetic_20|0|63,no_cache,0.29150000045774505,1.6024590158655816,1
synthetic_20,0,synthetic_20|0|63,no_order,0.5551000012928853,1.6024590158655816,1
synthetic_20,0,synthetic_20|0|63,no_pruning,0.6455999991885619,1.6024590158655816,1
synthetic_20,0,synthetic_20|0|64,full,0.06379999831551686,0.9923578921955294,1
synthetic_20,0,synthetic_20|0|64,no_cache,0.4023000001325272,0.9923578921955294,1
synthetic_20,0,synthetic_20|0|64,no_order,1.0605000006762566,0.9923578921955294,1
synthetic_20,0,synthetic_20|0|64,no_pruning,0.7373999997071223,0.9923578921955294,1
synthetic_20,0,synthetic_20|0|65,full,0.12439999954949599,0.4477689788108773,1
synthetic_20,0,synthetic_20|0|65,no_cache,0.30639999931736384,0.4477689788108773,1
synthetic_20,0,synthetic_20|0|65,no_order,0.5944999993516831,0.4477689788108773,1
synthetic_20,0,synthetic_20|0|65,no_pruning,0.6929999999556458,0.4477689788108773,1
synthetic_20,0,synthetic_20|0|66,full,0.08259999958681874,0.4343550275764415,1
synthetic_20,0,synthetic_20|0|66,no_cache,0.23680000049353112,0.4343550275764415,1
synthetic_20,0,synthetic_20|0|66,no_order,0.8369999995920807,0.4343550275764415,1
synthetic_20,0,synthetic_20|0|66,no_pruning,0.717699998858734,0.4343550275764415,1
synthetic_20,0,synthetic_20|0|67,full,0.0932000002649147,0.3485256226663308,1
synthetic_20,0,synthetic_20|0|67,no_cache,0.23940000028233044,0.3485256226663308,1
synthetic_20,0,synthetic_20|0|67,no_order,0.5575999985012459,0.3485256226663308,1
synthetic_20,0,synthetic_20|0|67,no_pruning,0.6606999995710794,0.3485256226663308,1
synthetic_20,0,synthetic_20|0|68,full,0.06890000076964498,0.9216698476182404,1
synthetic_20,0,synthetic_20|0|68,no_cache,0.23689999943599105,0.9216698476182404,1
synthetic_20,0,synthetic_20|0|68,no_order,0.5577000010816846,0.9216698476182404,1
synthetic_20,0,synthetic_20|0|68,no_pruning,0.6998999997449573,0.9216698476182404,1
synthetic_20,0,synthetic_20|0|69,full,0.07670000013604295,0.6190851909843774,1
synthetic_20,0,synthetic_20|0|69,no_cache,0.8868999993865145,0.6190851909843774,1
synthetic_20,0,synthetic_20|0|69,no_order,0.6012999983795453,0.6190851909843774,1
synthetic_20,0,synthetic_20|0|69,no_pruning,0.6797000005462905,0.6190851909843774,1
synthetic_20,1,synthetic_20|1|0,full,0.13299999955052044,1.081634146385026,1
synthetic_20,1,synthetic_20|1|0,no_cache,0.25860000096145086,1.081634146385026,1
synthetic_20,1,synthetic_20|1|0,no_order,0.6755000013072276,1.081634146385026,1
synthetic_20,1,synthetic_20|1|0,no_pruning,1.157299999249517,1.081634146385026,1
synthetic_20,1,synthetic_20|1|1,full,0.0962999984039925,0.9485423473886407,1
synthetic_20,1,synthetic_20|1|1,no_cache,0.23829999918234535,0.9485423473886407,1
synthetic_20,1,synthetic_20|1|1,no_order,0.6139000015537022,0.9485423473886407,1
synthetic_20,1,synthetic_20|1|1,no_pruning,0.7134000006772112,0.9485423473886407,1
synthetic_20,1,synthetic_20|1|2,full,0.0777000004745787,0.005611880531826818,1
synthetic_20,1,synthetic_20|1|2,no_cache,0.2313999993930338,0.005611880531826818,1
synthetic_20,1,synthetic_20|1|2,no_order,0.5125000006955815,0.005611880531826818,1
synthetic_20,1,synthetic_20|1|2,no_pruning,0.7777999999234453,0.005611880531826818,1
synthetic_20,1,synthetic_20|1|3,full,0.12600000081874896,0.31602103876330406,1
synthetic_20,1,synthetic_20|1|3,no_cache,0.26000000070780516,0.31602103876330406,1
synthetic_20,1,synthetic_20|1|3,no_order,0.7416000007651746,0.31602103876330406,1
synthetic_20,1,synthetic_20|1|3,no_pruning,0.7244999997055857,0.31602103876330406,1
synthetic_20,1,synthetic_20|1|4,full,0.07510000068577938,1.3142855227391126,1
synthetic_20,1,synthetic_20|1|4,no_cache,0.23880000117060263,1.3142855227391126,1
synthetic_20,1,synthetic_20|1|4,no_order,0.5320000000210712,1.3142855227391126,1
synthetic_20,1,synthetic_20|1|4,no_pruning,0.5942000007053139,1.3142855227391126,1
synthetic_20,1,synthetic_20|1|5,full,0.06790000043110922,0.9241187280375474,1
synthetic_20,1,synthetic_20|1|5,no_cache,0.25939999977708794,0.9241187280375474,1
synthetic_20,1,synthetic_20|1|5,no_order,0.6170000015117694,0.9241187280375474,1
synthetic_20,1,synthetic_20|1|5,no_pruning,0.6160000011732336,0.9241187280375474,1
synthetic_20,1,synthetic_20|1|6,full,0.09240000144927762,0.0014509994974349905,1
synthetic_20,1,synthetic_20|1|6,no_cache,0.27349999982106965,0.0014509994974349905,1
synthetic_20,1,synthetic_20|1|6,no_order,0.677699999869219,0.0014509994974349905,1
synthetic_20,1,synthetic_20|1|6,no_pruning,0.7948999991640449,0.0014509994974349905,1
synthetic_20,1,synthetic_20|1|7,full,0.08829999933368526,0.6498589880128733,1
synthetic_20,1,synthetic_20|1|7,no_cache,0.2514000007067807,0.6498589880128733,1
synthetic_20,1,synthetic_20|1|7,no_order,1.1367000006430317,0.6498589880128733,1
synthetic_20,1,synthetic_20|1|7,no_pruning,0.9130000016739359,0.6498589880128733,1
synthetic_20,1,synthetic_20|1|8,full,0.09160000081465114,0.8723074193976027,1
synthetic_20,1,synthetic_20|1|8,no_cache,0.24510000002919696,0.8723074193976027,1
synthetic_20,1,synthetic_20|1|8,no_order,0.5016999984945869,0.8723074193976027,1
synthetic_20,1,synthetic_20|1|8,no_pruning,0.5919999985053437,0.8723074193976027,1
synthetic_20,1,synthetic_20|1|9,full,0.09360000149172265,0.6489500991794,1
synthetic_20,1,synthetic_20|1|9,no_cache,0.2586999999039108,0.6489500991794,1
synthetic_20,1,synthetic_20|1|9,no_order,1.3641000005009118,0.6489500991794,1
synthetic_20,1,synthetic_20|1|9,no_pruning,0.6210999999893829,0.6489500991794,1
synthetic_20,1,synthetic_20|1|10,full,0.08379999962926377,0.12294388380717458,1
synthetic_20,1,synthetic_20|1|10,no_cache,0.23599999985890463,0.12294388380717458,1
synthetic_20,1,synthetic_20|1|10,no_order,0.5144999995536637,0.12294388380717458,1
synthetic_20,1,synthetic_20|1|10,no_pruning,0.602699999944889,0.12294388380717458,1
synthetic_20,1,synthetic_20|1|11,full,0.09280000085709617,0.7629498100718807,1
synthetic_20,1,synthetic_20|1|11,no_cache,0.2548000011302065,0.7629498100718807,1
synthetic_20,1,synthetic_20|1|11,no_order,0.5240999998932239,0.7629498100718807,1
synthetic_20,1,synthetic_20|1|11,no_pruning,0.7827000008546747,0.7629498100718807,1
synthetic_20,1,synthetic_20|1|12,full,0.08870000056049321,0.7394191377697268,1
synthetic_20,1,synthetic_20|1|12,no_cache,0.268300000243471,0.7394191377697268,1
synthetic_20,1,synthetic_20|1|12,no_order,0.61949999872013,0.7394191377697268,1
synthetic_20,1,synthetic_20|1|12,no_pruning,0.6037000002834247,0.7394191377697268,1
synthetic_20,1,synthetic_20|1|13,full,0.07749999895168003,0.19020721721970363,1
synthetic_20,1,synthetic_20|1|13,no_cache,0.23190000138129108,0.19020721721970363,1
synthetic_20,1,synthetic_20|1|13,no_order,0.48919999971985817,0.19020721721970363,1
synthetic_20,1,synthetic_20|1|13,no_pruning,0.5854999999428401,0.19020721721970363,1
synthetic_20,1,synthetic_20|1|14,full,0.076299998909235,0.7051041697134361,1
synthetic_20,1,synthetic_20|1|14,no_cache,0.46099999963189475,0.7051041697134361,1
synthetic_20,1,synthetic_20|1|14,no_order,0.6765999987692339,0.7051041697134361,1
synthetic_20,1,synthetic_20|1|14,no_pruning,0.7157000000006519,0.7051041697134361,1
synthetic_20,1,synthetic_20|1|15,full,0.08689999958733097,1.2293616113245287,1
synthetic_20,1,synthetic_20|1|15,no_cache,0.2702000001590932,1.2293616113245287,1
synthetic_20,1,synthetic_20|1|15,no_order,0.5591999997704988,1.2293616113245287,1
synthetic_20,1,synthetic_20|1|15,no_pruning,0.5971000009594718,1.2293616113245287,1
synthetic_20,1,synthetic_20|1|16,full,0.07580000055895653,0.08685968425859353,1
synthetic_20,1,synthetic_20|1|16,no_cache,0.24259999918285757,0.08685968425859353,1
synthetic_20,1,synthetic_20|1|16,no_order,1.0488999996596249,0.08685968425859353,1
synthetic_20,1,synthetic_20|1|16,no_pruning,0.9226000001945067,0.08685968425859353,1
synthetic_20,1,synthetic_20|1|17,full,0.09529999988444615,0.7548563611707971,1
synthetic_20,1,synthetic_20|1|17,no_cache,0.24440000015601981,0.7548563611707971,1
synthetic_20,1,synthetic_20|1|17,no_order,0.6173999991005985,0.7548563611707971,1
synthetic_20,1,synthetic_20|1|17,no_pruning,0.7178999985626433,0.7548563611707971,1
synthetic_20,1,synthetic_20|1|18,full,0.08019999950192869,0.1702604874253601,1
synthetic_20,1,synthetic_20|1|18,no_cache,0.23270000019692816,0.1702604874253601,1
synthetic_20,1,synthetic_20|1|18,no_order,0.5215999990468845,0.1702604874253601,1
synthetic_20,1,synthetic_20|1|18,no_pruning,0.6486000002041692,0.1702604874253601,1
synthetic_20,1,synthetic_20|1|19,full,0.07379999988188501,0.18743470334496104,1
synthetic_20,1,synthetic_20|1|19,no_cache,0.23919999875943176,0.18743470334496104,1
synthetic_20,1,synthetic_20|1|19,no_order,0.502799999594572,0.18743470334496104,1
synthetic_20,1,synthetic_20|1|19,no_pruning,0.6480000010924414,0.18743470334496104,1
synthetic_20,1,synthetic_20|1|20,full,0.10169999950448982,0.6111931135787549,1
synthetic_20,1,synthetic_20|1|20,no_cache,0.25289999939559493,0.6111931135787549,1
synthetic_20,1,synthetic_20|1|20,no_order,0.49109999963548034,0.6111931135787549,1
synthetic_20,1,synthetic_20|1|20,no_pruning,0.5737999999837484,0.6111931135787549,1
synthetic_20,1,synthetic_20|1|21,full,0.15630000052624382,1.2474791253566528,1
synthetic_20,1,synthetic_20|1|21,no_cache,0.3344000015204074,1.2474791253566528,1
synthetic_20,1,synthetic_20|1|21,no_order,0.5713999998988584,1.2474791253566528,1
synthetic_20,1,synthetic_20|1|21,no_pruning,0.5713999998988584,1.2474791253566528,1
synthetic_20,1,synthetic_20|1|22,full,0.07490000098187011,0.9643279346475896,1
synthetic_20,1,synthetic_20|1|22,no_cache,0.229199999012053,0.9643279346475896,1
synthetic_20,1,synthetic_20|1|22,no_order,0.5987000004097354,0.9643279346475896,1
synthetic_20,1,synthetic_20|1|22,no_pruning,0.6840000005468028,0.9643279346475896,1
synthetic_20,1,synthetic_20|1|23,full,0.06770000072719995,0.6732092348468358,1
synthetic_20,1,synthetic_20|1|23,no_cache,0.22290000015345868,0.6732092348468358,1
synthetic_20,1,synthetic_20|1|23,no_order,0.6090000006224727,0.6732092348468358,1
synthetic_20,1,synthetic_20|1|23,no_pruning,0.7148000004235655,0.6732092348468358,1
synthetic_20,1,synthetic_20|1|24,full,0.06910000047355425,0.5535303683039984,1
synthetic_20,1,synthetic_20|1|24,no_cache,0.22340000032272656,0.5535303683039984,1
synthetic_20,1,synthetic_20|1|24,no_order,0.6044000001566019,0.5535303683039984,1
synthetic_20,1,synthetic_20|1|24,no_pruning,0.6796000016038306,0.5535303683039984,1
synthetic_20,1,synthetic_20|1|25,full,0.06170000051497482,0.405360190340938,1
synthetic_20,1,synthetic_20|1|25,no_cache,0.2223999999841908,0.405360190340938,1
synthetic_20,1,synthetic_20|1|25,no_order,0.48380000043835025,0.405360190340938,1
synthetic_20,1,synthetic_20|1|25,no_pruning,0.5578000000241445,0.405360190340938,1
synthetic_20,1,synthetic_20|1|26,full,0.06369999937305693,0.8972270081946409,1
synthetic_20,1,synthetic_20|1|26,no_cache,0.25519999871903565,0.8972270081946409,1
synthetic_20,1,synthetic_20|1|26,no_order,0.6484000005002599,0.8972270081946409,1
synthetic_20,1,synthetic_20|1|26,no_pruning,0.6735000006301561,0.8972270081946409,1
synthetic_20,1,synthetic_20|1|27,full,0.06380000013450626,0.5774448513180357,1
synthetic_20,1,synthetic_20|1|27,no_cache,0.2206999997724779,0.5774448513180357,1
synthetic_20,1,synthetic_20|1|27,no_order,0.4800000006071059,0.5774448513180357,1
synthetic_20,1,synthetic_20|1|27,no_pruning,0.550900000234833,0.5774448513180357,1
synthetic_20,1,synthetic_20|1|28,full,0.06260000009206124,0.7624007901047979,1
synthetic_20,1,synthetic_20|1|28,no_cache,0.2210000002378365,0.7624007901047979,1
synthetic_20,1,synthetic_20|1|28,no_order,0.5681999991793418,0.7624007901047979,1
synthetic_20,1,synthetic_20|1|28,no_pruning,0.6880000000819564,0.7624007901047979,1
synthetic_20,1,synthetic_20|1|29,full,0.06269999903452117,0.06206435862325277,1
synthetic_20,1,synthetic_20|1|29,no_cache,0.22639999951934442,0.06206435862325277,1
synthetic_20,1,synthetic_20|1|29,no_order,0.47199999971780926,0.06206435862325277,1
synthetic_20,1,synthetic_20|1|29,no_pruning,0.5553999999392545,0.06206435862325277,1
synthetic_20,1,synthetic_20|1|30,full,0.06490000123449136,0.12001283555829124,1
synthetic_20,1,synthetic_20|1|30,no_cache,0.22639999951934442,0.12001283555829124,1
synthetic_20,1,synthetic_20|1|30,no_order,0.7122999995772261,0.12001283555829124,1
synthetic_20,1,synthetic_20|1|30,no_pruning,0.6137999989732634,0.12001283555829124,1
synthetic_20,1,synthetic_20|1|31,full,0.08970000089902896,0.4766586654112293,1
synthetic_20,1,synthetic_20|1|31,no_cache,0.2426999999443069,0.4766586654112293,1
synthetic_20,1,synthetic_20|1|31,no_order,0.6303000009211246,0.4766586654112293,1
synthetic_20,1,synthetic_20|1|31,no_pruning,0.7433999999193475,0.4766586654112293,1
synthetic_20,1,synthetic_20|1|32,full,0.0715000005584443,0.7357514767652846,1
synthetic_20,1,synthetic_20|1|32,no_cache,0.2251999994768994,0.7357514767652846,1
synthetic_20,1,synthetic_20|1|32,no_order,0.6368000013026176,0.7357514767652846,1
synthetic_20,1,synthetic_20|1|32,no_pruning,0.6886999999551335,0.7357514767652846,1
synthetic_20,1,synthetic_20|1|33,full,0.06909999865456484,0.6443396955205452,1
synthetic_20,1,synthetic_20|1|33,no_cache,0.22360000002663583,0.6443396955205452,1
synthetic_20,1,synthetic_20|1|33,no_order,0.4931999992550118,0.644339695520545,1
synthetic_20,1,synthetic_20|1|33,no_pruning,0.6427000007533934,0.644339695520545,1
synthetic_20,1,synthetic_20|1|34,full,0.07849999929021578,0.9517739348440165,1
synthetic_20,1,synthetic_20|1|34,no_cache,0.22759999956178945,0.9517739348440165,1
synthetic_20,1,synthetic_20|1|34,no_order,0.5320000000210712,0.9517739348440165,1
synthetic_20,1,synthetic_20|1|34,no_pruning,0.5830000009154901,0.9517739348440165,1
synthetic_20,1,synthetic_20|1|35,full,0.09560000034980476,0.7188179423602372,1
synthetic_20,1,synthetic_20|1|35,no_cache,0.28109999948355835,0.7188179423602372,1
synthetic_20,1,synthetic_20|1|35,no_order,0.527700000020559,0.7188179423602372,1
synthetic_20,1,synthetic_20|1|35,no_pruning,0.5767000002379064,0.7188179423602372,1
synthetic_20,1,synthetic_20|1|36,full,0.0746000005165115,0.22454355299366482,1
synthetic_20,1,synthetic_20|1|36,no_cache,0.2305999987584073,0.22454355299366482,1
synthetic_20,1,synthetic_20|1|36,no_order,0.6491000003734371,0.22454355299366482,1
synthetic_20,1,synthetic_20|1|36,no_pruning,0.7873999984440161,0.22454355299366482,1
synthetic_20,1,synthetic_20|1|37,full,0.08510000043315813,0.08740015881057239,1
synthetic_20,1,synthetic_20|1|37,no_cache,0.22729999909643084,0.08740015881057239,1
synthetic_20,1,synthetic_20|1|37,no_order,0.4975000010745134,0.08740015881057239,1
synthetic_20,1,synthetic_20|1|37,no_pruning,0.6231999996089144,0.08740015881057239,1
synthetic_20,1,synthetic_20|1|38,full,0.07420000110869296,0.9742188627705171,1
synthetic_20,1,synthetic_20|1|38,no_cache,0.2243999988422729,0.9742188627705171,1
synthetic_20,1,synthetic_20|1|38,no_order,1.1957000006077578,0.9742188627705171,1
synthetic_20,1,synthetic_20|1|38,no_pruning,0.7673000000067987,0.9742188627705171,1
synthetic_20,1,synthetic_20|1|39,full,0.07840000034775585,0.7666769731181066,1
synthetic_20,1,synthetic_20|1|39,no_cache,0.23039999905449804,0.7666769731181066,1
synthetic_20,1,synthetic_20|1|39,no_order,0.5107000015414087,0.7666769731181066,1
synthetic_20,1,synthetic_20|1|39,no_pruning,0.5731000001105713,0.7666769731181066,1
synthetic_20,1,synthetic_20|1|40,full,0.06369999937305693,0.3846057330180871,1
synthetic_20,1,synthetic_20|1|40,no_cache,0.21579999884124845,0.3846057330180871,1
synthetic_20,1,synthetic_20|1|40,no_order,0.5135999999765772,0.3846057330180871,1
synthetic_20,1,synthetic_20|1|40,no_pruning,0.6279000008362345,0.3846057330180871,1
synthetic_20,1,synthetic_20|1|41,full,0.07640000148967374,0.7741554461161447,1
synthetic_20,1,synthetic_20|1|41,no_cache,0.24959999973361846,0.7741554461161447,1
synthetic_20,1,synthetic_20|1|41,no_order,0.833500000226195,0.7741554461161447,1
synthetic_20,1,synthetic_20|1|41,no_pruning,0.7738999993307516,0.7741554461161447,1
synthetic_20,1,synthetic_20|1|42,full,0.09860000136541203,0.18950526264634132,1
synthetic_20,1,synthetic_20|1|42,no_cache,0.4050999996252358,0.18950526264634132,1
synthetic_20,1,synthetic_20|1|42,no_order,0.5989999990561046,0.18950526264634132,1
synthetic_20,1,synthetic_20|1|42,no_pruning,0.6041000015102327,0.18950526264634132,1
synthetic_20,1,synthetic_20|1|43,full,0.07750000077066943,0.5351258809140159,1
synthetic_20,1,synthetic_20|1|43,no_cache,0.24819999998726416,0.5351258809140159,1
synthetic_20,1,synthetic_20|1|43,no_order,0.6916000002092915,0.5351258809140159,1
synthetic_20,1,synthetic_20|1|43,no_pruning,0.7571999994979706,0.5351258809140159,1
synthetic_20,1,synthetic_20|1|44,full,0.08379999962926377,0.442396012429163,1
synthetic_20,1,synthetic_20|1|44,no_cache,0.26679999973566737,0.442396012429163,1
synthetic_20,1,synthetic_20|1|44,no_order,0.5445000006147893,0.442396012429163,1
synthetic_20,1,synthetic_20|1|44,no_pruning,0.641399999949499,0.442396012429163,1
synthetic_20,1,synthetic_20|1|45,full,0.08949999937613029,0.3451614828125365,1
synthetic_20,1,synthetic_20|1|45,no_cache,0.24990000019897707,0.3451614828125365,1
synthetic_20,1,synthetic_20|1|45,no_order,0.6315999999060296,0.3451614828125365,1
synthetic_20,1,synthetic_20|1|45,no_pruning,0.8175000002665911,0.3451614828125365,1
synthetic_20,1,synthetic_20|1|46,full,0.08349999916390516,0.8497642015473708,1
synthetic_20,1,synthetic_20|1|46,no_cache,0.24300000040966552,0.8497642015473708,1
synthetic_20,1,synthetic_20|1|46,no_order,0.5373000003601192,0.8497642015473708,1
synthetic_20,1,synthetic_20|1|46,no_pruning,0.5855999988853,0.8497642015473708,1
synthetic_20,1,synthetic_20|1|47,full,0.07210000148916151,0.055470066631527704,1
synthetic_20,1,synthetic_20|1|47,no_cache,0.22879999960423447,0.055470066631527704,1
synthetic_20,1,synthetic_20|1|47,no_order,0.6037000002834247,0.055470066631527704,1
synthetic_20,1,synthetic_20|1|47,no_pruning,0.8730999998078914,0.055470066631527704,1
synthetic_20,1,synthetic_20|1|48,full,0.08349999916390516,0.4280764275381159,1
synthetic_20,1,synthetic_20|1|48,no_cache,0.23229999897012021,0.4280764275381159,1
synthetic_20,1,synthetic_20|1|48,no_order,0.6160000011732336,0.4280764275381159,1
synthetic_20,1,synthetic_20|1|48,no_pruning,0.7041000008030096,0.4280764275381159,1
synthetic_20,1,synthetic_20|1|49,full,0.09080000018002465,1.008920655354241,1
synthetic_20,1,synthetic_20|1|49,no_cache,0.25490000007266644,1.008920655354241,1
synthetic_20,1,synthetic_20|1|49,no_order,0.5000000001018634,1.008920655354241,1
synthetic_20,1,synthetic_20|1|49,no_pruning,0.5970000001980225,1.008920655354241,1
synthetic_20,1,synthetic_20|1|50,full,0.06750000102329068,0.8928916332513962,1
synthetic_20,1,synthetic_20|1|50,no_cache,0.2519999998185085,0.8928916332513962,1
synthetic_20,1,synthetic_20|1|50,no_order,0.6374000004143454,0.8928916332513962,1
synthetic_20,1,synthetic_20|1|50,no_pruning,0.7015000010142103,0.8928916332513962,1
synthetic_20,1,synthetic_20|1|51,full,0.06910000047355425,0.2384806730039805,1
synthetic_20,1,synthetic_20|1|51,no_cache,0.23160000091593247,0.2384806730039805,1
synthetic_20,1,synthetic_20|1|51,no_order,0.5930000006628688,0.2384806730039805,1
synthetic_20,1,synthetic_20|1|51,no_pruning,0.6974000007176073,0.2384806730039805,1
synthetic_20,1,synthetic_20|1|52,full,0.06190000021888409,0.5584253265857891,1
synthetic_20,1,synthetic_20|1|52,no_cache,0.2258000004076166,0.5584253265857891,1
synthetic_20,1,synthetic_20|1|52,no_order,0.5030000011174707,0.5584253265857891,1
synthetic_20,1,synthetic_20|1|52,no_pruning,0.5887999996048165,0.5584253265857891,1
synthetic_20,1,synthetic_20|1|53,full,0.06570000005012844,1.064631139184201,1
synthetic_20,1,synthetic_20|1|53,no_cache,0.2213000007031951,1.064631139184201,1
synthetic_20,1,synthetic_20|1|53,no_order,0.6061000003683148,1.064631139184201,1
synthetic_20,1,synthetic_20|1|53,no_pruning,0.6903000012243865,1.064631139184201,1
synthetic_20,1,synthetic_20|1|54,full,0.06340000072668772,0.7417217046695409,1
synthetic_20,1,synthetic_20|1|54,no_cache,0.22300000091490801,0.7417217046695409,1
synthetic_20,1,synthetic_20|1|54,no_order,0.4927000009047333,0.7417217046695409,1
synthetic_20,1,synthetic_20|1|54,no_pruning,0.5770999996457249,0.7417217046695409,1
synthetic_20,1,synthetic_20|1|55,full,0.0639000008959556,0.8095744952190442,1
synthetic_20,1,synthetic_20|1|55,no_cache,0.2359000009164447,0.8095744952190442,1
synthetic_20,1,synthetic_20|1|55,no_order,0.9867999997368315,0.8095744952190442,1
synthetic_20,1,synthetic_20|1|55,no_pruning,0.781299999289331,0.8095744952190442,1
synthetic_20,1,synthetic_20|1|56,full,0.13779999972030055,0.3384366644628762,1
synthetic_20,1,synthetic_20|1|56,no_cache,0.26219999926979654,0.3384366644628762,1
synthetic_20,1,synthetic_20|1|56,no_order,0.6197999991854886,0.3384366644628762,1
synthetic_20,1,synthetic_20|1|56,no_pruning,0.7322000001295237,0.3384366644628762,1
synthetic_20,1,synthetic_20|1|57,full,0.06860000030428637,0.5504343984380047,1
synthetic_20,1,synthetic_20|1|57,no_cache,0.23119999968912452,0.5504343984380047,1
synthetic_20,1,synthetic_20|1|57,no_order,0.9232000011252239,0.5504343984380047,1
synthetic_20,1,synthetic_20|1|57,no_pruning,0.7477999988623196,0.5504343984380047,1
synthetic_20,1,synthetic_20|1|58,full,0.09110000064538326,0.8377560167970504,1
synthetic_20,1,synthetic_20|1|58,no_cache,0.34559999949124176,0.8377560167970504,1
synthetic_20,1,synthetic_20|1|58,no_order,0.5478000002767658,0.8377560167970504,1
synthetic_20,1,synthetic_20|1|58,no_pruning,0.5970000001980225,0.8377560167970504,1
synthetic_20,1,synthetic_20|1|59,full,0.0715000005584443,0.9963490729208313,1
synthetic_20,1,synthetic_20|1|59,no_cache,0.2421000008325791,0.9963490729208313,1
synthetic_20,1,synthetic_20|1|59,no_order,0.5299000004015397,0.9963490729208313,1
synthetic_20,1,synthetic_20|1|59,no_pruning,0.7361000007222174,0.9963490729208313,1
synthetic_20,1,synthetic_20|1|60,full,0.09309999950346537,0.3124298584485447,1
synthetic_20,1,synthetic_20|1|60,no_cache,0.24569999914092477,0.3124298584485447,1
synthetic_20,1,synthetic_20|1|60,no_order,0.6209000002854737,0.3124298584485447,1
synthetic_20,1,synthetic_20|1|60,no_pruning,0.7012999994913116,0.3124298584485447,1
synthetic_20,1,synthetic_20|1|61,full,0.09670000144978985,0.4100658710287146,1
synthetic_20,1,synthetic_20|1|61,no_cache,0.2556999988883035,0.4100658710287146,1
synthetic_20,1,synthetic_20|1|61,no_order,0.593299999309238,0.4100658710287146,1
synthetic_20,1,synthetic_20|1|61,no_pruning,1.1100000010628719,0.4100658710287146,1
synthetic_20,1,synthetic_20|1|62,full,0.1305999994656304,0.7870904008745956,1
synthetic_20,1,synthetic_20|1|62,no_cache,0.3483000000414904,0.7870904008745956,1
synthetic_20,1,synthetic_20|1|62,no_order,0.5342999993445119,0.7870904008745956,1
synthetic_20,1,synthetic_20|1|62,no_pruning,0.5861000008735573,0.7870904008745956,1
synthetic_20,1,synthetic_20|1|63,full,0.07680000089749228,0.7279911011807962,1
synthetic_20,1,synthetic_20|1|63,no_cache,0.23979999969014898,0.7279911011807962,1
synthetic_20,1,synthetic_20|1|63,no_order,0.593700000536046,0.7279911011807962,1
synthetic_20,1,synthetic_20|1|63,no_pruning,0.6990999991103308,0.7279911011807962,1
synthetic_20,1,synthetic_20|1|64,full,0.06740000026184134,0.7843526000708357,1
synthetic_20,1,synthetic_20|1|64,no_cache,0.3253999984735856,0.7843526000708357,1
synthetic_20,1,synthetic_20|1|64,no_order,0.7777999999234453,0.7843526000708357,1
synthetic_20,1,synthetic_20|1|64,no_pruning,0.7381999985227594,0.7843526000708357,1
synthetic_20,1,synthetic_20|1|65,full,0.1629999987926567,0.03747199389306233,1
synthetic_20,1,synthetic_20|1|65,no_cache,0.259300000834628,0.03747199389306233,1
synthetic_20,1,synthetic_20|1|65,no_order,0.6020999990141718,0.03747199389306233,1
synthetic_20,1,synthetic_20|1|65,no_pruning,0.7165000006352784,0.03747199389306233,1
synthetic_20,1,synthetic_20|1|66,full,0.07299999924725853,0.5237018568993612,1
synthetic_20,1,synthetic_20|1|66,no_cache,0.32469999860040843,0.5237018568993612,1
synthetic_20,1,synthetic_20|1|66,no_order,0.9100999996007886,0.5237018568993612,1
synthetic_20,1,synthetic_20|1|66,no_pruning,0.7535999993706355,0.5237018568993612,1
synthetic_20,1,synthetic_20|1|67,full,0.10040000051958486,0.9008030152212688,1
synthetic_20,1,synthetic_20|1|67,no_cache,0.4124999995838152,0.9008030152212688,1
synthetic_20,1,synthetic_20|1|67,no_order,0.5419999997684499,0.9008030152212688,1
synthetic_20,1,synthetic_20|1|67,no_pruning,0.5927000001975102,0.9008030152212688,1
synthetic_20,1,synthetic_20|1|68,full,0.0779999991209479,0.29669799641258887,1
synthetic_20,1,synthetic_20|1|68,no_cache,0.2516999993531499,0.29669799641258887,1
synthetic_20,1,synthetic_20|1|68,no_order,1.2642999990930548,0.29669799641258887,1
synthetic_20,1,synthetic_20|1|68,no_pruning,1.1396000008971896,0.29669799641258887,1
synthetic_20,1,synthetic_20|1|69,full,0.09619999946153257,0.6148692240344882,1
synthetic_20,1,synthetic_20|1|69,no_cache,0.2483000007487135,0.6148692240344882,1
synthetic_20,1,synthetic_20|1|69,no_order,0.5600000004051253,0.6148692240344882,1
synthetic_20,1,synthetic_20|1|69,no_pruning,0.8541999995941296,0.6148692240344882,1
synthetic_20,2,synthetic_20|2|0,full,0.13220000073488336,0.8011314950605108,1
synthetic_20,2,synthetic_20|2|0,no_cache,0.23859999964770395,0.8011314950605108,1
synthetic_20,2,synthetic_20|2|0,no_order,0.5438999996840721,0.8011314950605108,1
synthetic_20,2,synthetic_20|2|0,no_pruning,0.8378999991691671,0.8011314950605108,1
synthetic_20,2,synthetic_20|2|1,full,0.11489999997138511,0.37511650364917765,1
synthetic_20,2,synthetic_20|2|1,no_cache,0.24200000007112976,0.37511650364917765,1
synthetic_20,2,synthetic_20|2|1,no_order,0.5033000015828293,0.37511650364917765,1
synthetic_20,2,synthetic_20|2|1,no_pruning,0.8524000004399568,0.37511650364917765,1
synthetic_20,2,synthetic_20|2|2,full,0.0990999997156905,0.49967965281633253,1
synthetic_20,2,synthetic_20|2|2,no_cache,0.24419999863312114,0.49967965281633253,1
synthetic_20,2,synthetic_20|2|2,no_order,0.6103000014263671,0.49967965281633253,1
synthetic_20,2,synthetic_20|2|2,no_pruning,0.6862999998702435,0.49967965281633253,1
synthetic_20,2,synthetic_20|2|3,full,0.07000000005064066,0.5601190353732632,1
synthetic_20,2,synthetic_20|2|3,no_cache,0.21999999989930075,0.5601190353732632,1
synthetic_20,2,synthetic_20|2|3,no_order,0.48349999997299165,0.5601190353732632,1
synthetic_20,2,synthetic_20|2|3,no_pruning,0.5641000007017283,0.5601190353732632,1
synthetic_20,2,synthetic_20|2|4,full,0.07120000009308569,0.03844352445392518,1
synthetic_20,2,synthetic_20|2|4,no_cache,0.2181999989261385,0.03844352445392518,1
synthetic_20,2,synthetic_20|2|4,no_order,0.8894999991753139,0.03844352445392518,1
synthetic_20,2,synthetic_20|2|4,no_pruning,0.6909999992785743,0.03844352445392518,1
synthetic_20,2,synthetic_20|2|5,full,0.09330000102636404,0.06731954699283604,1
synthetic_20,2,synthetic_20|2|5,no_cache,0.2362000013818033,0.06731954699283604,1
synthetic_20,2,synthetic_20|2|5,no_order,0.49390000094717834,0.06731954699283604,1
synthetic_20,2,synthetic_20|2|5,no_pruning,0.5701999998564133,0.06731954699283604,1
synthetic_20,2,synthetic_20|2|6,full,0.06809999831602909,0.36473225070427084,1
synthetic_20,2,synthetic_20|2|6,no_cache,0.22399999943445437,0.36473225070427084,1
synthetic_20,2,synthetic_20|2|6,no_order,0.5612000004475703,0.36473225070427084,1
synthetic_20,2,synthetic_20|2|6,no_pruning,1.1027000000467524,0.36473225070427084,1
synthetic_20,2,synthetic_20|2|7,full,0.09109999882639386,0.9885980859680427,1
synthetic_20,2,synthetic_20|2|7,no_cache,0.23409999994328246,0.9885980859680427,1
synthetic_20,2,synthetic_20|2|7,no_order,0.5801999996037921,0.9885980859680427,1
synthetic_20,2,synthetic_20|2|7,no_pruning,0.8266000004368834,0.9885980859680427,1
synthetic_20,2,synthetic_20|2|8,full,0.08130000060191378,0.7707146527628139,1
synthetic_20,2,synthetic_20|2|8,no_cache,0.9515000001556473,0.7707146527628139,1
synthetic_20,2,synthetic_20|2|8,no_order,0.5905999987589894,0.7707146527628139,1
synthetic_20,2,synthetic_20|2|8,no_pruning,0.6090999995649327,0.7707146527628139,1
synthetic_20,2,synthetic_20|2|9,full,0.08239999988290947,0.5292134637957857,1
synthetic_20,2,synthetic_20|2|9,no_cache,0.2365000000281725,0.5292134637957857,1
synthetic_20,2,synthetic_20|2|9,no_order,0.5861999998160172,0.5292134637957857,1
synthetic_20,2,synthetic_20|2|9,no_pruning,0.6723000005877111,0.5292134637957857,1
synthetic_20,2,synthetic_20|2|10,full,0.06829999983892776,0.3540713965416026,1
synthetic_20,2,synthetic_20|2|10,no_cache,0.21779999951831996,0.3540713965416026,1
synthetic_20,2,synthetic_20|2|10,no_order,0.5677999997715233,0.3540713965416026,1
synthetic_20,2,synthetic_20|2|10,no_pruning,1.0232000004180009,0.3540713965416026,1
synthetic_20,2,synthetic_20|2|11,full,0.09080000018002465,0.2650949226267648,1
synthetic_20,2,synthetic_20|2|11,no_cache,0.2325000004930189,0.2650949226267648,1
synthetic_20,2,synthetic_20|2|11,no_order,0.5825999996886821,0.2650949226267648,1
synthetic_20,2,synthetic_20|2|11,no_pruning,0.8667999991303077,0.2650949226267648,1
synthetic_20,2,synthetic_20|2|12,full,0.09349999891128391,0.2227259812727621,1
synthetic_20,2,synthetic_20|2|12,no_cache,0.23689999943599105,0.2227259812727621,1
synthetic_20,2,synthetic_20|2|12,no_order,0.527700000020559,0.2227259812727621,1
synthetic_20,2,synthetic_20|2|12,no_pruning,0.5923000007896917,0.2227259812727621,1
synthetic_20,2,synthetic_20|2|13,full,0.06509999911941122,0.7686405569449788,1
synthetic_20,2,synthetic_20|2|13,no_cache,0.3341000010550488,0.7686405569449788,1
synthetic_20,2,synthetic_20|2|13,no_order,0.7610000011482043,0.7686405569449788,1
synthetic_20,2,synthetic_20|2|13,no_pruning,0.5952000010438496,0.7686405569449788,1
synthetic_20,2,synthetic_20|2|14,full,0.08379999962926377,0.9232300798973101,1
synthetic_20,2,synthetic_20|2|14,no_cache,0.23319999854720663,0.9232300798973101,1
synthetic_20,2,synthetic_20|2|14,no_order,0.5404999992606463,0.9232300798973101,1
synthetic_20,2,synthetic_20|2|14,no_pruning,0.5945000011706725,0.9232300798973101,1
synthetic_20,2,synthetic_20|2|15,full,0.0686999992467463,0.6331453098157093,1
synthetic_20,2,synthetic_20|2|15,no_cache,0.2249000008305302,0.6331453098157093,1
synthetic_20,2,synthetic_20|2|15,no_order,0.49360000048181973,0.6331453098157093,1
synthetic_20,2,synthetic_20|2|15,no_pruning,0.6904999991093064,0.6331453098157093,1
synthetic_20,2,synthetic_20|2|16,full,0.08329999945999589,1.0659204370184856,1
synthetic_20,2,synthetic_20|2|16,no_cache,0.25149999964924064,1.0659204370184856,1
synthetic_20,2,synthetic_20|2|16,no_order,0.6073000004107598,1.0659204370184856,1
synthetic_20,2,synthetic_20|2|16,no_pruning,0.7437000003847061,1.0659204370184856,1
synthetic_20,2,synthetic_20|2|17,full,0.07609999920532573,0.30264909308745924,1
synthetic_20,2,synthetic_20|2|17,no_cache,0.2325000004930189,0.30264909308745924,1
synthetic_20,2,synthetic_20|2|17,no_order,0.5729999993491219,0.30264909308745924,1
synthetic_20,2,synthetic_20|2|17,no_pruning,0.9925000013026875,0.30264909308745924,1
synthetic_20,2,synthetic_20|2|18,full,0.15549999989161734,0.6651760366989452,1
synthetic_20,2,synthetic_20|2|18,no_cache,0.2645999993546866,0.6651760366989452,1
synthetic_20,2,synthetic_20|2|18,no_order,0.5449999989650678,0.6651760366989452,1
synthetic_20,2,synthetic_20|2|18,no_pruning,0.623500000074273,0.6651760366989452,1
synthetic_20,2,synthetic_20|2|19,full,0.09420000060345046,0.06115857513083123,1
synthetic_20,2,synthetic_20|2|19,no_cache,0.243800001044292,0.06115857513083123,1
synthetic_20,2,synthetic_20|2|19,no_order,0.5123000009916723,0.06115857513083123,1
synthetic_20,2,synthetic_20|2|19,no_pruning,0.5801000006613322,0.06115857513083123,1
synthetic_20,2,synthetic_20|2|20,full,0.06759999996575061,1.329257114797334,1
synthetic_20,2,synthetic_20|2|20,no_cache,0.22929999977350235,1.329257114797334,1
synthetic_20,2,synthetic_20|2|20,no_order,0.514199999088305,1.329257114797334,1
synthetic_20,2,synthetic_20|2|20,no_pruning,0.6455999991885619,1.329257114797334,1
synthetic_20,2,synthetic_20|2|21,full,0.08639999941806309,0.6621263606718037,1
synthetic_20,2,synthetic_20|2|21,no_cache,0.23089999922376592,0.6621263606718037,1
synthetic_20,2,synthetic_20|2|21,no_order,0.5629999996017432,0.6621263606718037,1
synthetic_20,2,synthetic_20|2|21,no_pruning,0.7690000002185116,0.6621263606718037,1
synthetic_20,2,synthetic_20|2|22,full,0.09270000009564683,0.4454796953526211,1
synthetic_20,2,synthetic_20|2|22,no_cache,0.23499999952036887,0.4454796953526211,1
synthetic_20,2,synthetic_20|2|22,no_order,0.5669000001944369,0.4454796953526211,1
synthetic_20,2,synthetic_20|2|22,no_pruning,0.6666999997833045,0.4454796953526211,1
synthetic_20,2,synthetic_20|2|23,full,0.0718000010238029,0.15715610290654458,1
synthetic_20,2,synthetic_20|2|23,no_cache,0.23120000150811393,0.15715610290654458,1
synthetic_20,2,synthetic_20|2|23,no_order,0.48830000014277175,0.15715610290654458,1
synthetic_20,2,synthetic_20|2|23,no_pruning,0.5868999996891944,0.15715610290654458,1
synthetic_20,2,synthetic_20|2|24,full,0.06400000165740494,0.26608646799130437,1
synthetic_20,2,synthetic_20|2|24,no_cache,0.2223999999841908,0.26608646799130437,1
synthetic_20,2,synthetic_20|2|24,no_order,0.49960000069404487,0.26608646799130437,1
synthetic_20,2,synthetic_20|2|24,no_pruning,0.5670999998983461,0.26608646799130437,1
synthetic_20,2,synthetic_20|2|25,full,0.06380000013450626,0.33787777371992733,1
synthetic_20,2,synthetic_20|2|25,no_cache,0.2206999997724779,0.33787777371992733,1
synthetic_20,2,synthetic_20|2|25,no_order,0.5526999993890058,0.33787777371992733,1
synthetic_20,2,synthetic_20|2|25,no_pruning,0.7314000013138866,0.33787777371992733,1
synthetic_20,2,synthetic_20|2|26,full,0.07960000039020088,0.27600491827729157,1
synthetic_20,2,synthetic_20|2|26,no_cache,0.23880000117060263,0.27600491827729157,1
synthetic_20,2,synthetic_20|2|26,no_order,0.5848000000696629,0.27600491827729157,1
synthetic_20,2,synthetic_20|2|26,no_pruning,0.6861999991087941,0.27600491827729157,1
synthetic_20,2,synthetic_20|2|27,full,0.07410000034724362,0.4467230392576275,1
synthetic_20,2,synthetic_20|2|27,no_cache,0.22869999884278513,0.4467230392576275,1
synthetic_20,2,synthetic_20|2|27,no_order,0.5258000001049368,0.4467230392576275,1
synthetic_20,2,synthetic_20|2|27,no_pruning,0.5885999999009073,0.4467230392576275,1
synthetic_20,2,synthetic_20|2|28,full,0.06829999983892776,0.15998013319875748,1
synthetic_20,2,synthetic_20|2|28,no_cache,0.42070000017702114,0.15998013319875748,1
synthetic_20,2,synthetic_20|2|28,no_order,0.6302999991021352,0.15998013319875748,1
synthetic_20,2,synthetic_20|2|28,no_pruning,0.6071000007068506,0.15998013319875748,1
synthetic_20,2,synthetic_20|2|29,full,0.0901000003068475,0.40224708833979234,1
synthetic_20,2,synthetic_20|2|29,no_cache,0.39509999987785704,0.40224708833979234,1
synthetic_20,2,synthetic_20|2|29,no_order,0.6694999992760131,0.40224708833979234,1
synthetic_20,2,synthetic_20|2|29,no_pruning,0.6749999993189704,0.40224708833979234,1
synthetic_20,2,synthetic_20|2|30,full,0.07970000115165021,0.9061067307978995,1
synthetic_20,2,synthetic_20|2|30,no_cache,0.22960000023886096,0.9061067307978995,1
synthetic_20,2,synthetic_20|2|30,no_order,0.6501999996544328,0.9061067307978995,1
synthetic_20,2,synthetic_20|2|30,no_pruning,0.6432999998651212,0.9061067307978995,1
synthetic_20,2,synthetic_20|2|31,full,0.08180000077118166,0.819444465794423,1
synthetic_20,2,synthetic_20|2|31,no_cache,0.23119999968912452,0.819444465794423,1
synthetic_20,2,synthetic_20|2|31,no_order,0.6341000007523689,0.819444465794423,1
synthetic_20,2,synthetic_20|2|31,no_pruning,0.5951999992248602,0.819444465794423,1
synthetic_20,2,synthetic_20|2|32,full,0.08770000022195745,0.9262691975131103,1
synthetic_20,2,synthetic_20|2|32,no_cache,0.23580000015499536,0.9262691975131103,1
synthetic_20,2,synthetic_20|2|32,no_order,0.577000000703265,0.9262691975131103,1
synthetic_20,2,synthetic_20|2|32,no_pruning,0.6787000002077548,0.9262691975131103,1
synthetic_20,2,synthetic_20|2|33,full,0.06970000140427146,0.4177713035812329,1
synthetic_20,2,synthetic_20|2|33,no_cache,0.24250000024039764,0.4177713035812329,1
synthetic_20,2,synthetic_20|2|33,no_order,0.49539999963599257,0.4177713035812329,1
synthetic_20,2,synthetic_20|2|33,no_pruning,0.5761999982496491,0.4177713035812329,1
synthetic_20,2,synthetic_20|2|34,full,0.06640000174229499,0.25897600095541673,1
synthetic_20,2,synthetic_20|2|34,no_cache,0.2275000006193295,0.25897600095541673,1
synthetic_20,2,synthetic_20|2|34,no_order,0.5591999997704988,0.25897600095541673,1
synthetic_20,2,synthetic_20|2|34,no_pruning,0.6787000002077548,0.25897600095541673,1
synthetic_20,2,synthetic_20|2|35,full,0.07299999924725853,0.2829179854491643,1
synthetic_20,2,synthetic_20|2|35,no_cache,0.2327999991393881,0.2829179854491643,1
synthetic_20,2,synthetic_20|2|35,no_order,0.6126000007498078,0.2829179854491643,1
synthetic_20,2,synthetic_20|2|35,no_pruning,0.6929000010131858,0.2829179854491643,1
synthetic_20,2,synthetic_20|2|36,full,0.07299999924725853,0.22098705334823437,1
synthetic_20,2,synthetic_20|2|36,no_cache,0.22279999939200934,0.22098705334823437,1
synthetic_20,2,synthetic_20|2|36,no_order,0.4810999998881016,0.22098705334823437,1
synthetic_20,2,synthetic_20|2|36,no_pruning,0.5626999991363846,0.22098705334823437,1
synthetic_20,2,synthetic_20|2|37,full,0.06199999916134402,0.042258919032029996,1
synthetic_20,2,synthetic_20|2|37,no_cache,0.2303000001120381,0.042258919032029996,1
synthetic_20,2,synthetic_20|2|37,no_order,0.5617999995592982,0.042258919032029996,1
synthetic_20,2,synthetic_20|2|37,no_pruning,0.6600999986403622,0.042258919032029996,1
synthetic_20,2,synthetic_20|2|38,full,0.08039999920583796,0.054321918438192784,1
synthetic_20,2,synthetic_20|2|38,no_cache,0.4005999999208143,0.054321918438192784,1
synthetic_20,2,synthetic_20|2|38,no_order,0.6542000010085758,0.054321918438192784,1
synthetic_20,2,synthetic_20|2|38,no_pruning,0.6898000010551186,0.054321918438192784,1
synthetic_20,2,synthetic_20|2|39,full,0.08539999907952733,0.4217431091503291,1
synthetic_20,2,synthetic_20|2|39,no_cache,0.36729999919771217,0.4217431091503291,1
synthetic_20,2,synthetic_20|2|39,no_order,0.5978999997751089,0.4217431091503291,1
synthetic_20,2,synthetic_20|2|39,no_pruning,0.672800000756979,0.4217431091503291,1
synthetic_20,2,synthetic_20|2|40,full,0.0760000002628658,0.09278195958987978,1
synthetic_20,2,synthetic_20|2|40,no_cache,0.22139999964565504,0.09278195958987978,1
synthetic_20,2,synthetic_20|2|40,no_order,0.7415000000037253,0.09278195958987978,1
synthetic_20,2,synthetic_20|2|40,no_pruning,0.6879000011394965,0.09278195958987978,1
synthetic_20,2,synthetic_20|2|41,full,0.0866999998834217,0.34908859154954497,1
synthetic_20,2,synthetic_20|2|41,no_cache,0.23320000036619604,0.34908859154954497,1
synthetic_20,2,synthetic_20|2|41,no_order,0.5173999998078216,0.34908859154954497,1
synthetic_20,2,synthetic_20|2|41,no_pruning,0.5779999992228113,0.34908859154954497,1
synthetic_20,2,synthetic_20|2|42,full,0.07129999903554562,0.44992181887195815,1
synthetic_20,2,synthetic_20|2|42,no_cache,0.22709999939252157,0.44992181887195815,1
synthetic_20,2,synthetic_20|2|42,no_order,0.565199999982724,0.44992181887195815,1
synthetic_20,2,synthetic_20|2|42,no_pruning,0.9078000002773479,0.44992181887195815,1
synthetic_20,2,synthetic_20|2|43,full,0.08469999920635018,0.2973162146925567,1
synthetic_20,2,synthetic_20|2|43,no_cache,0.23979999969014898,0.2973162146925567,1
synthetic_20,2,synthetic_20|2|43,no_order,0.497499999255524,0.2973162146925567,1
synthetic_20,2,synthetic_20|2|43,no_pruning,0.7397000008495525,0.2973162146925567,1
synthetic_20,2,synthetic_20|2|44,full,0.09890000001178123,0.8537461768071286,1
synthetic_20,2,synthetic_20|2|44,no_cache,0.23779999901307747,0.8537461768071286,1
synthetic_20,2,synthetic_20|2|44,no_order,0.4969000001437962,0.8537461768071286,1
synthetic_20,2,synthetic_20|2|44,no_pruning,0.5891999990126351,0.8537461768071286,1
synthetic_20,2,synthetic_20|2|45,full,0.07109999933163635,0.5311498066464211,1
synthetic_20,2,synthetic_20|2|45,no_cache,0.22840000019641593,0.5311498066464211,1
synthetic_20,2,synthetic_20|2|45,no_order,0.6125999989308184,0.5311498066464211,1
synthetic_20,2,synthetic_20|2|45,no_pruning,0.68959999953222,0.5311498066464211,1
synthetic_20,2,synthetic_20|2|46,full,0.07569999979750719,0.24389093000799186,1
synthetic_20,2,synthetic_20|2|46,no_cache,0.22060000083001796,0.24389093000799186,1
synthetic_20,2,synthetic_20|2|46,no_order,0.5713000009563984,0.24389093000799186,1
synthetic_20,2,synthetic_20|2|46,no_pruning,0.6704000006720889,0.24389093000799186,1
synthetic_20,2,synthetic_20|2|47,full,0.06989999928919133,0.7781399876461572,1
synthetic_20,2,synthetic_20|2|47,no_cache,0.22460000036517158,0.7781399876461572,1
synthetic_20,2,synthetic_20|2|47,no_order,1.4676999999210238,0.7781399876461572,1
synthetic_20,2,synthetic_20|2|47,no_pruning,0.7602999994560378,0.7781399876461572,1
synthetic_20,2,synthetic_20|2|48,full,0.12070000047970098,0.5616018785422389,1
synthetic_20,2,synthetic_20|2|48,no_cache,0.2638000005390495,0.5616018785422389,1
synthetic_20,2,synthetic_20|2|48,no_order,0.4941000006510876,0.5616018785422389,1
synthetic_20,2,synthetic_20|2|48,no_pruning,0.5758000006608199,0.5616018785422389,1
synthetic_20,2,synthetic_20|2|49,full,0.0652999988233205,0.6167036575561292,1
synthetic_20,2,synthetic_20|2|49,no_cache,0.21809999998367857,0.6167036575561292,1
synthetic_20,2,synthetic_20|2|49,no_order,0.49190000027010683,0.6167036575561292,1
synthetic_20,2,synthetic_20|2|49,no_pruning,0.5840000012540258,0.6167036575561292,1
synthetic_20,2,synthetic_20|2|50,full,0.06659999962721486,0.6935191881065924,1
synthetic_20,2,synthetic_20|2|50,no_cache,0.22499999977299012,0.6935191881065924,1
synthetic_20,2,synthetic_20|2|50,no_order,0.4893000004813075,0.6935191881065924,1
synthetic_20,2,synthetic_20|2|50,no_pruning,0.5629999996017432,0.6935191881065924,1
synthetic_20,2,synthetic_20|2|51,full,0.06889999895065557,0.4790534449691094,1
synthetic_20,2,synthetic_20|2|51,no_cache,0.21999999989930075,0.4790534449691094,1
synthetic_20,2,synthetic_20|2|51,no_order,0.5572999998548767,0.4790534449691094,1
synthetic_20,2,synthetic_20|2|51,no_pruning,0.6417999993573176,0.4790534449691094,1
synthetic_20,2,synthetic_20|2|52,full,0.0638999990769662,0.2920691396170092,1
synthetic_20,2,synthetic_20|2|52,no_cache,0.22220000028028153,0.2920691396170092,1
synthetic_20,2,synthetic_20|2|52,no_order,0.5732000008720206,0.2920691396170092,1
synthetic_20,2,synthetic_20|2|52,no_pruning,0.6982000013522338,0.2920691396170092,1
synthetic_20,2,synthetic_20|2|53,full,0.06969999958528206,0.5690262618050325,1
synthetic_20,2,synthetic_20|2|53,no_cache,0.2193000000261236,0.5690262618050325,1
synthetic_20,2,synthetic_20|2|53,no_order,0.4977999997208826,0.5690262618050325,1
synthetic_20,2,synthetic_20|2|53,no_pruning,0.5664999989676289,0.5690262618050325,1
synthetic_20,2,synthetic_20|2|54,full,0.06190000021888409,1.7018167223106417,1
synthetic_20,2,synthetic_20|2|54,no_cache,0.22009999884176068,1.7018167223106417,1
synthetic_20,2,synthetic_20|2|54,no_order,0.5062000000179978,1.7018167223106417,1
synthetic_20,2,synthetic_20|2|54,no_pruning,0.5670999998983461,1.7018167223106417,1
synthetic_20,2,synthetic_20|2|55,full,0.05869999949936755,0.5784639654635719,1
synthetic_20,2,synthetic_20|2|55,no_cache,0.2243999988422729,0.5784639654635719,1
synthetic_20,2,synthetic_20|2|55,no_order,0.5452999994304264,0.5784639654635719,1
synthetic_20,2,synthetic_20|2|55,no_pruning,0.5703999995603226,0.5784639654635719,1
synthetic_20,2,synthetic_20|2|56,full,0.0884000000951346,1.6670926810823106,1
synthetic_20,2,synthetic_20|2|56,no_cache,0.24470000062137842,1.6670926810823106,1
synthetic_20,2,synthetic_20|2|56,no_order,0.5062000000179978,1.6670926810823106,1
synthetic_20,2,synthetic_20|2|56,no_pruning,0.5658000009134412,1.6670926810823106,1
synthetic_20,2,synthetic_20|2|57,full,0.06369999937305693,0.7558133065937166,1
synthetic_20,2,synthetic_20|2|57,no_cache,0.21940000078757294,0.7558133065937166,1
synthetic_20,2,synthetic_20|2|57,no_order,0.5655000004480826,0.7558133065937166,1
synthetic_20,2,synthetic_20|2|57,no_pruning,0.8973999993031612,0.7558133065937166,1
synthetic_20,2,synthetic_20|2|58,full,0.10560000009718351,0.2852936254181222,1
synthetic_20,2,synthetic_20|2|58,no_cache,0.2494000000297092,0.2852936254181222,1
synthetic_20,2,synthetic_20|2|58,no_order,0.6001000001560897,0.2852936254181222,1
synthetic_20,2,synthetic_20|2|58,no_pruning,0.8691000002727378,0.2852936254181222,1
synthetic_20,2,synthetic_20|2|59,full,0.08729999899514951,0.04668730288246736,1
synthetic_20,2,synthetic_20|2|59,no_cache,0.24080000002868474,0.04668730288246736,1
synthetic_20,2,synthetic_20|2|59,no_order,0.5060000003140885,0.04668730288246736,1
synthetic_20,2,synthetic_20|2|59,no_pruning,0.5842000009579351,0.04668730288246736,1
synthetic_20,2,synthetic_20|2|60,full,0.07490000098187011,0.20371840937137986,1
synthetic_20,2,synthetic_20|2|60,no_cache,0.22760000138077885,0.20371840937137986,1
synthetic_20,2,synthetic_20|2|60,no_order,0.5873999998584623,0.20371840937137986,1
synthetic_20,2,synthetic_20|2|60,no_pruning,0.6814999997004634,0.20371840937137986,1
synthetic_20,2,synthetic_20|2|61,full,0.06990000110818073,0.005399400480137095,1
synthetic_20,2,synthetic_20|2|61,no_cache,0.21890000061830506,0.005399400480137095,1
synthetic_20,2,synthetic_20|2|61,no_order,0.553300000319723,0.005399400480137095,1
synthetic_20,2,synthetic_20|2|61,no_pruning,0.6460000004153699,0.005399400480137095,1
synthetic_20,2,synthetic_20|2|62,full,0.08789999992586672,0.7449407170558373,1
synthetic_20,2,synthetic_20|2|62,no_cache,0.2511000002414221,0.7449407170558373,1
synthetic_20,2,synthetic_20|2|62,no_order,0.50809999993362,0.7449407170558373,1
synthetic_20,2,synthetic_20|2|62,no_pruning,1.4354000013554469,0.7449407170558373,1
synthetic_20,2,synthetic_20|2|63,full,0.13270000090415124,0.7756688249012991,1
synthetic_20,2,synthetic_20|2|63,no_cache,0.3756000005523674,0.7756688249012991,1
synthetic_20,2,synthetic_20|2|63,no_order,0.5610000007436611,0.7756688249012991,1
synthetic_20,2,synthetic_20|2|63,no_pruning,0.6035000005795155,0.7756688249012991,1
synthetic_20,2,synthetic_20|2|64,full,0.07860000005166512,0.5088008534752575,1
synthetic_20,2,synthetic_20|2|64,no_cache,0.3386999997019302,0.5088008534752575,1
synthetic_20,2,synthetic_20|2|64,no_order,0.6229000009625452,0.5088008534752575,1
synthetic_20,2,synthetic_20|2|64,no_pruning,1.0780000011436641,0.5088008534752575,1
synthetic_20,2,synthetic_20|2|65,full,0.08660000094096176,0.6912005178479289,1
synthetic_20,2,synthetic_20|2|65,no_cache,0.2378999997745268,0.6912005178479289,1
synthetic_20,2,synthetic_20|2|65,no_order,0.5044999998062849,0.6912005178479289,1
synthetic_20,2,synthetic_20|2|65,no_pruning,0.7414000010612654,0.6912005178479289,1
synthetic_20,2,synthetic_20|2|66,full,0.09450000106880907,0.33802020616096917,1
synthetic_20,2,synthetic_20|2|66,no_cache,0.23460000011255033,0.33802020616096917,1
synthetic_20,2,synthetic_20|2|66,no_order,0.49620000027061906,0.33802020616096917,1
synthetic_20,2,synthetic_20|2|66,no_pruning,0.589699999181903,0.33802020616096917,1
synthetic_20,2,synthetic_20|2|67,full,0.08189999971364159,0.6912694276771748,1
synthetic_20,2,synthetic_20|2|67,no_cache,0.23660000078962184,0.6912694276771748,1
synthetic_20,2,synthetic_20|2|67,no_order,0.5125999996380415,0.6912694276771748,1
synthetic_20,2,synthetic_20|2|67,no_pruning,0.5748999992647441,0.6912694276771748,1
synthetic_20,2,synthetic_20|2|68,full,0.06510000093840063,0.5485055869393454,1
synthetic_20,2,synthetic_20|2|68,no_cache,0.23039999905449804,0.5485055869393454,1
synthetic_20,2,synthetic_20|2|68,no_order,0.4871000001003267,0.5485055869393454,1
synthetic_20,2,synthetic_20|2|68,no_pruning,0.5774999990535434,0.5485055869393454,1
synthetic_20,2,synthetic_20|2|69,full,0.06290000055741984,0.5451304697757076,1
synthetic_20,2,synthetic_20|2|69,no_cache,0.22080000053392723,0.5451304697757076,1
synthetic_20,2,synthetic_20|2|69,no_order,0.48939999942376744,0.5451304697757076,1
synthetic_20,2,synthetic_20|2|69,no_pruning,0.6371999988914467,0.5451304697757076,1
synthetic_20,3,synthetic_20|3|0,full,0.121900000522146,0.8145360105760071,1
synthetic_20,3,synthetic_20|3|0,no_cache,0.22619999981543515,0.8145360105760071,1
synthetic_20,3,synthetic_20|3|0,no_order,0.4951999999320833,0.8145360105760071,1
synthetic_20,3,synthetic_20|3|0,no_pruning,0.5522999999811873,0.8145360105760071,1
synthetic_20,3,synthetic_20|3|1,full,0.06589999975403771,0.689899941741946,1
synthetic_20,3,synthetic_20|3|1,no_cache,0.21100000049045775,0.689899941741946,1
synthetic_20,3,synthetic_20|3|1,no_order,0.46130000009725336,0.689899941741946,1
synthetic_20,3,synthetic_20|3|1,no_pruning,0.5363000000215834,0.689899941741946,1
synthetic_20,3,synthetic_20|3|2,full,0.06009999924572185,0.28654991468220364,1
synthetic_20,3,synthetic_20|3|2,no_cache,0.20730000142066274,0.28654991468220364,1
synthetic_20,3,synthetic_20|3|2,no_order,0.45789999967382755,0.28654991468220364,1
synthetic_20,3,synthetic_20|3|2,no_pruning,0.5385999993450241,0.28654991468220364,1
synthetic_20,3,synthetic_20|3|3,full,0.07199999890872277,0.5446760636854845,1
synthetic_20,3,synthetic_20|3|3,no_cache,0.21869999909540638,0.5446760636854845,1
synthetic_20,3,synthetic_20|3|3,no_order,0.5517999998119194,0.5446760636854845,1
synthetic_20,3,synthetic_20|3|3,no_pruning,0.6282000013015931,0.5446760636854845,1
synthetic_20,3,synthetic_20|3|4,full,0.08410000009462237,0.9077172442831425,1
synthetic_20,3,synthetic_20|3|4,no_cache,0.23320000036619604,0.9077172442831425,1
synthetic_20,3,synthetic_20|3|4,no_order,0.4690000005211914,0.9077172442831425,1
synthetic_20,3,synthetic_20|3|4,no_pruning,0.5409000004874542,0.9077172442831425,1
synthetic_20,3,synthetic_20|3|5,full,0.059699999837903306,0.4020260790779311,1
synthetic_20,3,synthetic_20|3|5,no_cache,0.20949999998265412,0.4020260790779311,1
synthetic_20,3,synthetic_20|3|5,no_order,0.46180000026652124,0.4020260790779311,1
synthetic_20,3,synthetic_20|3|5,no_pruning,0.5393999999796506,0.4020260790779311,1
synthetic_20,3,synthetic_20|3|6,full,0.06410000059986487,0.0008096042955481608,1
synthetic_20,3,synthetic_20|3|6,no_cache,0.21190000006754417,0.0008096042955481608,1
synthetic_20,3,synthetic_20|3|6,no_order,0.5451999986689771,0.0008096042955481608,1
synthetic_20,3,synthetic_20|3|6,no_pruning,0.6207999995240243,0.0008096042955481608,1
synthetic_20,3,synthetic_20|3|7,full,0.06000000030326191,0.8989408400089482,1
synthetic_20,3,synthetic_20|3|7,no_cache,0.2074999993055826,0.8989408400089482,1
synthetic_20,3,synthetic_20|3|7,no_order,0.5498000009538373,0.8989408400089482,1
synthetic_20,3,synthetic_20|3|7,no_pruning,0.6852999995317077,0.8989408400089482,1
synthetic_20,3,synthetic_20|3|8,full,0.06469999971159268,0.6580464180502206,1
synthetic_20,3,synthetic_20|3|8,no_cache,0.2065999997284962,0.6580464180502206,1
synthetic_20,3,synthetic_20|3|8,no_order,0.46349999865924474,0.6580464180502206,1
synthetic_20,3,synthetic_20|3|8,no_pruning,0.5283000009512762,0.6580464180502206,1
synthetic_20,3,synthetic_20|3|9,full,0.057699999160831794,0.29748141108484794,1
synthetic_20,3,synthetic_20|3|9,no_cache,0.20149999909335747,0.29748141108484794,1
synthetic_20,3,synthetic_20|3|9,no_order,0.4504000007727882,0.29748141108484794,1
synthetic_20,3,synthetic_20|3|9,no_pruning,0.5375000000640284,0.29748141108484794,1
synthetic_20,3,synthetic_20|3|10,full,0.06209999992279336,0.5510925626624466,1
synthetic_20,3,synthetic_20|3|10,no_cache,0.20200000108161476,0.5510925626624466,1
synthetic_20,3,synthetic_20|3|10,no_order,0.45560000035038684,0.5510925626624466,1
synthetic_20,3,synthetic_20|3|10,no_pruning,0.5307999999786261,0.5510925626624466,1
synthetic_20,3,synthetic_20|3|11,full,0.06349999966914766,0.6805650098203594,1
synthetic_20,3,synthetic_20|3|11,no_cache,0.20909999875584617,0.6805650098203594,1
synthetic_20,3,synthetic_20|3|11,no_order,0.54929999896558,0.6805650098203594,1
synthetic_20,3,synthetic_20|3|11,no_pruning,0.6195000005391194,0.6805650098203594,1
synthetic_20,3,synthetic_20|3|12,full,0.056999999287654646,0.04170796389444553,1
synthetic_20,3,synthetic_20|3|12,no_cache,0.20179999955871608,0.04170796389444553,1
synthetic_20,3,synthetic_20|3|12,no_order,0.4616999995050719,0.04170796389444553,1
synthetic_20,3,synthetic_20|3|12,no_pruning,0.5326999998942483,0.04170796389444553,1
synthetic_20,3,synthetic_20|3|13,full,0.05529999907594174,0.10314918836012965,1
synthetic_20,3,synthetic_20|3|13,no_cache,0.20709999989776406,0.10314918836012965,1
synthetic_20,3,synthetic_20|3|13,no_order,0.4495999983191723,0.10314918836012965,1
synthetic_20,3,synthetic_20|3|13,no_pruning,0.5251000002317596,0.10314918836012965,1
synthetic_20,3,synthetic_20|3|14,full,0.05750000127591193,0.32526547280664375,1
synthetic_20,3,synthetic_20|3|14,no_cache,0.20650000078603625,0.32526547280664375,1
synthetic_20,3,synthetic_20|3|14,no_order,0.45879999925091397,0.32526547280664375,1
synthetic_20,3,synthetic_20|3|14,no_pruning,0.5261000005702954,0.32526547280664375,1
synthetic_20,3,synthetic_20|3|15,full,0.056200000472017564,0.37397535292752637,1
synthetic_20,3,synthetic_20|3|15,no_cache,0.20530000074359123,0.37397535292752637,1
synthetic_20,3,synthetic_20|3|15,no_order,0.44890000026498456,0.37397535292752637,1
synthetic_20,3,synthetic_20|3|15,no_pruning,0.534200000402052,0.37397535292752637,1
synthetic_20,3,synthetic_20|3|16,full,0.05710000004910398,0.05547249319992831,1
synthetic_20,3,synthetic_20|3|16,no_cache,0.2002000001084525,0.05547249319992831,1
synthetic_20,3,synthetic_20|3|16,no_order,0.698499999998603,0.05547249319992831,1
synthetic_20,3,synthetic_20|3|16,no_pruning,0.7755999995424645,0.05547249319992831,1
synthetic_20,3,synthetic_20|3|17,full,0.07969999933266081,0.7524708117815816,1
synthetic_20,3,synthetic_20|3|17,no_cache,0.21550000019487925,0.7524708117815816,1
synthetic_20,3,synthetic_20|3|17,no_order,0.4637000001821434,0.7524708117815816,1
synthetic_20,3,synthetic_20|3|17,no_pruning,0.5400000009103678,0.7524708117815816,1
synthetic_20,3,synthetic_20|3|18,full,0.06860000030428637,0.4290067696280673,1
synthetic_20,3,synthetic_20|3|18,no_cache,0.7552999995823484,0.4290067696280673,1
synthetic_20,3,synthetic_20|3|18,no_order,0.5547000000660773,0.4290067696280673,1
synthetic_20,3,synthetic_20|3|18,no_pruning,0.8343000008608215,0.4290067696280673,1
synthetic_20,3,synthetic_20|3|19,full,0.13699999908567406,0.6151567301533861,1
synthetic_20,3,synthetic_20|3|19,no_cache,0.26979999893228523,0.6151567301533861,1
synthetic_20,3,synthetic_20|3|19,no_order,0.7130999983928632,0.6151567301533861,1
synthetic_20,3,synthetic_20|3|19,no_pruning,0.6635999998252373,0.6151567301533861,1
synthetic_20,3,synthetic_20|3|20,full,0.08899999920686241,0.6447481978760405,1
synthetic_20,3,synthetic_20|3|20,no_cache,0.22150000040710438,0.6447481978760405,1
synthetic_20,3,synthetic_20|3|20,no_order,0.4740999993373407,0.6447481978760405,1
synthetic_20,3,synthetic_20|3|20,no_pruning,0.5363999989640433,0.6447481978760405,1
synthetic_20,3,synthetic_20|3|21,full,0.06829999983892776,0.030320595921160598,1
synthetic_20,3,synthetic_20|3|21,no_cache,0.21189999824855477,0.030320595921160598,1
synthetic_20,3,synthetic_20|3|21,no_order,0.5678999987139832,0.030320595921160598,1
synthetic_20,3,synthetic_20|3|21,no_pruning,0.6403999996109633,0.030320595921160598,1
synthetic_20,3,synthetic_20|3|22,full,0.06570000005012844,0.5383928740009976,1
synthetic_20,3,synthetic_20|3|22,no_cache,0.20769999900949188,0.5383928740009976,1
synthetic_20,3,synthetic_20|3|22,no_order,0.5461000000650529,0.5383928740009976,1
synthetic_20,3,synthetic_20|3|22,no_pruning,0.6309999989753123,0.5383928740009976,1
synthetic_20,3,synthetic_20|3|23,full,0.06179999945743475,0.005821311958120634,1
synthetic_20,3,synthetic_20|3|23,no_cache,0.21569999989878852,0.005821311958120634,1
synthetic_20,3,synthetic_20|3|23,no_order,0.4608999988704454,0.005821311958120634,1
synthetic_20,3,synthetic_20|3|23,no_pruning,0.5799999998998828,0.005821311958120634,1
synthetic_20,3,synthetic_20|3|24,full,0.0703999994584592,0.010868373292540867,1
synthetic_20,3,synthetic_20|3|24,no_cache,0.21359999846026767,0.010868373292540867,1
synthetic_20,3,synthetic_20|3|24,no_order,0.480799999422743,0.010868373292540867,1
synthetic_20,3,synthetic_20|3|24,no_pruning,0.531399999090354,0.010868373292540867,1
synthetic_20,3,synthetic_20|3|25,full,0.060399999711080454,0.7421920041102275,1
synthetic_20,3,synthetic_20|3|25,no_cache,0.20560000120894983,0.7421920041102275,1
synthetic_20,3,synthetic_20|3|25,no_order,0.4699000000982778,0.7421920041102275,1
synthetic_20,3,synthetic_20|3|25,no_pruning,0.5337000002327841,0.7421920041102275,1
synthetic_20,3,synthetic_20|3|26,full,0.1404999984515598,1.485754033726153,1
synthetic_20,3,synthetic_20|3|26,no_cache,0.2840999986801762,1.485754033726153,1
synthetic_20,3,synthetic_20|3|26,no_order,0.5541999998968095,1.485754033726153,1
synthetic_20,3,synthetic_20|3|26,no_pruning,0.6691999988106545,1.485754033726153,1
synthetic_20,3,synthetic_20|3|27,full,0.06819999907747842,0.2874875556484328,1
synthetic_20,3,synthetic_20|3|27,no_cache,0.2134000005753478,0.2874875556484328,1
synthetic_20,3,synthetic_20|3|27,no_order,0.4576999999699183,0.2874875556484328,1
synthetic_20,3,synthetic_20|3|27,no_pruning,0.5479999999806751,0.2874875556484328,1
synthetic_20,3,synthetic_20|3|28,full,0.1111999990826007,1.24344699072838,1
synthetic_20,3,synthetic_20|3|28,no_cache,0.25859999914246146,1.24344699072838,1
synthetic_20,3,synthetic_20|3|28,no_order,0.5546000011236174,1.24344699072838,1
synthetic_20,3,synthetic_20|3|28,no_pruning,0.6279000008362345,1.24344699072838,1
synthetic_20,3,synthetic_20|3|29,full,0.10880000081670005,1.2489808190303429,1
synthetic_20,3,synthetic_20|3|29,no_cache,0.26029999935417436,1.2489808190303429,1
synthetic_20,3,synthetic_20|3|29,no_order,0.7519999999203719,1.2489808190303429,1
synthetic_20,3,synthetic_20|3|29,no_pruning,0.681800000165822,1.2489808190303429,1
synthetic_20,3,synthetic_20|3|30,full,0.11059999997087289,0.6647316286948203,1
synthetic_20,3,synthetic_20|3|30,no_cache,0.41340000097989105,0.6647316286948203,1
synthetic_20,3,synthetic_20|3|30,no_order,0.49649999891698826,0.6647316286948203,1
synthetic_20,3,synthetic_20|3|30,no_pruning,0.5591000008280389,0.6647316286948203,1
synthetic_20,3,synthetic_20|3|31,full,0.06490000123449136,0.3926140412273643,1
synthetic_20,3,synthetic_20|3|31,no_cache,0.21800000104121864,0.3926140412273643,1
synthetic_20,3,synthetic_20|3|31,no_order,0.48129999959201086,0.3926140412273643,1
synthetic_20,3,synthetic_20|3|31,no_pruning,0.565199999982724,0.3926140412273643,1
synthetic_20,3,synthetic_20|3|32,full,0.0912000014068326,1.120845620068568,1
synthetic_20,3,synthetic_20|3|32,no_cache,0.24149999990186188,1.120845620068568,1
synthetic_20,3,synthetic_20|3|32,no_order,0.4757999995490536,1.120845620068568,1
synthetic_20,3,synthetic_20|3|32,no_pruning,0.543199999810895,1.120845620068568,1
synthetic_20,3,synthetic_20|3|33,full,0.11409999933675863,1.1794382295289958,1
synthetic_20,3,synthetic_20|3|33,no_cache,0.26059999981953297,1.1794382295289958,1
synthetic_20,3,synthetic_20|3|33,no_order,0.5535000000236323,1.1794382295289958,1
synthetic_20,3,synthetic_20|3|33,no_pruning,0.632499999483116,1.1794382295289958,1
synthetic_20,3,synthetic_20|3|34,full,0.06380000013450626,0.46446382884393544,1
synthetic_20,3,synthetic_20|3|34,no_cache,0.2069000001938548,0.46446382884393544,1
synthetic_20,3,synthetic_20|3|34,no_order,0.5875999995623715,0.46446382884393544,1
synthetic_20,3,synthetic_20|3|34,no_pruning,0.6524000000354135,0.46446382884393544,1
synthetic_20,3,synthetic_20|3|35,full,0.06429999848478474,2.098100168640077,1
synthetic_20,3,synthetic_20|3|35,no_cache,0.20880000010947697,2.098100168640077,1
synthetic_20,3,synthetic_20|3|35,no_order,0.47420000009879004,2.098100168640077,1
synthetic_20,3,synthetic_20|3|35,no_pruning,0.5332000000635162,2.098100168640077,1
synthetic_20,3,synthetic_20|3|36,full,0.10859999929380137,0.5834820125893209,1
synthetic_20,3,synthetic_20|3|36,no_cache,0.4399999997986015,0.5834820125893209,1
synthetic_20,3,synthetic_20|3|36,no_order,0.5968999994365731,0.5834820125893209,1
synthetic_20,3,synthetic_20|3|36,no_pruning,0.6516000012197765,0.5834820125893209,1
synthetic_20,3,synthetic_20|3|37,full,0.08369999886781443,0.17962332482410967,1
synthetic_20,3,synthetic_20|3|37,no_cache,0.24710000070626847,0.17962332482410967,1
synthetic_20,3,synthetic_20|3|37,no_order,0.475800001368043,0.17962332482410967,1
synthetic_20,3,synthetic_20|3|37,no_pruning,0.5478000002767658,0.17962332482410967,1
synthetic_20,3,synthetic_20|3|38,full,0.0670000008540228,0.33789534881252203,1
synthetic_20,3,synthetic_20|3|38,no_cache,0.21540000125241932,0.33789534881252203,1
synthetic_20,3,synthetic_20|3|38,no_order,0.6988000004639616,0.33789534881252203,1
synthetic_20,3,synthetic_20|3|38,no_pruning,0.5760000003647292,0.33789534881252203,1
synthetic_20,3,synthetic_20|3|39,full,0.148899998748675,1.1092768750161026,1
synthetic_20,3,synthetic_20|3|39,no_cache,0.2795000000332948,1.1092768750161026,1
synthetic_20,3,synthetic_20|3|39,no_order,0.5674000003637047,1.1092768750161026,1
synthetic_20,3,synthetic_20|3|39,no_pruning,0.6495999987237155,1.1092768750161026,1
synthetic_20,3,synthetic_20|3|40,full,0.06739999844285194,0.6476808601944554,1
synthetic_20,3,synthetic_20|3|40,no_cache,0.21209999977145344,0.6476808601944554,1
synthetic_20,3,synthetic_20|3|40,no_order,0.46440000005532056,0.6476808601944554,1
synthetic_20,3,synthetic_20|3|40,no_pruning,0.5383999996411148,0.6476808601944554,1
synthetic_20,3,synthetic_20|3|41,full,0.06759999996575061,0.6651045522310164,1
synthetic_20,3,synthetic_20|3|41,no_cache,0.21659999947587494,0.6651045522310164,1
synthetic_20,3,synthetic_20|3|41,no_order,0.5475999987538671,0.6651045522310164,1
synthetic_20,3,synthetic_20|3|41,no_pruning,0.6264000003284309,0.6651045522310164,1
synthetic_20,3,synthetic_20|3|42,full,0.09110000064538326,0.49245918491359386,1
synthetic_20,3,synthetic_20|3|42,no_cache,0.23919999875943176,0.49245918491359386,1
synthetic_20,3,synthetic_20|3|42,no_order,0.4985999985365197,0.49245918491359386,1
synthetic_20,3,synthetic_20|3|42,no_pruning,0.5323999994288897,0.49245918491359386,1
synthetic_20,3,synthetic_20|3|43,full,0.07069999992381781,0.13199568044060198,1
synthetic_20,3,synthetic_20|3|43,no_cache,0.20899999981338624,0.13199568044060198,1
synthetic_20,3,synthetic_20|3|43,no_order,0.5507000005309237,0.13199568044060198,1
synthetic_20,3,synthetic_20|3|43,no_pruning,0.6252000002859859,0.13199568044060198,1
synthetic_20,3,synthetic_20|3|44,full,0.08780000098340679,0.7059798292457062,1
synthetic_20,3,synthetic_20|3|44,no_cache,0.23630000032426324,0.7059798292457062,1
synthetic_20,3,synthetic_20|3|44,no_order,0.5447000003186986,0.7059798292457062,1
synthetic_20,3,synthetic_20|3|44,no_pruning,0.781700000516139,0.7059798292457062,1
synthetic_20,3,synthetic_20|3|45,full,0.11409999933675863,1.1630009867120878,1
synthetic_20,3,synthetic_20|3|45,no_cache,0.24250000024039764,1.1630009867120878,1
synthetic_20,3,synthetic_20|3|45,no_order,0.48489999971934594,1.1630009867120878,1
synthetic_20,3,synthetic_20|3|45,no_pruning,0.7222000003821449,1.1630009867120878,1
synthetic_20,3,synthetic_20|3|46,full,0.10209999891230837,0.1503852844506671,1
synthetic_20,3,synthetic_20|3|46,no_cache,0.2361999995628139,0.1503852844506671,1
synthetic_20,3,synthetic_20|3|46,no_order,0.485699998534983,0.1503852844506671,1
synthetic_20,3,synthetic_20|3|46,no_pruning,0.5517000008694595,0.1503852844506671,1
synthetic_20,3,synthetic_20|3|47,full,0.08070000149018597,0.6707817946187783,1
synthetic_20,3,synthetic_20|3|47,no_cache,0.2196000004914822,0.6707817946187783,1
synthetic_20,3,synthetic_20|3|47,no_order,0.5678999987139832,0.6707817946187783,1
synthetic_20,3,synthetic_20|3|47,no_pruning,0.6668999994872138,0.6707817946187783,1
synthetic_20,3,synthetic_20|3|48,full,0.06740000026184134,1.0151675807662326,1
synthetic_20,3,synthetic_20|3|48,no_cache,0.21259999994072132,1.0151675807662326,1
synthetic_20,3,synthetic_20|3|48,no_order,0.470199998744647,1.0151675807662326,1
synthetic_20,3,synthetic_20|3|48,no_pruning,0.5320000000210712,1.0151675807662326,1
synthetic_20,3,synthetic_20|3|49,full,0.0608000009378884,0.21957294190268611,1
synthetic_20,3,synthetic_20|3|49,no_cache,0.21969999943394214,0.21957294190268611,1
synthetic_20,3,synthetic_20|3|49,no_order,0.45959999988554046,0.21957294190268611,1
synthetic_20,3,synthetic_20|3|49,no_pruning,0.5299999993439997,0.21957294190268611,1
synthetic_20,3,synthetic_20|3|50,full,0.06380000013450626,0.8898168129622277,1
synthetic_20,3,synthetic_20|3|50,no_cache,0.2151000007870607,0.8898168129622277,1
synthetic_20,3,synthetic_20|3|50,no_order,0.7719999994151294,0.8898168129622277,1
synthetic_20,3,synthetic_20|3|50,no_pruning,0.6716999996569939,0.8898168129622277,1
synthetic_20,3,synthetic_20|3|51,full,0.08920000072976109,0.5114488860512894,1
synthetic_20,3,synthetic_20|3|51,no_cache,0.22499999977299012,0.5114488860512894,1
synthetic_20,3,synthetic_20|3|51,no_order,0.6054999994375976,0.5114488860512894,1
synthetic_20,3,synthetic_20|3|51,no_pruning,0.5546000011236174,0.5114488860512894,1
synthetic_20,3,synthetic_20|3|52,full,0.08420000085607171,0.3033429776016073,1
synthetic_20,3,synthetic_20|3|52,no_cache,0.2382000002398854,0.3033429776016073,1
synthetic_20,3,synthetic_20|3|52,no_order,0.5473999990499578,0.3033429776016073,1
synthetic_20,3,synthetic_20|3|52,no_pruning,0.8019000015337951,0.3033429776016073,1
synthetic_20,3,synthetic_20|3|53,full,0.139899999339832,1.2576061469477025,1
synthetic_20,3,synthetic_20|3|53,no_cache,0.2820999998220941,1.2576061469477025,1
synthetic_20,3,synthetic_20|3|53,no_order,0.5630999985442031,1.2576061469477025,1
synthetic_20,3,synthetic_20|3|53,no_pruning,0.789099998655729,1.2576061469477025,1
synthetic_20,3,synthetic_20|3|54,full,0.11660000018309802,1.0277312159487577,1
synthetic_20,3,synthetic_20|3|54,no_cache,0.25519999871903565,1.0277312159487577,1
synthetic_20,3,synthetic_20|3|54,no_order,0.5578000000241445,1.0277312159487577,1
synthetic_20,3,synthetic_20|3|54,no_pruning,0.6345000001601875,1.0277312159487577,1
synthetic_20,3,synthetic_20|3|55,full,0.06720000055793207,0.5837133313753468,1
synthetic_20,3,synthetic_20|3|55,no_cache,0.3250999998272164,0.5837133313753468,1
synthetic_20,3,synthetic_20|3|55,no_order,0.50320000082138,0.5837133313753468,1
synthetic_20,3,synthetic_20|3|55,no_pruning,0.5543999996007187,0.5837133313753468,1
synthetic_20,3,synthetic_20|3|56,full,0.07109999933163635,0.6644069010469698,1
synthetic_20,3,synthetic_20|3|56,no_cache,0.21920000108366366,0.6644069010469698,1
synthetic_20,3,synthetic_20|3|56,no_order,0.6057000009604963,0.6644069010469698,1
synthetic_20,3,synthetic_20|3|56,no_pruning,0.6599999996979022,0.6644069010469698,1
synthetic_20,3,synthetic_20|3|57,full,0.09359999967273325,0.5048219580384747,1
synthetic_20,3,synthetic_20|3|57,no_cache,0.23129999863158446,0.5048219580384747,1
synthetic_20,3,synthetic_20|3|57,no_order,0.5332999990059761,0.5048219580384747,1
synthetic_20,3,synthetic_20|3|57,no_pruning,0.6986000007600524,0.5048219580384747,1
synthetic_20,3,synthetic_20|3|58,full,0.0729000003047986,0.19583005981592438,1
synthetic_20,3,synthetic_20|3|58,no_cache,0.2303000001120381,0.19583005981592438,1
synthetic_20,3,synthetic_20|3|58,no_order,0.5471999993460486,0.19583005981592438,1
synthetic_20,3,synthetic_20|3|58,no_pruning,0.6171999993966892,0.19583005981592438,1
synthetic_20,3,synthetic_20|3|59,full,0.06299999949987978,0.7248615327748684,1
synthetic_20,3,synthetic_20|3|59,no_cache,0.749099999666214,0.7248615327748684,1
synthetic_20,3,synthetic_20|3|59,no_order,0.5583999991358723,0.7248615327748684,1
synthetic_20,3,synthetic_20|3|59,no_pruning,0.6942999989405507,0.7248615327748684,1
synthetic_20,3,synthetic_20|3|60,full,0.08209999941755086,0.40691725732795425,1
synthetic_20,3,synthetic_20|3|60,no_cache,0.21999999989930075,0.40691725732795425,1
synthetic_20,3,synthetic_20|3|60,no_order,0.5670999998983461,0.40691725732795425,1
synthetic_20,3,synthetic_20|3|60,no_pruning,0.6355999994411832,0.40691725732795425,1
synthetic_20,3,synthetic_20|3|61,full,0.06709999979648273,0.5776646603904457,1
synthetic_20,3,synthetic_20|3|61,no_cache,0.2069000001938548,0.5776646603904457,1
synthetic_20,3,synthetic_20|3|61,no_order,0.47960000119928736,0.5776646603904457,1
synthetic_20,3,synthetic_20|3|61,no_pruning,0.5474999998114072,0.5776646603904457,1
synthetic_20,3,synthetic_20|3|62,full,0.06759999996575061,0.7267312462088618,1
synthetic_20,3,synthetic_20|3|62,no_cache,0.20949999998265412,0.7267312462088618,1
synthetic_20,3,synthetic_20|3|62,no_order,0.5639999999402789,0.7267312462088618,1
synthetic_20,3,synthetic_20|3|62,no_pruning,1.058499999999185,0.7267312462088618,1
synthetic_20,3,synthetic_20|3|63,full,0.08730000081413891,0.5854078594241298,1
synthetic_20,3,synthetic_20|3|63,no_cache,0.22139999964565504,0.5854078594241298,1
synthetic_20,3,synthetic_20|3|63,no_order,0.4862000005232403,0.5854078594241298,1
synthetic_20,3,synthetic_20|3|63,no_pruning,0.7423000006383518,0.5854078594241298,1
synthetic_20,3,synthetic_20|3|64,full,0.09590000081516337,0.7591472014039589,1
synthetic_20,3,synthetic_20|3|64,no_cache,0.240999999732594,0.7591472014039589,1
synthetic_20,3,synthetic_20|3|64,no_order,0.5677999997715233,0.7591472014039589,1
synthetic_20,3,synthetic_20|3|64,no_pruning,0.7752999990771059,0.7591472014039589,1
synthetic_20,3,synthetic_20|3|65,full,0.09609999870008323,0.9477940815521821,1
synthetic_20,3,synthetic_20|3|65,no_cache,0.2386999985901639,0.9477940815521821,1
synthetic_20,3,synthetic_20|3|65,no_order,0.5182000004424481,0.9477940815521821,1
synthetic_20,3,synthetic_20|3|65,no_pruning,0.681700001223362,0.9477940815521821,1
synthetic_20,3,synthetic_20|3|66,full,0.08969999908003956,1.716479044108934,1
synthetic_20,3,synthetic_20|3|66,no_cache,0.2268999996886123,1.716479044108934,1
synthetic_20,3,synthetic_20|3|66,no_order,0.48460000107297674,1.716479044108934,1
synthetic_20,3,synthetic_20|3|66,no_pruning,0.5610000007436611,1.716479044108934,1
synthetic_20,3,synthetic_20|3|67,full,0.07279999954334926,0.8781670877619137,1
synthetic_20,3,synthetic_20|3|67,no_cache,0.2212999988842057,0.8781670877619137,1
synthetic_20,3,synthetic_20|3|67,no_order,0.9728999993967591,0.8781670877619137,1
synthetic_20,3,synthetic_20|3|67,no_pruning,0.6653000000369502,0.8781670877619137,1
synthetic_20,3,synthetic_20|3|68,full,0.15359999997599516,1.0629561166723214,1
synthetic_20,3,synthetic_20|3|68,no_cache,0.29769999855489004,1.0629561166723214,1
synthetic_20,3,synthetic_20|3|68,no_order,0.574500001675915,1.0629561166723214,1
synthetic_20,3,synthetic_20|3|68,no_pruning,0.6404000014299527,1.0629561166723214,1
synthetic_20,3,synthetic_20|3|69,full,0.06720000055793207,0.9674294025081606,1
synthetic_20,3,synthetic_20|3|69,no_cache,0.21850000121048652,0.9674294025081606,1
synthetic_20,3,synthetic_20|3|69,no_order,0.646799999231007,0.9674294025081606,1
synthetic_20,3,synthetic_20|3|69,no_pruning,0.700999999025953,0.9674294025081606,1
synthetic_20,4,synthetic_20|4|0,full,0.15100000018719584,0.6259015805419933,1
synthetic_20,4,synthetic_20|4|0,no_cache,0.2896999994845828,0.6259015805419933,1
synthetic_20,4,synthetic_20|4|0,no_order,0.6228000002010958,0.6259015805419933,1
synthetic_20,4,synthetic_20|4|0,no_pruning,0.702199999068398,0.6259015805419933,1
synthetic_20,4,synthetic_20|4|1,full,0.07059999916236848,0.7711825158318745,1
synthetic_20,4,synthetic_20|4|1,no_cache,0.2358999990974553,0.7711825158318745,1
synthetic_20,4,synthetic_20|4|1,no_order,0.6126000007498078,0.7711825158318745,1
synthetic_20,4,synthetic_20|4|1,no_pruning,0.7118999983504182,0.7711825158318745,1
synthetic_20,4,synthetic_20|4|2,full,0.0715000005584443,0.2894614172286174,1
synthetic_20,4,synthetic_20|4|2,no_cache,0.2513999988877913,0.2894614172286174,1
synthetic_20,4,synthetic_20|4|2,no_order,0.5911000007472467,0.2894614172286174,1
synthetic_20,4,synthetic_20|4|2,no_pruning,0.677699999869219,0.2894614172286174,1
synthetic_20,4,synthetic_20|4|3,full,0.06510000093840063,0.7456967418366347,1
synthetic_20,4,synthetic_20|4|3,no_cache,0.23390000023937318,0.7456967418366347,1
synthetic_20,4,synthetic_20|4|3,no_order,0.5940999999438645,0.7456967418366347,1
synthetic_20,4,synthetic_20|4|3,no_pruning,0.681399998939014,0.7456967418366347,1
synthetic_20,4,synthetic_20|4|4,full,0.08929999967222102,1.161440800403222,1
synthetic_20,4,synthetic_20|4|4,no_cache,0.2573000001575565,1.161440800403222,1
synthetic_20,4,synthetic_20|4|4,no_order,0.5973000006633811,1.161440800403222,1
synthetic_20,4,synthetic_20|4|4,no_pruning,0.6693000013910932,1.161440800403222,1
synthetic_20,4,synthetic_20|4|5,full,0.17950000074051786,0.9604325630910929,1
synthetic_20,4,synthetic_20|4|5,no_cache,0.35260000004200265,0.9604325630910929,1
synthetic_20,4,synthetic_20|4|5,no_order,0.5934000000706874,0.9604325630910929,1
synthetic_20,4,synthetic_20|4|5,no_pruning,0.6780999992770376,0.9604325630910929,1
synthetic_20,4,synthetic_20|4|6,full,0.06550000034621917,0.10127312563805146,1
synthetic_20,4,synthetic_20|4|6,no_cache,0.23719999990134966,0.10127312563805146,1
synthetic_20,4,synthetic_20|4|6,no_order,0.565199999982724,0.10127312563805146,1
synthetic_20,4,synthetic_20|4|6,no_pruning,1.5970000004017493,0.10127312563805146,1
synthetic_20,4,synthetic_20|4|7,full,0.09590000081516337,0.5009514508522592,1
synthetic_20,4,synthetic_20|4|7,no_cache,0.25019999884534627,0.5009514508522592,1
synthetic_20,4,synthetic_20|4|7,no_order,0.5624000004900154,0.5009514508522592,1
synthetic_20,4,synthetic_20|4|7,no_pruning,0.6690999998681946,0.5009514508522592,1
synthetic_20,4,synthetic_20|4|8,full,0.06780000148864929,1.1926875919663442,1
synthetic_20,4,synthetic_20|4|8,no_cache,0.24080000002868474,1.1926875919663442,1
synthetic_20,4,synthetic_20|4|8,no_order,0.5837999997311272,1.1926875919663442,1
synthetic_20,4,synthetic_20|4|8,no_pruning,0.9161000016320031,1.1926875919663442,1
synthetic_20,4,synthetic_20|4|9,full,0.08919999891077168,0.9469118594680843,1
synthetic_20,4,synthetic_20|4|9,no_cache,0.2585000002000015,0.9469118594680843,1
synthetic_20,4,synthetic_20|4|9,no_order,0.7611999990331242,0.9469118594680843,1
synthetic_20,4,synthetic_20|4|9,no_pruning,0.7003000009717653,0.9469118594680843,1
synthetic_20,4,synthetic_20|4|10,full,0.1021999996737577,0.9416066510751915,1
synthetic_20,4,synthetic_20|4|10,no_cache,0.2533999995648628,0.9416066510751915,1
synthetic_20,4,synthetic_20|4|10,no_order,0.5947999998170417,0.9416066510751915,1
synthetic_20,4,synthetic_20|4|10,no_pruning,0.6678999998257495,0.9416066510751915,1
synthetic_20,4,synthetic_20|4|11,full,0.10310000106983352,0.5468848852612608,1
synthetic_20,4,synthetic_20|4|11,no_cache,0.27999999838357326,0.5468848852612608,1
synthetic_20,4,synthetic_20|4|11,no_order,0.6009999997331761,0.5468848852612608,1
synthetic_20,4,synthetic_20|4|11,no_pruning,0.6787000002077548,0.5468848852612608,1
synthetic_20,4,synthetic_20|4|12,full,0.09030000001075678,0.6470698223724374,1
synthetic_20,4,synthetic_20|4|12,no_cache,0.26419999994686805,0.6470698223724374,1
synthetic_20,4,synthetic_20|4|12,no_order,0.5629999996017432,0.6470698223724374,1
synthetic_20,4,synthetic_20|4|12,no_pruning,0.6630999996559694,0.6470698223724374,1
synthetic_20,4,synthetic_20|4|13,full,0.06310000026132911,0.6197372664614803,1
synthetic_20,4,synthetic_20|4|13,no_cache,0.23850000070524402,0.6197372664614803,1
synthetic_20,4,synthetic_20|4|13,no_order,0.6213999986357521,0.6197372664614803,1
synthetic_20,4,synthetic_20|4|13,no_pruning,0.6640000010520453,0.6197372664614803,1
synthetic_20,4,synthetic_20|4|14,full,0.06880000000819564,0.19399479196982194,1
synthetic_20,4,synthetic_20|4|14,no_cache,0.23630000032426324,0.19399479196982194,1
synthetic_20,4,synthetic_20|4|14,no_order,0.5477999984577764,0.19399479196982194,1
synthetic_20,4,synthetic_20|4|14,no_pruning,0.6616999999096151,0.19399479196982194,1
synthetic_20,4,synthetic_20|4|15,full,0.07109999933163635,0.8580420547696117,1
synthetic_20,4,synthetic_20|4|15,no_cache,0.2482999989297241,0.8580420547696117,1
synthetic_20,4,synthetic_20|4|15,no_order,0.5922000000282424,0.8580420547696117,1
synthetic_20,4,synthetic_20|4|15,no_pruning,0.7343999986915151,0.8580420547696117,1
synthetic_20,4,synthetic_20|4|16,full,0.12460000107239466,0.644694243021313,1
synthetic_20,4,synthetic_20|4|16,no_cache,0.29099999846948776,0.644694243021313,1
synthetic_20,4,synthetic_20|4|16,no_order,0.572900000406662,0.644694243021313,1
synthetic_20,4,synthetic_20|4|16,no_pruning,0.667500000417931,0.644694243021313,1
synthetic_20,4,synthetic_20|4|17,full,0.06260000009206124,0.6080972221490188,1
synthetic_20,4,synthetic_20|4|17,no_cache,0.23210000108520035,0.6080972221490188,1
synthetic_20,4,synthetic_20|4|17,no_order,0.5823000010423129,0.6080972221490188,1
synthetic_20,4,synthetic_20|4|17,no_pruning,0.6756999991921475,0.6080972221490188,1
synthetic_20,4,synthetic_20|4|18,full,0.0653000006423099,0.32404918370832586,1
synthetic_20,4,synthetic_20|4|18,no_cache,0.24429999939457048,0.32404918370832586,1
synthetic_20,4,synthetic_20|4|18,no_order,0.623099998847465,0.32404918370832586,1
synthetic_20,4,synthetic_20|4|18,no_pruning,0.6943999997020001,0.32404918370832586,1
synthetic_20,4,synthetic_20|4|19,full,0.07050000021990854,0.974886832708,1
synthetic_20,4,synthetic_20|4|19,no_cache,0.2505000011296943,0.974886832708,1
synthetic_20,4,synthetic_20|4|19,no_order,0.5870999993931036,0.974886832708,1
synthetic_20,4,synthetic_20|4|19,no_pruning,0.6694000003335532,0.974886832708,1
synthetic_20,4,synthetic_20|4|20,full,0.0698000003467314,0.23257117357969115,1
synthetic_20,4,synthetic_20|4|20,no_cache,0.23230000078910962,0.23257117357969115,1
synthetic_20,4,synthetic_20|4|20,no_order,0.5621000000246568,0.23257117357969115,1
synthetic_20,4,synthetic_20|4|20,no_pruning,1.504600000771461,0.23257117357969115,1
synthetic_20,4,synthetic_20|4|21,full,0.09800000043469481,0.43769171170755977,1
synthetic_20,4,synthetic_20|4|21,no_cache,0.2569999996921979,0.43769171170755977,1
synthetic_20,4,synthetic_20|4|21,no_order,0.6802999996580184,0.43769171170755977,1
synthetic_20,4,synthetic_20|4|21,no_pruning,0.6831000009697163,0.43769171170755977,1
synthetic_20,4,synthetic_20|4|22,full,0.09700000009615906,0.6147068728330991,1
synthetic_20,4,synthetic_20|4|22,no_cache,0.25920000007317867,0.6147068728330991,1
synthetic_20,4,synthetic_20|4|22,no_order,0.5995000010443619,0.6147068728330991,1
synthetic_20,4,synthetic_20|4|22,no_pruning,0.7100000002537854,0.6147068728330991,1
synthetic_20,4,synthetic_20|4|23,full,0.06969999958528206,0.5922665693360661,1
synthetic_20,4,synthetic_20|4|23,no_cache,0.2356000004510861,0.5922665693360661,1
synthetic_20,4,synthetic_20|4|23,no_order,0.6032999990566168,0.5922665693360661,1
synthetic_20,4,synthetic_20|4|23,no_pruning,0.6659999999101274,0.5922665693360661,1
synthetic_20,4,synthetic_20|4|24,full,0.06470000153058209,0.008561730198777873,1
synthetic_20,4,synthetic_20|4|24,no_cache,0.25009999990288634,0.008561730198777873,1
synthetic_20,4,synthetic_20|4|24,no_order,0.6118999990576413,0.008561730198777873,1
synthetic_20,4,synthetic_20|4|24,no_pruning,0.9534000000712695,0.008561730198777873,1
synthetic_20,4,synthetic_20|4|25,full,0.1083999995898921,1.032282864269151,1
synthetic_20,4,synthetic_20|4|25,no_cache,0.2700000004551839,1.032282864269151,1
synthetic_20,4,synthetic_20|4|25,no_order,0.6441999994422076,1.032282864269151,1
synthetic_20,4,synthetic_20|4|25,no_pruning,0.6912999997439329,1.032282864269151,1
synthetic_20,4,synthetic_20|4|26,full,0.0698000003467314,0.9002090057631895,1
synthetic_20,4,synthetic_20|4|26,no_cache,0.24289999964821618,0.9002090057631895,1
synthetic_20,4,synthetic_20|4|26,no_order,0.5801999996037921,0.9002090057631895,1
synthetic_20,4,synthetic_20|4|26,no_pruning,0.8168999993358739,0.9002090057631895,1
synthetic_20,4,synthetic_20|4|27,full,0.1002000008156756,0.957853145122716,1
synthetic_20,4,synthetic_20|4|27,no_cache,1.1011999995389488,0.957853145122716,1
synthetic_20,4,synthetic_20|4|27,no_order,0.696099999913713,0.957853145122716,1
synthetic_20,4,synthetic_20|4|27,no_pruning,0.8225000001402805,0.957853145122716,1
synthetic_20,4,synthetic_20|4|28,full,0.08300000081362668,0.04149800569544837,1
synthetic_20,4,synthetic_20|4|28,no_cache,0.24329999905603472,0.04149800569544837,1
synthetic_20,4,synthetic_20|4|28,no_order,0.598599999648286,0.04149800569544837,1
synthetic_20,4,synthetic_20|4|28,no_pruning,0.9374000001116656,0.04149800569544837,1
synthetic_20,4,synthetic_20|4|29,full,0.11999999878753442,0.42579504267099927,1
synthetic_20,4,synthetic_20|4|29,no_cache,0.28449999990698416,0.42579504267099927,1
synthetic_20,4,synthetic_20|4|29,no_order,0.6157999996503349,0.42579504267099927,1
synthetic_20,4,synthetic_20|4|29,no_pruning,0.7086000005074311,0.42579504267099927,1
synthetic_20,4,synthetic_20|4|30,full,0.07269999878189992,0.3361217869490024,1
synthetic_20,4,synthetic_20|4|30,no_cache,0.23230000078910962,0.3361217869490024,1
synthetic_20,4,synthetic_20|4|30,no_order,0.5552999991778051,0.3361217869490024,1
synthetic_20,4,synthetic_20|4|30,no_pruning,0.6737000003340654,0.3361217869490024,1
synthetic_20,4,synthetic_20|4|31,full,0.07189999996626284,1.0357991051564421,1
synthetic_20,4,synthetic_20|4|31,no_cache,0.2876999988075113,1.0357991051564421,1
synthetic_20,4,synthetic_20|4|31,no_order,0.6224000007932773,1.0357991051564421,1
synthetic_20,4,synthetic_20|4|31,no_pruning,0.7636999998794636,1.0357991051564421,1
synthetic_20,4,synthetic_20|4|32,full,0.2172999993490521,0.7819528223946415,1
synthetic_20,4,synthetic_20|4|32,no_cache,0.3464999990683282,0.7819528223946415,1
synthetic_20,4,synthetic_20|4|32,no_order,0.6279999997786945,0.7819528223946415,1
synthetic_20,4,synthetic_20|4|32,no_pruning,0.7084999997459818,0.7819528223946415,1
synthetic_20,4,synthetic_20|4|33,full,0.07580000055895653,1.1897266159539412,1
synthetic_20,4,synthetic_20|4|33,no_cache,0.24080000002868474,1.1897266159539412,1
synthetic_20,4,synthetic_20|4|33,no_order,0.5687000011675991,1.1897266159539412,1
synthetic_20,4,synthetic_20|4|33,no_pruning,0.6773999994038604,1.1897266159539412,1
synthetic_20,4,synthetic_20|4|34,full,0.0653000006423099,0.06599233681076228,1
synthetic_20,4,synthetic_20|4|34,no_cache,0.2327999991393881,0.06599233681076228,1
synthetic_20,4,synthetic_20|4|34,no_order,0.5524999996850966,0.06599233681076228,1
synthetic_20,4,synthetic_20|4|34,no_pruning,0.6653000000369502,0.06599233681076228,1
synthetic_20,4,synthetic_20|4|35,full,0.06960000064282212,1.2630742114003253,1
synthetic_20,4,synthetic_20|4|35,no_cache,0.24029999985941686,1.2630742114003253,1
synthetic_20,4,synthetic_20|4|35,no_order,0.594999999520951,1.2630742114003253,1
synthetic_20,4,synthetic_20|4|35,no_pruning,0.7309000011446187,1.2630742114003253,1
synthetic_20,4,synthetic_20|4|36,full,0.07059999916236848,1.3664330457552687,1
synthetic_20,4,synthetic_20|4|36,no_cache,0.24090000079013407,1.3664330457552687,1
synthetic_20,4,synthetic_20|4|36,no_order,0.6001000001560897,1.3664330457552687,1
synthetic_20,4,synthetic_20|4|36,no_pruning,0.6713000002491754,1.3664330457552687,1
synthetic_20,4,synthetic_20|4|37,full,0.0641999995423248,0.7329953617785283,1
synthetic_20,4,synthetic_20|4|37,no_cache,0.23189999956230167,0.7329953617785283,1
synthetic_20,4,synthetic_20|4|37,no_order,0.5667999994329875,0.7329953617785283,1
synthetic_20,4,synthetic_20|4|37,no_pruning,0.6475000009231735,0.7329953617785283,1
synthetic_20,4,synthetic_20|4|38,full,0.06650000068475492,0.05604942275246261,1
synthetic_20,4,synthetic_20|4|38,no_cache,0.24080000002868474,0.05604942275246261,1
synthetic_20,4,synthetic_20|4|38,no_order,0.6174000009195879,0.05604942275246261,1
synthetic_20,4,synthetic_20|4|38,no_pruning,0.6893999998283107,0.05604942275246261,1
synthetic_20,4,synthetic_20|4|39,full,0.11629999971773941,0.7356324593968391,1
synthetic_20,4,synthetic_20|4|39,no_cache,0.2843000002030749,0.7356324593968391,1
synthetic_20,4,synthetic_20|4|39,no_order,0.588400000196998,0.7356324593968391,1
synthetic_20,4,synthetic_20|4|39,no_pruning,0.6730999994033482,0.7356324593968391,1
synthetic_20,4,synthetic_20|4|40,full,0.0869999985297909,0.9929827252847967,1
synthetic_20,4,synthetic_20|4|40,no_cache,0.2598000010038959,0.9929827252847967,1
synthetic_20,4,synthetic_20|4|40,no_order,0.6095999997342005,0.9929827252847967,1
synthetic_20,4,synthetic_20|4|40,no_pruning,0.846500000989181,0.9929827252847967,1
synthetic_20,4,synthetic_20|4|41,full,0.09469999895372894,0.9892088486043303,1
synthetic_20,4,synthetic_20|4|41,no_cache,0.25119999918388203,0.9892088486043303,1
synthetic_20,4,synthetic_20|4|41,no_order,0.5750000000261934,0.9892088486043303,1
synthetic_20,4,synthetic_20|4|41,no_pruning,0.8678999984113034,0.9892088486043303,1
synthetic_20,4,synthetic_20|4|42,full,0.1036000012391014,0.3461212331012833,1
synthetic_20,4,synthetic_20|4|42,no_cache,0.25300000015704427,0.3461212331012833,1
synthetic_20,4,synthetic_20|4|42,no_order,0.5968999994365731,0.3461212331012833,1
synthetic_20,4,synthetic_20|4|42,no_pruning,0.7070999999996275,0.3461212331012833,1
synthetic_20,4,synthetic_20|4|43,full,0.08479999996779952,0.19497252523640385,1
synthetic_20,4,synthetic_20|4|43,no_cache,0.24809999922581483,0.19497252523640385,1
synthetic_20,4,synthetic_20|4|43,no_order,0.6114999996498227,0.19497252523640385,1
synthetic_20,4,synthetic_20|4|43,no_pruning,0.7044000012683682,0.19497252523640385,1
synthetic_20,4,synthetic_20|4|44,full,0.06899999971210491,0.8130453581660373,1
synthetic_20,4,synthetic_20|4|44,no_cache,0.24280000070575625,0.8130453581660373,1
synthetic_20,4,synthetic_20|4|44,no_order,0.6042999993951526,0.8130453581660373,1
synthetic_20,4,synthetic_20|4|44,no_pruning,0.6992999988142401,0.8130453581660373,1
synthetic_20,4,synthetic_20|4|45,full,0.16139999934239313,1.3437463624651846,1
synthetic_20,4,synthetic_20|4|45,no_cache,0.3770000002987217,1.3437463624651846,1
synthetic_20,4,synthetic_20|4|45,no_order,0.6178999992698664,1.3437463624651846,1
synthetic_20,4,synthetic_20|4|45,no_pruning,0.7079999995767139,1.3437463624651846,1
synthetic_20,4,synthetic_20|4|46,full,0.0698000003467314,0.4758688676327396,1
synthetic_20,4,synthetic_20|4|46,no_cache,0.23680000049353112,0.4758688676327396,1
synthetic_20,4,synthetic_20|4|46,no_order,0.570400001379312,0.4758688676327396,1
synthetic_20,4,synthetic_20|4|46,no_pruning,0.65569999969739,0.4758688676327396,1
synthetic_20,4,synthetic_20|4|47,full,0.06570000005012844,1.5018987990900954,1
synthetic_20,4,synthetic_20|4|47,no_cache,0.24470000062137842,1.5018987990900954,1
synthetic_20,4,synthetic_20|4|47,no_order,0.7624999998370185,1.5018987990900954,1
synthetic_20,4,synthetic_20|4|47,no_pruning,0.7586000010633143,1.5018987990900954,1
synthetic_20,4,synthetic_20|4|48,full,0.09139999929175247,0.1642996419590181,1
synthetic_20,4,synthetic_20|4|48,no_cache,0.252800000453135,0.1642996419590181,1
synthetic_20,4,synthetic_20|4|48,no_order,0.7160999994084705,0.1642996419590181,1
synthetic_20,4,synthetic_20|4|48,no_pruning,0.7138999990274897,0.1642996419590181,1
synthetic_20,4,synthetic_20|4|49,full,0.0886999987415038,0.09014913373745037,1
synthetic_20,4,synthetic_20|4|49,no_cache,0.24529999973310623,0.09014913373745037,1
synthetic_20,4,synthetic_20|4|49,no_order,0.5670999998983461,0.09014913373745037,1
synthetic_20,4,synthetic_20|4|49,no_pruning,0.8780000007391209,0.09014913373745037,1
synthetic_20,4,synthetic_20|4|50,full,0.08780000098340679,0.282385855346998,1
synthetic_20,4,synthetic_20|4|50,no_cache,0.2506000000721542,0.282385855346998,1
synthetic_20,4,synthetic_20|4|50,no_order,0.6920999985595699,0.282385855346998,1
synthetic_20,4,synthetic_20|4|50,no_pruning,0.7286000000021886,0.282385855346998,1
synthetic_20,4,synthetic_20|4|51,full,0.13670000043930486,0.9813588196669013,1
synthetic_20,4,synthetic_20|4|51,no_cache,0.3097000007983297,0.9813588196669013,1
synthetic_20,4,synthetic_20|4|51,no_order,0.5851999994774815,0.9813588196669013,1
synthetic_20,4,synthetic_20|4|51,no_pruning,0.6683000010525575,0.9813588196669013,1
synthetic_20,4,synthetic_20|4|52,full,0.07430000005115289,0.6574815695980987,1
synthetic_20,4,synthetic_20|4|52,no_cache,0.23970000074768905,0.6574815695980987,1
synthetic_20,4,synthetic_20|4|52,no_order,0.6071000007068506,0.6574815695980987,1
synthetic_20,4,synthetic_20|4|52,no_pruning,0.690799999574665,0.6574815695980987,1
synthetic_20,4,synthetic_20|4|53,full,0.06480000047304202,0.3335645243486462,1
synthetic_20,4,synthetic_20|4|53,no_cache,0.2316999998583924,0.3335645243486462,1
synthetic_20,4,synthetic_20|4|53,no_order,0.5538999994314509,0.3335645243486462,1
synthetic_20,4,synthetic_20|4|53,no_pruning,0.652000000627595,0.3335645243486462,1
synthetic_20,4,synthetic_20|4|54,full,0.09030000001075678,1.2771163809576056,1
synthetic_20,4,synthetic_20|4|54,no_cache,0.268300000243471,1.2771163809576056,1
synthetic_20,4,synthetic_20|4|54,no_order,0.716900000043097,1.2771163809576056,1
synthetic_20,4,synthetic_20|4|54,no_pruning,0.7003999999142252,1.2771163809576056,1
synthetic_20,4,synthetic_20|4|55,full,0.07430000005115289,1.2416347123636304,1
synthetic_20,4,synthetic_20|4|55,no_cache,0.240999999732594,1.2416347123636304,1
synthetic_20,4,synthetic_20|4|55,no_order,0.5892999997740844,1.2416347123636304,1
synthetic_20,4,synthetic_20|4|55,no_pruning,0.693199999659555,1.2416347123636304,1
synthetic_20,4,synthetic_20|4|56,full,0.06769999890821055,0.382914091006092,1
synthetic_20,4,synthetic_20|4|56,no_cache,0.24230000053648837,0.382914091006092,1
synthetic_20,4,synthetic_20|4|56,no_order,0.5901000004087109,0.382914091006092,1
synthetic_20,4,synthetic_20|4|56,no_pruning,0.8735999999771593,0.382914091006092,1
synthetic_20,4,synthetic_20|4|57,full,0.0866999998834217,0.5108216638236154,1
synthetic_20,4,synthetic_20|4|57,no_cache,0.24590000066382345,0.5108216638236154,1
synthetic_20,4,synthetic_20|4|57,no_order,0.7058999999571824,0.5108216638236154,1
synthetic_20,4,synthetic_20|4|57,no_pruning,0.7296000003407244,0.5108216638236154,1
synthetic_20,4,synthetic_20|4|58,full,0.08639999941806309,0.603791987948913,1
synthetic_20,4,synthetic_20|4|58,no_cache,0.24850000045262277,0.603791987948913,1
synthetic_20,4,synthetic_20|4|58,no_order,0.5811999999423278,0.603791987948913,1
synthetic_20,4,synthetic_20|4|58,no_pruning,0.6734999988111667,0.603791987948913,1
synthetic_20,4,synthetic_20|4|59,full,0.09700000009615906,0.7313545960848118,1
synthetic_20,4,synthetic_20|4|59,no_cache,0.2554000002419343,0.7313545960848118,1
synthetic_20,4,synthetic_20|4|59,no_order,0.6279999997786945,0.7313545960848118,1
synthetic_20,4,synthetic_20|4|59,no_pruning,0.6962999996176222,0.7313545960848118,1
synthetic_20,4,synthetic_20|4|60,full,0.06550000034621917,1.3968580783871192,1
synthetic_20,4,synthetic_20|4|60,no_cache,0.23349999901256524,1.3968580783871192,1
synthetic_20,4,synthetic_20|4|60,no_order,0.5691000005754177,1.3968580783871192,1
synthetic_20,4,synthetic_20|4|60,no_pruning,0.6563000006281072,1.3968580783871192,1
synthetic_20,4,synthetic_20|4|61,full,0.06129999928816687,0.1585640626132998,1
synthetic_20,4,synthetic_20|4|61,no_cache,0.22709999939252157,0.1585640626132998,1
synthetic_20,4,synthetic_20|4|61,no_order,0.6066000005375827,0.1585640626132998,1
synthetic_20,4,synthetic_20|4|61,no_pruning,0.6647000009252224,0.1585640626132998,1
synthetic_20,4,synthetic_20|4|62,full,0.10369999836257193,0.5648408813019988,1
synthetic_20,4,synthetic_20|4|62,no_cache,0.2635000000736909,0.5648408813019988,1
synthetic_20,4,synthetic_20|4|62,no_order,0.590899999224348,0.5648408813019988,1
synthetic_20,4,synthetic_20|4|62,no_pruning,0.6909999992785743,0.5648408813019988,1
synthetic_20,4,synthetic_20|4|63,full,0.06550000034621917,0.05676470534166586,1
synthetic_20,4,synthetic_20|4|63,no_cache,0.24640000083309133,0.05676470534166586,1
synthetic_20,4,synthetic_20|4|63,no_order,0.5793000000267057,0.05676470534166586,1
synthetic_20,4,synthetic_20|4|63,no_pruning,0.7229000002553221,0.05676470534166586,1
synthetic_20,4,synthetic_20|4|64,full,0.09719999980006833,1.1091617412111408,1
synthetic_20,4,synthetic_20|4|64,no_cache,0.7758000010653632,1.1091617412111408,1
synthetic_20,4,synthetic_20|4|64,no_order,0.6114999996498227,1.1091617412111408,1
synthetic_20,4,synthetic_20|4|64,no_pruning,0.6797999994887505,1.1091617412111408,1
synthetic_20,4,synthetic_20|4|65,full,0.06420000136131421,0.01908545810302653,1
synthetic_20,4,synthetic_20|4|65,no_cache,0.22949999947741162,0.01908545810302653,1
synthetic_20,4,synthetic_20|4|65,no_order,0.5791000003227964,0.01908545810302653,1
synthetic_20,4,synthetic_20|4|65,no_pruning,0.6958000012673438,0.01908545810302653,1
synthetic_20,4,synthetic_20|4|66,full,0.09439999848837033,0.13889242699662324,1
synthetic_20,4,synthetic_20|4|66,no_cache,0.2674000006663846,0.13889242699662324,1
synthetic_20,4,synthetic_20|4|66,no_order,0.5603999998129439,0.13889242699662324,1
synthetic_20,4,synthetic_20|4|66,no_pruning,0.6840000005468028,0.13889242699662324,1
synthetic_20,4,synthetic_20|4|67,full,0.0655999992886791,1.0075583531168104,1
synthetic_20,4,synthetic_20|4|67,no_cache,0.22650000028079376,1.0075583531168104,1
synthetic_20,4,synthetic_20|4|67,no_order,0.5836000000272179,1.0075583531168104,1
synthetic_20,4,synthetic_20|4|67,no_pruning,0.651599999400787,1.0075583531168104,1
synthetic_20,4,synthetic_20|4|68,full,0.06790000043110922,0.0014000346877016678,1
synthetic_20,4,synthetic_20|4|68,no_cache,0.22530000023834873,0.0014000346877016678,1
synthetic_20,4,synthetic_20|4|68,no_order,0.8384000011574244,0.0014000346877016678,1
synthetic_20,4,synthetic_20|4|68,no_pruning,0.7487000002583954,0.0014000346877016678,1
synthetic_20,4,synthetic_20|4|69,full,0.12229999992996454,0.18204703287562582,1
synthetic_20,4,synthetic_20|4|69,no_cache,0.46780000047874637,0.18204703287562582,1
synthetic_20,4,synthetic_20|4|69,no_order,0.6289000011747703,0.18204703287562582,1
synthetic_20,4,synthetic_20|4|69,no_pruning,0.7081000003381632,0.18204703287562582,1
