query_key,dist_full,dist_no_cache,gap_no_cache,dist_no_order,gap_no_order,dist_no_pruning,gap_no_pruning
breast_cancer|0|0,0.1787548339141986,0.1787548339141986,0.0,0.1787548339141986,0.0,0.1787548339141986,0.0
breast_cancer|0|1,1.2141057228053438,1.2141057228053438,0.0,1.2141057228053438,0.0,1.2141057228053438,0.0
breast_cancer|0|2,0.3819255717906263,0.3819255717906263,0.0,0.3819255717906263,0.0,0.3819255717906263,0.0
breast_cancer|0|3,0.10576500453505502,0.10576500453505502,0.0,0.10576500453505502,0.0,0.10576500453505502,0.0
breast_cancer|0|4,0.2623544889817949,0.2623544889817949,0.0,0.2623544889817949,0.0,0.2623544889817949,0.0
breast_cancer|0|5,0.539761163280242,0.539761163280242,0.0,0.539761163280242,0.0,0.539761163280242,0.0
breast_cancer|0|6,1.3706497573249776,1.3706497573249776,0.0,1.3706497573249776,0.0,1.3706497573249776,0.0
breast_cancer|0|7,0.9094039413296275,0.9094039413296275,0.0,0.9094039413296275,0.0,0.9094039413296275,0.0
breast_cancer|0|8,0.40972552102118776,0.40972552102118776,0.0,0.40972552102118776,0.0,0.40972552102118776,0.0
breast_cancer|0|9,0.54142380823802,0.54142380823802,0.0,0.54142380823802,0.0,0.54142380823802,0.0
breast_cancer|0|10,0.36723612672057565,0.36723612672057565,0.0,0.36723612672057565,0.0,0.36723612672057565,0.0
breast_cancer|0|11,0.20565223095001856,0.20565223095001856,0.0,0.20565223095001856,0.0,0.20565223095001856,0.0
breast_cancer|0|12,0.8073222816419373,0.8073222816419373,0.0,0.8073222816419373,0.0,0.8073222816419373,0.0
breast_cancer|0|13,0.04406933524084246,0.04406933524084246,0.0,0.04406933524084246,0.0,0.04406933524084246,0.0
breast_cancer|0|14,0.5525596180737204,0.5525596180737204,0.0,0.5525596180737204,0.0,0.5525596180737204,0.0
breast_cancer|0|15,0.4451085662202582,0.4451085662202582,0.0,0.4451085662202582,0.0,0.4451085662202582,0.0
breast_cancer|0|16,0.7307506032333566,0.7307506032333566,0.0,0.7307506032333566,0.0,0.7307506032333566,0.0
breast_cancer|0|17,0.4130681954005144,0.4130681954005144,0.0,0.4130681954005144,0.0,0.4130681954005144,0.0
breast_cancer|0|18,0.5902197939854333,0.5902197939854333,0.0,0.5902197939854333,0.0,0.5902197939854333,0.0
breast_cancer|0|19,0.5670125796732648,0.5670125796732648,0.0,0.5670125796732648,0.0,0.5670125796732648,0.0
breast_cancer|0|20,0.04994511326886239,0.04994511326886239,0.0,0.04994511326886239,0.0,0.04994511326886239,0.0
breast_cancer|0|21,0.767389476522393,0.767389476522393,0.0,0.767389476522393,0.0,0.767389476522393,0.0
breast_cancer|0|22,0.737605179040923,0.737605179040923,0.0,0.737605179040923,0.0,0.737605179040923,0.0
breast_cancer|0|23,0.5023337824304923,0.5023337824304923,0.0,0.5023337824304923,0.0,0.5023337824304923,0.0
breast_cancer|0|24,0.1404067847445421,0.1404067847445421,0.0,0.1404067847445421,0.0,0.1404067847445421,0.0
breast_cancer|0|25,0.07810669750920463,0.07810669750920463,0.0,0.07810669750920463,0.0,0.07810669750920463,0.0
breast_cancer|0|26,0.3847329604281769,0.3847329604281769,0.0,0.3847329604281769,0.0,0.3847329604281769,0.0
breast_cancer|0|27,0.2684882675333335,0.2684882675333335,0.0,0.2684882675333335,0.0,0.2684882675333335,0.0
breast_cancer|0|28,0.18462539189781532,0.18462539189781532,0.0,0.18462539189781532,0.0,0.18462539189781532,0.0
breast_cancer|0|29,0.336711435188462,0.336711435188462,0.0,0.336711435188462,0.0,0.336711435188462,0.0
breast_cancer|0|30,0.11751556052971467,0.11751556052971467,0.0,0.11751556052971467,0.0,0.11751556052971467,0.0
breast_cancer|0|31,1.0885655392782345,1.0885655392782345,0.0,1.0885655392782345,0.0,1.0885655392782345,0.0
breast_cancer|0|32,0.6389918605778937,0.6389918605778937,0.0,0.6389918605778937,0.0,0.6389918605778937,0.0
breast_cancer|0|33,0.11298316869614333,0.11298316869614333,0.0,0.11298316869614333,0.0,0.11298316869614333,0.0
breast_cancer|0|34,0.3925036715034334,0.3925036715034334,0.0,0.3925036715034334,0.0,0.3925036715034334,0.0
breast_cancer|0|35,2.513916519624118,2.513916519624118,0.0,2.513916519624118,0.0,2.513916519624118,0.0
breast_cancer|0|36,0.5627663449982568,0.5627663449982568,0.0,0.5627663449982568,0.0,0.5627663449982568,0.0
breast_cancer|0|37,0.9414243120268253,0.9414243120268253,0.0,0.9414243120268253,0.0,0.9414243120268253,0.0
breast_cancer|0|38,0.49078353156429844,0.49078353156429844,0.0,0.49078353156429844,0.0,0.49078353156429844,0.0
breast_cancer|0|39,0.966837304643649,0.966837304643649,0.0,0.966837304643649,0.0,0.966837304643649,0.0
breast_cancer|0|40,0.5373484614895128,0.5373484614895128,0.0,0.5373484614895128,0.0,0.5373484614895128,0.0
breast_cancer|0|41,0.3814686572949634,0.3814686572949634,0.0,0.3814686572949634,0.0,0.3814686572949634,0.0
breast_cancer|0|42,0.11457867157708532,0.11457867157708532,0.0,0.11457867157708532,0.0,0.11457867157708532,0.0
breast_cancer|0|43,0.22219309292372463,0.22219309292372463,0.0,0.22219309292372463,0.0,0.22219309292372463,0.0
breast_cancer|0|44,0.5967983341575781,0.5967983341575781,0.0,0.5967983341575781,0.0,0.5967983341575781,0.0
breast_cancer|0|45,0.4150881374947777,0.4150881374947777,0.0,0.4150881374947777,0.0,0.4150881374947777,0.0
breast_cancer|0|46,0.7785270293529853,0.7785270293529853,0.0,0.7785270293529853,0.0,0.7785270293529853,0.0
breast_cancer|0|47,0.24459602688422477,0.24459602688422477,0.0,0.24459602688422477,0.0,0.24459602688422477,0.0
breast_cancer|0|48,0.16072203118186226,0.16072203118186226,0.0,0.16072203118186226,0.0,0.16072203118186226,0.0
breast_cancer|0|49,0.6307045061798342,0.6307045061798342,0.0,0.6307045061798342,0.0,0.6307045061798342,0.0
breast_cancer|0|50,0.2975400858174128,0.2975400858174128,0.0,0.2975400858174128,0.0,0.2975400858174128,0.0
breast_cancer|0|51,0.58380430193311,0.58380430193311,0.0,0.58380430193311,0.0,0.58380430193311,0.0
breast_cancer|0|52,0.6442368645008745,0.6442368645008745,0.0,0.6442368645008745,0.0,0.6442368645008745,0.0
breast_cancer|0|53,0.5535831369545119,0.5535831369545119,0.0,0.5535831369545119,0.0,0.5535831369545119,0.0
breast_cancer|0|54,0.4604641230405395,0.4604641230405395,0.0,0.4604641230405395,0.0,0.4604641230405395,0.0
breast_cancer|0|55,0.16116241411264456,0.16116241411264456,0.0,0.16116241411264456,0.0,0.16116241411264456,0.0
breast_cancer|0|56,0.26411722239020097,0.26411722239020097,0.0,0.26411722239020097,0.0,0.26411722239020097,0.0
breast_cancer|0|57,0.15130729693683279,0.15130729693683279,0.0,0.15130729693683279,0.0,0.15130729693683279,0.0
breast_cancer|0|58,0.05875778024951207,0.05875778024951207,0.0,0.05875778024951207,0.0,0.05875778024951207,0.0
breast_cancer|0|59,1.4087692462502133,1.4087692462502133,0.0,1.4087692462502133,0.0,1.4087692462502133,0.0
breast_cancer|0|60,0.21967494918939492,0.21967494918939492,0.0,0.21967494918939492,0.0,0.21967494918939492,0.0
breast_cancer|0|61,0.9932668169651456,0.9932668169651456,0.0,0.9932668169651456,0.0,0.9932668169651456,0.0
breast_cancer|0|62,0.6997193195545559,0.6997193195545559,0.0,0.6997193195545559,0.0,0.6997193195545559,0.0
breast_cancer|0|63,0.5073744327502399,0.5073744327502399,0.0,0.5073744327502399,0.0,0.5073744327502399,0.0
breast_cancer|0|64,1.1341973152511715,1.1341973152511715,0.0,1.1341973152511715,0.0,1.1341973152511715,0.0
breast_cancer|0|65,0.3949219319977215,0.3949219319977215,0.0,0.3949219319977215,0.0,0.3949219319977215,0.0
breast_cancer|0|66,0.5728893577626658,0.5728893577626658,0.0,0.5728893577626658,0.0,0.5728893577626658,0.0
breast_cancer|0|67,0.6322347158456704,0.6322347158456704,0.0,0.6322347158456704,0.0,0.6322347158456704,0.0
breast_cancer|0|68,0.5607038002007222,0.5607038002007222,0.0,0.5607038002007222,0.0,0.5607038002007222,0.0
breast_cancer|0|69,0.4200224502506859,0.4200224502506859,0.0,0.4200224502506859,0.0,0.4200224502506859,0.0
breast_cancer|1|0,0.6855103592640546,0.6855103592640546,0.0,0.6855103592640546,0.0,0.6855103592640546,0.0
breast_cancer|1|1,0.4395110440614644,0.4395110440614644,0.0,0.4395110440614644,0.0,0.4395110440614644,0.0
breast_cancer|1|2,0.39896147092275547,0.39896147092275547,0.0,0.39896147092275547,0.0,0.39896147092275547,0.0
breast_cancer|1|3,1.256126438451762,1.256126438451762,0.0,1.256126438451762,0.0,1.256126438451762,0.0
breast_cancer|1|4,0.7456627534875329,0.7456627534875329,0.0,0.7456627534875329,0.0,0.7456627534875329,0.0
breast_cancer|1|5,0.4772597160366726,0.4772597160366726,0.0,0.4772597160366726,0.0,0.4772597160366726,0.0
breast_cancer|1|6,0.20393088521655844,0.20393088521655844,0.0,0.20393088521655844,0.0,0.20393088521655844,0.0
breast_cancer|1|7,0.36766709393300195,0.36766709393300195,0.0,0.36766709393300195,0.0,0.36766709393300195,0.0
breast_cancer|1|8,0.6749868195258072,0.6749868195258072,0.0,0.6749868195258072,0.0,0.6749868195258072,0.0
breast_cancer|1|9,0.5349609867397085,0.5349609867397085,0.0,0.5349609867397085,0.0,0.5349609867397085,0.0
breast_cancer|1|10,0.27566429645068435,0.27566429645068435,0.0,0.27566429645068435,0.0,0.27566429645068435,0.0
breast_cancer|1|11,0.5506077327679721,0.5506077327679721,0.0,0.5506077327679721,0.0,0.5506077327679721,0.0
breast_cancer|1|12,0.26066154708411704,0.26066154708411704,0.0,0.26066154708411704,0.0,0.26066154708411704,0.0
breast_cancer|1|13,0.38797224353834614,0.38797224353834614,0.0,0.38797224353834614,0.0,0.38797224353834614,0.0
breast_cancer|1|14,0.5132585046944843,0.5132585046944843,0.0,0.5132585046944843,0.0,0.5132585046944843,0.0
breast_cancer|1|15,0.41897708632386016,0.41897708632386016,0.0,0.41897708632386016,0.0,0.41897708632386016,0.0
breast_cancer|1|16,1.801739755208003,1.801739755208003,0.0,1.801739755208003,0.0,1.801739755208003,0.0
breast_cancer|1|17,0.4729615966369595,0.4729615966369595,0.0,0.4729615966369595,0.0,0.4729615966369595,0.0
breast_cancer|1|18,0.5183842565582536,0.5183842565582536,0.0,0.5183842565582536,0.0,0.5183842565582536,0.0
breast_cancer|1|19,0.29959857591019595,0.29959857591019595,0.0,0.29959857591019595,0.0,0.29959857591019595,0.0
breast_cancer|1|20,0.3706757122364241,0.3706757122364241,0.0,0.3706757122364241,0.0,0.3706757122364241,0.0
breast_cancer|1|21,0.5203565511489667,0.5203565511489667,0.0,0.5203565511489667,0.0,0.5203565511489667,0.0
breast_cancer|1|22,0.4385942927170393,0.4385942927170393,0.0,0.4385942927170393,0.0,0.4385942927170393,0.0
breast_cancer|1|23,0.16114772205702046,0.16114772205702046,0.0,0.16114772205702046,0.0,0.16114772205702046,0.0
breast_cancer|1|24,0.5521832234263658,0.5521832234263658,0.0,0.5521832234263658,0.0,0.5521832234263658,0.0
breast_cancer|1|25,0.8029214528192082,0.8029214528192082,0.0,0.8029214528192082,0.0,0.8029214528192082,0.0
breast_cancer|1|26,0.4709096977478863,0.4709096977478863,0.0,0.4709096977478863,0.0,0.4709096977478863,0.0
breast_cancer|1|27,1.30901532419562,1.30901532419562,0.0,1.30901532419562,0.0,1.30901532419562,0.0
breast_cancer|1|28,0.8729841626074871,0.8729841626074871,0.0,0.8729841626074871,0.0,0.8729841626074871,0.0
breast_cancer|1|29,0.353050713169597,0.353050713169597,0.0,0.353050713169597,0.0,0.353050713169597,0.0
breast_cancer|1|30,0.145650998774428,0.145650998774428,0.0,0.145650998774428,0.0,0.145650998774428,0.0
breast_cancer|1|31,0.8168413874577323,0.8168413874577323,0.0,0.8168413874577323,0.0,0.8168413874577323,0.0
breast_cancer|1|32,0.6371891517326506,0.6371891517326506,0.0,0.6371891517326506,0.0,0.6371891517326506,0.0
breast_cancer|1|33,0.33601132619081153,0.33601132619081153,0.0,0.33601132619081153,0.0,0.33601132619081153,0.0
breast_cancer|1|34,0.11281941889259056,0.11281941889259056,0.0,0.11281941889259056,0.0,0.11281941889259056,0.0
breast_cancer|1|35,0.11840819688095766,0.11840819688095766,0.0,0.11840819688095766,0.0,0.11840819688095766,0.0
breast_cancer|1|36,0.637952283242839,0.637952283242839,0.0,0.637952283242839,0.0,0.637952283242839,0.0
breast_cancer|1|37,0.1347858323649499,0.1347858323649499,0.0,0.1347858323649499,0.0,0.1347858323649499,0.0
breast_cancer|1|38,0.7846146694443734,0.7846146694443734,0.0,0.7846146694443734,0.0,0.7846146694443734,0.0
breast_cancer|1|39,0.46665136137964247,0.46665136137964247,0.0,0.46665136137964247,0.0,0.46665136137964247,0.0
breast_cancer|1|40,0.05862831127973887,0.05862831127973887,0.0,0.05862831127973887,0.0,0.05862831127973887,0.0
breast_cancer|1|41,0.38917419028351596,0.38917419028351596,0.0,0.38917419028351596,0.0,0.38917419028351596,0.0
breast_cancer|1|42,0.6485156893586279,0.6485156893586279,0.0,0.6485156893586279,0.0,0.6485156893586279,0.0
breast_cancer|1|43,0.5698371004465451,0.5698371004465451,0.0,0.5698371004465451,0.0,0.5698371004465451,0.0
breast_cancer|1|44,0.19294276664227775,0.19294276664227775,0.0,0.19294276664227775,0.0,0.19294276664227775,0.0
breast_cancer|1|45,0.595893941299523,0.595893941299523,0.0,0.595893941299523,0.0,0.595893941299523,0.0
breast_cancer|1|46,0.2278724059351941,0.2278724059351941,0.0,0.2278724059351941,0.0,0.2278724059351941,0.0
breast_cancer|1|47,0.7153492183546948,0.7153492183546948,0.0,0.7153492183546948,0.0,0.7153492183546948,0.0
breast_cancer|1|48,0.319801291180293,0.319801291180293,0.0,0.319801291180293,0.0,0.319801291180293,0.0
breast_cancer|1|49,0.1862120370616962,0.1862120370616962,0.0,0.1862120370616962,0.0,0.1862120370616962,0.0
breast_cancer|1|50,0.08434138148881498,0.08434138148881498,0.0,0.08434138148881498,0.0,0.08434138148881498,0.0
breast_cancer|1|51,0.5578600956981274,0.5578600956981274,0.0,0.5578600956981274,0.0,0.5578600956981274,0.0
breast_cancer|1|52,0.4431316254024377,0.4431316254024377,0.0,0.4431316254024377,0.0,0.4431316254024377,0.0
breast_cancer|1|53,0.5812212394729329,0.5812212394729329,0.0,0.5812212394729329,0.0,0.5812212394729329,0.0
breast_cancer|1|54,0.4121828851196232,0.4121828851196232,0.0,0.4121828851196232,0.0,0.4121828851196232,0.0
breast_cancer|1|55,0.5109336683572074,0.5109336683572074,0.0,0.5109336683572074,0.0,0.5109336683572074,0.0
breast_cancer|1|56,0.7408055283856824,0.7408055283856824,0.0,0.7408055283856824,0.0,0.7408055283856824,0.0
breast_cancer|1|57,0.3247841860779921,0.3247841860779921,0.0,0.3247841860779921,0.0,0.3247841860779921,0.0
breast_cancer|1|58,0.34607570540327154,0.34607570540327154,0.0,0.34607570540327154,0.0,0.34607570540327154,0.0
breast_cancer|1|59,0.2406007020378058,0.2406007020378058,0.0,0.2406007020378058,0.0,0.2406007020378058,0.0
breast_cancer|1|60,0.4318255305398043,0.4318255305398043,0.0,0.4318255305398043,0.0,0.4318255305398043,0.0
breast_cancer|1|61,0.22130607011452197,0.22130607011452197,0.0,0.22130607011452197,0.0,0.22130607011452197,0.0
breast_cancer|1|62,0.45778356812393933,0.45778356812393933,0.0,0.45778356812393933,0.0,0.45778356812393933,0.0
breast_cancer|1|63,0.0952082815829447,0.0952082815829447,0.0,0.0952082815829447,0.0,0.0952082815829447,0.0
breast_cancer|1|64,0.78884105120242,0.78884105120242,0.0,0.78884105120242,0.0,0.78884105120242,0.0
breast_cancer|1|65,0.578041567223258,0.578041567223258,0.0,0.578041567223258,0.0,0.578041567223258,0.0
breast_cancer|1|66,0.5879773749899135,0.5879773749899135,0.0,0.5879773749899135,0.0,0.5879773749899135,0.0
breast_cancer|1|67,0.7375141059009452,0.7375141059009452,0.0,0.7375141059009452,0.0,0.7375141059009452,0.0
breast_cancer|1|68,0.7886874456347553,0.7886874456347553,0.0,0.7886874456347553,0.0,0.7886874456347553,0.0
breast_cancer|1|69,0.49836330367223514,0.49836330367223514,0.0,0.49836330367223514,0.0,0.49836330367223514,0.0
breast_cancer|2|0,1.298879498987304,1.298879498987304,0.0,1.298879498987304,0.0,1.298879498987304,0.0
breast_cancer|2|1,0.7689096125015072,0.7689096125015072,0.0,0.7689096125015072,0.0,0.7689096125015072,0.0
breast_cancer|2|2,0.6025155410236184,0.6025155410236184,0.0,0.6025155410236184,0.0,0.6025155410236184,0.0
breast_cancer|2|3,0.22316608673608448,0.22316608673608448,0.0,0.22316608673608448,0.0,0.22316608673608448,0.0
breast_cancer|2|4,0.7581943715392682,0.7581943715392682,0.0,0.7581943715392682,0.0,0.7581943715392682,0.0
breast_cancer|2|5,0.7168761105379724,0.7168761105379724,0.0,0.7168761105379724,0.0,0.7168761105379724,0.0
breast_cancer|2|6,0.7843957482226115,0.7843957482226115,0.0,0.7843957482226115,0.0,0.7843957482226115,0.0
breast_cancer|2|7,0.5807496965523196,0.5807496965523196,0.0,0.5807496965523196,0.0,0.5807496965523196,0.0
breast_cancer|2|8,0.06290824722378752,0.06290824722378752,0.0,0.06290824722378752,0.0,0.06290824722378752,0.0
breast_cancer|2|9,0.5213021126228888,0.5213021126228888,0.0,0.5213021126228888,0.0,0.5213021126228888,0.0
breast_cancer|2|10,0.779815018504525,0.779815018504525,0.0,0.779815018504525,0.0,0.779815018504525,0.0
breast_cancer|2|11,1.0806293945427616,1.0806293945427616,0.0,1.0806293945427616,0.0,1.0806293945427616,0.0
breast_cancer|2|12,0.13452164960627966,0.13452164960627966,0.0,0.13452164960627966,0.0,0.13452164960627966,0.0
breast_cancer|2|13,0.9534616784323857,0.9534616784323857,0.0,0.9534616784323857,0.0,0.9534616784323857,0.0
breast_cancer|2|14,0.5867741209232253,0.5867741209232253,0.0,0.5867741209232253,0.0,0.5867741209232253,0.0
breast_cancer|2|15,1.1357162724152918,1.1357162724152918,0.0,1.1357162724152918,0.0,1.1357162724152918,0.0
breast_cancer|2|16,1.0807624831937792,1.0807624831937792,0.0,1.0807624831937792,0.0,1.0807624831937792,0.0
breast_cancer|2|17,0.7826040137672121,0.7826040137672121,0.0,0.7826040137672121,0.0,0.7826040137672121,0.0
breast_cancer|2|18,0.22693482793408196,0.22693482793408196,0.0,0.22693482793408196,0.0,0.22693482793408196,0.0
breast_cancer|2|19,0.05796521657382112,0.05796521657382112,0.0,0.05796521657382112,0.0,0.05796521657382112,0.0
breast_cancer|2|20,0.6160568066599189,0.6160568066599189,0.0,0.6160568066599189,0.0,0.6160568066599189,0.0
breast_cancer|2|21,0.25705516804666606,0.25705516804666606,0.0,0.25705516804666606,0.0,0.25705516804666606,0.0
breast_cancer|2|22,0.11223812081281381,0.11223812081281381,0.0,0.11223812081281381,0.0,0.11223812081281381,0.0
breast_cancer|2|23,0.06376274038784623,0.06376274038784623,0.0,0.06376274038784623,0.0,0.06376274038784623,0.0
breast_cancer|2|24,0.9911613492521238,0.9911613492521238,0.0,0.9911613492521238,0.0,0.9911613492521238,0.0
breast_cancer|2|25,0.2896210764673129,0.2896210764673129,0.0,0.2896210764673129,0.0,0.2896210764673129,0.0
breast_cancer|2|26,0.381596030993069,0.381596030993069,0.0,0.381596030993069,0.0,0.381596030993069,0.0
breast_cancer|2|27,0.8793293732285091,0.8793293732285091,0.0,0.8793293732285091,0.0,0.8793293732285091,0.0
breast_cancer|2|28,0.3912014913865136,0.3912014913865136,0.0,0.3912014913865136,0.0,0.3912014913865136,0.0
breast_cancer|2|29,1.1053387684440599,1.1053387684440599,0.0,1.1053387684440599,0.0,1.1053387684440599,0.0
breast_cancer|2|30,0.29454241827745525,0.29454241827745525,0.0,0.29454241827745525,0.0,0.29454241827745525,0.0
breast_cancer|2|31,1.179779081654586,1.179779081654586,0.0,1.179779081654586,0.0,1.179779081654586,0.0
breast_cancer|2|32,0.29179404263964037,0.29179404263964037,0.0,0.29179404263964037,0.0,0.29179404263964037,0.0
breast_cancer|2|33,0.7811370400864489,0.7811370400864489,0.0,0.7811370400864489,0.0,0.7811370400864489,0.0
breast_cancer|2|34,1.6520641004546865,1.6520641004546865,0.0,1.6520641004546865,0.0,1.6520641004546865,0.0
breast_cancer|2|35,0.971368819325655,0.971368819325655,0.0,0.971368819325655,0.0,0.971368819325655,0.0
breast_cancer|2|36,0.6962350186145605,0.6962350186145605,0.0,0.6962350186145605,0.0,0.6962350186145605,0.0
breast_cancer|2|37,1.508411805705599,1.508411805705599,0.0,1.508411805705599,0.0,1.508411805705599,0.0
breast_cancer|2|38,0.00990337553326559,0.00990337553326559,0.0,0.00990337553326559,0.0,0.00990337553326559,0.0
breast_cancer|2|39,1.2514309200495675,1.2514309200495675,0.0,1.2514309200495675,0.0,1.2514309200495675,0.0
breast_cancer|2|40,0.9900469176485366,0.9900469176485366,0.0,0.9900469176485366,0.0,0.9900469176485366,0.0
breast_cancer|2|41,0.1985887968311434,0.1985887968311434,0.0,0.1985887968311434,0.0,0.1985887968311434,0.0
breast_cancer|2|42,0.2906449247275413,0.2906449247275413,0.0,0.2906449247275413,0.0,0.2906449247275413,0.0
breast_cancer|2|43,1.2607574453333235,1.2607574453333235,0.0,1.2607574453333235,0.0,1.2607574453333235,0.0
breast_cancer|2|44,0.031661749385393456,0.031661749385393456,0.0,0.031661749385393456,0.0,0.031661749385393456,0.0
breast_cancer|2|45,0.41841798949432263,0.41841798949432263,0.0,0.41841798949432263,0.0,0.41841798949432263,0.0
breast_cancer|2|46,0.1918658712856013,0.1918658712856013,0.0,0.1918658712856013,0.0,0.1918658712856013,0.0
breast_cancer|2|47,0.2727273498387093,0.2727273498387093,0.0,0.2727273498387093,0.0,0.2727273498387093,0.0
breast_cancer|2|48,0.7383240207340503,0.7383240207340503,0.0,0.7383240207340503,0.0,0.7383240207340503,0.0
breast_cancer|2|49,1.276475218129786,1.276475218129786,0.0,1.276475218129786,0.0,1.276475218129786,0.0
breast_cancer|2|50,0.5012976088252505,0.5012976088252505,0.0,0.5012976088252505,0.0,0.5012976088252505,0.0
breast_cancer|2|51,1.0390929687794888,1.0390929687794888,0.0,1.0390929687794888,0.0,1.0390929687794888,0.0
breast_cancer|2|52,1.0141024829528662,1.0141024829528662,0.0,1.0141024829528662,0.0,1.0141024829528662,0.0
breast_cancer|2|53,0.5416607777460672,0.5416607777460672,0.0,0.5416607777460672,0.0,0.5416607777460672,0.0
breast_cancer|2|54,1.4189257074990655,1.4189257074990655,0.0,1.4189257074990655,0.0,1.4189257074990655,0.0
breast_cancer|2|55,0.36141413276792433,0.36141413276792433,0.0,0.36141413276792433,0.0,0.36141413276792433,0.0
breast_cancer|2|56,0.5813921335629378,0.5813921335629378,0.0,0.5813921335629378,0.0,0.5813921335629378,0.0
breast_cancer|2|57,0.957291038188217,0.957291038188217,0.0,0.957291038188217,0.0,0.957291038188217,0.0
breast_cancer|2|58,0.6207025812649948,0.6207025812649948,0.0,0.6207025812649948,0.0,0.6207025812649948,0.0
breast_cancer|2|59,0.8348341508289024,0.8348341508289024,0.0,0.8348341508289024,0.0,0.8348341508289024,0.0
breast_cancer|2|60,0.9420888275310029,0.9420888275310029,0.0,0.9420888275310029,0.0,0.9420888275310029,0.0
breast_cancer|2|61,0.6874228168921663,0.6874228168921663,0.0,0.6874228168921663,0.0,0.6874228168921663,0.0
breast_cancer|2|62,1.4155116148383655,1.4155116148383655,0.0,1.4155116148383655,0.0,1.4155116148383655,0.0
breast_cancer|2|63,1.262680241277098,1.262680241277098,0.0,1.262680241277098,0.0,1.262680241277098,0.0
breast_cancer|2|64,0.28117432832042993,0.28117432832042993,0.0,0.28117432832042993,0.0,0.28117432832042993,0.0
breast_cancer|2|65,0.8963675263939679,0.8963675263939679,0.0,0.8963675263939679,0.0,0.8963675263939679,0.0
breast_cancer|2|66,0.4678259372664817,0.4678259372664817,0.0,0.4678259372664817,0.0,0.4678259372664817,0.0
breast_cancer|2|67,0.1747579465076883,0.1747579465076883,0.0,0.1747579465076883,0.0,0.1747579465076883,0.0
breast_cancer|2|68,0.9989176494065921,0.9989176494065921,0.0,0.9989176494065921,0.0,0.9989176494065921,0.0
breast_cancer|2|69,0.1063522378864573,0.1063522378864573,0.0,0.1063522378864573,0.0,0.1063522378864573,0.0
breast_cancer|3|0,0.7389337981248996,0.7389337981248996,0.0,0.7389337981248996,0.0,0.7389337981248996,0.0
breast_cancer|3|1,0.5299489390306745,0.5299489390306745,0.0,0.5299489390306745,0.0,0.5299489390306745,0.0
breast_cancer|3|2,2.05690967384211,2.05690967384211,0.0,2.05690967384211,0.0,2.05690967384211,0.0
breast_cancer|3|3,1.318331379684114,1.318331379684114,0.0,1.318331379684114,0.0,1.318331379684114,0.0
breast_cancer|3|4,1.5623463749280662,1.5623463749280662,0.0,1.5623463749280662,0.0,1.5623463749280662,0.0
breast_cancer|3|5,2.6626282132492105,2.6626282132492105,0.0,2.6626282132492105,0.0,2.6626282132492105,0.0
breast_cancer|3|6,1.7241108174741775,1.7241108174741775,0.0,1.7241108174741775,0.0,1.7241108174741775,0.0
breast_cancer|3|7,1.814171435621808,1.814171435621808,0.0,1.814171435621808,0.0,1.814171435621808,0.0
breast_cancer|3|8,0.5299832216979065,0.5299832216979065,0.0,0.5299832216979065,0.0,0.5299832216979065,0.0
breast_cancer|3|9,0.34710259924191256,0.34710259924191256,0.0,0.34710259924191256,0.0,0.34710259924191256,0.0
breast_cancer|3|10,0.5407453233159467,0.5407453233159467,0.0,0.5407453233159467,0.0,0.5407453233159467,0.0
breast_cancer|3|11,1.692916355720165,1.692916355720165,0.0,1.692916355720165,0.0,1.692916355720165,0.0
breast_cancer|3|12,0.3694077727973709,0.3694077727973709,0.0,0.3694077727973709,0.0,0.3694077727973709,0.0
breast_cancer|3|13,0.9673283505291662,0.9673283505291662,0.0,0.9673283505291662,0.0,0.9673283505291662,0.0
breast_cancer|3|14,0.7399417593222785,0.7399417593222785,0.0,0.7399417593222785,0.0,0.7399417593222785,0.0
breast_cancer|3|15,2.7708619697066377,2.7708619697066377,0.0,2.7708619697066377,0.0,2.7708619697066377,0.0
breast_cancer|3|16,3.550231453783,3.550231453783,0.0,3.550231453783,0.0,3.550231453783,0.0
breast_cancer|3|17,0.8925413502930906,0.8925413502930906,0.0,0.8925413502930906,0.0,0.8925413502930906,0.0
breast_cancer|3|18,0.199350645753224,0.199350645753224,0.0,0.199350645753224,0.0,0.199350645753224,0.0
breast_cancer|3|19,3.1115778280595814,3.1115778280595814,0.0,3.1115778280595814,0.0,3.1115778280595814,0.0
breast_cancer|3|20,3.196179666533214,3.196179666533214,0.0,3.1961796665332134,4.440892098500626e-16,3.1961796665332134,4.440892098500626e-16
breast_cancer|3|21,0.6541209776990597,0.6541209776990597,0.0,0.6541209776990597,0.0,0.6541209776990597,0.0
breast_cancer|3|22,0.6353589524150631,0.6353589524150631,0.0,0.6353589524150631,0.0,0.6353589524150631,0.0
breast_cancer|3|23,0.4847763000078118,0.4847763000078118,0.0,0.4847763000078118,0.0,0.4847763000078118,0.0
breast_cancer|3|24,0.4755697096869064,0.4755697096869064,0.0,0.4755697096869064,0.0,0.4755697096869064,0.0
breast_cancer|3|25,0.5970103322976723,0.5970103322976723,0.0,0.5970103322976723,0.0,0.5970103322976723,0.0
breast_cancer|3|26,5.156775301673468,5.156775301673468,0.0,5.156775301673468,0.0,5.156775301673468,0.0
breast_cancer|3|27,0.5506292098733316,0.5506292098733316,0.0,0.5506292098733316,0.0,0.5506292098733316,0.0
breast_cancer|3|28,1.0451159539587713,1.0451159539587713,0.0,1.0451159539587713,0.0,1.0451159539587713,0.0
breast_cancer|3|29,0.7580059217004999,0.7580059217004999,0.0,0.7580059217004999,0.0,0.7580059217004999,0.0
breast_cancer|3|30,2.4215635597377347,2.4215635597377347,0.0,2.4215635597377347,0.0,2.4215635597377347,0.0
breast_cancer|3|31,0.7262663226274768,0.7262663226274768,0.0,0.7262663226274768,0.0,0.7262663226274768,0.0
breast_cancer|3|32,0.25464252642034324,0.25464252642034324,0.0,0.25464252642034324,0.0,0.25464252642034324,0.0
breast_cancer|3|33,0.23402014930891443,0.23402014930891443,0.0,0.23402014930891443,0.0,0.23402014930891443,0.0
breast_cancer|3|34,0.7716633208517617,0.7716633208517617,0.0,0.7716633208517617,0.0,0.7716633208517617,0.0
breast_cancer|3|35,3.326433997299832,3.326433997299832,0.0,3.326433997299832,0.0,3.326433997299832,0.0
breast_cancer|3|36,0.10763900188430531,0.10763900188430531,0.0,0.10763900188430531,0.0,0.10763900188430531,0.0
breast_cancer|3|37,0.10161851222614332,0.10161851222614332,0.0,0.10161851222614332,0.0,0.10161851222614332,0.0
breast_cancer|3|38,0.43987209153940043,0.43987209153940043,0.0,0.43987209153940043,0.0,0.43987209153940043,0.0
breast_cancer|3|39,2.755669319223739,2.755669319223739,0.0,2.755669319223739,0.0,2.755669319223739,0.0
breast_cancer|3|40,0.10338213285879994,0.10338213285879994,0.0,0.10338213285879994,0.0,0.10338213285879994,0.0
breast_cancer|3|41,0.33663654151806455,0.33663654151806455,0.0,0.33663654151806455,0.0,0.33663654151806455,0.0
breast_cancer|3|42,2.78628592476042,2.78628592476042,0.0,2.78628592476042,0.0,2.78628592476042,0.0
breast_cancer|3|43,0.26599877694247487,0.26599877694247487,0.0,0.26599877694247487,0.0,0.26599877694247487,0.0
breast_cancer|3|44,0.2194105894301771,0.2194105894301771,0.0,0.2194105894301771,0.0,0.2194105894301771,0.0
breast_cancer|3|45,0.6517062668728428,0.6517062668728428,0.0,0.6517062668728428,0.0,0.6517062668728428,0.0
breast_cancer|3|46,0.1733485180881467,0.1733485180881467,0.0,0.1733485180881467,0.0,0.1733485180881467,0.0
breast_cancer|3|47,1.8128295700411692,1.8128295700411692,0.0,1.8128295700411692,0.0,1.8128295700411692,0.0
breast_cancer|3|48,0.43545617515779717,0.43545617515779717,0.0,0.43545617515779717,0.0,0.43545617515779717,0.0
breast_cancer|3|49,0.3122549789969916,0.3122549789969916,0.0,0.3122549789969916,0.0,0.3122549789969916,0.0
breast_cancer|3|50,0.8679052566736197,0.8679052566736197,0.0,0.8679052566736197,0.0,0.8679052566736197,0.0
breast_cancer|3|51,0.5340516515499493,0.5340516515499493,0.0,0.5340516515499493,0.0,0.5340516515499493,0.0
breast_cancer|3|52,1.0274312550469507,1.0274312550469507,0.0,1.0274312550469507,0.0,1.0274312550469507,0.0
breast_cancer|3|53,0.10682964709163628,0.10682964709163628,0.0,0.10682964709163628,0.0,0.10682964709163628,0.0
breast_cancer|3|54,0.7048486389506046,0.7048486389506046,0.0,0.7048486389506046,0.0,0.7048486389506046,0.0
breast_cancer|3|55,0.09244391732429431,0.09244391732429431,0.0,0.09244391732429431,0.0,0.09244391732429431,0.0
breast_cancer|3|56,0.6373495980273078,0.6373495980273078,0.0,0.6373495980273078,0.0,0.6373495980273078,0.0
breast_cancer|3|57,1.1945051115387946,1.1945051115387946,0.0,1.1945051115387946,0.0,1.1945051115387946,0.0
breast_cancer|3|58,0.897980743259582,0.897980743259582,0.0,0.897980743259582,0.0,0.897980743259582,0.0
breast_cancer|3|59,3.1182704830004355,3.1182704830004355,0.0,3.1182704830004355,0.0,3.1182704830004355,0.0
breast_cancer|3|60,0.4721160517028684,0.4721160517028684,0.0,0.4721160517028684,0.0,0.4721160517028684,0.0
breast_cancer|3|61,0.39994886783346517,0.39994886783346517,0.0,0.39994886783346517,0.0,0.39994886783346517,0.0
breast_cancer|3|62,2.346168990148682,2.346168990148682,0.0,2.346168990148682,0.0,2.346168990148682,0.0
breast_cancer|3|63,0.7536950350559866,0.7536950350559866,0.0,0.7536950350559866,0.0,0.7536950350559866,0.0
breast_cancer|3|64,0.5675231058285773,0.5675231058285773,0.0,0.5675231058285773,0.0,0.5675231058285773,0.0
breast_cancer|3|65,1.2802559489356817,1.2802559489356817,0.0,1.2802559489356817,0.0,1.2802559489356817,0.0
breast_cancer|3|66,0.28539564974494125,0.28539564974494125,0.0,0.28539564974494125,0.0,0.28539564974494125,0.0
breast_cancer|3|67,0.3781435016109243,0.3781435016109243,0.0,0.3781435016109243,0.0,0.3781435016109243,0.0
breast_cancer|3|68,0.45727879654764353,0.45727879654764353,0.0,0.45727879654764353,0.0,0.45727879654764353,0.0
breast_cancer|3|69,0.39700756927391,0.39700756927391,0.0,0.39700756927391,0.0,0.39700756927391,0.0
breast_cancer|4|0,0.23031359551567307,0.23031359551567307,0.0,0.23031359551567307,0.0,0.23031359551567307,0.0
breast_cancer|4|1,1.603020081344967,1.603020081344967,0.0,1.603020081344967,0.0,1.603020081344967,0.0
breast_cancer|4|2,1.0109461061929181,1.0109461061929181,0.0,1.0109461061929181,0.0,1.0109461061929181,0.0
breast_cancer|4|3,0.4333428734671317,0.4333428734671317,0.0,0.4333428734671317,0.0,0.4333428734671317,0.0
breast_cancer|4|4,1.1386853238788743,1.1386853238788743,0.0,1.1386853238788743,0.0,1.1386853238788743,0.0
breast_cancer|4|5,0.2960809764346564,0.2960809764346564,0.0,0.2960809764346564,0.0,0.2960809764346564,0.0
breast_cancer|4|6,0.1288181438938884,0.1288181438938884,0.0,0.1288181438938884,0.0,0.1288181438938884,0.0
breast_cancer|4|7,0.6138860844667096,0.6138860844667096,0.0,0.6138860844667096,0.0,0.6138860844667096,0.0
breast_cancer|4|8,2.022121420391129,2.022121420391129,0.0,2.022121420391129,0.0,2.022121420391129,0.0
breast_cancer|4|9,0.15892152832065937,0.15892152832065937,0.0,0.15892152832065937,0.0,0.15892152832065937,0.0
breast_cancer|4|10,0.5129610511088216,0.5129610511088216,0.0,0.5129610511088216,0.0,0.5129610511088216,0.0
breast_cancer|4|11,0.4826376931096348,0.4826376931096348,0.0,0.4826376931096348,0.0,0.4826376931096348,0.0
breast_cancer|4|12,0.6529757280646356,0.6529757280646356,0.0,0.6529757280646356,0.0,0.6529757280646356,0.0
breast_cancer|4|13,0.476409568274741,0.476409568274741,0.0,0.476409568274741,0.0,0.476409568274741,0.0
breast_cancer|4|14,0.10216711373022094,0.10216711373022094,0.0,0.10216711373022094,0.0,0.10216711373022094,0.0
breast_cancer|4|15,0.8800538272058653,0.8800538272058653,0.0,0.8800538272058653,0.0,0.8800538272058653,0.0
breast_cancer|4|16,1.7572868251526288,1.7572868251526288,0.0,1.7572868251526288,0.0,1.7572868251526288,0.0
breast_cancer|4|17,0.3530116137287982,0.3530116137287982,0.0,0.3530116137287982,0.0,0.3530116137287982,0.0
breast_cancer|4|18,0.8177747149728657,0.8177747149728657,0.0,0.8177747149728657,0.0,0.8177747149728657,0.0
breast_cancer|4|19,0.2012399798503876,0.2012399798503876,0.0,0.2012399798503876,0.0,0.2012399798503876,0.0
breast_cancer|4|20,0.7934447759847452,0.7934447759847452,0.0,0.7934447759847452,0.0,0.7934447759847452,0.0
breast_cancer|4|21,0.07403700153557391,0.07403700153557391,0.0,0.07403700153557391,0.0,0.07403700153557391,0.0
breast_cancer|4|22,0.1288191434560799,0.1288191434560799,0.0,0.1288191434560799,0.0,0.1288191434560799,0.0
breast_cancer|4|23,0.9721068976076496,0.9721068976076496,0.0,0.9721068976076496,0.0,0.9721068976076496,0.0
breast_cancer|4|24,0.14615728296876174,0.14615728296876174,0.0,0.14615728296876174,0.0,0.14615728296876174,0.0
breast_cancer|4|25,0.8631014910942647,0.8631014910942647,0.0,0.8631014910942647,0.0,0.8631014910942647,0.0
breast_cancer|4|26,0.5028451202965007,0.5028451202965007,0.0,0.5028451202965007,0.0,0.5028451202965007,0.0
breast_cancer|4|27,0.06477378672946477,0.06477378672946477,0.0,0.06477378672946477,0.0,0.06477378672946477,0.0
breast_cancer|4|28,0.4394633565941448,0.4394633565941448,0.0,0.4394633565941448,0.0,0.4394633565941448,0.0
breast_cancer|4|29,0.48092206950103644,0.48092206950103644,0.0,0.48092206950103644,0.0,0.48092206950103644,0.0
breast_cancer|4|30,0.6708878192862315,0.6708878192862315,0.0,0.6708878192862315,0.0,0.6708878192862315,0.0
breast_cancer|4|31,1.4599399614309154,1.4599399614309154,0.0,1.4599399614309154,0.0,1.4599399614309154,0.0
breast_cancer|4|32,0.07558971492202447,0.07558971492202447,0.0,0.07558971492202447,0.0,0.07558971492202447,0.0
breast_cancer|4|33,0.30116893568329983,0.30116893568329983,0.0,0.30116893568329983,0.0,0.30116893568329983,0.0
breast_cancer|4|34,0.41941345490631327,0.41941345490631327,0.0,0.41941345490631327,0.0,0.41941345490631327,0.0
breast_cancer|4|35,0.6005600696037801,0.6005600696037801,0.0,0.6005600696037801,0.0,0.6005600696037801,0.0
breast_cancer|4|36,0.6269764366670642,0.6269764366670642,0.0,0.6269764366670642,0.0,0.6269764366670642,0.0
breast_cancer|4|37,1.3856104118621315,1.3856104118621315,0.0,1.3856104118621315,0.0,1.3856104118621315,0.0
breast_cancer|4|38,0.8851711217376015,0.8851711217376015,0.0,0.8851711217376015,0.0,0.8851711217376015,0.0
breast_cancer|4|39,0.4621282270276236,0.4621282270276236,0.0,0.4621282270276236,0.0,0.4621282270276236,0.0
breast_cancer|4|40,0.0014806685370076442,0.0014806685370076442,0.0,0.0014806685370076442,0.0,0.0014806685370076442,0.0
breast_cancer|4|41,0.6525666080111878,0.6525666080111878,0.0,0.6525666080111878,0.0,0.6525666080111878,0.0
breast_cancer|4|42,0.8267791249315051,0.8267791249315051,0.0,0.8267791249315051,0.0,0.8267791249315051,0.0
breast_cancer|4|43,0.39119356942397854,0.39119356942397854,0.0,0.39119356942397854,0.0,0.39119356942397854,0.0
breast_cancer|4|44,1.388271059558869,1.388271059558869,0.0,1.388271059558869,0.0,1.388271059558869,0.0
breast_cancer|4|45,0.8459094200104199,0.8459094200104199,0.0,0.8459094200104199,0.0,0.8459094200104199,0.0
breast_cancer|4|46,0.47006497998865837,0.47006497998865837,0.0,0.47006497998865837,0.0,0.47006497998865837,0.0
breast_cancer|4|47,0.6760741538270465,0.6760741538270465,0.0,0.6760741538270465,0.0,0.6760741538270465,0.0
breast_cancer|4|48,0.6656273091572347,0.6656273091572347,0.0,0.6656273091572347,0.0,0.6656273091572347,0.0
breast_cancer|4|49,0.25999255973756813,0.25999255973756813,0.0,0.25999255973756813,0.0,0.25999255973756813,0.0
breast_cancer|4|50,0.9982995582880778,0.9982995582880778,0.0,0.9982995582880778,0.0,0.9982995582880778,0.0
breast_cancer|4|51,0.6393166238211707,0.6393166238211707,0.0,0.6393166238211707,0.0,0.6393166238211707,0.0
breast_cancer|4|52,0.65031052509205,0.65031052509205,0.0,0.65031052509205,0.0,0.65031052509205,0.0
breast_cancer|4|53,1.005967055100454,1.005967055100454,0.0,1.005967055100454,0.0,1.005967055100454,0.0
breast_cancer|4|54,0.6677939787921858,0.6677939787921858,0.0,0.6677939787921858,0.0,0.6677939787921858,0.0
breast_cancer|4|55,0.9288704888424386,0.9288704888424386,0.0,0.9288704888424386,0.0,0.9288704888424386,0.0
breast_cancer|4|56,1.2334275391895417,1.2334275391895417,0.0,1.2334275391895417,0.0,1.2334275391895417,0.0
breast_cancer|4|57,1.3277004284788854,1.3277004284788854,0.0,1.3277004284788854,0.0,1.3277004284788854,0.0
breast_cancer|4|58,1.017932437830274,1.017932437830274,0.0,1.017932437830274,0.0,1.017932437830274,0.0
breast_cancer|4|59,1.2325133274879865,1.2325133274879865,0.0,1.2325133274879865,0.0,1.2325133274879865,0.0
breast_cancer|4|60,0.6183280894210195,0.6183280894210195,0.0,0.6183280894210195,0.0,0.6183280894210195,0.0
breast_cancer|4|61,0.47825586696625894,0.47825586696625894,0.0,0.47825586696625894,0.0,0.47825586696625894,0.0
breast_cancer|4|62,0.5994483268617494,0.5994483268617494,0.0,0.5994483268617494,0.0,0.5994483268617494,0.0
breast_cancer|4|63,1.3753422222755047,1.3753422222755047,0.0,1.3753422222755047,0.0,1.3753422222755047,0.0
breast_cancer|4|64,0.6357999755746377,0.6357999755746377,0.0,0.6357999755746377,0.0,0.6357999755746377,0.0
breast_cancer|4|65,0.6328386389384314,0.6328386389384314,0.0,0.6328386389384314,0.0,0.6328386389384314,0.0
breast_cancer|4|66,0.7412235598235903,0.7412235598235903,0.0,0.7412235598235903,0.0,0.7412235598235903,0.0
breast_cancer|4|67,0.4774919057185737,0.4774919057185737,0.0,0.4774919057185737,0.0,0.4774919057185737,0.0
breast_cancer|4|68,0.7148676637613521,0.7148676637613521,0.0,0.7148676637613521,0.0,0.7148676637613521,0.0
breast_cancer|4|69,0.05731919552564968,0.05731919552564968,0.0,0.05731919552564968,0.0,0.05731919552564968,0.0
wine_binary|0|0,1.5550021954702815,1.5550021954702815,0.0,1.5550021954702815,0.0,1.5550021954702815,0.0
wine_binary|0|1,0.9527685411282361,0.9527685411282361,0.0,0.9527685411282361,0.0,0.9527685411282361,0.0
wine_binary|0|2,0.6540883036657876,0.6540883036657876,0.0,0.6540883036657876,0.0,0.6540883036657876,0.0
wine_binary|0|3,1.0901460556012743,1.0901460556012743,0.0,1.0901460556012743,0.0,1.0901460556012743,0.0
wine_binary|0|4,1.0548508848997578,1.0548508848997578,0.0,1.0548508848997578,0.0,1.0548508848997578,0.0
wine_binary|0|5,2.1299760794474363,2.1299760794474363,0.0,2.1299760794474363,0.0,2.1299760794474363,0.0
wine_binary|0|6,0.2552068601681028,0.2552068601681028,0.0,0.2552068601681028,0.0,0.2552068601681028,0.0
wine_binary|0|7,0.9943155424984279,0.9943155424984279,0.0,0.9943155424984279,0.0,0.9943155424984279,0.0
wine_binary|0|8,0.4479220935599979,0.4479220935599979,0.0,0.4479220935599979,0.0,0.4479220935599979,0.0
wine_binary|0|9,0.8616983647193367,0.8616983647193367,0.0,0.8616983647193367,0.0,0.8616983647193367,0.0
wine_binary|0|10,1.7295545600848103,1.7295545600848103,0.0,1.7295545600848103,0.0,1.7295545600848103,0.0
wine_binary|0|11,1.32322132689601,1.32322132689601,0.0,1.32322132689601,0.0,1.32322132689601,0.0
wine_binary|0|12,1.0548508848997578,1.0548508848997578,0.0,1.0548508848997578,0.0,1.0548508848997578,0.0
wine_binary|0|13,1.642772158945273,1.642772158945273,0.0,1.642772158945273,0.0,1.642772158945273,0.0
wine_binary|0|14,1.2760302978833187,1.2760302978833187,0.0,1.2760302978833187,0.0,1.2760302978833187,0.0
wine_binary|0|15,1.8556727744986103,1.8556727744986103,0.0,1.8556727744986103,0.0,1.8556727744986103,0.0
wine_binary|0|16,1.1304678782575066,1.1304678782575066,0.0,1.1304678782575066,0.0,1.1304678782575066,0.0
wine_binary|0|17,0.7877418426061507,0.7877418426061507,0.0,0.7877418426061507,0.0,0.7877418426061507,0.0
wine_binary|0|18,0.8745132089959405,0.8745132089959405,0.0,0.8745132089959405,0.0,0.8745132089959405,0.0
wine_binary|0|19,1.2760302978833187,1.2760302978833187,0.0,1.2760302978833187,0.0,1.2760302978833187,0.0
wine_binary|0|20,1.6631197927593884,1.6631197927593884,0.0,1.6631197927593884,0.0,1.6631197927593884,0.0
wine_binary|0|21,0.41928797570052434,0.41928797570052434,0.0,0.41928797570052434,0.0,0.41928797570052434,0.0
wine_binary|0|22,0.7038767628215641,0.7038767628215641,0.0,0.7038767628215641,0.0,0.7038767628215641,0.0
wine_binary|0|23,0.7465358743651574,0.7465358743651574,0.0,0.7465358743651574,0.0,0.7465358743651574,0.0
wine_binary|0|24,0.27728564738562045,0.27728564738562045,0.0,0.27728564738562045,0.0,0.27728564738562045,0.0
wine_binary|0|25,0.40526298201640354,0.40526298201640354,0.0,0.40526298201640354,0.0,0.40526298201640354,0.0
wine_binary|0|26,0.48637378369059947,0.48637378369059947,0.0,0.48637378369059947,0.0,0.48637378369059947,0.0
wine_binary|0|27,0.19196742429843172,0.19196742429843172,0.0,0.19196742429843172,0.0,0.19196742429843172,0.0
wine_binary|0|28,1.3713071520700721,1.3713071520700721,0.0,1.3713071520700721,0.0,1.3713071520700721,0.0
wine_binary|0|29,0.9559744396211244,0.9559744396211244,0.0,0.9559744396211244,0.0,0.9559744396211244,0.0
wine_binary|0|30,0.5534595916806744,0.5534595916806744,0.0,0.5534595916806744,0.0,0.5534595916806744,0.0
wine_binary|0|31,0.6331974685458468,0.6331974685458468,0.0,0.6331974685458468,0.0,0.6331974685458468,0.0
wine_binary|0|32,0.575899428190781,0.575899428190781,0.0,0.575899428190781,0.0,0.575899428190781,0.0
wine_binary|0|33,0.800087762297435,0.800087762297435,0.0,0.800087762297435,0.0,0.800087762297435,0.0
wine_binary|0|34,1.403619643307904,1.403619643307904,0.0,1.403619643307904,0.0,1.403619643307904,0.0
wine_binary|0|35,1.2914034795714993,1.2914034795714993,0.0,1.2914034795714993,0.0,1.2914034795714993,0.0
wine_binary|0|36,1.4053345999939126,1.4053345999939126,0.0,1.4053345999939126,0.0,1.4053345999939126,0.0
wine_binary|0|37,1.2914034795714993,1.2914034795714993,0.0,1.2914034795714993,0.0,1.2914034795714993,0.0
wine_binary|0|38,1.7206658482983965,1.7206658482983965,0.0,1.7206658482983965,0.0,1.7206658482983965,0.0
wine_binary|0|39,1.6534049819791337,1.6534049819791337,0.0,1.6534049819791337,0.0,1.6534049819791337,0.0
wine_binary|0|40,0.8318540974523462,0.8318540974523462,0.0,0.8318540974523462,0.0,0.8318540974523462,0.0
wine_binary|0|41,1.9587708731115216,1.9587708731115216,0.0,1.9587708731115216,0.0,1.9587708731115216,0.0
wine_binary|0|42,1.5216097243073392,1.5216097243073392,0.0,1.5216097243073392,0.0,1.5216097243073392,0.0
wine_binary|0|43,0.08506861907030253,0.08506861907030253,0.0,0.08506861907030253,0.0,0.08506861907030253,0.0
wine_binary|0|44,0.9936024801154424,0.9936024801154424,0.0,0.9936024801154424,0.0,0.9936024801154424,0.0
wine_binary|0|45,1.6915252533079683,1.6915252533079683,0.0,1.6915252533079683,0.0,1.6915252533079683,0.0
wine_binary|0|46,0.8553457276360126,0.8553457276360126,0.0,0.8553457276360126,0.0,0.8553457276360126,0.0
wine_binary|0|47,1.318615887804714,1.318615887804714,0.0,1.318615887804714,0.0,1.318615887804714,0.0
wine_binary|0|48,1.9622615594722492,1.9622615594722492,0.0,1.9622615594722492,0.0,1.9622615594722492,0.0
wine_binary|0|49,0.3232617560157839,0.3232617560157839,0.0,0.3232617560157839,0.0,0.3232617560157839,0.0
wine_binary|0|50,0.23462653584202608,0.23462653584202608,0.0,0.23462653584202608,0.0,0.23462653584202608,0.0
wine_binary|0|51,0.56145289000407,0.56145289000407,0.0,0.56145289000407,0.0,0.56145289000407,0.0
wine_binary|0|52,2.029347367462324,2.029347367462324,0.0,2.029347367462324,0.0,2.029347367462324,0.0
wine_binary|0|53,0.04784870386614348,0.04784870386614348,0.0,0.04784870386614348,0.0,0.04784870386614348,0.0
wine_binary|1|0,0.8217415467663586,0.8217415467663586,0.0,0.8217415467663586,0.0,0.8217415467663586,0.0
wine_binary|1|1,0.7489205291316655,0.7489205291316655,0.0,0.7489205291316655,0.0,0.7489205291316655,0.0
wine_binary|1|2,0.8302516244382644,0.8302516244382644,0.0,0.8302516244382644,0.0,0.8302516244382644,0.0
wine_binary|1|3,1.6680790141096684,1.6680790141096684,0.0,1.6680790141096684,0.0,1.6680790141096684,0.0
wine_binary|1|4,1.614309996711317,1.614309996711317,0.0,1.614309996711317,0.0,1.614309996711317,0.0
wine_binary|1|5,0.5229264385883663,0.5229264385883663,0.0,0.5229264385883663,0.0,0.5229264385883663,0.0
wine_binary|1|6,0.8344937532584255,0.8344937532584255,0.0,0.8344937532584255,0.0,0.8344937532584255,0.0
wine_binary|1|7,1.2549474865566994,1.2549474865566994,0.0,1.2549474865566994,0.0,1.2549474865566994,0.0
wine_binary|1|8,0.08466428144620397,0.08466428144620397,0.0,0.08466428144620397,0.0,0.08466428144620397,0.0
wine_binary|1|9,1.5104497636939909,1.5104497636939909,0.0,1.5104497636939909,0.0,1.5104497636939909,0.0
wine_binary|1|10,0.48308442416463404,0.48308442416463404,0.0,0.48308442416463404,0.0,0.48308442416463404,0.0
wine_binary|1|11,0.6225314746476971,0.6225314746476971,0.0,0.6225314746476971,0.0,0.6225314746476971,0.0
wine_binary|1|12,0.03209587658987789,0.03209587658987789,0.0,0.03209587658987789,0.0,0.03209587658987789,0.0
wine_binary|1|13,1.1404786636024555,1.1404786636024555,0.0,1.1404786636024555,0.0,1.1404786636024555,0.0
wine_binary|1|14,0.2889058070535071,0.2889058070535071,0.0,0.2889058070535071,0.0,0.2889058070535071,0.0
wine_binary|1|15,0.14443243689773946,0.14443243689773946,0.0,0.14443243689773946,0.0,0.14443243689773946,0.0
wine_binary|1|16,1.3219028454227124,1.3219028454227124,0.0,1.3219028454227124,0.0,1.3219028454227124,0.0
wine_binary|1|17,1.1504381657621494,1.1504381657621494,0.0,1.1504381657621494,0.0,1.1504381657621494,0.0
wine_binary|1|18,0.07470477624872518,0.07470477624872518,0.0,0.07470477624872518,0.0,0.07470477624872518,0.0
wine_binary|1|19,1.5113758241201662,1.5113758241201662,0.0,1.5113758241201662,0.0,1.5113758241201662,0.0
wine_binary|1|20,0.9307813787971259,0.9307813787971259,0.0,0.9307813787971259,0.0,0.9307813787971259,0.0
wine_binary|1|21,0.3530546283855458,0.3530546283855458,0.0,0.3530546283855458,0.0,0.3530546283855458,0.0
wine_binary|1|22,0.5926499638298977,0.5926499638298977,0.0,0.5926499638298977,0.0,0.5926499638298977,0.0
wine_binary|1|23,0.20419032319850838,0.20419032319850838,0.0,0.20419032319850838,0.0,0.20419032319850838,0.0
wine_binary|1|24,1.230122194609614,1.230122194609614,0.0,1.230122194609614,0.0,1.230122194609614,0.0
wine_binary|1|25,0.539211701606411,0.539211701606411,0.0,0.539211701606411,0.0,0.539211701606411,0.0
wine_binary|1|26,1.5496073985016168,1.5496073985016168,0.0,1.5496073985016168,0.0,1.5496073985016168,0.0
wine_binary|1|27,0.343637373681571,0.343637373681571,0.0,0.343637373681571,0.0,0.343637373681571,0.0
wine_binary|1|28,0.7520180215248268,0.7520180215248268,0.0,0.7520180215248268,0.0,0.7520180215248268,0.0
wine_binary|1|29,0.995784816083203,0.995784816083203,0.0,0.995784816083203,0.0,0.995784816083203,0.0
wine_binary|1|30,0.5926499638298977,0.5926499638298977,0.0,0.5926499638298977,0.0,0.5926499638298977,0.0
wine_binary|1|31,1.0872634092382538,1.0872634092382538,0.0,1.0872634092382538,0.0,1.0872634092382538,0.0
wine_binary|1|32,0.5311293355803048,0.5311293355803048,0.0,0.5311293355803048,0.0,0.5311293355803048,0.0
wine_binary|1|33,1.4514498878222386,1.4514498878222386,0.0,1.4514498878222386,0.0,1.4514498878222386,0.0
wine_binary|1|34,1.1739893923466351,1.1739893923466351,0.0,1.1739893923466351,0.0,1.1739893923466351,0.0
wine_binary|1|35,0.9642757593174233,0.9642757593174233,0.0,0.9642757593174233,0.0,0.9642757593174233,0.0
wine_binary|1|36,1.6086223330813094,1.6086223330813094,0.0,1.6086223330813094,0.0,1.6086223330813094,0.0
wine_binary|1|37,0.025676701553964537,0.025676701553964537,0.0,0.025676701553964537,0.0,0.025676701553964537,0.0
wine_binary|1|38,2.1201936452940626,2.1201936452940626,0.0,2.1201936452940626,0.0,2.1201936452940626,0.0
wine_binary|1|39,1.7580288857240667,1.7580288857240667,0.0,1.7580288857240667,0.0,1.7580288857240667,0.0
wine_binary|1|40,1.2053054496563518,1.2053054496563518,0.0,1.2053054496563518,0.0,1.2053054496563518,0.0
wine_binary|1|41,0.8617340233032563,0.8617340233032563,0.0,0.8617340233032563,0.0,0.8617340233032563,0.0
wine_binary|1|42,0.6291993890743446,0.6291993890743446,0.0,0.6291993890743446,0.0,0.6291993890743446,0.0
wine_binary|1|43,1.4990557919698067,1.4990557919698067,0.0,1.4990557919698067,0.0,1.4990557919698067,0.0
wine_binary|1|44,1.1863806356126458,1.1863806356126458,0.0,1.1863806356126458,0.0,1.1863806356126458,0.0
wine_binary|1|45,1.2425129015002003,1.2425129015002003,0.0,1.2425129015002003,0.0,1.2425129015002003,0.0
wine_binary|1|46,0.6666404627023393,0.6666404627023393,0.0,0.6666404627023393,0.0,0.6666404627023393,0.0
wine_binary|1|47,0.7221365107070278,0.7221365107070278,0.0,0.7221365107070278,0.0,0.7221365107070278,0.0
wine_binary|1|48,1.1924625177229449,1.1924625177229449,0.0,1.1924625177229449,0.0,1.1924625177229449,0.0
wine_binary|1|49,1.0974801659602176,1.0974801659602176,0.0,1.0974801659602176,0.0,1.0974801659602176,0.0
wine_binary|1|50,0.5308421047467186,0.5308421047467186,0.0,0.5308421047467186,0.0,0.5308421047467186,0.0
wine_binary|1|51,1.769838385347869,1.769838385347869,0.0,1.769838385347869,0.0,1.769838385347869,0.0
wine_binary|1|52,1.0065233642188949,1.0065233642188949,0.0,1.0065233642188949,0.0,1.0065233642188949,0.0
wine_binary|1|53,0.6217550703691007,0.6217550703691007,0.0,0.6217550703691007,0.0,0.6217550703691007,0.0
wine_binary|2|0,0.9559032046152792,0.9559032046152792,0.0,0.9559032046152792,0.0,0.9559032046152792,0.0
wine_binary|2|1,1.9622433870767972,1.9622433870767972,0.0,1.9622433870767972,0.0,1.9622433870767972,0.0
wine_binary|2|2,0.12147276436772342,0.12147276436772342,0.0,0.12147276436772342,0.0,0.12147276436772342,0.0
wine_binary|2|3,0.6883400306487246,0.6883400306487246,0.0,0.6883400306487246,0.0,0.6883400306487246,0.0
wine_binary|2|4,1.0311441650622055,1.0311441650622055,0.0,1.0311441650622055,0.0,1.0311441650622055,0.0
wine_binary|2|5,1.376680056412705,1.376680056412705,0.0,1.376680056412705,0.0,1.376680056412705,0.0
wine_binary|2|6,0.022230281194763307,0.022230281194763307,0.0,0.022230281194763307,0.0,0.022230281194763307,0.0
wine_binary|2|7,1.2450856397225325,1.2450856397225325,0.0,1.2450856397225325,0.0,1.2450856397225325,0.0
wine_binary|2|8,1.2500269590896276,1.2500269590896276,0.0,1.2500269590896276,0.0,1.2500269590896276,0.0
wine_binary|2|9,0.7325170126704149,0.7325170126704149,0.0,0.7325170126704149,0.0,0.7325170126704149,0.0
wine_binary|2|10,1.0827735523367854,1.0827735523367854,0.0,1.0827735523367854,0.0,1.0827735523367854,0.0
wine_binary|2|11,1.8322001813399693,1.8322001813399693,0.0,1.8322001813399693,0.0,1.8322001813399693,0.0
wine_binary|2|12,1.1854527372563277,1.1854527372563277,0.0,1.1854527372563277,0.0,1.1854527372563277,0.0
wine_binary|2|13,0.8705476845274251,0.8705476845274251,0.0,0.8705476845274251,0.0,0.8705476845274251,0.0
wine_binary|2|14,0.4555191395814955,0.4555191395814955,0.0,0.4555191395814955,0.0,0.4555191395814955,0.0
wine_binary|2|15,1.6398688897930507,1.6398688897930507,0.0,1.6398688897930507,0.0,1.6398688897930507,0.0
wine_binary|2|16,0.95152886402907,0.95152886402907,0.0,0.95152886402907,0.0,0.95152886402907,0.0
wine_binary|2|17,1.4241857170896606,1.4241857170896606,0.0,1.4241857170896606,0.0,1.4241857170896606,0.0
wine_binary|2|18,1.762226034454446,1.762226034454446,0.0,1.762226034454446,0.0,1.762226034454446,0.0
wine_binary|2|19,0.3846606075175565,0.3846606075175565,0.0,0.3846606075175565,0.0,0.3846606075175565,0.0
wine_binary|2|20,1.3799648339833077,1.3799648339833077,0.0,1.3799648339833077,0.0,1.3799648339833077,0.0
wine_binary|2|21,1.7663695927956127,1.7663695927956127,0.0,1.7663695927956127,0.0,1.7663695927956127,0.0
wine_binary|2|22,0.8503023896520139,0.8503023896520139,0.0,0.8503023896520139,0.0,0.8503023896520139,0.0
wine_binary|2|23,0.8907929794028364,0.8907929794028364,0.0,0.8907929794028364,0.0,0.8907929794028364,0.0
wine_binary|2|24,0.0940522031323047,0.0940522031323047,0.0,0.0940522031323047,0.0,0.0940522031323047,0.0
wine_binary|2|25,0.1624530762658741,0.1624530762658741,0.0,0.1624530762658741,0.0,0.1624530762658741,0.0
wine_binary|2|26,0.7151825498665746,0.7151825498665746,0.0,0.7151825498665746,0.0,0.7151825498665746,0.0
wine_binary|2|27,1.3463121140995884,1.3463121140995884,0.0,1.3463121140995884,0.0,1.3463121140995884,0.0
wine_binary|2|28,1.9220806062792517,1.9220806062792517,0.0,1.9220806062792517,0.0,1.9220806062792517,0.0
wine_binary|2|29,0.9436755756172341,0.9436755756172341,0.0,0.9436755756172341,0.0,0.9436755756172341,0.0
wine_binary|2|30,0.983263553868707,0.983263553868707,0.0,0.983263553868707,0.0,0.983263553868707,0.0
wine_binary|2|31,1.1262830250519853,1.1262830250519853,0.0,1.1262830250519853,0.0,1.1262830250519853,0.0
wine_binary|2|32,0.8362016766315328,0.8362016766315328,0.0,0.8362016766315328,0.0,0.8362016766315328,0.0
wine_binary|2|33,0.6070577464867817,0.6070577464867817,0.0,0.6070577464867817,0.0,0.6070577464867817,0.0
wine_binary|2|34,0.6073588511470799,0.6073588511470799,0.0,0.6073588511470799,0.0,0.6073588511470799,0.0
wine_binary|2|35,1.365655944149026,1.365655944149026,0.0,1.365655944149026,0.0,1.365655944149026,0.0
wine_binary|2|36,1.7006057646497965,1.7006057646497965,0.0,1.7006057646497965,0.0,1.7006057646497965,0.0
wine_binary|2|37,0.7028199740210724,0.7028199740210724,0.0,0.7028199740210724,0.0,0.7028199740210724,0.0
wine_binary|2|38,1.6335332573620391,1.6335332573620391,0.0,1.6335332573620391,0.0,1.6335332573620391,0.0
wine_binary|2|39,1.4880301684579789,1.4880301684579789,0.0,1.4880301684579789,0.0,1.4880301684579789,0.0
wine_binary|2|40,0.49761735462036416,0.49761735462036416,0.0,0.49761735462036416,0.0,0.49761735462036416,0.0
wine_binary|2|41,1.2596097566481528,1.2596097566481528,0.0,1.2596097566481528,0.0,1.2596097566481528,0.0
wine_binary|2|42,,,,,,,
wine_binary|2|43,1.2158265225228428,1.2158265225228428,0.0,1.2158265225228428,0.0,1.2158265225228428,0.0
wine_binary|2|44,1.2593429742229627,1.2593429742229627,0.0,1.2593429742229627,0.0,1.2593429742229627,0.0
wine_binary|2|45,1.5462859385556953,1.5462859385556953,0.0,1.5462859385556953,0.0,1.5462859385556953,0.0
wine_binary|2|46,1.4291604193939649,1.4291604193939649,0.0,1.4291604193939649,0.0,1.4291604193939649,0.0
wine_binary|2|47,1.0758453609223009,1.0758453609223009,0.0,1.0758453609223009,0.0,1.0758453609223009,0.0
wine_binary|2|48,0.29925381738571943,0.29925381738571943,0.0,0.29925381738571943,0.0,0.29925381738571943,0.0
wine_binary|2|49,0.17955228940197293,0.17955228940197293,0.0,0.17955228940197293,0.0,0.17955228940197293,0.0
wine_binary|2|50,0.17208600155625123,0.17208600155625123,0.0,0.17208600155625123,0.0,0.17208600155625123,0.0
wine_binary|2|51,1.130341956899484,1.130341956899484,0.0,1.130341956899484,0.0,1.130341956899484,0.0
wine_binary|2|52,0.20245295363885552,0.20245295363885552,0.0,0.20245295363885552,0.0,0.20245295363885552,0.0
wine_binary|2|53,1.5487660530842127,1.5487660530842127,0.0,1.5487660530842127,0.0,1.5487660530842127,0.0
wine_binary|3|0,1.0273373572824418,1.0273373572824418,0.0,1.0273373572824418,0.0,1.0273373572824418,0.0
wine_binary|3|1,0.8588505581286152,0.8588505581286152,0.0,0.8588505581286152,0.0,0.8588505581286152,0.0
wine_binary|3|2,1.0213427932412422,1.0213427932412422,0.0,1.0213427932412422,0.0,1.0213427932412422,0.0
wine_binary|3|3,0.668267344819834,0.668267344819834,0.0,0.668267344819834,0.0,0.668267344819834,0.0
wine_binary|3|4,0.7516713630787897,0.7516713630787897,0.0,0.7516713630787897,0.0,0.7516713630787897,0.0
wine_binary|3|5,0.6242450121138744,0.6242450121138744,0.0,0.6242450121138744,0.0,0.6242450121138744,0.0
wine_binary|3|6,1.2184732819833117,1.2184732819833117,0.0,1.2184732819833117,0.0,1.2184732819833117,0.0
wine_binary|3|7,1.426301941053793,1.426301941053793,0.0,1.426301941053793,0.0,1.426301941053793,0.0
wine_binary|3|8,0.4510032168057102,0.4510032168057102,0.0,0.4510032168057102,0.0,0.4510032168057102,0.0
wine_binary|3|9,0.1396389485347798,0.1396389485347798,0.0,0.1396389485347798,0.0,0.1396389485347798,0.0
wine_binary|3|10,0.5685259505785236,0.5685259505785236,0.0,0.5685259505785236,0.0,0.5685259505785236,0.0
wine_binary|3|11,0.6084225082750477,0.6084225082750477,0.0,0.6084225082750477,0.0,0.6084225082750477,0.0
wine_binary|3|12,1.0394076892155013,1.0394076892155013,0.0,1.0394076892155013,0.0,1.0394076892155013,0.0
wine_binary|3|13,0.8027658796601831,0.8027658796601831,0.0,0.8027658796601831,0.0,0.8027658796601831,0.0
wine_binary|3|14,0.0852419667003147,0.0852419667003147,0.0,0.0852419667003147,0.0,0.0852419667003147,0.0
wine_binary|3|15,1.8358142174984955,1.8358142174984955,0.0,1.8358142174984955,0.0,1.8358142174984955,0.0
wine_binary|3|16,0.6369835134694707,0.6369835134694707,0.0,0.6369835134694707,0.0,0.6369835134694707,0.0
wine_binary|3|17,0.2194310707339373,0.2194310707339373,0.0,0.2194310707339373,0.0,0.2194310707339373,0.0
wine_binary|3|18,0.059844839947841066,0.059844839947841066,0.0,0.059844839947841066,0.0,0.059844839947841066,0.0
wine_binary|3|19,1.3498886535910324,1.3498886535910324,0.0,1.3498886535910324,0.0,1.3498886535910324,0.0
wine_binary|3|20,0.379017301520034,0.379017301520034,0.0,0.379017301520034,0.0,0.379017301520034,0.0
wine_binary|3|21,0.5715878023052181,0.5715878023052181,0.0,0.5715878023052181,0.0,0.5715878023052181,0.0
wine_binary|3|22,1.9404170393918228,1.9404170393918228,0.0,1.9404170393918228,0.0,1.9404170393918228,0.0
wine_binary|3|23,1.3322437391029578,1.3322437391029578,0.0,1.3322437391029578,0.0,1.3322437391029578,0.0
wine_binary|3|24,0.757870706300915,0.757870706300915,0.0,0.757870706300915,0.0,0.757870706300915,0.0
wine_binary|3|25,1.6756564198509591,1.6756564198509591,0.0,1.6756564198509591,0.0,1.6756564198509591,0.0
wine_binary|3|26,1.201202503544518,1.201202503544518,0.0,1.201202503544518,0.0,1.201202503544518,0.0
wine_binary|3|27,1.0767122893473244,1.0767122893473244,0.0,1.0767122893473244,0.0,1.0767122893473244,0.0
wine_binary|3|28,1.219828019039902,1.219828019039902,0.0,1.219828019039902,0.0,1.219828019039902,0.0
wine_binary|3|29,0.94186116487472,0.94186116487472,0.0,0.94186116487472,0.0,0.94186116487472,0.0
wine_binary|3|30,0.46878455633721317,0.46878455633721317,0.0,0.46878455633721317,0.0,0.46878455633721317,0.0
wine_binary|3|31,1.8302310668512265,1.8302310668512265,0.0,1.8302310668512265,0.0,1.8302310668512265,0.0
wine_binary|3|32,1.1263240024095338,1.1263240024095338,0.0,1.1263240024095338,0.0,1.1263240024095338,0.0
wine_binary|3|33,0.6582932053957031,0.6582932053957031,0.0,0.6582932053957031,0.0,0.6582932053957031,0.0
wine_binary|3|34,0.8577759938783236,0.8577759938783236,0.0,0.8577759938783236,0.0,0.8577759938783236,0.0
wine_binary|3|35,1.0871812006333375,1.0871812006333375,0.0,1.0871812006333375,0.0,1.0871812006333375,0.0
wine_binary|3|36,0.45881141010697274,0.45881141010697274,0.0,0.45881141010697274,0.0,0.45881141010697274,0.0
wine_binary|3|37,1.3869477144516964,1.3869477144516964,0.0,1.3869477144516964,0.0,1.3869477144516964,0.0
wine_binary|3|38,1.925070578922626,1.925070578922626,0.0,1.925070578922626,0.0,1.925070578922626,0.0
wine_binary|3|39,0.1472353989215682,0.1472353989215682,0.0,0.1472353989215682,0.0,0.1472353989215682,0.0
wine_binary|3|40,0.1196906696865177,0.1196906696865177,0.0,0.1196906696865177,0.0,0.1196906696865177,0.0
wine_binary|3|41,0.8793538821757156,0.8793538821757156,0.0,0.8793538821757156,0.0,0.8793538821757156,0.0
wine_binary|3|42,0.9336808788869579,0.9336808788869579,0.0,0.9336808788869579,0.0,0.9336808788869579,0.0
wine_binary|3|43,0.4288879986406894,0.4288879986406894,0.0,0.4288879986406894,0.0,0.4288879986406894,0.0
wine_binary|3|44,0.668267344819834,0.668267344819834,0.0,0.668267344819834,0.0,0.668267344819834,0.0
wine_binary|3|45,1.1329309712394984,1.1329309712394984,0.0,1.1329309712394984,0.0,1.1329309712394984,0.0
wine_binary|3|46,0.8663592126881087,0.8663592126881087,0.0,0.8663592126881087,0.0,0.8663592126881087,0.0
wine_binary|3|47,0.8278535756059306,0.8278535756059306,0.0,0.8278535756059306,0.0,0.8278535756059306,0.0
wine_binary|3|48,0.5785000900026549,0.5785000900026549,0.0,0.5785000900026549,0.0,0.5785000900026549,0.0
wine_binary|3|49,1.1561879532805506,1.1561879532805506,0.0,1.1561879532805506,0.0,1.1561879532805506,0.0
wine_binary|3|50,1.6257857227303036,1.6257857227303036,0.0,1.6257857227303036,0.0,1.6257857227303036,0.0
wine_binary|3|51,0.1994827918856752,0.1994827918856752,0.0,0.1994827918856752,0.0,0.1994827918856752,0.0
wine_binary|3|52,0.6782414842439652,0.6782414842439652,0.0,0.6782414842439652,0.0,0.6782414842439652,0.0
wine_binary|3|53,0.9275949698472412,0.9275949698472412,0.0,0.9275949698472412,0.0,0.9275949698472412,0.0
wine_binary|4|0,0.34467467978096616,0.34467467978096616,0.0,0.34467467978096616,0.0,0.34467467978096616,0.0
wine_binary|4|1,0.5744578002737991,0.5744578002737991,0.0,0.5744578002737991,0.0,0.5744578002737991,0.0
wine_binary|4|2,1.3793147704839621,1.3793147704839621,0.0,1.3793147704839621,0.0,1.3793147704839621,0.0
wine_binary|4|3,0.8260802722914472,0.8260802722914472,0.0,0.8260802722914472,0.0,0.8260802722914472,0.0
wine_binary|4|4,1.373703436770608,1.373703436770608,0.0,1.373703436770608,0.0,1.373703436770608,0.0
wine_binary|4|5,1.3237505844895576,1.3237505844895576,0.0,1.3237505844895576,0.0,1.3237505844895576,0.0
wine_binary|4|6,1.0040523298908337,1.0040523298908337,0.0,1.0040523298908337,0.0,1.0040523298908337,0.0
wine_binary|4|7,1.0288895670330287,1.0288895670330287,0.0,1.0288895670330287,0.0,1.0288895670330287,0.0
wine_binary|4|8,1.4836007137054839,1.4836007137054839,0.0,1.4836007137054839,0.0,1.4836007137054839,0.0
wine_binary|4|9,1.2635150366216725,1.2635150366216725,0.0,1.2635150366216725,0.0,1.2635150366216725,0.0
wine_binary|4|10,1.5602826790681048,1.5602826790681048,0.0,1.5602826790681048,0.0,1.5602826790681048,0.0
wine_binary|4|11,1.386069645619887,1.386069645619887,0.0,1.386069645619887,0.0,1.386069645619887,0.0
wine_binary|4|12,0.6144200820986392,0.6144200820986392,0.0,0.6144200820986392,0.0,0.6144200820986392,0.0
wine_binary|4|13,1.002902355961738,1.002902355961738,0.0,1.002902355961738,0.0,1.002902355961738,0.0
wine_binary|4|14,1.2260392812117709,1.2260392812117709,0.0,1.2260392812117709,0.0,1.2260392812117709,0.0
wine_binary|4|15,1.024033470803254,1.024033470803254,0.0,1.024033470803254,0.0,1.024033470803254,0.0
wine_binary|4|16,1.4335397368005929,1.4335397368005929,0.0,1.4335397368005929,0.0,1.4335397368005929,0.0
wine_binary|4|17,0.336521716054738,0.336521716054738,0.0,0.336521716054738,0.0,0.336521716054738,0.0
wine_binary|4|18,0.8648274581705829,0.8648274581705829,0.0,0.8648274581705829,0.0,0.8648274581705829,0.0
wine_binary|4|19,1.2639271846846392,1.2639271846846392,0.0,1.2639271846846392,0.0,1.2639271846846392,0.0
wine_binary|4|20,0.9740806185222035,0.9740806185222035,0.0,0.9740806185222035,0.0,0.9740806185222035,0.0
wine_binary|4|21,0.0033318971451668233,0.0033318971451668233,0.0,0.0033318971451668233,0.0,0.0033318971451668233,0.0
wine_binary|4|22,1.2159838862658428,1.2159838862658428,0.0,1.2159838862658428,0.0,1.2159838862658428,0.0
wine_binary|4|23,0.594438941186219,0.594438941186219,0.0,0.594438941186219,0.0,0.594438941186219,0.0
wine_binary|4|24,1.3634798765406895,1.3634798765406895,0.0,1.3634798765406895,0.0,1.3634798765406895,0.0
wine_binary|4|25,1.0839768935405147,1.0839768935405147,0.0,1.0839768935405147,0.0,1.0839768935405147,0.0
wine_binary|4|26,1.0050909101798,1.0050909101798,0.0,1.0050909101798,0.0,1.0050909101798,0.0
wine_binary|4|27,1.1334785822475948,1.1334785822475948,0.0,1.1334785822475948,0.0,1.1334785822475948,0.0
wine_binary|4|28,1.1065709189311164,1.1065709189311164,0.0,1.1065709189311164,0.0,1.1065709189311164,0.0
wine_binary|4|29,1.3468047004913557,1.3468047004913557,0.0,1.3468047004913557,0.0,1.3468047004913557,0.0
wine_binary|4|30,1.5538242784040275,1.5538242784040275,0.0,1.5538242784040275,0.0,1.5538242784040275,0.0
wine_binary|4|31,0.7296091297238843,0.7296091297238843,0.0,0.7296091297238843,0.0,0.7296091297238843,0.0
wine_binary|4|32,1.0479657368222375,1.0479657368222375,0.0,1.0479657368222375,0.0,1.0479657368222375,0.0
wine_binary|4|33,0.2048066933940249,0.2048066933940249,0.0,0.2048066933940249,0.0,0.2048066933940249,0.0
wine_binary|4|34,1.4907687569179127,1.4907687569179127,0.0,1.4907687569179127,0.0,1.4907687569179127,0.0
wine_binary|4|35,0.2698837522728238,0.2698837522728238,0.0,0.2698837522728238,0.0,0.2698837522728238,0.0
wine_binary|4|36,0.5726933339444261,0.5726933339444261,0.0,0.5726933339444261,0.0,0.5726933339444261,0.0
wine_binary|4|37,1.1617574268626365,1.1617574268626365,0.0,1.1617574268626365,0.0,1.1617574268626365,0.0
wine_binary|4|38,0.7143257866607404,0.7143257866607404,0.0,0.7143257866607404,0.0,0.7143257866607404,0.0
wine_binary|4|39,1.043587043512295,1.043587043512295,0.0,1.043587043512295,0.0,1.043587043512295,0.0
wine_binary|4|40,1.8692747132596481,1.8692747132596481,0.0,1.8692747132596481,0.0,1.8692747132596481,0.0
wine_binary|4|41,1.324170866496859,1.324170866496859,0.0,1.324170866496859,0.0,1.324170866496859,0.0
wine_binary|4|42,0.6515822926773565,0.6515822926773565,0.0,0.6515822926773565,0.0,0.6515822926773565,0.0
wine_binary|4|43,1.8727154892141251,1.8727154892141251,0.0,1.8727154892141251,0.0,1.8727154892141251,0.0
wine_binary|4|44,0.8428609451807069,0.8428609451807069,0.0,0.8428609451807069,0.0,0.8428609451807069,0.0
wine_binary|4|45,1.103958034452935,1.103958034452935,0.0,1.103958034452935,0.0,1.103958034452935,0.0
wine_binary|4|46,1.7828862204264118,1.7828862204264118,0.0,1.7828862204264118,0.0,1.7828862204264118,0.0
wine_binary|4|47,1.1539108867339853,1.1539108867339853,0.0,1.1539108867339853,0.0,1.1539108867339853,0.0
wine_binary|4|48,1.226057815465575,1.226057815465575,0.0,1.226057815465575,0.0,1.226057815465575,0.0
wine_binary|4|49,1.3798346371387924,1.3798346371387924,0.0,1.3798346371387924,0.0,1.3798346371387924,0.0
wine_binary|4|50,1.6332040998725272,1.6332040998725272,0.0,1.6332040998725272,0.0,1.6332040998725272,0.0
wine_binary|4|51,1.6868249324171274,1.6868249324171274,0.0,1.6868249324171274,0.0,1.6868249324171274,0.0
wine_binary|4|52,2.155391869926161,2.155391869926161,0.0,2.155391869926161,0.0,2.155391869926161,0.0
wine_binary|4|53,0.1049009888319237,0.1049009888319237,0.0,0.1049009888319237,0.0,0.1049009888319237,0.0
iris_binary|0|0,1.4584496045165154,1.4584496045165154,0.0,1.4584496045165154,0.0,1.4584496045165154,0.0
iris_binary|0|1,1.3258632778971535,1.3258632778971535,0.0,1.3258632778971535,0.0,1.3258632778971535,0.0
iris_binary|0|2,0.928104298039067,0.928104298039067,0.0,0.928104298039067,0.0,0.928104298039067,0.0
iris_binary|0|3,0.7955179714197049,0.7955179714197049,0.0,0.7955179714197049,0.0,0.7955179714197049,0.0
iris_binary|0|4,0.662931644800343,0.662931644800343,0.0,0.662931644800343,0.0,0.662931644800343,0.0
iris_binary|0|5,0.662931644800343,0.662931644800343,0.0,0.662931644800343,0.0,0.662931644800343,0.0
iris_binary|0|6,1.9887949109939638,1.9887949109939638,0.0,1.9887949109939638,0.0,1.9887949109939638,0.0
iris_binary|0|7,0.7955189480126407,0.7955189480126407,0.0,0.7955189480126407,0.0,0.7955189480126407,0.0
iris_binary|0|8,1.5910359311358777,1.5910359311358777,0.0,1.5910359311358777,0.0,1.5910359311358777,0.0
iris_binary|0|9,0.39775996815455417,0.39775996815455417,0.0,0.39775996815455417,0.0,0.39775996815455417,0.0
iris_binary|0|10,0.928104298039067,0.928104298039067,0.0,0.928104298039067,0.0,0.928104298039067,0.0
iris_binary|0|11,2.121381237613326,2.121381237613326,0.0,2.121381237613326,0.0,2.121381237613326,0.0
iris_binary|0|12,1.5910359311358777,1.5910359311358777,0.0,1.5910359311358777,0.0,1.5910359311358777,0.0
iris_binary|0|13,0.662931644800343,0.662931644800343,0.0,0.662931644800343,0.0,0.662931644800343,0.0
iris_binary|0|14,0.7955189480126407,0.7955189480126407,0.0,0.7955189480126407,0.0,0.7955189480126407,0.0
iris_binary|0|15,1.9887949109939638,1.9887949109939638,0.0,1.9887949109939638,0.0,1.9887949109939638,0.0
iris_binary|0|16,0.662931644800343,0.662931644800343,0.0,0.662931644800343,0.0,0.662931644800343,0.0
iris_binary|0|17,0.39775899156161876,0.39775899156161876,0.0,0.39775899156161876,0.0,0.39775899156161876,0.0
iris_binary|0|18,0.6629326213932784,0.6629326213932784,0.0,0.6629326213932784,0.0,0.6629326213932784,0.0
iris_binary|0|19,1.3258632778971535,1.3258632778971535,0.0,1.3258632778971535,0.0,1.3258632778971535,0.0
iris_binary|0|20,0.7955189480126407,0.7955189480126407,0.0,0.7955189480126407,0.0,0.7955189480126407,0.0
iris_binary|0|21,0.7955179714197049,0.7955179714197049,0.0,0.7955179714197049,0.0,0.7955179714197049,0.0
iris_binary|0|22,0.7955189480126407,0.7955189480126407,0.0,0.7955189480126407,0.0,0.7955189480126407,0.0
iris_binary|0|23,0.9281052746320025,0.9281052746320025,0.0,0.9281052746320025,0.0,0.9281052746320025,0.0
iris_binary|0|24,1.3258632778971535,1.3258632778971535,0.0,1.3258632778971535,0.0,1.3258632778971535,0.0
iris_binary|0|25,0.5303462947739163,0.5303462947739163,0.0,0.5303462947739163,0.0,0.5303462947739163,0.0
iris_binary|0|26,1.9887949109939638,1.9887949109939638,0.0,1.9887949109939638,0.0,1.9887949109939638,0.0
iris_binary|0|27,1.5910359311358777,1.5910359311358777,0.0,1.5910359311358777,0.0,1.5910359311358777,0.0
iris_binary|0|28,0.2651726649422565,0.2651726649422565,0.0,0.2651726649422565,0.0,0.2651726649422565,0.0
iris_binary|0|29,0.7955189480126407,0.7955189480126407,0.0,0.7955189480126407,0.0,0.7955189480126407,0.0
iris_binary|0|30,1.3258632778971535,1.3258632778971535,0.0,1.3258632778971535,0.0,1.3258632778971535,0.0
iris_binary|0|31,0.928104298039067,0.928104298039067,0.0,0.928104298039067,0.0,0.928104298039067,0.0
iris_binary|0|32,0.662931644800343,0.662931644800343,0.0,0.662931644800343,0.0,0.662931644800343,0.0
iris_binary|0|33,0.662931644800343,0.662931644800343,0.0,0.662931644800343,0.0,0.662931644800343,0.0
iris_binary|0|34,0.7955189480126407,0.7955189480126407,0.0,0.7955189480126407,0.0,0.7955189480126407,0.0
iris_binary|0|35,0.7955189480126407,0.7955189480126407,0.0,0.7955189480126407,0.0,0.7955189480126407,0.0
iris_binary|0|36,0.662931644800343,0.662931644800343,0.0,0.662931644800343,0.0,0.662931644800343,0.0
iris_binary|0|37,0.7955189480126407,0.7955189480126407,0.0,0.7955189480126407,0.0,0.7955189480126407,0.0
iris_binary|0|38,1.3258632778971535,1.3258632778971535,0.0,1.3258632778971535,0.0,1.3258632778971535,0.0
iris_binary|0|39,0.9281052746320025,0.9281052746320025,0.0,0.9281052746320025,0.0,0.9281052746320025,0.0
iris_binary|0|40,0.7955189480126407,0.7955189480126407,0.0,0.7955189480126407,0.0,0.7955189480126407,0.0
iris_binary|0|41,0.7955189480126407,0.7955189480126407,0.0,0.7955189480126407,0.0,0.7955189480126407,0.0
iris_binary|0|42,0.2651726649422565,0.2651726649422565,0.0,0.2651726649422565,0.0,0.2651726649422565,0.0
iris_binary|0|43,2.2539675642326884,2.2539675642326884,0.0,2.2539675642326884,0.0,2.2539675642326884,0.0
iris_binary|0|44,1.8562085843746021,1.8562085843746021,0.0,1.8562085843746021,0.0,1.8562085843746021,0.0
iris_binary|1|0,0.6567365567259028,0.6567365567259028,0.0,0.6567365567259028,0.0,0.6567365567259028,0.0
iris_binary|1|1,,,,,,,
iris_binary|1|2,0.9194307759689325,0.9194307759689325,0.0,0.9194307759689325,0.0,0.9194307759689325,0.0
iris_binary|1|3,,,,,,,
iris_binary|1|4,0.7880836663474179,0.7880836663474179,0.0,0.7880836663474179,0.0,0.7880836663474179,0.0
iris_binary|1|5,,,,,,,
iris_binary|1|6,,,,,,,
iris_binary|1|7,,,,,,,
iris_binary|1|8,0.7880836663474179,0.7880836663474179,0.0,0.7880836663474179,0.0,0.7880836663474179,0.0
iris_binary|1|9,,,,,,,
iris_binary|1|10,,,,,,,
iris_binary|1|11,0.7880836663474179,0.7880836663474179,0.0,0.7880836663474179,0.0,0.7880836663474179,0.0
iris_binary|1|12,0.7880836663474179,0.7880836663474179,0.0,0.7880836663474179,0.0,0.7880836663474179,0.0
iris_binary|1|13,,,,,,,
iris_binary|1|14,0.7880836663474179,0.7880836663474179,0.0,0.7880836663474179,0.0,0.7880836663474179,0.0
iris_binary|1|15,,,,,,,
iris_binary|1|16,,,,,,,
iris_binary|1|17,,,,,,,
iris_binary|1|18,,,,,,,
iris_binary|1|19,,,,,,,
iris_binary|1|20,,,,,,,
iris_binary|1|21,,,,,,,
iris_binary|1|22,0.7880836663474179,0.7880836663474179,0.0,0.7880836663474179,0.0,0.7880836663474179,0.0
iris_binary|1|23,,,,,,,
iris_binary|1|24,,,,,,,
iris_binary|1|25,,,,,,,
iris_binary|1|26,,,,,,,
iris_binary|1|27,0.9194307759689325,0.9194307759689325,0.0,0.9194307759689325,0.0,0.9194307759689325,0.0
iris_binary|1|28,0.7880836663474179,0.7880836663474179,0.0,0.7880836663474179,0.0,0.7880836663474179,0.0
iris_binary|1|29,,,,,,,
iris_binary|1|30,,,,,,,
iris_binary|1|31,,,,,,,
iris_binary|1|32,,,,,,,
iris_binary|1|33,0.6567365567259028,0.6567365567259028,0.0,0.6567365567259028,0.0,0.6567365567259028,0.0
iris_binary|1|34,0.7880836663474179,0.7880836663474179,0.0,0.7880836663474179,0.0,0.7880836663474179,0.0
iris_binary|1|35,,,,,,,
iris_binary|1|36,,,,,,,
iris_binary|1|37,0.7880836663474179,0.7880836663474179,0.0,0.7880836663474179,0.0,0.7880836663474179,0.0
iris_binary|1|38,,,,,,,
iris_binary|1|39,,,,,,,
iris_binary|1|40,0.7880836663474179,0.7880836663474179,0.0,0.7880836663474179,0.0,0.7880836663474179,0.0
iris_binary|1|41,0.525389447104388,0.525389447104388,0.0,0.525389447104388,0.0,0.525389447104388,0.0
iris_binary|1|42,,,,,,,
iris_binary|1|43,,,,,,,
iris_binary|1|44,,,,,,,
iris_binary|2|0,1.8866388316316736,1.8866388316316736,0.0,1.8866388316316736,0.0,1.8866388316316736,0.0
iris_binary|2|1,0.9758476734525128,0.9758476734525128,0.0,0.9758476734525128,0.0,0.9758476734525128,0.0
iris_binary|2|2,0.7156226203087855,0.7156226203087855,0.0,0.7156226203087855,0.0,0.7156226203087855,0.0
iris_binary|2|3,0.5855086056614439,0.5855086056614439,0.0,0.5855086056614439,0.0,0.5855086056614439,0.0
iris_binary|2|4,1.6264127864376274,1.6264127864376274,0.0,1.6264127864376274,0.0,1.6264127864376274,0.0
iris_binary|2|5,0.7156226203087855,0.7156226203087855,0.0,0.7156226203087855,0.0,0.7156226203087855,0.0
iris_binary|2|6,0.715621628258467,0.715621628258467,0.0,0.715621628258467,0.0,0.715621628258467,0.0
iris_binary|2|7,2.016751854228696,2.016751854228696,0.0,2.016751854228696,0.0,2.016751854228696,0.0
iris_binary|2|8,0.32528256046739806,0.32528256046739806,0.0,0.32528256046739806,0.0,0.32528256046739806,0.0
iris_binary|2|9,1.6264127864376274,1.6264127864376274,0.0,1.6264127864376274,0.0,1.6264127864376274,0.0
iris_binary|2|10,0.715621628258467,0.715621628258467,0.0,0.715621628258467,0.0,0.715621628258467,0.0
iris_binary|2|11,0.7156226203087855,0.7156226203087855,0.0,0.7156226203087855,0.0,0.7156226203087855,0.0
iris_binary|2|12,0.5855086056614439,0.5855086056614439,0.0,0.5855086056614439,0.0,0.5855086056614439,0.0
iris_binary|2|13,2.016751854228696,2.016751854228696,0.0,2.016751854228696,0.0,2.016751854228696,0.0
iris_binary|2|14,0.5855095977117625,0.5855095977117625,0.0,0.5855095977117625,0.0,0.5855095977117625,0.0
iris_binary|2|15,0.715621628258467,0.715621628258467,0.0,0.715621628258467,0.0,0.715621628258467,0.0
iris_binary|2|16,0.45539657511473963,0.45539657511473963,0.0,0.45539657511473963,0.0,0.45539657511473963,0.0
iris_binary|2|17,1.6264127864376274,1.6264127864376274,0.0,1.6264127864376274,0.0,1.6264127864376274,0.0
iris_binary|2|18,0.8457356429058084,0.8457356429058084,0.0,0.8457356429058084,0.0,0.8457356429058084,0.0
iris_binary|2|19,0.32528256046739806,0.32528256046739806,0.0,0.32528256046739806,0.0,0.32528256046739806,0.0
iris_binary|2|20,0.32528256046739806,0.32528256046739806,0.0,0.32528256046739806,0.0,0.32528256046739806,0.0
iris_binary|2|21,0.45539657511473963,0.45539657511473963,0.0,0.45539657511473963,0.0,0.45539657511473963,0.0
iris_binary|2|22,0.7156226203087855,0.7156226203087855,0.0,0.7156226203087855,0.0,0.7156226203087855,0.0
iris_binary|2|23,0.715621628258467,0.715621628258467,0.0,0.715621628258467,0.0,0.715621628258467,0.0
iris_binary|2|24,2.016751854228696,2.016751854228696,0.0,2.016751854228696,0.0,2.016751854228696,0.0
iris_binary|2|25,1.3661867412435815,1.3661867412435815,0.0,1.3661867412435815,0.0,1.3661867412435815,0.0
iris_binary|2|26,1.4962997638406046,1.4962997638406046,0.0,1.4962997638406046,0.0,1.4962997638406046,0.0
iris_binary|2|27,0.9758476734525128,0.9758476734525128,0.0,0.9758476734525128,0.0,0.9758476734525128,0.0
iris_binary|2|28,0.8457346508554897,0.8457346508554897,0.0,0.8457346508554897,0.0,0.8457346508554897,0.0
iris_binary|2|29,0.19517052992069372,0.19517052992069372,0.0,0.19517052992069372,0.0,0.19517052992069372,0.0
iris_binary|2|30,0.7156226203087855,0.7156226203087855,0.0,0.7156226203087855,0.0,0.7156226203087855,0.0
iris_binary|2|31,0.715621628258467,0.715621628258467,0.0,0.715621628258467,0.0,0.715621628258467,0.0
iris_binary|2|32,1.3661867412435815,1.3661867412435815,0.0,1.3661867412435815,0.0,1.3661867412435815,0.0
iris_binary|2|33,0.9758476734525128,0.9758476734525128,0.0,0.9758476734525128,0.0,0.9758476734525128,0.0
iris_binary|2|34,1.8866388316316736,1.8866388316316736,0.0,1.8866388316316736,0.0,1.8866388316316736,0.0
iris_binary|2|35,2.016751854228696,2.016751854228696,0.0,2.016751854228696,0.0,2.016751854228696,0.0
iris_binary|2|36,0.7156226203087855,0.7156226203087855,0.0,0.7156226203087855,0.0,0.7156226203087855,0.0
iris_binary|2|37,1.3661867412435815,1.3661867412435815,0.0,1.3661867412435815,0.0,1.3661867412435815,0.0
iris_binary|2|38,0.715621628258467,0.715621628258467,0.0,0.715621628258467,0.0,0.715621628258467,0.0
iris_binary|2|39,1.1059606960495358,1.1059606960495358,0.0,1.1059606960495358,0.0,1.1059606960495358,0.0
iris_binary|2|40,0.7156226203087855,0.7156226203087855,0.0,0.7156226203087855,0.0,0.7156226203087855,0.0
iris_binary|2|41,0.9758476734525128,0.9758476734525128,0.0,0.9758476734525128,0.0,0.9758476734525128,0.0
iris_binary|2|42,0.7156226203087855,0.7156226203087855,0.0,0.7156226203087855,0.0,0.7156226203087855,0.0
iris_binary|2|43,0.7156226203087855,0.7156226203087855,0.0,0.7156226203087855,0.0,0.7156226203087855,0.0
iris_binary|2|44,0.5855095977117625,0.5855095977117625,0.0,0.5855095977117625,0.0,0.5855095977117625,0.0
iris_binary|3|0,0.8901959035975192,0.8901959035975192,0.0,0.8901959035975192,0.0,0.8901959035975192,0.0
iris_binary|3|1,0.7630260757401993,0.7630260757401993,0.0,0.7630260757401993,0.0,0.7630260757401993,0.0
iris_binary|3|2,0.6358552311757594,0.6358552311757594,0.0,0.6358552311757594,0.0,0.6358552311757594,0.0
iris_binary|3|3,1.6532209709841585,1.6532209709841585,0.0,1.6532209709841585,0.0,1.6532209709841585,0.0
iris_binary|3|4,0.6358542144686394,0.6358542144686394,0.0,0.6358542144686394,0.0,0.6358542144686394,0.0
iris_binary|3|5,0.25434168077531977,0.25434168077531977,0.0,0.25434168077531977,0.0,0.25434168077531977,0.0
iris_binary|3|6,1.271708437290839,1.271708437290839,0.0,1.271708437290839,0.0,1.271708437290839,0.0
iris_binary|3|7,0.7630260757401993,0.7630260757401993,0.0,0.7630260757401993,0.0,0.7630260757401993,0.0
iris_binary|3|8,0.8901959035975192,0.8901959035975192,0.0,0.8901959035975192,0.0,0.8901959035975192,0.0
iris_binary|3|9,1.5260501264197186,1.5260501264197186,0.0,1.5260501264197186,0.0,1.5260501264197186,0.0
iris_binary|3|10,0.7630260757401993,0.7630260757401993,0.0,0.7630260757401993,0.0,0.7630260757401993,0.0
iris_binary|3|11,0.25434168077531977,0.25434168077531977,0.0,0.25434168077531977,0.0,0.25434168077531977,0.0
iris_binary|3|12,0.7630250590330792,0.7630250590330792,0.0,0.7630250590330792,0.0,0.7630250590330792,0.0
iris_binary|3|13,1.5260501264197186,1.5260501264197186,0.0,1.5260501264197186,0.0,1.5260501264197186,0.0
iris_binary|3|14,0.7630260757401993,0.7630260757401993,0.0,0.7630260757401993,0.0,0.7630260757401993,0.0
iris_binary|3|15,0.8901959035975192,0.8901959035975192,0.0,0.8901959035975192,0.0,0.8901959035975192,0.0
iris_binary|3|16,0.7630260757401993,0.7630260757401993,0.0,0.7630260757401993,0.0,0.7630260757401993,0.0
iris_binary|3|17,0.38151252533975977,0.38151252533975977,0.0,0.38151252533975977,0.0,0.38151252533975977,0.0
iris_binary|3|18,0.6358542144686394,0.6358542144686394,0.0,0.6358542144686394,0.0,0.6358542144686394,0.0
iris_binary|3|19,0.8901959035975192,0.8901959035975192,0.0,0.8901959035975192,0.0,0.8901959035975192,0.0
iris_binary|3|20,0.7630260757401993,0.7630260757401993,0.0,0.7630260757401993,0.0,0.7630260757401993,0.0
iris_binary|3|21,0.6358542144686394,0.6358542144686394,0.0,0.6358542144686394,0.0,0.6358542144686394,0.0
iris_binary|3|22,1.271708437290839,1.271708437290839,0.0,1.271708437290839,0.0,1.271708437290839,0.0
iris_binary|3|23,0.7630250590330792,0.7630250590330792,0.0,0.7630250590330792,0.0,0.7630250590330792,0.0
iris_binary|3|24,0.7630260757401993,0.7630260757401993,0.0,0.7630260757401993,0.0,0.7630260757401993,0.0
iris_binary|3|25,1.6532209709841585,1.6532209709841585,0.0,1.6532209709841585,0.0,1.6532209709841585,0.0
iris_binary|3|26,2.161904349241918,2.161904349241918,0.0,2.161904349241918,0.0,2.161904349241918,0.0
iris_binary|3|27,0.5086843866113196,0.5086843866113196,0.0,0.5086843866113196,0.0,0.5086843866113196,0.0
iris_binary|3|28,0.7630260757401993,0.7630260757401993,0.0,0.7630260757401993,0.0,0.7630260757401993,0.0
iris_binary|3|29,1.1445375927263988,1.1445375927263988,0.0,1.1445375927263988,0.0,1.1445375927263988,0.0
iris_binary|3|30,0.5086843866113196,0.5086843866113196,0.0,0.5086843866113196,0.0,0.5086843866113196,0.0
iris_binary|3|31,0.6358552311757594,0.6358552311757594,0.0,0.6358552311757594,0.0,0.6358552311757594,0.0
iris_binary|3|32,1.271708437290839,1.271708437290839,0.0,1.271708437290839,0.0,1.271708437290839,0.0
iris_binary|3|33,1.5260501264197186,1.5260501264197186,0.0,1.5260501264197186,0.0,1.5260501264197186,0.0
iris_binary|3|34,0.7630250590330792,0.7630250590330792,0.0,0.7630250590330792,0.0,0.7630250590330792,0.0
iris_binary|3|35,0.6358542144686394,0.6358542144686394,0.0,0.6358542144686394,0.0,0.6358542144686394,0.0
iris_binary|3|36,0.25434168077531977,0.25434168077531977,0.0,0.25434168077531977,0.0,0.25434168077531977,0.0
iris_binary|3|37,1.5260501264197186,1.5260501264197186,0.0,1.5260501264197186,0.0,1.5260501264197186,0.0
iris_binary|3|38,0.6358542144686394,0.6358542144686394,0.0,0.6358542144686394,0.0,0.6358542144686394,0.0
iris_binary|3|39,0.3815135420468797,0.3815135420468797,0.0,0.3815135420468797,0.0,0.3815135420468797,0.0
iris_binary|3|40,0.7630260757401993,0.7630260757401993,0.0,0.7630260757401993,0.0,0.7630260757401993,0.0
iris_binary|3|41,0.6358542144686394,0.6358542144686394,0.0,0.6358542144686394,0.0,0.6358542144686394,0.0
iris_binary|3|42,0.6358542144686394,0.6358542144686394,0.0,0.6358542144686394,0.0,0.6358542144686394,0.0
iris_binary|3|43,0.6358552311757594,0.6358552311757594,0.0,0.6358552311757594,0.0,0.6358552311757594,0.0
iris_binary|3|44,1.3988792818552787,1.3988792818552787,0.0,1.3988792818552787,0.0,1.3988792818552787,0.0
iris_binary|4|0,0.4365946832935571,0.4365946832935571,0.0,0.4365946832935571,0.0,0.4365946832935571,0.0
iris_binary|4|1,0.7858696124054209,0.7858696124054209,0.0,0.7858696124054209,0.0,0.7858696124054209,0.0
iris_binary|4|2,2.4158182377866613,2.4158182377866613,0.0,2.4158182377866613,0.0,2.4158182377866613,0.0
iris_binary|4|3,1.775480867748245,1.775480867748245,0.0,1.775480867748245,0.0,1.775480867748245,0.0
iris_binary|4|4,1.0187185213392076,1.0187185213392076,0.0,1.0187185213392076,0.0,1.0187185213392076,0.0
iris_binary|4|5,0.9022935449685863,0.9022935449685863,0.0,0.9022935449685863,0.0,0.9022935449685863,0.0
iris_binary|4|6,2.2411807732307296,2.2411807732307296,0.0,2.2411807732307296,0.0,2.2411807732307296,0.0
iris_binary|4|7,0.9605060331538966,0.9605060331538966,0.0,0.9605060331538966,0.0,0.9605060331538966,0.0
iris_binary|4|8,1.7172683795629347,1.7172683795629347,0.0,1.7172683795629347,0.0,1.7172683795629347,0.0
iris_binary|4|9,0.9605060331538966,0.9605060331538966,0.0,0.9605060331538966,0.0,0.9605060331538966,0.0
iris_binary|4|10,0.9022935449685863,0.9022935449685863,0.0,0.9022935449685863,0.0,0.9022935449685863,0.0
iris_binary|4|11,1.8336933559335555,1.8336933559335555,0.0,1.8336933559335555,0.0,1.8336933559335555,0.0
iris_binary|4|12,0.6112321478494892,0.6112321478494892,0.0,0.6112321478494892,0.0,0.6112321478494892,0.0
iris_binary|4|13,1.3097809622657604,1.3097809622657604,0.0,1.3097809622657604,0.0,1.3097809622657604,0.0
iris_binary|4|14,0.6694446360347998,0.6694446360347998,0.0,0.6694446360347998,0.0,0.6694446360347998,0.0
iris_binary|4|15,0.8440810567832756,0.8440810567832756,0.0,0.8440810567832756,0.0,0.8440810567832756,0.0
iris_binary|4|16,1.484418426821692,1.484418426821692,0.0,1.484418426821692,0.0,1.484418426821692,0.0
iris_binary|4|17,1.8336933559335555,1.8336933559335555,0.0,1.8336933559335555,0.0,1.8336933559335555,0.0
iris_binary|4|18,1.426205938636382,1.426205938636382,0.0,1.426205938636382,0.0,1.426205938636382,0.0
iris_binary|4|19,1.1933559858951392,1.1933559858951392,0.0,1.1933559858951392,0.0,1.1933559858951392,0.0
iris_binary|4|20,0.5530196596641784,0.5530196596641784,0.0,0.5530196596641784,0.0,0.5530196596641784,0.0
iris_binary|4|21,1.9501183323041766,1.9501183323041766,0.0,1.9501183323041766,0.0,1.9501183323041766,0.0
iris_binary|4|22,1.3097809622657604,1.3097809622657604,0.0,1.3097809622657604,0.0,1.3097809622657604,0.0
iris_binary|4|23,1.0187185213392076,1.0187185213392076,0.0,1.0187185213392076,0.0,1.0187185213392076,0.0
iris_binary|4|24,2.4740307259719723,2.4740307259719723,0.0,2.4740307259719723,0.0,2.4740307259719723,0.0
iris_binary|4|25,1.9501183323041766,1.9501183323041766,0.0,1.9501183323041766,0.0,1.9501183323041766,0.0
iris_binary|4|26,2.066543308674798,2.066543308674798,0.0,2.066543308674798,0.0,2.066543308674798,0.0
iris_binary|4|27,1.5426309150070026,1.5426309150070026,0.0,1.5426309150070026,0.0,1.5426309150070026,0.0
iris_binary|4|28,0.4948071714788679,0.4948071714788679,0.0,0.4948071714788679,0.0,0.4948071714788679,0.0
iris_binary|4|29,0.3201697069229362,0.3201697069229362,0.0,0.3201697069229362,0.0,0.3201697069229362,0.0
iris_binary|4|30,0.6112321478494892,0.6112321478494892,0.0,0.6112321478494892,0.0,0.6112321478494892,0.0
iris_binary|4|31,0.5530196596641784,0.5530196596641784,0.0,0.5530196596641784,0.0,0.5530196596641784,0.0
iris_binary|4|32,0.8440821005907314,0.8440821005907314,0.0,0.8440821005907314,0.0,0.8440821005907314,0.0
iris_binary|4|33,0.5530196596641784,0.5530196596641784,0.0,0.5530196596641784,0.0,0.5530196596641784,0.0
iris_binary|4|34,2.008330820489488,2.008330820489488,0.0,2.008330820489488,0.0,2.008330820489488,0.0
iris_binary|4|35,0.5530196596641784,0.5530196596641784,0.0,0.5530196596641784,0.0,0.5530196596641784,0.0
iris_binary|4|36,1.775480867748245,1.775480867748245,0.0,1.775480867748245,0.0,1.775480867748245,0.0
iris_binary|4|37,0.785868568597965,0.785868568597965,0.0,0.785868568597965,0.0,0.785868568597965,0.0
iris_binary|4|38,2.008330820489488,2.008330820489488,0.0,2.008330820489488,0.0,2.008330820489488,0.0
iris_binary|4|39,0.6112321478494892,0.6112321478494892,0.0,0.6112321478494892,0.0,0.6112321478494892,0.0
iris_binary|4|40,0.6694446360347998,0.6694446360347998,0.0,0.6694446360347998,0.0,0.6694446360347998,0.0
iris_binary|4|41,1.2515684740804496,1.2515684740804496,0.0,1.2515684740804496,0.0,1.2515684740804496,0.0
iris_binary|4|42,1.1933559858951392,1.1933559858951392,0.0,1.1933559858951392,0.0,1.1933559858951392,0.0
iris_binary|4|43,1.7172683795629347,1.7172683795629347,0.0,1.7172683795629347,0.0,1.7172683795629347,0.0
iris_binary|4|44,0.5530196596641784,0.5530196596641784,0.0,0.5530196596641784,0.0,0.5530196596641784,0.0
digits_0_vs_1|0|0,1.0299382092499623,1.0299382092499623,0.0,1.0299382092499623,0.0,1.0299382092499623,0.0
digits_0_vs_1|0|1,1.853888760564446,1.853888760564446,0.0,1.853888760564446,0.0,1.853888760564446,0.0
digits_0_vs_1|0|2,1.0299382092499623,1.0299382092499623,0.0,1.0299382092499623,0.0,1.0299382092499623,0.0
digits_0_vs_1|0|3,0.06870335800922334,0.06870335800922334,0.0,0.06870335800922334,0.0,0.06870335800922334,0.0
digits_0_vs_1|0|4,1.716563668678699,1.716563668678699,0.0,1.716563668678699,0.0,1.716563668678699,0.0
digits_0_vs_1|0|5,0.06866352583601643,0.06866352583601643,0.0,0.06866352583601643,0.0,0.06866352583601643,0.0
digits_0_vs_1|0|6,2.128538944335941,2.128538944335941,0.0,2.128538944335941,0.0,2.128538944335941,0.0
digits_0_vs_1|0|7,0.21724455259561262,0.21724455259561262,0.0,0.21724455259561262,0.0,0.21724455259561262,0.0
digits_0_vs_1|0|8,2.128538944335941,2.128538944335941,0.0,2.128538944335941,0.0,2.128538944335941,0.0
digits_0_vs_1|0|9,1.4419134849072042,1.4419134849072042,0.0,1.4419134849072042,0.0,1.4419134849072042,0.0
digits_0_vs_1|0|10,0.21724455259561262,0.21724455259561262,0.0,0.21724455259561262,0.0,0.21724455259561262,0.0
digits_0_vs_1|0|11,0.21724455259561262,0.21724455259561262,0.0,0.21724455259561262,0.0,0.21724455259561262,0.0
digits_0_vs_1|0|12,1.853888760564446,1.853888760564446,0.0,1.853888760564446,0.0,1.853888760564446,0.0
digits_0_vs_1|0|13,1.853888760564446,1.853888760564446,0.0,1.853888760564446,0.0,1.853888760564446,0.0
digits_0_vs_1|0|14,0.21724455259561262,0.21724455259561262,0.0,0.21724455259561262,0.0,0.21724455259561262,0.0
digits_0_vs_1|0|15,0.09713305916101277,0.09713305916101277,0.0,0.09713305916101277,0.0,0.09713305916101277,0.0
digits_0_vs_1|0|16,1.716563668678699,1.716563668678699,0.0,1.716563668678699,0.0,1.716563668678699,0.0
digits_0_vs_1|0|17,0.06866352583601643,0.06866352583601643,0.0,0.06866352583601643,0.0,0.06866352583601643,0.0
digits_0_vs_1|0|18,0.21724455259561262,0.21724455259561262,0.0,0.21724455259561262,0.0,0.21724455259561262,0.0
digits_0_vs_1|0|19,2.128538944335941,2.128538944335941,0.0,2.128538944335941,0.0,2.128538944335941,0.0
digits_0_vs_1|0|20,0.21724455259561262,0.21724455259561262,0.0,0.21724455259561262,0.0,0.21724455259561262,0.0
digits_0_vs_1|0|21,1.853888760564446,1.853888760564446,0.0,1.853888760564446,0.0,1.853888760564446,0.0
digits_0_vs_1|0|22,2.128538944335941,2.128538944335941,0.0,2.128538944335941,0.0,2.128538944335941,0.0
digits_0_vs_1|0|23,0.06866352583601643,0.06866352583601643,0.0,0.06866352583601643,0.0,0.06866352583601643,0.0
digits_0_vs_1|0|24,0.06866352583601643,0.06866352583601643,0.0,0.06866352583601643,0.0,0.06866352583601643,0.0
digits_0_vs_1|0|25,1.304588393021457,1.304588393021457,0.0,1.304588393021457,0.0,1.304588393021457,0.0
digits_0_vs_1|0|26,2.128538944335941,2.128538944335941,0.0,2.128538944335941,0.0,2.128538944335941,0.0
digits_0_vs_1|0|27,0.11569910388582368,0.11569910388582368,0.0,0.11569910388582368,0.0,0.11569910388582368,0.0
digits_0_vs_1|0|28,2.128538944335941,2.128538944335941,0.0,2.128538944335941,0.0,2.128538944335941,0.0
digits_0_vs_1|0|29,0.21724455259561262,0.21724455259561262,0.0,0.21724455259561262,0.0,0.21724455259561262,0.0
digits_0_vs_1|0|30,0.06866256604973087,0.06866256604973087,0.0,0.06866256604973087,0.0,0.06866256604973087,0.0
digits_0_vs_1|0|31,2.128538944335941,2.128538944335941,0.0,2.128538944335941,0.0,2.128538944335941,0.0
digits_0_vs_1|0|32,2.128538944335941,2.128538944335941,0.0,2.128538944335941,0.0,2.128538944335941,0.0
digits_0_vs_1|0|33,0.21724455259561262,0.21724455259561262,0.0,0.21724455259561262,0.0,0.21724455259561262,0.0
digits_0_vs_1|0|34,1.0299382092499623,1.0299382092499623,0.0,1.0299382092499623,0.0,1.0299382092499623,0.0
digits_0_vs_1|0|35,1.5792385767929515,1.5792385767929515,0.0,1.5792385767929515,0.0,1.5792385767929515,0.0
digits_0_vs_1|0|36,0.21724455259561262,0.21724455259561262,0.0,0.21724455259561262,0.0,0.21724455259561262,0.0
digits_0_vs_1|0|37,2.128538944335941,2.128538944335941,0.0,2.128538944335941,0.0,2.128538944335941,0.0
digits_0_vs_1|0|38,2.128538944335941,2.128538944335941,0.0,2.128538944335941,0.0,2.128538944335941,0.0
digits_0_vs_1|0|39,2.128538944335941,2.128538944335941,0.0,2.128538944335941,0.0,2.128538944335941,0.0
digits_0_vs_1|0|40,0.06866352583601643,0.06866352583601643,0.0,0.06866352583601643,0.0,0.06866352583601643,0.0
digits_0_vs_1|0|41,2.128538944335941,2.128538944335941,0.0,2.128538944335941,0.0,2.128538944335941,0.0
digits_0_vs_1|0|42,2.128538944335941,2.128538944335941,0.0,2.128538944335941,0.0,2.128538944335941,0.0
digits_0_vs_1|0|43,1.853888760564446,1.853888760564446,0.0,1.853888760564446,0.0,1.853888760564446,0.0
digits_0_vs_1|0|44,2.128538944335941,2.128538944335941,0.0,2.128538944335941,0.0,2.128538944335941,0.0
digits_0_vs_1|0|45,1.9912138524501937,1.9912138524501937,0.0,1.9912138524501937,0.0,1.9912138524501937,0.0
digits_0_vs_1|0|46,1.9912138524501937,1.9912138524501937,0.0,1.9912138524501937,0.0,1.9912138524501937,0.0
digits_0_vs_1|0|47,0.21724455259561262,0.21724455259561262,0.0,0.21724455259561262,0.0,0.21724455259561262,0.0
digits_0_vs_1|0|48,0.21724455259561262,0.21724455259561262,0.0,0.21724455259561262,0.0,0.21724455259561262,0.0
digits_0_vs_1|0|49,0.8926131173642149,0.8926131173642149,0.0,0.8926131173642149,0.0,0.8926131173642149,0.0
digits_0_vs_1|0|50,0.21724455259561262,0.21724455259561262,0.0,0.21724455259561262,0.0,0.21724455259561262,0.0
digits_0_vs_1|0|51,1.716563668678699,1.716563668678699,0.0,1.716563668678699,0.0,1.716563668678699,0.0
digits_0_vs_1|0|52,1.853888760564446,1.853888760564446,0.0,1.853888760564446,0.0,1.853888760564446,0.0
digits_0_vs_1|0|53,2.128538944335941,2.128538944335941,0.0,2.128538944335941,0.0,2.128538944335941,0.0
digits_0_vs_1|0|54,2.128538944335941,2.128538944335941,0.0,2.128538944335941,0.0,2.128538944335941,0.0
digits_0_vs_1|0|55,0.06866352583601643,0.06866352583601643,0.0,0.06866352583601643,0.0,0.06866352583601643,0.0
digits_0_vs_1|0|56,0.21724455259561262,0.21724455259561262,0.0,0.21724455259561262,0.0,0.21724455259561262,0.0
digits_0_vs_1|0|57,0.21724455259561262,0.21724455259561262,0.0,0.21724455259561262,0.0,0.21724455259561262,0.0
digits_0_vs_1|0|58,1.0299382092499623,1.0299382092499623,0.0,1.0299382092499623,0.0,1.0299382092499623,0.0
digits_0_vs_1|0|59,1.304588393021457,1.304588393021457,0.0,1.304588393021457,0.0,1.304588393021457,0.0
digits_0_vs_1|0|60,2.128538944335941,2.128538944335941,0.0,2.128538944335941,0.0,2.128538944335941,0.0
digits_0_vs_1|0|61,0.21724455259561262,0.21724455259561262,0.0,0.21724455259561262,0.0,0.21724455259561262,0.0
digits_0_vs_1|0|62,0.21724455259561262,0.21724455259561262,0.0,0.21724455259561262,0.0,0.21724455259561262,0.0
digits_0_vs_1|0|63,0.21724455259561262,0.21724455259561262,0.0,0.21724455259561262,0.0,0.21724455259561262,0.0
digits_0_vs_1|0|64,0.21724455259561262,0.21724455259561262,0.0,0.21724455259561262,0.0,0.21724455259561262,0.0
digits_0_vs_1|0|65,0.21724455259561262,0.21724455259561262,0.0,0.21724455259561262,0.0,0.21724455259561262,0.0
digits_0_vs_1|0|66,2.128538944335941,2.128538944335941,0.0,2.128538944335941,0.0,2.128538944335941,0.0
digits_0_vs_1|0|67,0.21724455259561262,0.21724455259561262,0.0,0.21724455259561262,0.0,0.21724455259561262,0.0
digits_0_vs_1|0|68,1.716563668678699,1.716563668678699,0.0,1.716563668678699,0.0,1.716563668678699,0.0
digits_0_vs_1|0|69,0.21724455259561262,0.21724455259561262,0.0,0.21724455259561262,0.0,0.21724455259561262,0.0
digits_0_vs_1|1|0,0.06812553669990085,0.06812553669990085,0.0,0.06812553669990085,0.0,0.06812553669990085,0.0
digits_0_vs_1|1|1,0.0967624497266831,0.0967624497266831,0.0,0.0967624497266831,0.0,0.0967624497266831,0.0
digits_0_vs_1|1|2,1.4430143289565869,1.4430143289565869,0.0,1.4430143289565869,0.0,1.4430143289565869,0.0
digits_0_vs_1|1|3,0.06871595830998312,0.06871595830998312,0.0,0.06871595830998312,0.0,0.06871595830998312,0.0
digits_0_vs_1|1|4,0.0967624497266831,0.0967624497266831,0.0,0.0967624497266831,0.0,0.0967624497266831,0.0
digits_0_vs_1|1|5,2.111860156925741,2.111860156925741,0.0,2.111860156925741,0.0,2.111860156925741,0.0
digits_0_vs_1|1|6,0.0967624497266831,0.0967624497266831,0.0,0.0967624497266831,0.0,0.0967624497266831,0.0
digits_0_vs_1|1|7,0.06871595830998312,0.06871595830998312,0.0,0.06871595830998312,0.0,0.06871595830998312,0.0
digits_0_vs_1|1|8,0.0967624497266831,0.0967624497266831,0.0,0.0967624497266831,0.0,0.0967624497266831,0.0
digits_0_vs_1|1|9,1.305584393750535,1.305584393750535,0.0,1.305584393750535,0.0,1.305584393750535,0.0
digits_0_vs_1|1|10,0.0967624497266831,0.0967624497266831,0.0,0.0967624497266831,0.0,0.0967624497266831,0.0
digits_0_vs_1|1|11,0.06812553669990085,0.06812553669990085,0.0,0.06812553669990085,0.0,0.06812553669990085,0.0
digits_0_vs_1|1|12,0.0967624497266831,0.0967624497266831,0.0,0.0967624497266831,0.0,0.0967624497266831,0.0
digits_0_vs_1|1|13,2.1301640049868458,2.1301640049868458,0.0,2.1301640049868458,0.0,2.1301640049868458,0.0
digits_0_vs_1|1|14,0.0967624497266831,0.0967624497266831,0.0,0.0967624497266831,0.0,0.0967624497266831,0.0
digits_0_vs_1|1|15,2.111860156925741,2.111860156925741,0.0,2.111860156925741,0.0,2.111860156925741,0.0
digits_0_vs_1|1|16,1.305584393750535,1.305584393750535,0.0,1.305584393750535,0.0,1.305584393750535,0.0
digits_0_vs_1|1|17,2.111860156925741,2.111860156925741,0.0,2.111860156925741,0.0,2.111860156925741,0.0
digits_0_vs_1|1|18,0.06871595830998312,0.06871595830998312,0.0,0.06871595830998312,0.0,0.06871595830998312,0.0
digits_0_vs_1|1|19,0.0967624497266831,0.0967624497266831,0.0,0.0967624497266831,0.0,0.0967624497266831,0.0
digits_0_vs_1|1|20,0.0967624497266831,0.0967624497266831,0.0,0.0967624497266831,0.0,0.0967624497266831,0.0
digits_0_vs_1|1|21,2.111860156925741,2.111860156925741,0.0,2.111860156925741,0.0,2.111860156925741,0.0
digits_0_vs_1|1|22,1.7178741993686906,1.7178741993686906,0.0,1.7178741993686906,0.0,1.7178741993686906,0.0
digits_0_vs_1|1|23,2.1301640049868458,2.1301640049868458,0.0,2.1301640049868458,0.0,2.1301640049868458,0.0
digits_0_vs_1|1|24,2.1118601569259847,2.1118601569259847,0.0,2.1118601569259847,0.0,2.1118601569259847,0.0
digits_0_vs_1|1|25,0.0967624497266831,0.0967624497266831,0.0,0.0967624497266831,0.0,0.0967624497266831,0.0
digits_0_vs_1|1|26,1.7403680444906247,1.7403680444906247,0.0,1.7403680444906247,0.0,1.7403680444906247,0.0
digits_0_vs_1|1|27,2.1301640049868458,2.1301640049868458,0.0,2.1301640049868458,0.0,2.1301640049868458,0.0
digits_0_vs_1|1|28,0.0967624497266831,0.0967624497266831,0.0,0.0967624497266831,0.0,0.0967624497266831,0.0
digits_0_vs_1|1|29,1.992734069780794,1.992734069780794,0.0,1.992734069780794,0.0,1.992734069780794,0.0
digits_0_vs_1|1|30,2.1301640049868458,2.1301640049868458,0.0,2.1301640049868458,0.0,2.1301640049868458,0.0
digits_0_vs_1|1|31,1.305584393750535,1.305584393750535,0.0,1.305584393750535,0.0,1.305584393750535,0.0
digits_0_vs_1|1|32,0.0967624497266831,0.0967624497266831,0.0,0.0967624497266831,0.0,0.0967624497266831,0.0
digits_0_vs_1|1|33,0.0967624497266831,0.0967624497266831,0.0,0.0967624497266831,0.0,0.0967624497266831,0.0
digits_0_vs_1|1|34,2.111860156925741,2.111860156925741,0.0,2.111860156925741,0.0,2.111860156925741,0.0
digits_0_vs_1|1|35,2.111860156925741,2.111860156925741,0.0,2.111860156925741,0.0,2.111860156925741,0.0
digits_0_vs_1|1|36,2.111860156925741,2.111860156925741,0.0,2.111860156925741,0.0,2.111860156925741,0.0
digits_0_vs_1|1|37,2.1301640049868458,2.1301640049868458,0.0,2.1301640049868458,0.0,2.1301640049868458,0.0
digits_0_vs_1|1|38,0.06871595830998312,0.06871595830998312,0.0,0.06871595830998312,0.0,0.06871595830998312,0.0
digits_0_vs_1|1|39,0.0967624497266831,0.0967624497266831,0.0,0.0967624497266831,0.0,0.0967624497266831,0.0
digits_0_vs_1|1|40,0.0967624497266831,0.0967624497266831,0.0,0.0967624497266831,0.0,0.0967624497266831,0.0
digits_0_vs_1|1|41,0.0967624497266831,0.0967624497266831,0.0,0.0967624497266831,0.0,0.0967624497266831,0.0
digits_0_vs_1|1|42,2.1301640049868458,2.1301640049868458,0.0,2.1301640049868458,0.0,2.1301640049868458,0.0
digits_0_vs_1|1|43,1.4430143289565869,1.4430143289565869,0.0,1.4430143289565869,0.0,1.4430143289565869,0.0
digits_0_vs_1|1|44,2.1301640049868458,2.1301640049868458,0.0,2.1301640049868458,0.0,2.1301640049868458,0.0
digits_0_vs_1|1|45,1.5668639835193305,1.5668639835193305,0.0,1.5668639835193305,0.0,1.5668639835193305,0.0
digits_0_vs_1|1|46,1.8553041345747423,1.8553041345747423,0.0,1.8553041345747423,0.0,1.8553041345747423,0.0
digits_0_vs_1|1|47,1.9756111135741385,1.9756111135741385,0.0,1.9756111135741385,0.0,1.9756111135741385,0.0
digits_0_vs_1|1|48,2.1118601569259847,2.1118601569259847,0.0,2.1118601569259847,0.0,2.1118601569259847,0.0
digits_0_vs_1|1|49,1.4430143289565869,1.4430143289565869,0.0,1.4430143289565869,0.0,1.4430143289565869,0.0
digits_0_vs_1|1|50,2.111860156925741,2.111860156925741,0.0,2.111860156925741,0.0,2.111860156925741,0.0
digits_0_vs_1|1|51,2.111860156925741,2.111860156925741,0.0,2.111860156925741,0.0,2.111860156925741,0.0
digits_0_vs_1|1|52,0.0967624497266831,0.0967624497266831,0.0,0.0967624497266831,0.0,0.0967624497266831,0.0
digits_0_vs_1|1|53,1.305584393750535,1.305584393750535,0.0,1.305584393750535,0.0,1.305584393750535,0.0
digits_0_vs_1|1|54,0.06812553669990085,0.06812553669990085,0.0,0.06812553669990085,0.0,0.06812553669990085,0.0
digits_0_vs_1|1|55,0.0967624497266831,0.0967624497266831,0.0,0.0967624497266831,0.0,0.0967624497266831,0.0
digits_0_vs_1|1|56,0.0967624497266831,0.0967624497266831,0.0,0.0967624497266831,0.0,0.0967624497266831,0.0
digits_0_vs_1|1|57,0.0967624497266831,0.0967624497266831,0.0,0.0967624497266831,0.0,0.0967624497266831,0.0
digits_0_vs_1|1|58,1.5804442641626386,1.5804442641626386,0.0,1.5804442641626386,0.0,1.5804442641626386,0.0
digits_0_vs_1|1|59,0.0967624497266831,0.0967624497266831,0.0,0.0967624497266831,0.0,0.0967624497266831,0.0
digits_0_vs_1|1|60,0.4810047825142242,0.4810047825142242,0.0,0.4810047825142242,0.0,0.4810047825142242,0.0
digits_0_vs_1|1|61,2.1301640049868458,2.1301640049868458,0.0,2.1301640049868458,0.0,2.1301640049868458,0.0
digits_0_vs_1|1|62,0.0967624497266831,0.0967624497266831,0.0,0.0967624497266831,0.0,0.0967624497266831,0.0
digits_0_vs_1|1|63,0.0967624497266831,0.0967624497266831,0.0,0.0967624497266831,0.0,0.0967624497266831,0.0
digits_0_vs_1|1|64,1.992734069780794,1.992734069780794,0.0,1.992734069780794,0.0,1.992734069780794,0.0
digits_0_vs_1|1|65,2.1301640049868458,2.1301640049868458,0.0,2.1301640049868458,0.0,2.1301640049868458,0.0
digits_0_vs_1|1|66,0.0967624497266831,0.0967624497266831,0.0,0.0967624497266831,0.0,0.0967624497266831,0.0
digits_0_vs_1|1|67,0.0967624497266831,0.0967624497266831,0.0,0.0967624497266831,0.0,0.0967624497266831,0.0
digits_0_vs_1|1|68,1.7178741993686906,1.7178741993686906,0.0,1.7178741993686906,0.0,1.7178741993686906,0.0
digits_0_vs_1|1|69,1.305584393750535,1.305584393750535,0.0,1.305584393750535,0.0,1.305584393750535,0.0
digits_0_vs_1|2|0,0.06979071272730464,0.06979071272730464,0.0,0.06979071272730464,0.0,0.06979071272730464,0.0
digits_0_vs_1|2|1,0.06979071272730464,0.06979071272730464,0.0,0.06979071272730464,0.0,0.06979071272730464,0.0
digits_0_vs_1|2|2,1.4358533761784966,1.4358533761784966,0.0,1.4358533761784966,0.0,1.4358533761784966,0.0
digits_0_vs_1|2|3,2.1195930755103616,2.1195930755103616,0.0,2.1195930755103616,0.0,2.1195930755103616,0.0
digits_0_vs_1|2|4,0.06979071272730464,0.06979071272730464,0.0,0.06979071272730464,0.0,0.06979071272730464,0.0
digits_0_vs_1|2|5,2.023901240478188,2.023901240478188,0.0,2.023901240478188,0.0,2.023901240478188,0.0
digits_0_vs_1|2|6,0.06979071272730464,0.06979071272730464,0.0,0.06979071272730464,0.0,0.06979071272730464,0.0
digits_0_vs_1|2|7,2.1195930755103616,2.1195930755103616,0.0,2.1195930755103616,0.0,2.1195930755103616,0.0
digits_0_vs_1|2|8,1.5726013160448695,1.5726013160448695,0.0,1.5726013160448695,0.0,1.5726013160448695,0.0
digits_0_vs_1|2|9,1.465583652956723,1.465583652956723,0.0,1.465583652956723,0.0,1.465583652956723,0.0
digits_0_vs_1|2|10,1.982845135643989,1.982845135643989,0.0,1.982845135643989,0.0,1.982845135643989,0.0
digits_0_vs_1|2|11,2.1195930755103616,2.1195930755103616,0.0,2.1195930755103616,0.0,2.1195930755103616,0.0
digits_0_vs_1|2|12,1.7447424467174553,1.7447424467174553,0.0,1.7447424467174553,0.0,1.7447424467174553,0.0
digits_0_vs_1|2|13,2.1195930755103616,2.1195930755103616,0.0,2.1195930755103616,0.0,2.1195930755103616,0.0
digits_0_vs_1|2|14,0.06979071272730464,0.06979071272730464,0.0,0.06979071272730464,0.0,0.06979071272730464,0.0
digits_0_vs_1|2|15,1.0256095565793775,1.0256095565793775,0.0,1.0256095565793775,0.0,1.0256095565793775,0.0
digits_0_vs_1|2|16,0.0977030145879279,0.0977030145879279,0.0,0.0977030145879279,0.0,0.0977030145879279,0.0
digits_0_vs_1|2|17,0.06979071272730464,0.06979071272730464,0.0,0.06979071272730464,0.0,0.06979071272730464,0.0
digits_0_vs_1|2|18,0.06979071272730464,0.06979071272730464,0.0,0.06979071272730464,0.0,0.06979071272730464,0.0
digits_0_vs_1|2|19,0.06979071272730464,0.06979071272730464,0.0,0.06979071272730464,0.0,0.06979071272730464,0.0
digits_0_vs_1|2|20,0.06979071272730464,0.06979071272730464,0.0,0.06979071272730464,0.0,0.06979071272730464,0.0
digits_0_vs_1|2|21,0.06979071272730464,0.06979071272730464,0.0,0.06979071272730464,0.0,0.06979071272730464,0.0
digits_0_vs_1|2|22,0.06979071272730464,0.06979071272730464,0.0,0.06979071272730464,0.0,0.06979071272730464,0.0
digits_0_vs_1|2|23,0.6153657369802582,0.6153657369802582,0.0,0.6153657369802582,0.0,0.6153657369802582,0.0
digits_0_vs_1|2|24,1.5726013160448695,1.5726013160448695,0.0,1.5726013160448695,0.0,1.5726013160448695,0.0
digits_0_vs_1|2|25,2.1195930755103616,2.1195930755103616,0.0,2.1195930755103616,0.0,2.1195930755103616,0.0
digits_0_vs_1|2|26,2.1195930755103616,2.1195930755103616,0.0,2.1195930755103616,0.0,2.1195930755103616,0.0
digits_0_vs_1|2|27,0.06979071272730464,0.06979071272730464,0.0,0.06979071272730464,0.0,0.06979071272730464,0.0
digits_0_vs_1|2|28,0.06979071272730464,0.06979071272730464,0.0,0.06979071272730464,0.0,0.06979071272730464,0.0
digits_0_vs_1|2|29,2.1195930755103616,2.1195930755103616,0.0,2.1195930755103616,0.0,2.1195930755103616,0.0
digits_0_vs_1|2|30,0.06979071272730464,0.06979071272730464,0.0,0.06979071272730464,0.0,0.06979071272730464,0.0
digits_0_vs_1|2|31,1.4358533761784966,1.4358533761784966,0.0,1.4358533761784966,0.0,1.4358533761784966,0.0
digits_0_vs_1|2|32,0.06979071272730464,0.06979071272730464,0.0,0.06979071272730464,0.0,0.06979071272730464,0.0
digits_0_vs_1|2|33,0.06979071272730464,0.06979071272730464,0.0,0.06979071272730464,0.0,0.06979071272730464,0.0
digits_0_vs_1|2|34,0.7521136768466312,0.7521136768466312,0.0,0.7521136768466312,0.0,0.7521136768466312,0.0
digits_0_vs_1|2|35,0.06979071273427227,0.06979071273427227,0.0,0.06979071273427227,0.0,0.06979071273427227,0.0
digits_0_vs_1|2|36,0.06979071272730464,0.06979071272730464,0.0,0.06979071272730464,0.0,0.06979071272730464,0.0
digits_0_vs_1|2|37,2.1195930755103616,2.1195930755103616,0.0,2.1195930755103616,0.0,2.1195930755103616,0.0
digits_0_vs_1|2|38,0.06979071272730464,0.06979071272730464,0.0,0.06979071272730464,0.0,0.06979071272730464,0.0
digits_0_vs_1|2|39,2.1195930755103616,2.1195930755103616,0.0,2.1195930755103616,0.0,2.1195930755103616,0.0
digits_0_vs_1|2|40,2.1195930755103616,2.1195930755103616,0.0,2.1195930755103616,0.0,2.1195930755103616,0.0
digits_0_vs_1|2|41,0.06979071272730464,0.06979071272730464,0.0,0.06979071272730464,0.0,0.06979071272730464,0.0
digits_0_vs_1|2|42,0.06979071272730464,0.06979071272730464,0.0,0.06979071272730464,0.0,0.06979071272730464,0.0
digits_0_vs_1|2|43,2.1195930755103616,2.1195930755103616,0.0,2.1195930755103616,0.0,2.1195930755103616,0.0
digits_0_vs_1|2|44,1.7093492559112426,1.7093492559112426,0.0,1.7093492559112426,0.0,1.7093492559112426,0.0
digits_0_vs_1|2|45,1.1623574964457504,1.1623574964457504,0.0,1.1623574964457504,0.0,1.1623574964457504,0.0
digits_0_vs_1|2|46,0.06979071272730464,0.06979071272730464,0.0,0.06979071272730464,0.0,0.06979071272730464,0.0
digits_0_vs_1|2|47,0.06979071272730464,0.06979071272730464,0.0,0.06979071272730464,0.0,0.06979071272730464,0.0
digits_0_vs_1|2|48,0.06979071272730464,0.06979071272730464,0.0,0.06979071272730464,0.0,0.06979071272730464,0.0
digits_0_vs_1|2|49,0.06979071272730464,0.06979071272730464,0.0,0.06979071272730464,0.0,0.06979071272730464,0.0
digits_0_vs_1|2|50,1.1623574964457504,1.1623574964457504,0.0,1.1623574964457504,0.0,1.1623574964457504,0.0
digits_0_vs_1|2|51,1.1623574964457504,1.1623574964457504,0.0,1.1623574964457504,0.0,1.1623574964457504,0.0
digits_0_vs_1|2|52,0.06979071272730464,0.06979071272730464,0.0,0.06979071272730464,0.0,0.06979071272730464,0.0
digits_0_vs_1|2|53,2.1195930755103616,2.1195930755103616,0.0,2.1195930755103616,0.0,2.1195930755103616,0.0
digits_0_vs_1|2|54,0.0977030145879279,0.0977030145879279,0.0,0.0977030145879279,0.0,0.0977030145879279,0.0
digits_0_vs_1|2|55,0.06979071272730464,0.06979071272730464,0.0,0.06979071272730464,0.0,0.06979071272730464,0.0
digits_0_vs_1|2|56,0.06979071272730464,0.06979071272730464,0.0,0.06979071272730464,0.0,0.06979071272730464,0.0
digits_0_vs_1|2|57,2.1195930755103616,2.1195930755103616,0.0,2.1195930755103616,0.0,2.1195930755103616,0.0
digits_0_vs_1|2|58,1.0468454623156245,1.0468454623156245,0.0,1.0468454623156245,0.0,1.0468454623156245,0.0
digits_0_vs_1|2|59,2.1195930755103616,2.1195930755103616,0.0,2.1195930755103616,0.0,2.1195930755103616,0.0
digits_0_vs_1|2|60,2.1195930755103616,2.1195930755103616,0.0,2.1195930755103616,0.0,2.1195930755103616,0.0
digits_0_vs_1|2|61,1.5726013160448695,1.5726013160448695,0.0,1.5726013160448695,0.0,1.5726013160448695,0.0
digits_0_vs_1|2|62,0.06979071272730464,0.06979071272730464,0.0,0.06979071272730464,0.0,0.06979071272730464,0.0
digits_0_vs_1|2|63,1.982845135643989,1.982845135643989,0.0,1.982845135643989,0.0,1.982845135643989,0.0
digits_0_vs_1|2|64,0.06979071272730464,0.06979071272730464,0.0,0.06979071272730464,0.0,0.06979071272730464,0.0
digits_0_vs_1|2|65,2.1195930755103616,2.1195930755103616,0.0,2.1195930755103616,0.0,2.1195930755103616,0.0
digits_0_vs_1|2|66,0.06979071272730464,0.06979071272730464,0.0,0.06979071272730464,0.0,0.06979071272730464,0.0
digits_0_vs_1|2|67,0.06979071272730464,0.06979071272730464,0.0,0.06979071272730464,0.0,0.06979071272730464,0.0
digits_0_vs_1|2|68,0.06979071272730464,0.06979071272730464,0.0,0.06979071272730464,0.0,0.06979071272730464,0.0
digits_0_vs_1|2|69,2.1195930755103616,2.1195930755103616,0.0,2.1195930755103616,0.0,2.1195930755103616,0.0
digits_0_vs_1|3|0,1.7372676888695537,1.7372676888695537,0.0,1.7372676888695537,0.0,1.7372676888695537,0.0
digits_0_vs_1|3|1,0.8078406739482951,0.8078406739482951,0.0,0.8078406739482951,0.0,0.8078406739482951,0.0
digits_0_vs_1|3|2,0.09130675740818273,0.09130675740818273,0.0,0.09130675740818273,0.0,0.09130675740818273,0.0
digits_0_vs_1|3|3,0.4836271966921141,0.4836271966921141,0.0,0.4836271966921141,0.0,0.4836271966921141,0.0
digits_0_vs_1|3|4,0.4836271966921141,0.4836271966921141,0.0,0.4836271966921141,0.0,0.4836271966921141,0.0
digits_0_vs_1|3|5,1.3409739938123872,1.3409739938123872,0.0,1.3409739938123872,0.0,1.3409739938123872,0.0
digits_0_vs_1|3|6,0.4836271966921141,0.4836271966921141,0.0,0.4836271966921141,0.0,0.4836271966921141,0.0
digits_0_vs_1|3|7,0.4836271966921141,0.4836271966921141,0.0,0.4836271966921141,0.0,0.4836271966921141,0.0
digits_0_vs_1|3|8,0.8078406739482951,0.8078406739482951,0.0,0.8078406739482951,0.0,0.8078406739482951,0.0
digits_0_vs_1|3|9,1.4765092228126204,1.4765092228126204,0.0,1.4765092228126204,0.0,1.4765092228126204,0.0
digits_0_vs_1|3|10,1.7272363949098442,1.7272363949098442,0.0,1.7272363949098442,0.0,1.7272363949098442,0.0
digits_0_vs_1|3|11,1.7670196229775872,1.7670196229775872,0.0,1.7670196229775872,0.0,1.7670196229775872,0.0
digits_0_vs_1|3|12,0.4836271966921141,0.4836271966921141,0.0,0.4836271966921141,0.0,0.4836271966921141,0.0
digits_0_vs_1|3|13,0.4836271966921141,0.4836271966921141,0.0,0.4836271966921141,0.0,0.4836271966921141,0.0
digits_0_vs_1|3|14,1.7272363949092686,1.7272363949092686,0.0,1.7272363949092686,0.0,1.7272363949092686,0.0
digits_0_vs_1|3|15,1.7272363949092686,1.7272363949092686,0.0,1.7272363949092686,0.0,1.7272363949092686,0.0
digits_0_vs_1|3|16,0.4836271966921141,0.4836271966921141,0.0,0.4836271966921141,0.0,0.4836271966921141,0.0
digits_0_vs_1|3|17,0.4836271966921141,0.4836271966921141,0.0,0.4836271966921141,0.0,0.4836271966921141,0.0
digits_0_vs_1|3|18,0.4836271966921141,0.4836271966921141,0.0,0.4836271966921141,0.0,0.4836271966921141,0.0
digits_0_vs_1|3|19,1.7488214377922031,1.7488214377922031,0.0,1.7488214377922031,0.0,1.7488214377922031,0.0
digits_0_vs_1|3|20,0.4836271966921141,0.4836271966921141,0.0,0.4836271966921141,0.0,0.4836271966921141,0.0
digits_0_vs_1|3|21,0.4836271966921141,0.4836271966921141,0.0,0.4836271966921141,0.0,0.4836271966921141,0.0
digits_0_vs_1|3|22,1.7670196229775872,1.7670196229775872,0.0,1.7670196229775872,0.0,1.7670196229775872,0.0
digits_0_vs_1|3|23,1.7670196229775872,1.7670196229775872,0.0,1.7670196229775872,0.0,1.7670196229775872,0.0
digits_0_vs_1|3|24,1.5890574829341821,1.5890574829341821,0.0,1.5890574829341821,0.0,1.5890574829341821,0.0
digits_0_vs_1|3|25,1.7272363949092686,1.7272363949092686,0.0,1.7272363949092686,0.0,1.7272363949092686,0.0
digits_0_vs_1|3|26,1.7272363949092686,1.7272363949092686,0.0,1.7272363949092686,0.0,1.7272363949092686,0.0
digits_0_vs_1|3|27,1.7296480820813127,1.7296480820813127,0.0,1.7296480820813127,0.0,1.7296480820813127,0.0
digits_0_vs_1|3|28,0.4836271966921141,0.4836271966921141,0.0,0.4836271966921141,0.0,0.4836271966921141,0.0
digits_0_vs_1|3|29,0.4836271966921141,0.4836271966921141,0.0,0.4836271966921141,0.0,0.4836271966921141,0.0
digits_0_vs_1|3|30,1.4508785709597807,1.4508785709597807,0.0,1.4508785709597807,0.0,1.4508785709597807,0.0
digits_0_vs_1|3|31,0.4836271966921141,0.4836271966921141,0.0,0.4836271966921141,0.0,0.4836271966921141,0.0
digits_0_vs_1|3|32,1.7670196229775872,1.7670196229775872,0.0,1.7670196229775872,0.0,1.7670196229775872,0.0
digits_0_vs_1|3|33,0.4836271966921141,0.4836271966921141,0.0,0.4836271966921141,0.0,0.4836271966921141,0.0
digits_0_vs_1|3|34,1.7670196229775872,1.7670196229775872,0.0,1.7670196229775872,0.0,1.7670196229775872,0.0
digits_0_vs_1|3|35,1.7670196229775872,1.7670196229775872,0.0,1.7670196229775872,0.0,1.7670196229775872,0.0
digits_0_vs_1|3|36,0.6218050991085771,0.6218050991085771,0.0,0.6218050991085771,0.0,0.6218050991085771,0.0
digits_0_vs_1|3|37,0.4836271966921141,0.4836271966921141,0.0,0.4836271966921141,0.0,0.4836271966921141,0.0
digits_0_vs_1|3|38,0.3728427371364158,0.3728427371364158,0.0,0.3728427371364158,0.0,0.3728427371364158,0.0
digits_0_vs_1|3|39,0.4836271966921141,0.4836271966921141,0.0,0.4836271966921141,0.0,0.4836271966921141,0.0
digits_0_vs_1|3|40,0.4836271966921141,0.4836271966921141,0.0,0.4836271966921141,0.0,0.4836271966921141,0.0
digits_0_vs_1|3|41,1.3409739938116458,1.3409739938116458,0.0,1.3409739938116458,0.0,1.3409739938116458,0.0
digits_0_vs_1|3|42,0.4836271966921141,0.4836271966921141,0.0,0.4836271966921141,0.0,0.4836271966921141,0.0
digits_0_vs_1|3|43,0.4836271966921141,0.4836271966921141,0.0,0.4836271966921141,0.0,0.4836271966921141,0.0
digits_0_vs_1|3|44,0.4836271966921141,0.4836271966921141,0.0,0.4836271966921141,0.0,0.4836271966921141,0.0
digits_0_vs_1|3|45,1.5890574829341821,1.5890574829341821,0.0,1.5890574829341821,0.0,1.5890574829341821,0.0
digits_0_vs_1|3|46,1.071930621086888,1.071930621086888,0.0,1.071930621086888,0.0,1.071930621086888,0.0
digits_0_vs_1|3|47,0.4836271966921141,0.4836271966921141,0.0,0.4836271966921141,0.0,0.4836271966921141,0.0
digits_0_vs_1|3|48,0.4836271966921141,0.4836271966921141,0.0,0.4836271966921141,0.0,0.4836271966921141,0.0
digits_0_vs_1|3|49,1.7587296211108125,1.7587296211108125,0.0,1.7587296211108125,0.0,1.7587296211108125,0.0
digits_0_vs_1|3|50,0.4836271966921141,0.4836271966921141,0.0,0.4836271966921141,0.0,0.4836271966921141,0.0
digits_0_vs_1|3|51,0.4836271966921141,0.4836271966921141,0.0,0.4836271966921141,0.0,0.4836271966921141,0.0
digits_0_vs_1|3|52,1.769377085851473,1.769377085851473,0.0,1.769377085851473,0.0,1.769377085851473,0.0
digits_0_vs_1|3|53,0.4836271966921141,0.4836271966921141,0.0,0.4836271966921141,0.0,0.4836271966921141,0.0
digits_0_vs_1|3|54,1.7488214377922031,1.7488214377922031,0.0,1.7488214377922031,0.0,1.7488214377922031,0.0
digits_0_vs_1|3|55,1.7272363949098442,1.7272363949098442,0.0,1.7272363949098442,0.0,1.7272363949098442,0.0
digits_0_vs_1|3|56,0.4836271966921141,0.4836271966921141,0.0,0.4836271966921141,0.0,0.4836271966921141,0.0
digits_0_vs_1|3|57,0.4836271966921141,0.4836271966921141,0.0,0.4836271966921141,0.0,0.4836271966921141,0.0
digits_0_vs_1|3|58,0.725020251693782,0.725020251693782,0.0,0.725020251693782,0.0,0.725020251693782,0.0
digits_0_vs_1|3|59,1.7272363949092686,1.7272363949092686,0.0,1.7272363949092686,0.0,1.7272363949092686,0.0
digits_0_vs_1|3|60,0.4836271966921141,0.4836271966921141,0.0,0.4836271966921141,0.0,0.4836271966921141,0.0
digits_0_vs_1|3|61,0.4836271966921141,0.4836271966921141,0.0,0.4836271966921141,0.0,0.4836271966921141,0.0
digits_0_vs_1|3|62,0.4836271966921141,0.4836271966921141,0.0,0.4836271966921141,0.0,0.4836271966921141,0.0
digits_0_vs_1|3|63,1.3646219911702369,1.3646219911702369,0.0,1.3646219911702369,0.0,1.3646219911702369,0.0
digits_0_vs_1|3|64,1.2322790955149265,1.2322790955149265,0.0,1.2322790955149265,0.0,1.2322790955149265,0.0
digits_0_vs_1|3|65,1.3126996589840092,1.3126996589840092,0.0,1.3126996589840092,0.0,1.3126996589840092,0.0
digits_0_vs_1|3|66,0.4836271966921141,0.4836271966921141,0.0,0.4836271966921141,0.0,0.4836271966921141,0.0
digits_0_vs_1|3|67,0.4836271966921141,0.4836271966921141,0.0,0.4836271966921141,0.0,0.4836271966921141,0.0
digits_0_vs_1|3|68,0.34544828471702776,0.34544828471702776,0.0,0.34544828471702776,0.0,0.34544828471702776,0.0
digits_0_vs_1|3|69,1.4765092228126204,1.4765092228126204,0.0,1.4765092228126204,0.0,1.4765092228126204,0.0
digits_0_vs_1|4|0,0.4827687219952597,0.4827687219952597,0.0,0.4827687219952597,0.0,0.4827687219952597,0.0
digits_0_vs_1|4|1,1.7241704838261,1.7241704838261,0.0,1.7241704838261,0.0,1.7241704838261,0.0
digits_0_vs_1|4|2,0.4827687219952597,0.4827687219952597,0.0,0.4827687219952597,0.0,0.4827687219952597,0.0
digits_0_vs_1|4|3,0.3448341051877502,0.3448341051877502,0.0,0.3448341051877502,0.0,0.3448341051877502,0.0
digits_0_vs_1|4|4,0.4827687219952597,0.4827687219952597,0.0,0.4827687219952597,0.0,0.4827687219952597,0.0
digits_0_vs_1|4|5,0.3448350841314248,0.3448350841314248,0.0,0.3448350841314248,0.0,0.3448350841314248,0.0
digits_0_vs_1|4|6,0.20690144626758972,0.20690144626758972,0.0,0.20690144626758972,0.0,0.20690144626758972,0.0
digits_0_vs_1|4|7,0.4827687219952597,0.4827687219952597,0.0,0.4827687219952597,0.0,0.4827687219952597,0.0
digits_0_vs_1|4|8,0.20690144626758972,0.20690144626758972,0.0,0.20690144626758972,0.0,0.20690144626758972,0.0
digits_0_vs_1|4|9,1.7241704838261,1.7241704838261,0.0,1.7241704838261,0.0,1.7241704838261,0.0
digits_0_vs_1|4|10,1.7241704838261,1.7241704838261,0.0,1.7241704838261,0.0,1.7241704838261,0.0
digits_0_vs_1|4|11,0.4827687219952597,0.4827687219952597,0.0,0.4827687219952597,0.0,0.4827687219952597,0.0
digits_0_vs_1|4|12,1.758917935598336,1.758917935598336,0.0,1.758917935598336,0.0,1.758917935598336,0.0
digits_0_vs_1|4|13,0.4827687219952597,0.4827687219952597,0.0,0.4827687219952597,0.0,0.4827687219952597,0.0
digits_0_vs_1|4|14,1.758917935598336,1.758917935598336,0.0,1.758917935598336,0.0,1.758917935598336,0.0
digits_0_vs_1|4|15,0.0689668294600802,0.0689668294600802,0.0,0.0689668294600802,0.0,0.0689668294600802,0.0
digits_0_vs_1|4|16,0.4827687219952597,0.4827687219952597,0.0,0.4827687219952597,0.0,0.4827687219952597,0.0
digits_0_vs_1|4|17,0.4827687219952597,0.4827687219952597,0.0,0.4827687219952597,0.0,0.4827687219952597,0.0
digits_0_vs_1|4|18,1.310369570235157,1.310369570235157,0.0,1.310369570235157,0.0,1.310369570235157,0.0
digits_0_vs_1|4|19,0.4827687219952597,0.4827687219952597,0.0,0.4827687219952597,0.0,0.4827687219952597,0.0
digits_0_vs_1|4|20,0.4827687219952597,0.4827687219952597,0.0,0.4827687219952597,0.0,0.4827687219952597,0.0
digits_0_vs_1|4|21,1.7241704838261,1.7241704838261,0.0,1.7241704838261,0.0,1.7241704838261,0.0
digits_0_vs_1|4|22,1.7241704838261,1.7241704838261,0.0,1.7241704838261,0.0,1.7241704838261,0.0
digits_0_vs_1|4|23,1.758917935598336,1.758917935598336,0.0,1.758917935598336,0.0,1.758917935598336,0.0
digits_0_vs_1|4|24,1.758917935598336,1.758917935598336,0.0,1.758917935598336,0.0,1.758917935598336,0.0
digits_0_vs_1|4|25,0.7586350187792552,0.7586350187792552,0.0,0.7586350187792552,0.0,0.7586350187792552,0.0
digits_0_vs_1|4|26,0.4827687219952597,0.4827687219952597,0.0,0.4827687219952597,0.0,0.4827687219952597,0.0
digits_0_vs_1|4|27,0.4827687219952597,0.4827687219952597,0.0,0.4827687219952597,0.0,0.4827687219952597,0.0
digits_0_vs_1|4|28,0.40476690854272995,0.40476690854272995,0.0,0.40476690854272995,0.0,0.40476690854272995,0.0
digits_0_vs_1|4|29,1.758917935598336,1.758917935598336,0.0,1.758917935598336,0.0,1.758917935598336,0.0
digits_0_vs_1|4|30,0.4827687219952597,0.4827687219952597,0.0,0.4827687219952597,0.0,0.4827687219952597,0.0
digits_0_vs_1|4|31,0.4827687219952597,0.4827687219952597,0.0,0.4827687219952597,0.0,0.4827687219952597,0.0
digits_0_vs_1|4|32,1.758917935598336,1.758917935598336,0.0,1.758917935598336,0.0,1.758917935598336,0.0
digits_0_vs_1|4|33,1.7241704838261,1.7241704838261,0.0,1.7241704838261,0.0,1.7241704838261,0.0
digits_0_vs_1|4|34,0.4827687219952597,0.4827687219952597,0.0,0.4827687219952597,0.0,0.4827687219952597,0.0
digits_0_vs_1|4|35,0.4827687219952597,0.4827687219952597,0.0,0.4827687219952597,0.0,0.4827687219952597,0.0
digits_0_vs_1|4|36,1.7241704838261,1.7241704838261,0.0,1.7241704838261,0.0,1.7241704838261,0.0
digits_0_vs_1|4|37,0.4827687219952597,0.4827687219952597,0.0,0.4827687219952597,0.0,0.4827687219952597,0.0
digits_0_vs_1|4|38,0.3478914297196529,0.3478914297196529,0.0,0.3478914297196529,0.0,0.3478914297196529,0.0
digits_0_vs_1|4|39,1.7241704838261,1.7241704838261,0.0,1.7241704838261,0.0,1.7241704838261,0.0
digits_0_vs_1|4|40,1.758917935598336,1.758917935598336,0.0,1.758917935598336,0.0,1.758917935598336,0.0
digits_0_vs_1|4|41,1.7241704838261,1.7241704838261,0.0,1.7241704838261,0.0,1.7241704838261,0.0
digits_0_vs_1|4|42,1.7329227276753691,1.7329227276753691,0.0,1.7329227276753691,0.0,1.7329227276753691,0.0
digits_0_vs_1|4|43,0.4827687219952597,0.4827687219952597,0.0,0.4827687219952597,0.0,0.4827687219952597,0.0
digits_0_vs_1|4|44,1.7241704838261,1.7241704838261,0.0,1.7241704838261,0.0,1.7241704838261,0.0
digits_0_vs_1|4|45,1.7241704838261,1.7241704838261,0.0,1.7241704838261,0.0,1.7241704838261,0.0
digits_0_vs_1|4|46,0.4827687219952597,0.4827687219952597,0.0,0.4827687219952597,0.0,0.4827687219952597,0.0
digits_0_vs_1|4|47,1.3103695702345952,1.3103695702345952,0.0,1.3103695702345952,0.0,1.3103695702345952,0.0
digits_0_vs_1|4|48,1.7241704838261,1.7241704838261,0.0,1.7241704838261,0.0,1.7241704838261,0.0
digits_0_vs_1|4|49,1.4895001273785071,1.4895001273785071,0.0,1.4895001273785071,0.0,1.4895001273785071,0.0
digits_0_vs_1|4|50,0.4827687219952597,0.4827687219952597,0.0,0.4827687219952597,0.0,0.4827687219952597,0.0
digits_0_vs_1|4|51,1.758917935598336,1.758917935598336,0.0,1.758917935598336,0.0,1.758917935598336,0.0
digits_0_vs_1|4|52,0.4827687219952597,0.4827687219952597,0.0,0.4827687219952597,0.0,0.4827687219952597,0.0
digits_0_vs_1|4|53,0.4827687219952597,0.4827687219952597,0.0,0.4827687219952597,0.0,0.4827687219952597,0.0
digits_0_vs_1|4|54,1.758917935598336,1.758917935598336,0.0,1.758917935598336,0.0,1.758917935598336,0.0
digits_0_vs_1|4|55,1.7241704838261,1.7241704838261,0.0,1.7241704838261,0.0,1.7241704838261,0.0
digits_0_vs_1|4|56,0.4827687219952597,0.4827687219952597,0.0,0.4827687219952597,0.0,0.4827687219952597,0.0
digits_0_vs_1|4|57,1.5957457987677826,1.5957457987677826,0.0,1.5957457987677826,0.0,1.5957457987677826,0.0
digits_0_vs_1|4|58,1.7241704838261,1.7241704838261,0.0,1.7241704838261,0.0,1.7241704838261,0.0
digits_0_vs_1|4|59,0.4827687219952597,0.4827687219952597,0.0,0.4827687219952597,0.0,0.4827687219952597,0.0
digits_0_vs_1|4|60,1.7241704838261,1.7241704838261,0.0,1.7241704838261,0.0,1.7241704838261,0.0
digits_0_vs_1|4|61,0.4827687219952597,0.4827687219952597,0.0,0.4827687219952597,0.0,0.4827687219952597,0.0
digits_0_vs_1|4|62,0.4827687219952597,0.4827687219952597,0.0,0.4827687219952597,0.0,0.4827687219952597,0.0
digits_0_vs_1|4|63,1.7241704838261,1.7241704838261,0.0,1.7241704838261,0.0,1.7241704838261,0.0
digits_0_vs_1|4|64,0.4827687219952597,0.4827687219952597,0.0,0.4827687219952597,0.0,0.4827687219952597,0.0
digits_0_vs_1|4|65,0.4827687219952597,0.4827687219952597,0.0,0.4827687219952597,0.0,0.4827687219952597,0.0
digits_0_vs_1|4|66,1.586236845962265,1.586236845962265,0.0,1.586236845962265,0.0,1.586236845962265,0.0
digits_0_vs_1|4|67,0.0689668294600802,0.0689668294600802,0.0,0.0689668294600802,0.0,0.0689668294600802,0.0
digits_0_vs_1|4|68,0.4827687219952597,0.4827687219952597,0.0,0.4827687219952597,0.0,0.4827687219952597,0.0
digits_0_vs_1|4|69,0.4827687219952597,0.4827687219952597,0.0,0.4827687219952597,0.0,0.4827687219952597,0.0
synthetic_20|0|0,0.1536821995183323,0.1536821995183323,0.0,0.1536821995183323,0.0,0.1536821995183323,0.0
synthetic_20|0|1,0.43712055385129345,0.43712055385129345,0.0,0.43712055385129345,0.0,0.43712055385129345,0.0
synthetic_20|0|2,1.2510820300166263,1.2510820300166263,0.0,1.2510820300166263,0.0,1.2510820300166263,0.0
synthetic_20|0|3,0.6841142304098634,0.6841142304098634,0.0,0.6841142304098634,0.0,0.6841142304098634,0.0
synthetic_20|0|4,0.8040550104893326,0.8040550104893326,0.0,0.8040550104893326,0.0,0.8040550104893326,0.0
synthetic_20|0|5,0.5200697628822556,0.5200697628822556,0.0,0.5200697628822556,0.0,0.5200697628822556,0.0
synthetic_20|0|6,0.7122247005217034,0.7122247005217034,0.0,0.7122247005217034,0.0,0.7122247005217034,0.0
synthetic_20|0|7,0.6135838991371364,0.6135838991371364,0.0,0.6135838991371364,0.0,0.6135838991371364,0.0
synthetic_20|0|8,0.7301684913249818,0.7301684913249818,0.0,0.7301684913249818,0.0,0.7301684913249818,0.0
synthetic_20|0|9,0.08012835858357059,0.08012835858357059,0.0,0.08012835858357059,0.0,0.08012835858357059,0.0
synthetic_20|0|10,0.6171687761489447,0.6171687761489447,0.0,0.6171687761489447,0.0,0.6171687761489447,0.0
synthetic_20|0|11,0.3418163358932762,0.3418163358932762,0.0,0.3418163358932762,0.0,0.3418163358932762,0.0
synthetic_20|0|12,0.020503550283842098,0.020503550283842098,0.0,0.020503550283842098,0.0,0.020503550283842098,0.0
synthetic_20|0|13,0.0451895977953236,0.0451895977953236,0.0,0.0451895977953236,0.0,0.0451895977953236,0.0
synthetic_20|0|14,0.42926482556835754,0.42926482556835754,0.0,0.42926482556835754,0.0,0.42926482556835754,0.0
synthetic_20|0|15,0.727611898790304,0.727611898790304,0.0,0.727611898790304,0.0,0.727611898790304,0.0
synthetic_20|0|16,1.0393791772552976,1.0393791772552976,0.0,1.0393791772552976,0.0,1.0393791772552976,0.0
synthetic_20|0|17,0.11223515296904152,0.11223515296904152,0.0,0.11223515296904152,0.0,0.11223515296904152,0.0
synthetic_20|0|18,0.552110077515607,0.552110077515607,0.0,0.552110077515607,0.0,0.552110077515607,0.0
synthetic_20|0|19,0.38880672269391137,0.38880672269391137,0.0,0.38880672269391137,0.0,0.38880672269391137,0.0
synthetic_20|0|20,0.9111597053948238,0.9111597053948238,0.0,0.9111597053948238,0.0,0.9111597053948238,0.0
synthetic_20|0|21,1.1907798882667344,1.1907798882667344,0.0,1.1907798882667344,0.0,1.1907798882667344,0.0
synthetic_20|0|22,0.5137364228006367,0.5137364228006367,0.0,0.5137364228006367,0.0,0.5137364228006367,0.0
synthetic_20|0|23,0.01769733930035522,0.01769733930035522,0.0,0.01769733930035522,0.0,0.01769733930035522,0.0
synthetic_20|0|24,1.0896318042491837,1.0896318042491837,0.0,1.0896318042491837,0.0,1.0896318042491837,0.0
synthetic_20|0|25,0.2529989170768695,0.2529989170768695,0.0,0.2529989170768695,0.0,0.2529989170768695,0.0
synthetic_20|0|26,0.4192813496420421,0.4192813496420421,0.0,0.4192813496420421,0.0,0.4192813496420421,0.0
synthetic_20|0|27,0.6193306891571316,0.6193306891571316,0.0,0.6193306891571316,0.0,0.6193306891571316,0.0
synthetic_20|0|28,0.4079664625013701,0.4079664625013701,0.0,0.4079664625013701,0.0,0.4079664625013701,0.0
synthetic_20|0|29,0.185194992278088,0.185194992278088,0.0,0.185194992278088,0.0,0.185194992278088,0.0
synthetic_20|0|30,0.39927984659039906,0.39927984659039906,0.0,0.39927984659039906,0.0,0.39927984659039906,0.0
synthetic_20|0|31,0.8756158993592964,0.8756158993592964,0.0,0.8756158993592964,0.0,0.8756158993592964,0.0
synthetic_20|0|32,1.1996502705289243,1.1996502705289243,0.0,1.1996502705289243,0.0,1.1996502705289243,0.0
synthetic_20|0|33,0.9641886994519427,0.9641886994519427,0.0,0.9641886994519427,0.0,0.9641886994519427,0.0
synthetic_20|0|34,0.4263805879112714,0.4263805879112714,0.0,0.4263805879112714,0.0,0.4263805879112714,0.0
synthetic_20|0|35,0.7895835804929352,0.7895835804929352,0.0,0.7895835804929352,0.0,0.7895835804929352,0.0
synthetic_20|0|36,0.1152932077599095,0.1152932077599095,0.0,0.1152932077599095,0.0,0.1152932077599095,0.0
synthetic_20|0|37,0.4876127660894707,0.4876127660894707,0.0,0.4876127660894707,0.0,0.4876127660894707,0.0
synthetic_20|0|38,1.0842232418419688,1.0842232418419688,0.0,1.0842232418419688,0.0,1.0842232418419688,0.0
synthetic_20|0|39,0.6533351939478922,0.6533351939478922,0.0,0.6533351939478922,0.0,0.6533351939478922,0.0
synthetic_20|0|40,0.6242846705469315,0.6242846705469315,0.0,0.6242846705469315,0.0,0.6242846705469315,0.0
synthetic_20|0|41,0.28901053398699256,0.28901053398699256,0.0,0.28901053398699256,0.0,0.28901053398699256,0.0
synthetic_20|0|42,1.0193570597050934,1.0193570597050934,0.0,1.0193570597050934,0.0,1.0193570597050934,0.0
synthetic_20|0|43,0.18679380393944017,0.18679380393944017,0.0,0.18679380393944017,0.0,0.18679380393944017,0.0
synthetic_20|0|44,0.7640993668376991,0.7640993668376991,0.0,0.7640993668376991,0.0,0.7640993668376991,0.0
synthetic_20|0|45,1.8063578165055951,1.8063578165055951,0.0,1.8063578165055951,0.0,1.8063578165055951,0.0
synthetic_20|0|46,1.1171678532117897,1.1171678532117897,0.0,1.1171678532117897,0.0,1.1171678532117897,0.0
synthetic_20|0|47,1.4214000302741208,1.4214000302741208,0.0,1.4214000302741208,0.0,1.4214000302741208,0.0
synthetic_20|0|48,0.6353245891927782,0.6353245891927782,0.0,0.6353245891927782,0.0,0.6353245891927782,0.0
synthetic_20|0|49,0.5225225260789802,0.5225225260789802,0.0,0.5225225260789802,0.0,0.5225225260789802,0.0
synthetic_20|0|50,0.6365587773244412,0.6365587773244412,0.0,0.6365587773244412,0.0,0.6365587773244412,0.0
synthetic_20|0|51,0.46828653115523655,0.46828653115523655,0.0,0.46828653115523655,0.0,0.46828653115523655,0.0
synthetic_20|0|52,0.6104266121568459,0.6104266121568459,0.0,0.6104266121568459,0.0,0.6104266121568459,0.0
synthetic_20|0|53,1.1139180718741124,1.1139180718741124,0.0,1.1139180718741124,0.0,1.1139180718741124,0.0
synthetic_20|0|54,0.8409497297883577,0.8409497297883577,0.0,0.8409497297883577,0.0,0.8409497297883577,0.0
synthetic_20|0|55,0.5873205701291033,0.5873205701291033,0.0,0.5873205701291033,0.0,0.5873205701291033,0.0
synthetic_20|0|56,0.7386802267623206,0.7386802267623206,0.0,0.7386802267623206,0.0,0.7386802267623206,0.0
synthetic_20|0|57,0.7237610194018228,0.7237610194018228,0.0,0.7237610194018228,0.0,0.7237610194018228,0.0
synthetic_20|0|58,0.3939118373972408,0.3939118373972408,0.0,0.3939118373972408,0.0,0.3939118373972408,0.0
synthetic_20|0|59,0.24351234646419456,0.24351234646419456,0.0,0.24351234646419456,0.0,0.24351234646419456,0.0
synthetic_20|0|60,0.9924946481804939,0.9924946481804939,0.0,0.9924946481804939,0.0,0.9924946481804939,0.0
synthetic_20|0|61,0.8752421527325075,0.8752421527325075,0.0,0.8752421527325075,0.0,0.8752421527325075,0.0
synthetic_20|0|62,0.06951971409714675,0.06951971409714675,0.0,0.06951971409714675,0.0,0.06951971409714675,0.0
synthetic_20|0|63,1.6024590158655816,1.6024590158655816,0.0,1.6024590158655816,0.0,1.6024590158655816,0.0
synthetic_20|0|64,0.9923578921955294,0.9923578921955294,0.0,0.9923578921955294,0.0,0.9923578921955294,0.0
synthetic_20|0|65,0.4477689788108773,0.4477689788108773,0.0,0.4477689788108773,0.0,0.4477689788108773,0.0
synthetic_20|0|66,0.4343550275764415,0.4343550275764415,0.0,0.4343550275764415,0.0,0.4343550275764415,0.0
synthetic_20|0|67,0.3485256226663308,0.3485256226663308,0.0,0.3485256226663308,0.0,0.3485256226663308,0.0
synthetic_20|0|68,0.9216698476182404,0.9216698476182404,0.0,0.9216698476182404,0.0,0.9216698476182404,0.0
synthetic_20|0|69,0.6190851909843774,0.6190851909843774,0.0,0.6190851909843774,0.0,0.6190851909843774,0.0
synthetic_20|1|0,1.081634146385026,1.081634146385026,0.0,1.081634146385026,0.0,1.081634146385026,0.0
synthetic_20|1|1,0.9485423473886407,0.9485423473886407,0.0,0.9485423473886407,0.0,0.9485423473886407,0.0
synthetic_20|1|2,0.005611880531826818,0.005611880531826818,0.0,0.005611880531826818,0.0,0.005611880531826818,0.0
synthetic_20|1|3,0.31602103876330406,0.31602103876330406,0.0,0.31602103876330406,0.0,0.31602103876330406,0.0
synthetic_20|1|4,1.3142855227391126,1.3142855227391126,0.0,1.3142855227391126,0.0,1.3142855227391126,0.0
synthetic_20|1|5,0.9241187280375474,0.9241187280375474,0.0,0.9241187280375474,0.0,0.9241187280375474,0.0
synthetic_20|1|6,0.0014509994974349905,0.0014509994974349905,0.0,0.0014509994974349905,0.0,0.0014509994974349905,0.0
synthetic_20|1|7,0.6498589880128733,0.6498589880128733,0.0,0.6498589880128733,0.0,0.6498589880128733,0.0
synthetic_20|1|8,0.8723074193976027,0.8723074193976027,0.0,0.8723074193976027,0.0,0.8723074193976027,0.0
synthetic_20|1|9,0.6489500991794,0.6489500991794,0.0,0.6489500991794,0.0,0.6489500991794,0.0
synthetic_20|1|10,0.12294388380717458,0.12294388380717458,0.0,0.12294388380717458,0.0,0.12294388380717458,0.0
synthetic_20|1|11,0.7629498100718807,0.7629498100718807,0.0,0.7629498100718807,0.0,0.7629498100718807,0.0
synthetic_20|1|12,0.7394191377697268,0.7394191377697268,0.0,0.7394191377697268,0.0,0.7394191377697268,0.0
synthetic_20|1|13,0.19020721721970363,0.19020721721970363,0.0,0.19020721721970363,0.0,0.19020721721970363,0.0
synthetic_20|1|14,0.7051041697134361,0.7051041697134361,0.0,0.7051041697134361,0.0,0.7051041697134361,0.0
synthetic_20|1|15,1.2293616113245287,1.2293616113245287,0.0,1.2293616113245287,0.0,1.2293616113245287,0.0
synthetic_20|1|16,0.08685968425859353,0.08685968425859353,0.0,0.08685968425859353,0.0,0.08685968425859353,0.0
synthetic_20|1|17,0.7548563611707971,0.7548563611707971,0.0,0.7548563611707971,0.0,0.7548563611707971,0.0
synthetic_20|1|18,0.1702604874253601,0.1702604874253601,0.0,0.1702604874253601,0.0,0.1702604874253601,0.0
synthetic_20|1|19,0.18743470334496104,0.18743470334496104,0.0,0.18743470334496104,0.0,0.18743470334496104,0.0
synthetic_20|1|20,0.6111931135787549,0.6111931135787549,0.0,0.6111931135787549,0.0,0.6111931135787549,0.0
synthetic_20|1|21,1.2474791253566528,1.2474791253566528,0.0,1.2474791253566528,0.0,1.2474791253566528,0.0
synthetic_20|1|22,0.9643279346475896,0.9643279346475896,0.0,0.9643279346475896,0.0,0.9643279346475896,0.0
synthetic_20|1|23,0.6732092348468358,0.6732092348468358,0.0,0.6732092348468358,0.0,0.6732092348468358,0.0
synthetic_20|1|24,0.5535303683039984,0.5535303683039984,0.0,0.5535303683039984,0.0,0.5535303683039984,0.0
synthetic_20|1|25,0.405360190340938,0.405360190340938,0.0,0.405360190340938,0.0,0.405360190340938,0.0
synthetic_20|1|26,0.8972270081946409,0.8972270081946409,0.0,0.8972270081946409,0.0,0.8972270081946409,0.0
synthetic_20|1|27,0.5774448513180357,0.5774448513180357,0.0,0.5774448513180357,0.0,0.5774448513180357,0.0
synthetic_20|1|28,0.7624007901047979,0.7624007901047979,0.0,0.7624007901047979,0.0,0.7624007901047979,0.0
synthetic_20|1|29,0.06206435862325277,0.06206435862325277,0.0,0.06206435862325277,0.0,0.06206435862325277,0.0
synthetic_20|1|30,0.12001283555829124,0.12001283555829124,0.0,0.12001283555829124,0.0,0.12001283555829124,0.0
synthetic_20|1|31,0.4766586654112293,0.4766586654112293,0.0,0.4766586654112293,0.0,0.4766586654112293,0.0
synthetic_20|1|32,0.7357514767652846,0.7357514767652846,0.0,0.7357514767652846,0.0,0.7357514767652846,0.0
synthetic_20|1|33,0.6443396955205452,0.6443396955205452,0.0,0.644339695520545,1.1102230246251565e-16,0.644339695520545,1.1102230246251565e-16
synthetic_20|1|34,0.9517739348440165,0.9517739348440165,0.0,0.9517739348440165,0.0,0.9517739348440165,0.0
synthetic_20|1|35,0.7188179423602372,0.7188179423602372,0.0,0.7188179423602372,0.0,0.7188179423602372,0.0
synthetic_20|1|36,0.22454355299366482,0.22454355299366482,0.0,0.22454355299366482,0.0,0.22454355299366482,0.0
synthetic_20|1|37,0.08740015881057239,0.08740015881057239,0.0,0.08740015881057239,0.0,0.08740015881057239,0.0
synthetic_20|1|38,0.9742188627705171,0.9742188627705171,0.0,0.9742188627705171,0.0,0.9742188627705171,0.0
synthetic_20|1|39,0.7666769731181066,0.7666769731181066,0.0,0.7666769731181066,0.0,0.7666769731181066,0.0
synthetic_20|1|40,0.3846057330180871,0.3846057330180871,0.0,0.3846057330180871,0.0,0.3846057330180871,0.0
synthetic_20|1|41,0.7741554461161447,0.7741554461161447,0.0,0.7741554461161447,0.0,0.7741554461161447,0.0
synthetic_20|1|42,0.18950526264634132,0.18950526264634132,0.0,0.18950526264634132,0.0,0.18950526264634132,0.0
synthetic_20|1|43,0.5351258809140159,0.5351258809140159,0.0,0.5351258809140159,0.0,0.5351258809140159,0.0
synthetic_20|1|44,0.442396012429163,0.442396012429163,0.0,0.442396012429163,0.0,0.442396012429163,0.0
synthetic_20|1|45,0.3451614828125365,0.3451614828125365,0.0,0.3451614828125365,0.0,0.3451614828125365,0.0
synthetic_20|1|46,0.8497642015473708,0.8497642015473708,0.0,0.8497642015473708,0.0,0.8497642015473708,0.0
synthetic_20|1|47,0.055470066631527704,0.055470066631527704,0.0,0.055470066631527704,0.0,0.055470066631527704,0.0
synthetic_20|1|48,0.4280764275381159,0.4280764275381159,0.0,0.4280764275381159,0.0,0.4280764275381159,0.0
synthetic_20|1|49,1.008920655354241,1.008920655354241,0.0,1.008920655354241,0.0,1.008920655354241,0.0
synthetic_20|1|50,0.8928916332513962,0.8928916332513962,0.0,0.8928916332513962,0.0,0.8928916332513962,0.0
synthetic_20|1|51,0.2384806730039805,0.2384806730039805,0.0,0.2384806730039805,0.0,0.2384806730039805,0.0
synthetic_20|1|52,0.5584253265857891,0.5584253265857891,0.0,0.5584253265857891,0.0,0.5584253265857891,0.0
synthetic_20|1|53,1.064631139184201,1.064631139184201,0.0,1.064631139184201,0.0,1.064631139184201,0.0
synthetic_20|1|54,0.7417217046695409,0.7417217046695409,0.0,0.7417217046695409,0.0,0.7417217046695409,0.0
synthetic_20|1|55,0.8095744952190442,0.8095744952190442,0.0,0.8095744952190442,0.0,0.8095744952190442,0.0
synthetic_20|1|56,0.3384366644628762,0.3384366644628762,0.0,0.3384366644628762,0.0,0.3384366644628762,0.0
synthetic_20|1|57,0.5504343984380047,0.5504343984380047,0.0,0.5504343984380047,0.0,0.5504343984380047,0.0
synthetic_20|1|58,0.8377560167970504,0.8377560167970504,0.0,0.8377560167970504,0.0,0.8377560167970504,0.0
synthetic_20|1|59,0.9963490729208313,0.9963490729208313,0.0,0.9963490729208313,0.0,0.9963490729208313,0.0
synthetic_20|1|60,0.3124298584485447,0.3124298584485447,0.0,0.3124298584485447,0.0,0.3124298584485447,0.0
synthetic_20|1|61,0.4100658710287146,0.4100658710287146,0.0,0.4100658710287146,0.0,0.4100658710287146,0.0
synthetic_20|1|62,0.7870904008745956,0.7870904008745956,0.0,0.7870904008745956,0.0,0.7870904008745956,0.0
synthetic_20|1|63,0.7279911011807962,0.7279911011807962,0.0,0.7279911011807962,0.0,0.7279911011807962,0.0
synthetic_20|1|64,0.7843526000708357,0.7843526000708357,0.0,0.7843526000708357,0.0,0.7843526000708357,0.0
synthetic_20|1|65,0.03747199389306233,0.03747199389306233,0.0,0.03747199389306233,0.0,0.03747199389306233,0.0
synthetic_20|1|66,0.5237018568993612,0.5237018568993612,0.0,0.5237018568993612,0.0,0.5237018568993612,0.0
synthetic_20|1|67,0.9008030152212688,0.9008030152212688,0.0,0.9008030152212688,0.0,0.9008030152212688,0.0
synthetic_20|1|68,0.29669799641258887,0.29669799641258887,0.0,0.29669799641258887,0.0,0.29669799641258887,0.0
synthetic_20|1|69,0.6148692240344882,0.6148692240344882,0.0,0.6148692240344882,0.0,0.6148692240344882,0.0
synthetic_20|2|0,0.8011314950605108,0.8011314950605108,0.0,0.8011314950605108,0.0,0.8011314950605108,0.0
synthetic_20|2|1,0.37511650364917765,0.37511650364917765,0.0,0.37511650364917765,0.0,0.37511650364917765,0.0
synthetic_20|2|2,0.49967965281633253,0.49967965281633253,0.0,0.49967965281633253,0.0,0.49967965281633253,0.0
synthetic_20|2|3,0.5601190353732632,0.5601190353732632,0.0,0.5601190353732632,0.0,0.5601190353732632,0.0
synthetic_20|2|4,0.03844352445392518,0.03844352445392518,0.0,0.03844352445392518,0.0,0.03844352445392518,0.0
synthetic_20|2|5,0.06731954699283604,0.06731954699283604,0.0,0.06731954699283604,0.0,0.06731954699283604,0.0
synthetic_20|2|6,0.36473225070427084,0.36473225070427084,0.0,0.36473225070427084,0.0,0.36473225070427084,0.0
synthetic_20|2|7,0.9885980859680427,0.9885980859680427,0.0,0.9885980859680427,0.0,0.9885980859680427,0.0
synthetic_20|2|8,0.7707146527628139,0.7707146527628139,0.0,0.7707146527628139,0.0,0.7707146527628139,0.0
synthetic_20|2|9,0.5292134637957857,0.5292134637957857,0.0,0.5292134637957857,0.0,0.5292134637957857,0.0
synthetic_20|2|10,0.3540713965416026,0.3540713965416026,0.0,0.3540713965416026,0.0,0.3540713965416026,0.0
synthetic_20|2|11,0.2650949226267648,0.2650949226267648,0.0,0.2650949226267648,0.0,0.2650949226267648,0.0
synthetic_20|2|12,0.2227259812727621,0.2227259812727621,0.0,0.2227259812727621,0.0,0.2227259812727621,0.0
synthetic_20|2|13,0.7686405569449788,0.7686405569449788,0.0,0.7686405569449788,0.0,0.7686405569449788,0.0
synthetic_20|2|14,0.9232300798973101,0.9232300798973101,0.0,0.9232300798973101,0.0,0.9232300798973101,0.0
synthetic_20|2|15,0.6331453098157093,0.6331453098157093,0.0,0.6331453098157093,0.0,0.6331453098157093,0.0
synthetic_20|2|16,1.0659204370184856,1.0659204370184856,0.0,1.0659204370184856,0.0,1.0659204370184856,0.0
synthetic_20|2|17,0.30264909308745924,0.30264909308745924,0.0,0.30264909308745924,0.0,0.30264909308745924,0.0
synthetic_20|2|18,0.6651760366989452,0.6651760366989452,0.0,0.6651760366989452,0.0,0.6651760366989452,0.0
synthetic_20|2|19,0.06115857513083123,0.06115857513083123,0.0,0.06115857513083123,0.0,0.06115857513083123,0.0
synthetic_20|2|20,1.329257114797334,1.329257114797334,0.0,1.329257114797334,0.0,1.329257114797334,0.0
synthetic_20|2|21,0.6621263606718037,0.6621263606718037,0.0,0.6621263606718037,0.0,0.6621263606718037,0.0
synthetic_20|2|22,0.4454796953526211,0.4454796953526211,0.0,0.4454796953526211,0.0,0.4454796953526211,0.0
synthetic_20|2|23,0.15715610290654458,0.15715610290654458,0.0,0.15715610290654458,0.0,0.15715610290654458,0.0
synthetic_20|2|24,0.26608646799130437,0.26608646799130437,0.0,0.26608646799130437,0.0,0.26608646799130437,0.0
synthetic_20|2|25,0.33787777371992733,0.33787777371992733,0.0,0.33787777371992733,0.0,0.33787777371992733,0.0
synthetic_20|2|26,0.27600491827729157,0.27600491827729157,0.0,0.27600491827729157,0.0,0.27600491827729157,0.0
synthetic_20|2|27,0.4467230392576275,0.4467230392576275,0.0,0.4467230392576275,0.0,0.4467230392576275,0.0
synthetic_20|2|28,0.15998013319875748,0.15998013319875748,0.0,0.15998013319875748,0.0,0.15998013319875748,0.0
synthetic_20|2|29,0.40224708833979234,0.40224708833979234,0.0,0.40224708833979234,0.0,0.40224708833979234,0.0
synthetic_20|2|30,0.9061067307978995,0.9061067307978995,0.0,0.9061067307978995,0.0,0.9061067307978995,0.0
synthetic_20|2|31,0.819444465794423,0.819444465794423,0.0,0.819444465794423,0.0,0.819444465794423,0.0
synthetic_20|2|32,0.9262691975131103,0.9262691975131103,0.0,0.9262691975131103,0.0,0.9262691975131103,0.0
synthetic_20|2|33,0.4177713035812329,0.4177713035812329,0.0,0.4177713035812329,0.0,0.4177713035812329,0.0
synthetic_20|2|34,0.25897600095541673,0.25897600095541673,0.0,0.25897600095541673,0.0,0.25897600095541673,0.0
synthetic_20|2|35,0.2829179854491643,0.2829179854491643,0.0,0.2829179854491643,0.0,0.2829179854491643,0.0
synthetic_20|2|36,0.22098705334823437,0.22098705334823437,0.0,0.22098705334823437,0.0,0.22098705334823437,0.0
synthetic_20|2|37,0.042258919032029996,0.042258919032029996,0.0,0.042258919032029996,0.0,0.042258919032029996,0.0
synthetic_20|2|38,0.054321918438192784,0.054321918438192784,0.0,0.054321918438192784,0.0,0.054321918438192784,0.0
synthetic_20|2|39,0.4217431091503291,0.4217431091503291,0.0,0.4217431091503291,0.0,0.4217431091503291,0.0
synthetic_20|2|40,0.09278195958987978,0.09278195958987978,0.0,0.09278195958987978,0.0,0.09278195958987978,0.0
synthetic_20|2|41,0.34908859154954497,0.34908859154954497,0.0,0.34908859154954497,0.0,0.34908859154954497,0.0
synthetic_20|2|42,0.44992181887195815,0.44992181887195815,0.0,0.44992181887195815,0.0,0.44992181887195815,0.0
synthetic_20|2|43,0.2973162146925567,0.2973162146925567,0.0,0.2973162146925567,0.0,0.2973162146925567,0.0
synthetic_20|2|44,0.8537461768071286,0.8537461768071286,0.0,0.8537461768071286,0.0,0.8537461768071286,0.0
synthetic_20|2|45,0.5311498066464211,0.5311498066464211,0.0,0.5311498066464211,0.0,0.5311498066464211,0.0
synthetic_20|2|46,0.24389093000799186,0.24389093000799186,0.0,0.24389093000799186,0.0,0.24389093000799186,0.0
synthetic_20|2|47,0.7781399876461572,0.7781399876461572,0.0,0.7781399876461572,0.0,0.7781399876461572,0.0
synthetic_20|2|48,0.5616018785422389,0.5616018785422389,0.0,0.5616018785422389,0.0,0.5616018785422389,0.0
synthetic_20|2|49,0.6167036575561292,0.6167036575561292,0.0,0.6167036575561292,0.0,0.6167036575561292,0.0
synthetic_20|2|50,0.6935191881065924,0.6935191881065924,0.0,0.6935191881065924,0.0,0.6935191881065924,0.0
synthetic_20|2|51,0.4790534449691094,0.4790534449691094,0.0,0.4790534449691094,0.0,0.4790534449691094,0.0
synthetic_20|2|52,0.2920691396170092,0.2920691396170092,0.0,0.2920691396170092,0.0,0.2920691396170092,0.0
synthetic_20|2|53,0.5690262618050325,0.5690262618050325,0.0,0.5690262618050325,0.0,0.5690262618050325,0.0
synthetic_20|2|54,1.7018167223106417,1.7018167223106417,0.0,1.7018167223106417,0.0,1.7018167223106417,0.0
synthetic_20|2|55,0.5784639654635719,0.5784639654635719,0.0,0.5784639654635719,0.0,0.5784639654635719,0.0
synthetic_20|2|56,1.6670926810823106,1.6670926810823106,0.0,1.6670926810823106,0.0,1.6670926810823106,0.0
synthetic_20|2|57,0.7558133065937166,0.7558133065937166,0.0,0.7558133065937166,0.0,0.7558133065937166,0.0
synthetic_20|2|58,0.2852936254181222,0.2852936254181222,0.0,0.2852936254181222,0.0,0.2852936254181222,0.0
synthetic_20|2|59,0.04668730288246736,0.04668730288246736,0.0,0.04668730288246736,0.0,0.04668730288246736,0.0
synthetic_20|2|60,0.20371840937137986,0.20371840937137986,0.0,0.20371840937137986,0.0,0.20371840937137986,0.0
synthetic_20|2|61,0.005399400480137095,0.005399400480137095,0.0,0.005399400480137095,0.0,0.005399400480137095,0.0
synthetic_20|2|62,0.7449407170558373,0.7449407170558373,0.0,0.7449407170558373,0.0,0.7449407170558373,0.0
synthetic_20|2|63,0.7756688249012991,0.7756688249012991,0.0,0.7756688249012991,0.0,0.7756688249012991,0.0
synthetic_20|2|64,0.5088008534752575,0.5088008534752575,0.0,0.5088008534752575,0.0,0.5088008534752575,0.0
synthetic_20|2|65,0.6912005178479289,0.6912005178479289,0.0,0.6912005178479289,0.0,0.6912005178479289,0.0
synthetic_20|2|66,0.33802020616096917,0.33802020616096917,0.0,0.33802020616096917,0.0,0.33802020616096917,0.0
synthetic_20|2|67,0.6912694276771748,0.6912694276771748,0.0,0.6912694276771748,0.0,0.6912694276771748,0.0
synthetic_20|2|68,0.5485055869393454,0.5485055869393454,0.0,0.5485055869393454,0.0,0.5485055869393454,0.0
synthetic_20|2|69,0.5451304697757076,0.5451304697757076,0.0,0.5451304697757076,0.0,0.5451304697757076,0.0
synthetic_20|3|0,0.8145360105760071,0.8145360105760071,0.0,0.8145360105760071,0.0,0.8145360105760071,0.0
synthetic_20|3|1,0.689899941741946,0.689899941741946,0.0,0.689899941741946,0.0,0.689899941741946,0.0
synthetic_20|3|2,0.28654991468220364,0.28654991468220364,0.0,0.28654991468220364,0.0,0.28654991468220364,0.0
synthetic_20|3|3,0.5446760636854845,0.5446760636854845,0.0,0.5446760636854845,0.0,0.5446760636854845,0.0
synthetic_20|3|4,0.9077172442831425,0.9077172442831425,0.0,0.9077172442831425,0.0,0.9077172442831425,0.0
synthetic_20|3|5,0.4020260790779311,0.4020260790779311,0.0,0.4020260790779311,0.0,0.4020260790779311,0.0
synthetic_20|3|6,0.0008096042955481608,0.0008096042955481608,0.0,0.0008096042955481608,0.0,0.0008096042955481608,0.0
synthetic_20|3|7,0.8989408400089482,0.8989408400089482,0.0,0.8989408400089482,0.0,0.8989408400089482,0.0
synthetic_20|3|8,0.6580464180502206,0.6580464180502206,0.0,0.6580464180502206,0.0,0.6580464180502206,0.0
synthetic_20|3|9,0.29748141108484794,0.29748141108484794,0.0,0.29748141108484794,0.0,0.29748141108484794,0.0
synthetic_20|3|10,0.5510925626624466,0.5510925626624466,0.0,0.5510925626624466,0.0,0.5510925626624466,0.0
synthetic_20|3|11,0.6805650098203594,0.6805650098203594,0.0,0.6805650098203594,0.0,0.6805650098203594,0.0
synthetic_20|3|12,0.04170796389444553,0.04170796389444553,0.0,0.04170796389444553,0.0,0.04170796389444553,0.0
synthetic_20|3|13,0.10314918836012965,0.10314918836012965,0.0,0.10314918836012965,0.0,0.10314918836012965,0.0
synthetic_20|3|14,0.32526547280664375,0.32526547280664375,0.0,0.32526547280664375,0.0,0.32526547280664375,0.0
synthetic_20|3|15,0.37397535292752637,0.37397535292752637,0.0,0.37397535292752637,0.0,0.37397535292752637,0.0
synthetic_20|3|16,0.05547249319992831,0.05547249319992831,0.0,0.05547249319992831,0.0,0.05547249319992831,0.0
synthetic_20|3|17,0.7524708117815816,0.7524708117815816,0.0,0.7524708117815816,0.0,0.7524708117815816,0.0
synthetic_20|3|18,0.4290067696280673,0.4290067696280673,0.0,0.4290067696280673,0.0,0.4290067696280673,0.0
synthetic_20|3|19,0.6151567301533861,0.6151567301533861,0.0,0.6151567301533861,0.0,0.6151567301533861,0.0
synthetic_20|3|20,0.6447481978760405,0.6447481978760405,0.0,0.6447481978760405,0.0,0.6447481978760405,0.0
synthetic_20|3|21,0.030320595921160598,0.030320595921160598,0.0,0.030320595921160598,0.0,0.030320595921160598,0.0
synthetic_20|3|22,0.5383928740009976,0.5383928740009976,0.0,0.5383928740009976,0.0,0.5383928740009976,0.0
synthetic_20|3|23,0.005821311958120634,0.005821311958120634,0.0,0.005821311958120634,0.0,0.005821311958120634,0.0
synthetic_20|3|24,0.010868373292540867,0.010868373292540867,0.0,0.010868373292540867,0.0,0.010868373292540867,0.0
synthetic_20|3|25,0.7421920041102275,0.7421920041102275,0.0,0.7421920041102275,0.0,0.7421920041102275,0.0
synthetic_20|3|26,1.485754033726153,1.485754033726153,0.0,1.485754033726153,0.0,1.485754033726153,0.0
synthetic_20|3|27,0.2874875556484328,0.2874875556484328,0.0,0.2874875556484328,0.0,0.2874875556484328,0.0
synthetic_20|3|28,1.24344699072838,1.24344699072838,0.0,1.24344699072838,0.0,1.24344699072838,0.0
synthetic_20|3|29,1.2489808190303429,1.2489808190303429,0.0,1.2489808190303429,0.0,1.2489808190303429,0.0
synthetic_20|3|30,0.6647316286948203,0.6647316286948203,0.0,0.6647316286948203,0.0,0.6647316286948203,0.0
synthetic_20|3|31,0.3926140412273643,0.3926140412273643,0.0,0.3926140412273643,0.0,0.3926140412273643,0.0
synthetic_20|3|32,1.120845620068568,1.120845620068568,0.0,1.120845620068568,0.0,1.120845620068568,0.0
synthetic_20|3|33,1.1794382295289958,1.1794382295289958,0.0,1.1794382295289958,0.0,1.1794382295289958,0.0
synthetic_20|3|34,0.46446382884393544,0.46446382884393544,0.0,0.46446382884393544,0.0,0.46446382884393544,0.0
synthetic_20|3|35,2.098100168640077,2.098100168640077,0.0,2.098100168640077,0.0,2.098100168640077,0.0
synthetic_20|3|36,0.5834820125893209,0.5834820125893209,0.0,0.5834820125893209,0.0,0.5834820125893209,0.0
synthetic_20|3|37,0.17962332482410967,0.17962332482410967,0.0,0.17962332482410967,0.0,0.17962332482410967,0.0
synthetic_20|3|38,0.33789534881252203,0.33789534881252203,0.0,0.33789534881252203,0.0,0.33789534881252203,0.0
synthetic_20|3|39,1.1092768750161026,1.1092768750161026,0.0,1.1092768750161026,0.0,1.1092768750161026,0.0
synthetic_20|3|40,0.6476808601944554,0.6476808601944554,0.0,0.6476808601944554,0.0,0.6476808601944554,0.0
synthetic_20|3|41,0.6651045522310164,0.6651045522310164,0.0,0.6651045522310164,0.0,0.6651045522310164,0.0
synthetic_20|3|42,0.49245918491359386,0.49245918491359386,0.0,0.49245918491359386,0.0,0.49245918491359386,0.0
synthetic_20|3|43,0.13199568044060198,0.13199568044060198,0.0,0.13199568044060198,0.0,0.13199568044060198,0.0
synthetic_20|3|44,0.7059798292457062,0.7059798292457062,0.0,0.7059798292457062,0.0,0.7059798292457062,0.0
synthetic_20|3|45,1.1630009867120878,1.1630009867120878,0.0,1.1630009867120878,0.0,1.1630009867120878,0.0
synthetic_20|3|46,0.1503852844506671,0.1503852844506671,0.0,0.1503852844506671,0.0,0.1503852844506671,0.0
synthetic_20|3|47,0.6707817946187783,0.6707817946187783,0.0,0.6707817946187783,0.0,0.6707817946187783,0.0
synthetic_20|3|48,1.0151675807662326,1.0151675807662326,0.0,1.0151675807662326,0.0,1.0151675807662326,0.0
synthetic_20|3|49,0.21957294190268611,0.21957294190268611,0.0,0.21957294190268611,0.0,0.21957294190268611,0.0
synthetic_20|3|50,0.8898168129622277,0.8898168129622277,0.0,0.8898168129622277,0.0,0.8898168129622277,0.0
synthetic_20|3|51,0.5114488860512894,0.5114488860512894,0.0,0.5114488860512894,0.0,0.5114488860512894,0.0
synthetic_20|3|52,0.3033429776016073,0.3033429776016073,0.0,0.3033429776016073,0.0,0.3033429776016073,0.0
synthetic_20|3|53,1.2576061469477025,1.2576061469477025,0.0,1.2576061469477025,0.0,1.2576061469477025,0.0
synthetic_20|3|54,1.0277312159487577,1.0277312159487577,0.0,1.0277312159487577,0.0,1.0277312159487577,0.0
synthetic_20|3|55,0.5837133313753468,0.5837133313753468,0.0,0.5837133313753468,0.0,0.5837133313753468,0.0
synthetic_20|3|56,0.6644069010469698,0.6644069010469698,0.0,0.6644069010469698,0.0,0.6644069010469698,0.0
synthetic_20|3|57,0.5048219580384747,0.5048219580384747,0.0,0.5048219580384747,0.0,0.5048219580384747,0.0
synthetic_20|3|58,0.19583005981592438,0.19583005981592438,0.0,0.19583005981592438,0.0,0.19583005981592438,0.0
synthetic_20|3|59,0.7248615327748684,0.7248615327748684,0.0,0.7248615327748684,0.0,0.7248615327748684,0.0
synthetic_20|3|60,0.40691725732795425,0.40691725732795425,0.0,0.40691725732795425,0.0,0.40691725732795425,0.0
synthetic_20|3|61,0.5776646603904457,0.5776646603904457,0.0,0.5776646603904457,0.0,0.5776646603904457,0.0
synthetic_20|3|62,0.7267312462088618,0.7267312462088618,0.0,0.7267312462088618,0.0,0.7267312462088618,0.0
synthetic_20|3|63,0.5854078594241298,0.5854078594241298,0.0,0.5854078594241298,0.0,0.5854078594241298,0.0
synthetic_20|3|64,0.7591472014039589,0.7591472014039589,0.0,0.7591472014039589,0.0,0.7591472014039589,0.0
synthetic_20|3|65,0.9477940815521821,0.9477940815521821,0.0,0.9477940815521821,0.0,0.9477940815521821,0.0
synthetic_20|3|66,1.716479044108934,1.716479044108934,0.0,1.716479044108934,0.0,1.716479044108934,0.0
synthetic_20|3|67,0.8781670877619137,0.8781670877619137,0.0,0.8781670877619137,0.0,0.8781670877619137,0.0
synthetic_20|3|68,1.0629561166723214,1.0629561166723214,0.0,1.0629561166723214,0.0,1.0629561166723214,0.0
synthetic_20|3|69,0.9674294025081606,0.9674294025081606,0.0,0.9674294025081606,0.0,0.9674294025081606,0.0
synthetic_20|4|0,0.6259015805419933,0.6259015805419933,0.0,0.6259015805419933,0.0,0.6259015805419933,0.0
synthetic_20|4|1,0.7711825158318745,0.7711825158318745,0.0,0.7711825158318745,0.0,0.7711825158318745,0.0
synthetic_20|4|2,0.2894614172286174,0.2894614172286174,0.0,0.2894614172286174,0.0,0.2894614172286174,0.0
synthetic_20|4|3,0.7456967418366347,0.7456967418366347,0.0,0.7456967418366347,0.0,0.7456967418366347,0.0
synthetic_20|4|4,1.161440800403222,1.161440800403222,0.0,1.161440800403222,0.0,1.161440800403222,0.0
synthetic_20|4|5,0.9604325630910929,0.9604325630910929,0.0,0.9604325630910929,0.0,0.9604325630910929,0.0
synthetic_20|4|6,0.10127312563805146,0.10127312563805146,0.0,0.10127312563805146,0.0,0.10127312563805146,0.0
synthetic_20|4|7,0.5009514508522592,0.5009514508522592,0.0,0.5009514508522592,0.0,0.5009514508522592,0.0
synthetic_20|4|8,1.1926875919663442,1.1926875919663442,0.0,1.1926875919663442,0.0,1.1926875919663442,0.0
synthetic_20|4|9,0.9469118594680843,0.9469118594680843,0.0,0.9469118594680843,0.0,0.9469118594680843,0.0
synthetic_20|4|10,0.9416066510751915,0.9416066510751915,0.0,0.9416066510751915,0.0,0.9416066510751915,0.0
synthetic_20|4|11,0.5468848852612608,0.5468848852612608,0.0,0.5468848852612608,0.0,0.5468848852612608,0.0
synthetic_20|4|12,0.6470698223724374,0.6470698223724374,0.0,0.6470698223724374,0.0,0.6470698223724374,0.0
synthetic_20|4|13,0.6197372664614803,0.6197372664614803,0.0,0.6197372664614803,0.0,0.6197372664614803,0.0
synthetic_20|4|14,0.19399479196982194,0.19399479196982194,0.0,0.19399479196982194,0.0,0.19399479196982194,0.0
synthetic_20|4|15,0.8580420547696117,0.8580420547696117,0.0,0.8580420547696117,0.0,0.8580420547696117,0.0
synthetic_20|4|16,0.644694243021313,0.644694243021313,0.0,0.644694243021313,0.0,0.644694243021313,0.0
synthetic_20|4|17,0.6080972221490188,0.6080972221490188,0.0,0.6080972221490188,0.0,0.6080972221490188,0.0
synthetic_20|4|18,0.32404918370832586,0.32404918370832586,0.0,0.32404918370832586,0.0,0.32404918370832586,0.0
synthetic_20|4|19,0.974886832708,0.974886832708,0.0,0.974886832708,0.0,0.974886832708,0.0
synthetic_20|4|20,0.23257117357969115,0.23257117357969115,0.0,0.23257117357969115,0.0,0.23257117357969115,0.0
synthetic_20|4|21,0.43769171170755977,0.43769171170755977,0.0,0.43769171170755977,0.0,0.43769171170755977,0.0
synthetic_20|4|22,0.6147068728330991,0.6147068728330991,0.0,0.6147068728330991,0.0,0.6147068728330991,0.0
synthetic_20|4|23,0.5922665693360661,0.5922665693360661,0.0,0.5922665693360661,0.0,0.5922665693360661,0.0
synthetic_20|4|24,0.008561730198777873,0.008561730198777873,0.0,0.008561730198777873,0.0,0.008561730198777873,0.0
synthetic_20|4|25,1.032282864269151,1.032282864269151,0.0,1.032282864269151,0.0,1.032282864269151,0.0
synthetic_20|4|26,0.9002090057631895,0.9002090057631895,0.0,0.9002090057631895,0.0,0.9002090057631895,0.0
synthetic_20|4|27,0.957853145122716,0.957853145122716,0.0,0.957853145122716,0.0,0.957853145122716,0.0
synthetic_20|4|28,0.04149800569544837,0.04149800569544837,0.0,0.04149800569544837,0.0,0.04149800569544837,0.0
synthetic_20|4|29,0.42579504267099927,0.42579504267099927,0.0,0.42579504267099927,0.0,0.42579504267099927,0.0
synthetic_20|4|30,0.3361217869490024,0.3361217869490024,0.0,0.3361217869490024,0.0,0.3361217869490024,0.0
synthetic_20|4|31,1.0357991051564421,1.0357991051564421,0.0,1.0357991051564421,0.0,1.0357991051564421,0.0
synthetic_20|4|32,0.7819528223946415,0.7819528223946415,0.0,0.7819528223946415,0.0,0.7819528223946415,0.0
synthetic_20|4|33,1.1897266159539412,1.1897266159539412,0.0,1.1897266159539412,0.0,1.1897266159539412,0.0
synthetic_20|4|34,0.06599233681076228,0.06599233681076228,0.0,0.06599233681076228,0.0,0.06599233681076228,0.0
synthetic_20|4|35,1.2630742114003253,1.2630742114003253,0.0,1.2630742114003253,0.0,1.2630742114003253,0.0
synthetic_20|4|36,1.3664330457552687,1.3664330457552687,0.0,1.3664330457552687,0.0,1.3664330457552687,0.0
synthetic_20|4|37,0.7329953617785283,0.7329953617785283,0.0,0.7329953617785283,0.0,0.7329953617785283,0.0
synthetic_20|4|38,0.05604942275246261,0.05604942275246261,0.0,0.05604942275246261,0.0,0.05604942275246261,0.0
synthetic_20|4|39,0.7356324593968391,0.7356324593968391,0.0,0.7356324593968391,0.0,0.7356324593968391,0.0
synthetic_20|4|40,0.9929827252847967,0.9929827252847967,0.0,0.9929827252847967,0.0,0.9929827252847967,0.0
synthetic_20|4|41,0.9892088486043303,0.9892088486043303,0.0,0.9892088486043303,0.0,0.9892088486043303,0.0
synthetic_20|4|42,0.3461212331012833,0.3461212331012833,0.0,0.3461212331012833,0.0,0.3461212331012833,0.0
synthetic_20|4|43,0.19497252523640385,0.19497252523640385,0.0,0.19497252523640385,0.0,0.19497252523640385,0.0
synthetic_20|4|44,0.8130453581660373,0.8130453581660373,0.0,0.8130453581660373,0.0,0.8130453581660373,0.0
synthetic_20|4|45,1.3437463624651846,1.3437463624651846,0.0,1.3437463624651846,0.0,1.3437463624651846,0.0
synthetic_20|4|46,0.4758688676327396,0.4758688676327396,0.0,0.4758688676327396,0.0,0.4758688676327396,0.0
synthetic_20|4|47,1.5018987990900954,1.5018987990900954,0.0,1.5018987990900954,0.0,1.5018987990900954,0.0
synthetic_20|4|48,0.1642996419590181,0.1642996419590181,0.0,0.1642996419590181,0.0,0.1642996419590181,0.0
synthetic_20|4|49,0.09014913373745037,0.09014913373745037,0.0,0.09014913373745037,0.0,0.09014913373745037,0.0
synthetic_20|4|50,0.282385855346998,0.282385855346998,0.0,0.282385855346998,0.0,0.282385855346998,0.0
synthetic_20|4|51,0.9813588196669013,0.9813588196669013,0.0,0.9813588196669013,0.0,0.9813588196669013,0.0
synthetic_20|4|52,0.6574815695980987,0.6574815695980987,0.0,0.6574815695980987,0.0,0.6574815695980987,0.0
synthetic_20|4|53,0.3335645243486462,0.3335645243486462,0.0,0.3335645243486462,0.0,0.3335645243486462,0.0
synthetic_20|4|54,1.2771163809576056,1.2771163809576056,0.0,1.2771163809576056,0.0,1.2771163809576056,0.0
synthetic_20|4|55,1.2416347123636304,1.2416347123636304,0.0,1.2416347123636304,0.0,1.2416347123636304,0.0
synthetic_20|4|56,0.382914091006092,0.382914091006092,0.0,0.382914091006092,0.0,0.382914091006092,0.0
synthetic_20|4|57,0.5108216638236154,0.5108216638236154,0.0,0.5108216638236154,0.0,0.5108216638236154,0.0
synthetic_20|4|58,0.603791987948913,0.603791987948913,0.0,0.603791987948913,0.0,0.603791987948913,0.0
synthetic_20|4|59,0.7313545960848118,0.7313545960848118,0.0,0.7313545960848118,0.0,0.7313545960848118,0.0
synthetic_20|4|60,1.3968580783871192,1.3968580783871192,0.0,1.3968580783871192,0.0,1.3968580783871192,0.0
synthetic_20|4|61,0.1585640626132998,0.1585640626132998,0.0,0.1585640626132998,0.0,0.1585640626132998,0.0
synthetic_20|4|62,0.5648408813019988,0.5648408813019988,0.0,0.5648408813019988,0.0,0.5648408813019988,0.0
synthetic_20|4|63,0.05676470534166586,0.05676470534166586,0.0,0.05676470534166586,0.0,0.05676470534166586,0.0
synthetic_20|4|64,1.1091617412111408,1.1091617412111408,0.0,1.1091617412111408,0.0,1.1091617412111408,0.0
synthetic_20|4|65,0.01908545810302653,0.01908545810302653,0.0,0.01908545810302653,0.0,0.01908545810302653,0.0
synthetic_20|4|66,0.13889242699662324,0.13889242699662324,0.0,0.13889242699662324,0.0,0.13889242699662324,0.0
synthetic_20|4|67,1.0075583531168104,1.0075583531168104,0.0,1.0075583531168104,0.0,1.0075583531168104,0.0
synthetic_20|4|68,0.0014000346877016678,0.0014000346877016678,0.0,0.0014000346877016678,0.0,0.0014000346877016678,0.0
synthetic_20|4|69,0.18204703287562582,0.18204703287562582,0.0,0.18204703287562582,0.0,0.18204703287562582,0.0
