stage,dataset,seed,query_id,query_key,method,pred_orig,target_class,pred_cf,success,distance_l2,l0_changes,runtime_ms,n_leaves,n_nodes
stage1,breast_cancer,0,0,breast_cancer|0|0,treesat_exact,1,0,0,1,0.4938773487606004,1,0.13309999485500157,12,23
stage1,breast_cancer,0,0,breast_cancer|0|0,leaf_enum_bruteforce,1,0,0,1,0.4938773487606004,1,0.21589998505078256,12,23
stage1,breast_cancer,0,0,breast_cancer|0|0,nearest_neighbor,1,0,0,1,5.176319760759764,30,0.026500027161091566,12,23
stage1,breast_cancer,0,0,breast_cancer|0|0,random_search,1,0,0,1,2.037000803050226,30,0.6107999943196774,12,23
stage1,breast_cancer,0,1,breast_cancer|0|1,treesat_exact,1,0,0,1,0.21123522013801876,1,0.069500005338341,12,23
stage1,breast_cancer,0,1,breast_cancer|0|1,leaf_enum_bruteforce,1,0,0,1,0.21123522013801876,1,0.17090002074837685,12,23
stage1,breast_cancer,0,1,breast_cancer|0|1,nearest_neighbor,1,0,0,1,2.1925634879703404,30,0.016600009985268116,12,23
stage1,breast_cancer,0,1,breast_cancer|0|1,random_search,1,0,0,1,0.5488657587806861,30,0.5096999811939895,12,23
stage1,breast_cancer,0,2,breast_cancer|0|2,treesat_exact,0,1,1,1,0.05875778024951207,1,0.07100001676008105,12,23
stage1,breast_cancer,0,2,breast_cancer|0|2,leaf_enum_bruteforce,0,1,1,1,0.05875778024951207,1,0.2300000051036477,12,23
stage1,breast_cancer,0,2,breast_cancer|0|2,nearest_neighbor,0,1,1,1,1.7504924582912762,30,0.020499981474131346,12,23
stage1,breast_cancer,0,2,breast_cancer|0|2,random_search,0,1,1,1,0.20884651542514632,30,0.5037999944761395,12,23
stage1,breast_cancer,0,3,breast_cancer|0|3,treesat_exact,1,0,0,1,0.5373484614895128,2,0.06230000872164965,12,23
stage1,breast_cancer,0,3,breast_cancer|0|3,leaf_enum_bruteforce,1,0,0,1,0.5373484614895128,2,0.16759999562054873,12,23
stage1,breast_cancer,0,3,breast_cancer|0|3,nearest_neighbor,1,0,0,1,2.671726691156949,30,0.01409999094903469,12,23
stage1,breast_cancer,0,3,breast_cancer|0|3,random_search,1,0,0,1,1.1203721926011656,30,0.4650999908335507,12,23
stage1,breast_cancer,0,4,breast_cancer|0|4,treesat_exact,0,1,1,1,0.7307506032333566,1,0.06409999332390726,12,23
stage1,breast_cancer,0,4,breast_cancer|0|4,leaf_enum_bruteforce,0,1,1,1,0.7307506032333566,1,0.23689999943599105,12,23
stage1,breast_cancer,0,4,breast_cancer|0|4,nearest_neighbor,0,1,1,1,4.353497527562572,30,0.017799990018829703,12,23
stage1,breast_cancer,0,4,breast_cancer|0|4,random_search,0,1,1,1,2.358762785636335,30,0.5184000183362514,12,23
stage1,breast_cancer,0,5,breast_cancer|0|5,treesat_exact,1,0,0,1,0.336711435188462,1,0.07189999450929463,12,23
stage1,breast_cancer,0,5,breast_cancer|0|5,leaf_enum_bruteforce,1,0,0,1,0.336711435188462,1,0.17519999528303742,12,23
stage1,breast_cancer,0,5,breast_cancer|0|5,nearest_neighbor,1,0,0,1,5.663110951305887,30,0.01610000617802143,12,23
stage1,breast_cancer,0,5,breast_cancer|0|5,random_search,1,0,0,1,1.0830267283924768,30,0.46759998076595366,12,23
stage1,breast_cancer,0,6,breast_cancer|0|6,treesat_exact,1,0,0,1,0.10256883096772432,2,0.061700004152953625,12,23
stage1,breast_cancer,0,6,breast_cancer|0|6,leaf_enum_bruteforce,1,0,0,1,0.10256883096772432,2,0.17220000154338777,12,23
stage1,breast_cancer,0,6,breast_cancer|0|6,nearest_neighbor,1,0,0,1,2.306822247810047,30,0.014399993233382702,12,23
stage1,breast_cancer,0,6,breast_cancer|0|6,random_search,1,0,0,1,0.4806730224994807,30,0.47810000251047313,12,23
stage1,breast_cancer,0,7,breast_cancer|0|7,treesat_exact,0,1,1,1,0.2684882675333335,1,0.06379999103955925,12,23
stage1,breast_cancer,0,7,breast_cancer|0|7,leaf_enum_bruteforce,0,1,1,1,0.2684882675333335,1,0.2468000166118145,12,23
stage1,breast_cancer,0,7,breast_cancer|0|7,nearest_neighbor,0,1,1,1,2.9715230102363477,30,0.018999999156221747,12,23
stage1,breast_cancer,0,7,breast_cancer|0|7,random_search,0,1,1,1,0.8921233094822852,30,0.4819000023417175,12,23
stage1,breast_cancer,0,8,breast_cancer|0|8,treesat_exact,0,1,1,1,0.3949219319977215,1,0.1154000055976212,12,23
stage1,breast_cancer,0,8,breast_cancer|0|8,leaf_enum_bruteforce,0,1,1,1,0.3949219319977215,1,0.2327999973203987,12,23
stage1,breast_cancer,0,8,breast_cancer|0|8,nearest_neighbor,0,1,1,1,6.443674620756584,30,0.01729998621158302,12,23
stage1,breast_cancer,0,8,breast_cancer|0|8,random_search,0,1,1,1,0.25902369931408736,30,0.49890001537278295,12,23
stage1,breast_cancer,0,9,breast_cancer|0|9,treesat_exact,1,0,0,1,0.2434758882399989,2,0.061700004152953625,12,23
stage1,breast_cancer,0,9,breast_cancer|0|9,leaf_enum_bruteforce,1,0,0,1,0.2434758882399989,2,0.20219999714754522,12,23
stage1,breast_cancer,0,9,breast_cancer|0|9,nearest_neighbor,1,0,0,1,4.274902047760477,30,0.01580000389367342,12,23
stage1,breast_cancer,0,9,breast_cancer|0|9,random_search,1,0,0,1,0.603401575513301,30,0.4725000180769712,12,23
stage1,breast_cancer,0,10,breast_cancer|0|10,treesat_exact,1,0,0,1,0.16746067382926758,1,0.062000006437301636,12,23
stage1,breast_cancer,0,10,breast_cancer|0|10,leaf_enum_bruteforce,1,0,0,1,0.16746067382926758,1,0.18240002100355923,12,23
stage1,breast_cancer,0,10,breast_cancer|0|10,nearest_neighbor,1,0,0,1,2.6577439527729836,30,0.014299992471933365,12,23
stage1,breast_cancer,0,10,breast_cancer|0|10,random_search,1,0,0,1,0.4910832442874939,30,0.4603999841492623,12,23
stage1,breast_cancer,0,11,breast_cancer|0|11,treesat_exact,1,0,0,1,0.5895794273662069,1,0.05880001117475331,12,23
stage1,breast_cancer,0,11,breast_cancer|0|11,leaf_enum_bruteforce,1,0,0,1,0.5895794273662069,1,0.1571000029798597,12,23
stage1,breast_cancer,0,11,breast_cancer|0|11,nearest_neighbor,1,0,0,1,4.0657101288289095,30,0.013200013199821115,12,23
stage1,breast_cancer,0,11,breast_cancer|0|11,random_search,1,0,0,1,1.6820944066748824,30,0.8476999937556684,12,23
stage1,breast_cancer,0,12,breast_cancer|0|12,treesat_exact,0,1,1,1,1.2938651583713154,2,0.0881000014487654,12,23
stage1,breast_cancer,0,12,breast_cancer|0|12,leaf_enum_bruteforce,0,1,1,1,1.2938651583713154,2,0.26169998454861343,12,23
stage1,breast_cancer,0,12,breast_cancer|0|12,nearest_neighbor,0,1,1,1,7.020591819103414,30,0.02680000034160912,12,23
stage1,breast_cancer,0,12,breast_cancer|0|12,random_search,0,1,1,1,5.453871568784017,30,0.4917999904137105,12,23
stage1,breast_cancer,0,13,breast_cancer|0|13,treesat_exact,1,0,0,1,0.425407329259357,1,0.06949997623451054,12,23
stage1,breast_cancer,0,13,breast_cancer|0|13,leaf_enum_bruteforce,1,0,0,1,0.425407329259357,1,0.20629999926313758,12,23
stage1,breast_cancer,0,13,breast_cancer|0|13,nearest_neighbor,1,0,0,1,3.113683800551436,30,0.023900007363408804,12,23
stage1,breast_cancer,0,13,breast_cancer|0|13,random_search,1,0,0,1,1.042459489582162,30,0.5487000162247568,12,23
stage1,breast_cancer,0,14,breast_cancer|0|14,treesat_exact,1,0,0,1,0.5220638778202904,1,0.06970000686123967,12,23
stage1,breast_cancer,0,14,breast_cancer|0|14,leaf_enum_bruteforce,1,0,0,1,0.5220638778202904,1,0.19540000357665122,12,23
stage1,breast_cancer,0,14,breast_cancer|0|14,nearest_neighbor,1,0,0,1,3.2046050450087162,30,0.018000020645558834,12,23
stage1,breast_cancer,0,14,breast_cancer|0|14,random_search,1,0,0,1,1.8707581454078062,30,0.5562999867834151,12,23
stage1,breast_cancer,0,15,breast_cancer|0|15,treesat_exact,1,0,0,1,0.31486459256685073,1,0.06920000305399299,12,23
stage1,breast_cancer,0,15,breast_cancer|0|15,leaf_enum_bruteforce,1,0,0,1,0.31486459256685073,1,0.17980000120587647,12,23
stage1,breast_cancer,0,15,breast_cancer|0|15,nearest_neighbor,1,0,0,1,2.6853891100645533,30,0.014900026144459844,12,23
stage1,breast_cancer,0,15,breast_cancer|0|15,random_search,1,0,0,1,0.9751843452490307,30,0.4803999909199774,12,23
stage1,breast_cancer,0,16,breast_cancer|0|16,treesat_exact,1,0,0,1,1.0475842573295777,2,0.0610999995842576,12,23
stage1,breast_cancer,0,16,breast_cancer|0|16,leaf_enum_bruteforce,1,0,0,1,1.0475842573295777,2,0.162499985890463,12,23
stage1,breast_cancer,0,16,breast_cancer|0|16,nearest_neighbor,1,0,0,1,16.62566297773634,30,0.013500015484169126,12,23
stage1,breast_cancer,0,16,breast_cancer|0|16,random_search,1,0,0,1,4.0207787771083385,30,0.450699997600168,12,23
stage1,breast_cancer,0,17,breast_cancer|0|17,treesat_exact,0,1,1,1,0.7215512337198684,2,0.09970000246539712,12,23
stage1,breast_cancer,0,17,breast_cancer|0|17,leaf_enum_bruteforce,0,1,1,1,0.7215512337198684,2,0.22299998090602458,12,23
stage1,breast_cancer,0,17,breast_cancer|0|17,nearest_neighbor,0,1,1,1,5.064040030835286,30,0.02379997749812901,12,23
stage1,breast_cancer,0,17,breast_cancer|0|17,random_search,0,1,1,1,2.15552226673573,30,0.4552000027615577,12,23
stage1,breast_cancer,0,18,breast_cancer|0|18,treesat_exact,1,0,0,1,0.16116241411264456,2,0.05879998207092285,12,23
stage1,breast_cancer,0,18,breast_cancer|0|18,leaf_enum_bruteforce,1,0,0,1,0.16116241411264456,2,0.16090000281110406,12,23
stage1,breast_cancer,0,18,breast_cancer|0|18,nearest_neighbor,1,0,0,1,3.706650385009823,30,0.013299984857439995,12,23
stage1,breast_cancer,0,18,breast_cancer|0|18,random_search,1,0,0,1,0.6794797578268871,30,0.47740002628415823,12,23
stage1,breast_cancer,0,19,breast_cancer|0|19,treesat_exact,1,0,0,1,0.6307045061798342,1,0.06890000076964498,12,23
stage1,breast_cancer,0,19,breast_cancer|0|19,leaf_enum_bruteforce,1,0,0,1,0.6307045061798342,1,0.16659998800605536,12,23
stage1,breast_cancer,0,19,breast_cancer|0|19,nearest_neighbor,1,0,0,1,3.2848244732572387,30,0.014599994756281376,12,23
stage1,breast_cancer,0,19,breast_cancer|0|19,random_search,1,0,0,1,2.0410654582584082,30,0.4649000184144825,12,23
stage1,breast_cancer,0,20,breast_cancer|0|20,treesat_exact,0,1,1,1,0.06758120328036848,1,0.06379999103955925,12,23
stage1,breast_cancer,0,20,breast_cancer|0|20,leaf_enum_bruteforce,0,1,1,1,0.06758120328036848,1,0.22300001000985503,12,23
stage1,breast_cancer,0,20,breast_cancer|0|20,nearest_neighbor,0,1,1,1,1.6527059716556074,30,0.01960000372491777,12,23
stage1,breast_cancer,0,20,breast_cancer|0|20,random_search,0,1,1,1,0.22594182923698108,30,0.4734999965876341,12,23
stage1,breast_cancer,0,21,breast_cancer|0|21,treesat_exact,1,0,0,1,0.32199363596620056,1,0.05840000812895596,12,23
stage1,breast_cancer,0,21,breast_cancer|0|21,leaf_enum_bruteforce,1,0,0,1,0.32199363596620056,1,0.17060001846402884,12,23
stage1,breast_cancer,0,21,breast_cancer|0|21,nearest_neighbor,1,0,0,1,3.0623755214895882,30,0.0137000170070678,12,23
stage1,breast_cancer,0,21,breast_cancer|0|21,random_search,1,0,0,1,0.9538097342735773,30,0.45300001511350274,12,23
stage1,breast_cancer,0,22,breast_cancer|0|22,treesat_exact,0,1,1,1,0.3925036715034334,1,0.06199997733347118,12,23
stage1,breast_cancer,0,22,breast_cancer|0|22,leaf_enum_bruteforce,0,1,1,1,0.3925036715034334,1,0.222100003156811,12,23
stage1,breast_cancer,0,22,breast_cancer|0|22,nearest_neighbor,0,1,1,1,5.1719637891703645,29,0.01719998545013368,12,23
stage1,breast_cancer,0,22,breast_cancer|0|22,random_search,0,1,1,1,1.0783806930789572,30,0.45089999912306666,12,23
stage1,breast_cancer,0,23,breast_cancer|0|23,treesat_exact,0,1,1,1,1.2141057228053438,1,0.06080002640374005,12,23
stage1,breast_cancer,0,23,breast_cancer|0|23,leaf_enum_bruteforce,0,1,1,1,1.2141057228053438,1,0.2238999877590686,12,23
stage1,breast_cancer,0,23,breast_cancer|0|23,nearest_neighbor,0,1,1,1,6.113288629184508,30,0.016900012269616127,12,23
stage1,breast_cancer,0,23,breast_cancer|0|23,random_search,0,1,1,1,3.7758532056513,30,0.43899999582208693,12,23
stage1,breast_cancer,0,24,breast_cancer|0|24,treesat_exact,0,1,1,1,1.578995182582068,2,0.06030002259649336,12,23
stage1,breast_cancer,0,24,breast_cancer|0|24,leaf_enum_bruteforce,0,1,1,1,1.578995182582068,2,0.22300001000985503,12,23
stage1,breast_cancer,0,24,breast_cancer|0|24,nearest_neighbor,0,1,1,1,5.831928109939565,30,0.016200006939470768,12,23
stage1,breast_cancer,0,24,breast_cancer|0|24,random_search,0,1,1,1,4.551460819398805,30,0.4385000211186707,12,23
stage1,breast_cancer,0,25,breast_cancer|0|25,treesat_exact,1,0,0,1,0.11298316869614333,2,0.05989999044686556,12,23
stage1,breast_cancer,0,25,breast_cancer|0|25,leaf_enum_bruteforce,1,0,0,1,0.11298316869614333,2,0.159399991389364,12,23
stage1,breast_cancer,0,25,breast_cancer|0|25,nearest_neighbor,1,0,0,1,2.768567575805651,30,0.013200013199821115,12,23
stage1,breast_cancer,0,25,breast_cancer|0|25,random_search,1,0,0,1,0.5595426864798376,30,0.47259998973459005,12,23
stage1,breast_cancer,0,26,breast_cancer|0|26,treesat_exact,0,1,1,1,0.18034580731414385,2,0.062700011767447,12,23
stage1,breast_cancer,0,26,breast_cancer|0|26,leaf_enum_bruteforce,0,1,1,1,0.18034580731414385,2,0.2815999905578792,12,23
stage1,breast_cancer,0,26,breast_cancer|0|26,nearest_neighbor,0,1,1,1,5.3997650831193,30,0.020899984519928694,12,23
stage1,breast_cancer,0,26,breast_cancer|0|26,random_search,0,1,1,1,0.5906784157506081,30,0.4870999837294221,12,23
stage1,breast_cancer,0,27,breast_cancer|0|27,treesat_exact,1,0,0,1,0.3663557600777536,1,0.06079999729990959,12,23
stage1,breast_cancer,0,27,breast_cancer|0|27,leaf_enum_bruteforce,1,0,0,1,0.3663557600777536,1,0.16269998741336167,12,23
stage1,breast_cancer,0,27,breast_cancer|0|27,nearest_neighbor,1,0,0,1,3.3222267535686436,30,0.013399985618889332,12,23
stage1,breast_cancer,0,27,breast_cancer|0|27,random_search,1,0,0,1,0.924721601602823,30,0.5588000058196485,12,23
stage1,breast_cancer,0,28,breast_cancer|0|28,treesat_exact,1,0,0,1,0.5607038002007222,1,0.0633999879937619,12,23
stage1,breast_cancer,0,28,breast_cancer|0|28,leaf_enum_bruteforce,1,0,0,1,0.5607038002007222,1,0.3651999868452549,12,23
stage1,breast_cancer,0,28,breast_cancer|0|28,nearest_neighbor,1,0,0,1,3.8923447704122585,30,0.026900001103058457,12,23
stage1,breast_cancer,0,28,breast_cancer|0|28,random_search,1,0,0,1,1.1339655027877344,30,0.49920001765713096,12,23
stage1,breast_cancer,0,29,breast_cancer|0|29,treesat_exact,1,0,0,1,0.5525596180737204,2,0.06810002378188074,12,23
stage1,breast_cancer,0,29,breast_cancer|0|29,leaf_enum_bruteforce,1,0,0,1,0.5525596180737204,2,0.1666000171098858,12,23
stage1,breast_cancer,0,29,breast_cancer|0|29,nearest_neighbor,1,0,0,1,2.8102376633082637,30,0.014300021575763822,12,23
stage1,breast_cancer,0,29,breast_cancer|0|29,random_search,1,0,0,1,1.603247542088668,30,0.49700000090524554,12,23
stage1,breast_cancer,0,30,breast_cancer|0|30,treesat_exact,0,1,1,1,0.4293525107978276,1,0.0675999908708036,12,23
stage1,breast_cancer,0,30,breast_cancer|0|30,leaf_enum_bruteforce,0,1,1,1,0.4293525107978276,1,0.22659997921437025,12,23
stage1,breast_cancer,0,30,breast_cancer|0|30,nearest_neighbor,0,1,1,1,3.067968227878956,30,0.02090001362375915,12,23
stage1,breast_cancer,0,30,breast_cancer|0|30,random_search,0,1,1,1,1.1060279038589376,30,0.5039999959990382,12,23
stage1,breast_cancer,0,31,breast_cancer|0|31,treesat_exact,0,1,1,1,1.1548934500081445,1,0.06579997716471553,12,23
stage1,breast_cancer,0,31,breast_cancer|0|31,leaf_enum_bruteforce,0,1,1,1,1.1548934500081445,1,0.22980000358074903,12,23
stage1,breast_cancer,0,31,breast_cancer|0|31,nearest_neighbor,0,1,1,1,4.500642744731995,30,0.025999994250014424,12,23
stage1,breast_cancer,0,31,breast_cancer|0|31,random_search,0,1,1,1,3.3093394809053294,30,0.4678000113926828,12,23
stage1,breast_cancer,0,32,breast_cancer|0|32,treesat_exact,1,0,0,1,0.20389494274672273,2,0.06049999501556158,12,23
stage1,breast_cancer,0,32,breast_cancer|0|32,leaf_enum_bruteforce,1,0,0,1,0.20389494274672273,2,0.16240001423284411,12,23
stage1,breast_cancer,0,32,breast_cancer|0|32,nearest_neighbor,1,0,0,1,2.539849847645424,30,0.013999990187585354,12,23
stage1,breast_cancer,0,32,breast_cancer|0|32,random_search,1,0,0,1,0.5805545993865303,30,0.4797000146936625,12,23
stage1,breast_cancer,0,33,breast_cancer|0|33,treesat_exact,1,0,0,1,0.5567849650854064,1,0.06319998647086322,12,23
stage1,breast_cancer,0,33,breast_cancer|0|33,leaf_enum_bruteforce,1,0,0,1,0.5567849650854064,1,0.1731000083964318,12,23
stage1,breast_cancer,0,33,breast_cancer|0|33,nearest_neighbor,1,0,0,1,4.633154654568355,30,0.014599994756281376,12,23
stage1,breast_cancer,0,33,breast_cancer|0|33,random_search,1,0,0,1,2.0943016160896173,30,0.4687000182457268,12,23
stage1,breast_cancer,0,34,breast_cancer|0|34,treesat_exact,1,0,0,1,0.5371907895088275,1,0.060999998822808266,12,23
stage1,breast_cancer,0,34,breast_cancer|0|34,leaf_enum_bruteforce,1,0,0,1,0.5371907895088275,1,0.16960001084953547,12,23
stage1,breast_cancer,0,34,breast_cancer|0|34,nearest_neighbor,1,0,0,1,3.308459090275669,30,0.014299992471933365,12,23
stage1,breast_cancer,0,34,breast_cancer|0|34,random_search,1,0,0,1,1.6983692485405781,30,0.4759000148624182,12,23
stage1,breast_cancer,0,35,breast_cancer|0|35,treesat_exact,0,1,1,1,0.28754801199595126,1,0.06389999180100858,12,23
stage1,breast_cancer,0,35,breast_cancer|0|35,leaf_enum_bruteforce,0,1,1,1,0.28754801199595126,1,0.25599999935366213,12,23
stage1,breast_cancer,0,35,breast_cancer|0|35,nearest_neighbor,0,1,1,1,4.543315301467947,30,0.019400002202019095,12,23
stage1,breast_cancer,0,35,breast_cancer|0|35,random_search,0,1,1,1,0.9267106891123514,30,0.4856999730691314,12,23
stage1,breast_cancer,0,36,breast_cancer|0|36,treesat_exact,0,1,1,1,0.11751556052971467,1,0.0644999963697046,12,23
stage1,breast_cancer,0,36,breast_cancer|0|36,leaf_enum_bruteforce,0,1,1,1,0.11751556052971467,1,0.23139998666010797,12,23
stage1,breast_cancer,0,36,breast_cancer|0|36,nearest_neighbor,0,1,1,1,2.8245901361639176,30,0.017499987734481692,12,23
stage1,breast_cancer,0,36,breast_cancer|0|36,random_search,0,1,1,1,0.28938124542511356,30,0.48909999895840883,12,23
stage1,breast_cancer,0,37,breast_cancer|0|37,treesat_exact,0,1,1,1,0.9414243120268253,1,0.06500000017695129,12,23
stage1,breast_cancer,0,37,breast_cancer|0|37,leaf_enum_bruteforce,0,1,1,1,0.9414243120268253,1,0.231999991228804,12,23
stage1,breast_cancer,0,37,breast_cancer|0|37,nearest_neighbor,0,1,1,1,4.907243134123665,30,0.01729998621158302,12,23
stage1,breast_cancer,0,37,breast_cancer|0|37,random_search,0,1,1,1,3.9335672158134667,30,0.4737999988719821,12,23
stage1,breast_cancer,0,38,breast_cancer|0|38,treesat_exact,1,0,0,1,0.42321201296213123,2,0.061400001868605614,12,23
stage1,breast_cancer,0,38,breast_cancer|0|38,leaf_enum_bruteforce,1,0,0,1,0.42321201296213123,2,0.17129999469034374,12,23
stage1,breast_cancer,0,38,breast_cancer|0|38,nearest_neighbor,1,0,0,1,2.8068021495764706,30,0.014200020814314485,12,23
stage1,breast_cancer,0,38,breast_cancer|0|38,random_search,1,0,0,1,1.9917357736481018,30,0.4661999992094934,12,23
stage1,breast_cancer,0,39,breast_cancer|0|39,treesat_exact,0,1,1,1,2.071331461736977,2,0.11860000086016953,12,23
stage1,breast_cancer,0,39,breast_cancer|0|39,leaf_enum_bruteforce,0,1,1,1,2.071331461736977,2,0.229199999012053,12,23
stage1,breast_cancer,0,39,breast_cancer|0|39,nearest_neighbor,0,1,1,1,6.789755204163335,30,0.0185999961104244,12,23
stage1,breast_cancer,0,39,breast_cancer|0|39,random_search,0,1,1,1,4.081508692767806,30,0.5565999890677631,12,23
stage1,breast_cancer,0,40,breast_cancer|0|40,treesat_exact,1,0,0,1,0.5404908611848829,1,0.06479999865405262,12,23
stage1,breast_cancer,0,40,breast_cancer|0|40,leaf_enum_bruteforce,1,0,0,1,0.5404908611848829,1,0.16510000568814576,12,23
stage1,breast_cancer,0,40,breast_cancer|0|40,nearest_neighbor,1,0,0,1,4.379117489057707,30,0.015099998563528061,12,23
stage1,breast_cancer,0,40,breast_cancer|0|40,random_search,1,0,0,1,1.8718272268435558,30,0.4594999772962183,12,23
stage1,breast_cancer,0,41,breast_cancer|0|41,treesat_exact,0,1,1,1,0.7282093039716745,1,0.06329998723231256,12,23
stage1,breast_cancer,0,41,breast_cancer|0|41,leaf_enum_bruteforce,0,1,1,1,0.7282093039716745,1,0.22620000527240336,12,23
stage1,breast_cancer,0,41,breast_cancer|0|41,nearest_neighbor,0,1,1,1,3.8824344068502366,30,0.01759998849593103,12,23
stage1,breast_cancer,0,41,breast_cancer|0|41,random_search,0,1,1,1,2.2682695087772156,30,0.47969998558983207,12,23
stage1,breast_cancer,0,42,breast_cancer|0|42,treesat_exact,1,0,0,1,0.6260864702825698,1,0.0680000230204314,12,23
stage1,breast_cancer,0,42,breast_cancer|0|42,leaf_enum_bruteforce,1,0,0,1,0.6260864702825698,1,0.16280001727864146,12,23
stage1,breast_cancer,0,42,breast_cancer|0|42,nearest_neighbor,1,0,0,1,3.3071526298605645,30,0.013300013961270452,12,23
stage1,breast_cancer,0,42,breast_cancer|0|42,random_search,1,0,0,1,2.211222397307231,30,0.4427000239957124,12,23
stage1,breast_cancer,0,43,breast_cancer|0|43,treesat_exact,1,0,0,1,0.26411722239020097,1,0.05849997978657484,12,23
stage1,breast_cancer,0,43,breast_cancer|0|43,leaf_enum_bruteforce,1,0,0,1,0.26411722239020097,1,0.16110000433400273,12,23
stage1,breast_cancer,0,43,breast_cancer|0|43,nearest_neighbor,1,0,0,1,2.992651555102408,30,0.013599987141788006,12,23
stage1,breast_cancer,0,43,breast_cancer|0|43,random_search,1,0,0,1,0.7231642578913073,30,1.2833000218961388,12,23
stage1,breast_cancer,0,44,breast_cancer|0|44,treesat_exact,1,0,0,1,0.5967983341575781,1,0.07999999797903001,12,23
stage1,breast_cancer,0,44,breast_cancer|0|44,leaf_enum_bruteforce,1,0,0,1,0.5967983341575781,1,0.1776000135578215,12,23
stage1,breast_cancer,0,44,breast_cancer|0|44,nearest_neighbor,1,0,0,1,6.243198864093174,30,0.017799990018829703,12,23
stage1,breast_cancer,0,44,breast_cancer|0|44,random_search,1,0,0,1,2.1279557715903046,30,0.48160000005736947,12,23
stage1,breast_cancer,0,45,breast_cancer|0|45,treesat_exact,1,0,0,1,0.38765629168756727,1,0.06379999103955925,12,23
stage1,breast_cancer,0,45,breast_cancer|0|45,leaf_enum_bruteforce,1,0,0,1,0.38765629168756727,1,0.16719999257475138,12,23
stage1,breast_cancer,0,45,breast_cancer|0|45,nearest_neighbor,1,0,0,1,4.2961507678068305,30,0.01479999627918005,12,23
stage1,breast_cancer,0,45,breast_cancer|0|45,random_search,1,0,0,1,1.1107917159905234,30,0.4655999946407974,12,23
stage1,breast_cancer,0,46,breast_cancer|0|46,treesat_exact,1,0,0,1,0.005617907741239991,1,0.06029999349266291,12,23
stage1,breast_cancer,0,46,breast_cancer|0|46,leaf_enum_bruteforce,1,0,0,1,0.005617907741239991,1,0.16990001313388348,12,23
stage1,breast_cancer,0,46,breast_cancer|0|46,nearest_neighbor,1,0,0,1,1.982116599947511,30,0.014999997802078724,12,23
stage1,breast_cancer,0,46,breast_cancer|0|46,random_search,1,0,0,1,0.21734570907088455,30,0.4754000110551715,12,23
stage1,breast_cancer,0,47,breast_cancer|0|47,treesat_exact,1,0,0,1,0.3490222148950938,1,0.05879998207092285,12,23
stage1,breast_cancer,0,47,breast_cancer|0|47,leaf_enum_bruteforce,1,0,0,1,0.3490222148950938,1,0.16140000661835074,12,23
stage1,breast_cancer,0,47,breast_cancer|0|47,nearest_neighbor,1,0,0,1,3.0323779369307884,30,0.01300001167692244,12,23
stage1,breast_cancer,0,47,breast_cancer|0|47,random_search,1,0,0,1,1.1873213535515459,30,0.45670001418329775,12,23
stage1,breast_cancer,0,48,breast_cancer|0|48,treesat_exact,1,0,0,1,0.5728893577626658,1,0.05959998816251755,12,23
stage1,breast_cancer,0,48,breast_cancer|0|48,leaf_enum_bruteforce,1,0,0,1,0.5728893577626658,1,0.16379999578930438,12,23
stage1,breast_cancer,0,48,breast_cancer|0|48,nearest_neighbor,1,0,0,1,3.0679332537075834,30,0.01309998333454132,12,23
stage1,breast_cancer,0,48,breast_cancer|0|48,random_search,1,0,0,1,1.9915611930436834,30,0.46079998719505966,12,23
stage1,breast_cancer,0,49,breast_cancer|0|49,treesat_exact,1,0,0,1,0.5487274734846268,2,0.061700004152953625,12,23
stage1,breast_cancer,0,49,breast_cancer|0|49,leaf_enum_bruteforce,1,0,0,1,0.5487274734846268,2,0.1644000003580004,12,23
stage1,breast_cancer,0,49,breast_cancer|0|49,nearest_neighbor,1,0,0,1,3.5983789923094496,30,0.013999990187585354,12,23
stage1,breast_cancer,0,49,breast_cancer|0|49,random_search,1,0,0,1,1.9988586432754571,30,0.4555000050459057,12,23
stage1,breast_cancer,0,50,breast_cancer|0|50,treesat_exact,1,0,0,1,0.5457645603241015,1,0.05780000356025994,12,23
stage1,breast_cancer,0,50,breast_cancer|0|50,leaf_enum_bruteforce,1,0,0,1,0.5457645603241015,1,0.16029999824240804,12,23
stage1,breast_cancer,0,50,breast_cancer|0|50,nearest_neighbor,1,0,0,1,2.465101497341005,30,0.013100012438371778,12,23
stage1,breast_cancer,0,50,breast_cancer|0|50,random_search,1,0,0,1,1.9896935538992997,30,0.4763000179082155,12,23
stage1,breast_cancer,0,51,breast_cancer|0|51,treesat_exact,0,1,1,1,0.9094039413296275,1,0.06379999103955925,12,23
stage1,breast_cancer,0,51,breast_cancer|0|51,leaf_enum_bruteforce,0,1,1,1,0.9094039413296275,1,0.24190000840462744,12,23
stage1,breast_cancer,0,51,breast_cancer|0|51,nearest_neighbor,0,1,1,1,8.182365042277176,30,0.02379997749812901,12,23
stage1,breast_cancer,0,51,breast_cancer|0|51,random_search,0,1,1,1,3.9267223154320687,30,0.4461999924387783,12,23
stage1,breast_cancer,0,52,breast_cancer|0|52,treesat_exact,1,0,0,1,0.7172509503336002,1,0.06019999273121357,12,23
stage1,breast_cancer,0,52,breast_cancer|0|52,leaf_enum_bruteforce,1,0,0,1,0.7172509503336002,1,0.16110000433400273,12,23
stage1,breast_cancer,0,52,breast_cancer|0|52,nearest_neighbor,1,0,0,1,4.082502266977607,30,0.013500015484169126,12,23
stage1,breast_cancer,0,52,breast_cancer|0|52,random_search,1,0,0,1,2.1773925968058783,30,0.44770000386051834,12,23
stage1,breast_cancer,0,53,breast_cancer|0|53,treesat_exact,1,0,0,1,0.11457867157708532,1,0.06689998554065824,12,23
stage1,breast_cancer,0,53,breast_cancer|0|53,leaf_enum_bruteforce,1,0,0,1,0.11457867157708532,1,0.16039999900385737,12,23
stage1,breast_cancer,0,53,breast_cancer|0|53,nearest_neighbor,1,0,0,1,2.463350897111738,30,0.013599987141788006,12,23
stage1,breast_cancer,0,53,breast_cancer|0|53,random_search,1,0,0,1,0.2626593272828507,30,0.48060002154670656,12,23
stage1,breast_cancer,0,54,breast_cancer|0|54,treesat_exact,1,0,0,1,0.4130681954005144,1,0.060699996538460255,12,23
stage1,breast_cancer,0,54,breast_cancer|0|54,leaf_enum_bruteforce,1,0,0,1,0.4130681954005144,1,0.1618000096641481,12,23
stage1,breast_cancer,0,54,breast_cancer|0|54,nearest_neighbor,1,0,0,1,2.244495690245592,30,0.013300013961270452,12,23
stage1,breast_cancer,0,54,breast_cancer|0|54,random_search,1,0,0,1,2.1389239639006288,30,0.4535000189207494,12,23
stage1,breast_cancer,0,55,breast_cancer|0|55,treesat_exact,0,1,1,1,0.36723612672057565,1,0.0619000056758523,12,23
stage1,breast_cancer,0,55,breast_cancer|0|55,leaf_enum_bruteforce,0,1,1,1,0.36723612672057565,1,0.23100001271814108,12,23
stage1,breast_cancer,0,55,breast_cancer|0|55,nearest_neighbor,0,1,1,1,3.6776166047971297,30,0.01889999839477241,12,23
stage1,breast_cancer,0,55,breast_cancer|0|55,random_search,0,1,1,1,1.102719982617714,30,0.46209999709390104,12,23
stage1,breast_cancer,0,56,breast_cancer|0|56,treesat_exact,0,1,1,1,1.4087692462502133,1,0.061700004152953625,12,23
stage1,breast_cancer,0,56,breast_cancer|0|56,leaf_enum_bruteforce,0,1,1,1,1.4087692462502133,1,0.2263000060338527,12,23
stage1,breast_cancer,0,56,breast_cancer|0|56,nearest_neighbor,0,1,1,1,6.498903266919479,30,0.017000013031065464,12,23
stage1,breast_cancer,0,56,breast_cancer|0|56,random_search,0,1,1,1,3.9887419962362816,30,0.45009999303147197,12,23
stage1,breast_cancer,0,57,breast_cancer|0|57,treesat_exact,1,0,0,1,0.6518682802517526,1,0.0610999995842576,12,23
stage1,breast_cancer,0,57,breast_cancer|0|57,leaf_enum_bruteforce,1,0,0,1,0.6518682802517526,1,0.1674999948590994,12,23
stage1,breast_cancer,0,57,breast_cancer|0|57,nearest_neighbor,1,0,0,1,3.317515760495755,30,0.014499993994832039,12,23
stage1,breast_cancer,0,57,breast_cancer|0|57,random_search,1,0,0,1,1.959672832855915,30,0.4639000107999891,12,23
stage1,breast_cancer,0,58,breast_cancer|0|58,treesat_exact,1,0,0,1,0.3814686572949634,1,0.06049999501556158,12,23
stage1,breast_cancer,0,58,breast_cancer|0|58,leaf_enum_bruteforce,1,0,0,1,0.3814686572949634,1,0.21850000484846532,12,23
stage1,breast_cancer,0,58,breast_cancer|0|58,nearest_neighbor,1,0,0,1,3.123788188002699,30,0.017600017599761486,12,23
stage1,breast_cancer,0,58,breast_cancer|0|58,random_search,1,0,0,1,1.1339183218331645,30,0.5040999967604876,12,23
stage1,breast_cancer,0,59,breast_cancer|0|59,treesat_exact,1,0,0,1,0.6838377246135393,1,0.0675999908708036,12,23
stage1,breast_cancer,0,59,breast_cancer|0|59,leaf_enum_bruteforce,1,0,0,1,0.6838377246135393,1,0.17010001465678215,12,23
stage1,breast_cancer,0,59,breast_cancer|0|59,nearest_neighbor,1,0,0,1,4.457920115333485,30,0.014199991710484028,12,23
stage1,breast_cancer,0,59,breast_cancer|0|59,random_search,1,0,0,1,2.1505590260363037,30,0.8248000231105834,12,23
stage1,breast_cancer,1,0,breast_cancer|1|0,treesat_exact,0,1,1,1,0.6456474522710566,1,0.14879999798722565,15,29
stage1,breast_cancer,1,0,breast_cancer|1|0,leaf_enum_bruteforce,0,1,1,1,0.6456474522710566,1,0.3169999981764704,15,29
stage1,breast_cancer,1,0,breast_cancer|1|0,nearest_neighbor,0,1,1,1,7.106037001856946,30,0.03360002301633358,15,29
stage1,breast_cancer,1,0,breast_cancer|1|0,random_search,0,1,1,1,1.7176840764921932,30,0.5135999817866832,15,29
stage1,breast_cancer,1,1,breast_cancer|1|1,treesat_exact,0,1,1,1,0.5521832234263658,1,0.06970000686123967,15,29
stage1,breast_cancer,1,1,breast_cancer|1|1,leaf_enum_bruteforce,0,1,1,1,0.5521832234263658,1,0.26439997600391507,15,29
stage1,breast_cancer,1,1,breast_cancer|1|1,nearest_neighbor,0,1,1,1,5.797777153698367,30,0.017699989257380366,15,29
stage1,breast_cancer,1,1,breast_cancer|1|1,random_search,0,1,1,1,1.3112208277222235,30,0.46850001672282815,15,29
stage1,breast_cancer,1,2,breast_cancer|1|2,treesat_exact,0,1,1,1,1.7351074800619901,3,0.06479999865405262,15,29
stage1,breast_cancer,1,2,breast_cancer|1|2,leaf_enum_bruteforce,0,1,1,1,1.7351074800619901,3,0.25240000104531646,15,29
stage1,breast_cancer,1,2,breast_cancer|1|2,nearest_neighbor,0,1,1,1,8.035291873625061,30,0.016699981642886996,15,29
stage1,breast_cancer,1,2,breast_cancer|1|2,random_search,0,1,1,1,5.404018381052008,30,0.42899997788481414,15,29
stage1,breast_cancer,1,3,breast_cancer|1|3,treesat_exact,1,0,0,1,0.8656571986959428,2,0.06439999560825527,15,29
stage1,breast_cancer,1,3,breast_cancer|1|3,leaf_enum_bruteforce,1,0,0,1,0.8656571986959428,2,0.2219999732915312,15,29
stage1,breast_cancer,1,3,breast_cancer|1|3,nearest_neighbor,1,0,0,1,5.746477675052737,30,0.014999997802078724,15,29
stage1,breast_cancer,1,3,breast_cancer|1|3,random_search,1,0,0,1,4.202001048661757,30,1.1522999848239124,15,29
stage1,breast_cancer,1,4,breast_cancer|1|4,treesat_exact,1,0,0,1,0.37395371433694985,2,0.19109999993816018,15,29
stage1,breast_cancer,1,4,breast_cancer|1|4,leaf_enum_bruteforce,1,0,0,1,0.37395371433694985,2,0.6239000067580491,15,29
stage1,breast_cancer,1,4,breast_cancer|1|4,nearest_neighbor,1,0,0,1,2.7262620395355794,30,0.04400001489557326,15,29
stage1,breast_cancer,1,4,breast_cancer|1|4,random_search,1,0,0,1,1.160216242775556,30,0.8074999786913395,15,29
stage1,breast_cancer,1,5,breast_cancer|1|5,treesat_exact,1,0,0,1,0.16114772205702046,1,0.06640001083724201,15,29
stage1,breast_cancer,1,5,breast_cancer|1|5,leaf_enum_bruteforce,1,0,0,1,0.16114772205702046,1,0.2264999784529209,15,29
stage1,breast_cancer,1,5,breast_cancer|1|5,nearest_neighbor,1,0,0,1,2.7534159302039076,30,0.016399979358538985,15,29
stage1,breast_cancer,1,5,breast_cancer|1|5,random_search,1,0,0,1,0.5036663871064788,30,0.4910999850835651,15,29
stage1,breast_cancer,1,6,breast_cancer|1|6,treesat_exact,0,1,1,1,0.22130607011452197,2,0.09439999121241271,15,29
stage1,breast_cancer,1,6,breast_cancer|1|6,leaf_enum_bruteforce,0,1,1,1,0.22130607011452197,2,0.25320000713691115,15,29
stage1,breast_cancer,1,6,breast_cancer|1|6,nearest_neighbor,0,1,1,1,2.3643982944141735,30,0.02120001590810716,15,29
stage1,breast_cancer,1,6,breast_cancer|1|6,random_search,0,1,1,1,0.529561473869527,30,0.46690000453963876,15,29
stage1,breast_cancer,1,7,breast_cancer|1|7,treesat_exact,1,0,0,1,0.08434138148881498,1,0.06330001633614302,15,29
stage1,breast_cancer,1,7,breast_cancer|1|7,leaf_enum_bruteforce,1,0,0,1,0.08434138148881498,1,0.2305000089108944,15,29
stage1,breast_cancer,1,7,breast_cancer|1|7,nearest_neighbor,1,0,0,1,2.0433717272849887,30,0.01409999094903469,15,29
stage1,breast_cancer,1,7,breast_cancer|1|7,random_search,1,0,0,1,0.2831761843749607,30,0.4864000075031072,15,29
stage1,breast_cancer,1,8,breast_cancer|1|8,treesat_exact,0,1,1,1,1.597279438636838,1,0.060999998822808266,15,29
stage1,breast_cancer,1,8,breast_cancer|1|8,leaf_enum_bruteforce,0,1,1,1,1.597279438636838,1,0.25099999038502574,15,29
stage1,breast_cancer,1,8,breast_cancer|1|8,nearest_neighbor,0,1,1,1,8.063047488023964,30,0.016200006939470768,15,29
stage1,breast_cancer,1,8,breast_cancer|1|8,random_search,0,1,1,1,4.131126724905856,30,0.441100011812523,15,29
stage1,breast_cancer,1,9,breast_cancer|1|9,treesat_exact,0,1,1,1,0.968394786760493,1,0.06210000719875097,15,29
stage1,breast_cancer,1,9,breast_cancer|1|9,leaf_enum_bruteforce,0,1,1,1,0.968394786760493,1,0.2567000046838075,15,29
stage1,breast_cancer,1,9,breast_cancer|1|9,nearest_neighbor,0,1,1,1,6.909706651186261,30,0.01650000922381878,15,29
stage1,breast_cancer,1,9,breast_cancer|1|9,random_search,0,1,1,1,3.654308838903893,30,0.4949999856762588,15,29
stage1,breast_cancer,1,10,breast_cancer|1|10,treesat_exact,1,0,0,1,0.16846611729516053,2,0.06780002149753273,15,29
stage1,breast_cancer,1,10,breast_cancer|1|10,leaf_enum_bruteforce,1,0,0,1,0.16846611729516053,2,0.2389000146649778,15,29
stage1,breast_cancer,1,10,breast_cancer|1|10,nearest_neighbor,1,0,0,1,2.8087935274223725,30,0.016700010746717453,15,29
stage1,breast_cancer,1,10,breast_cancer|1|10,random_search,1,0,0,1,0.49850072377958066,30,0.49089998356066644,15,29
stage1,breast_cancer,1,11,breast_cancer|1|11,treesat_exact,0,1,1,1,0.5109336683572074,1,0.06730001769028604,15,29
stage1,breast_cancer,1,11,breast_cancer|1|11,leaf_enum_bruteforce,0,1,1,1,0.5109336683572074,1,0.2667000226210803,15,29
stage1,breast_cancer,1,11,breast_cancer|1|11,nearest_neighbor,0,1,1,1,2.876458240185765,30,0.018999999156221747,15,29
stage1,breast_cancer,1,11,breast_cancer|1|11,random_search,0,1,1,1,1.2518869114086189,30,0.5348999984562397,15,29
stage1,breast_cancer,1,12,breast_cancer|1|12,treesat_exact,1,0,0,1,0.26381326466382354,2,0.07219999679364264,15,29
stage1,breast_cancer,1,12,breast_cancer|1|12,leaf_enum_bruteforce,1,0,0,1,0.26381326466382354,2,0.2505000156816095,15,29
stage1,breast_cancer,1,12,breast_cancer|1|12,nearest_neighbor,1,0,0,1,3.0312745547527014,30,0.018999999156221747,15,29
stage1,breast_cancer,1,12,breast_cancer|1|12,random_search,1,0,0,1,0.9254807963568324,30,2.0016999915242195,15,29
stage1,breast_cancer,1,13,breast_cancer|1|13,treesat_exact,1,0,0,1,0.5009642059907823,2,0.19610000890679657,15,29
stage1,breast_cancer,1,13,breast_cancer|1|13,leaf_enum_bruteforce,1,0,0,1,0.5009642059907823,2,0.6104999920353293,15,29
stage1,breast_cancer,1,13,breast_cancer|1|13,nearest_neighbor,1,0,0,1,5.986883184284473,30,0.04469999112188816,15,29
stage1,breast_cancer,1,13,breast_cancer|1|13,random_search,1,0,0,1,1.681697440556431,30,1.160199986770749,15,29
stage1,breast_cancer,1,14,breast_cancer|1|14,treesat_exact,0,1,1,1,0.18144690202519453,2,0.15810001059435308,15,29
stage1,breast_cancer,1,14,breast_cancer|1|14,leaf_enum_bruteforce,0,1,1,1,0.18144690202519453,2,0.6155000010039657,15,29
stage1,breast_cancer,1,14,breast_cancer|1|14,nearest_neighbor,0,1,1,1,2.9464288011348807,30,0.04610000178217888,15,29
stage1,breast_cancer,1,14,breast_cancer|1|14,random_search,0,1,1,1,0.5578888269416267,30,1.0532999876886606,15,29
stage1,breast_cancer,1,15,breast_cancer|1|15,treesat_exact,1,0,0,1,0.5043184587766191,1,0.1412999990861863,15,29
stage1,breast_cancer,1,15,breast_cancer|1|15,leaf_enum_bruteforce,1,0,0,1,0.5043184587766191,1,0.4805000207852572,15,29
stage1,breast_cancer,1,15,breast_cancer|1|15,nearest_neighbor,1,0,0,1,3.880036533691969,30,0.031100003980100155,15,29
stage1,breast_cancer,1,15,breast_cancer|1|15,random_search,1,0,0,1,1.8560199704329745,30,0.8963000145740807,15,29
stage1,breast_cancer,1,16,breast_cancer|1|16,treesat_exact,0,1,1,1,0.11281941889259056,1,0.18060000729747117,15,29
stage1,breast_cancer,1,16,breast_cancer|1|16,leaf_enum_bruteforce,0,1,1,1,0.11281941889259056,1,0.5139000131748617,15,29
stage1,breast_cancer,1,16,breast_cancer|1|16,nearest_neighbor,0,1,1,1,2.4526876233596067,30,0.04019998596049845,15,29
stage1,breast_cancer,1,16,breast_cancer|1|16,random_search,0,1,1,1,0.329057958489165,30,0.9874999814201146,15,29
stage1,breast_cancer,1,17,breast_cancer|1|17,treesat_exact,1,0,0,1,0.7408055283856824,2,0.11649998486973345,15,29
stage1,breast_cancer,1,17,breast_cancer|1|17,leaf_enum_bruteforce,1,0,0,1,0.7408055283856824,2,0.40520000038668513,15,29
stage1,breast_cancer,1,17,breast_cancer|1|17,nearest_neighbor,1,0,0,1,3.4970368103706293,30,0.024900014977902174,15,29
stage1,breast_cancer,1,17,breast_cancer|1|17,random_search,1,0,0,1,2.1815819643326533,30,0.773799984017387,15,29
stage1,breast_cancer,1,18,breast_cancer|1|18,treesat_exact,0,1,1,1,0.4788277054308234,2,0.17929999739862978,15,29
stage1,breast_cancer,1,18,breast_cancer|1|18,leaf_enum_bruteforce,0,1,1,1,0.4788277054308234,2,0.3819999983534217,15,29
stage1,breast_cancer,1,18,breast_cancer|1|18,nearest_neighbor,0,1,1,1,1.6497101043732867,30,0.024600012693554163,15,29
stage1,breast_cancer,1,18,breast_cancer|1|18,random_search,0,1,1,1,0.32116543227206273,30,0.7249999907799065,15,29
stage1,breast_cancer,1,19,breast_cancer|1|19,treesat_exact,1,0,0,1,0.9009453939853403,2,0.09580000187270343,15,29
stage1,breast_cancer,1,19,breast_cancer|1|19,leaf_enum_bruteforce,1,0,0,1,0.9009453939853403,2,0.31189998844638467,15,29
stage1,breast_cancer,1,19,breast_cancer|1|19,nearest_neighbor,1,0,0,1,3.0561707727447183,30,0.01680001150816679,15,29
stage1,breast_cancer,1,19,breast_cancer|1|19,random_search,1,0,0,1,3.971060819663495,30,0.5520000122487545,15,29
stage1,breast_cancer,1,20,breast_cancer|1|20,treesat_exact,0,1,1,1,1.2307504824040003,1,0.07750000804662704,15,29
stage1,breast_cancer,1,20,breast_cancer|1|20,leaf_enum_bruteforce,0,1,1,1,1.2307504824040003,1,0.32279998413287103,15,29
stage1,breast_cancer,1,20,breast_cancer|1|20,nearest_neighbor,0,1,1,1,6.552763705657525,30,0.020299979951232672,15,29
stage1,breast_cancer,1,20,breast_cancer|1|20,random_search,0,1,1,1,2.356868964395758,30,0.8848000143188983,15,29
stage1,breast_cancer,1,21,breast_cancer|1|21,treesat_exact,1,0,0,1,0.595893941299523,2,0.08159998105838895,15,29
stage1,breast_cancer,1,21,breast_cancer|1|21,leaf_enum_bruteforce,1,0,0,1,0.595893941299523,2,0.284800014924258,15,29
stage1,breast_cancer,1,21,breast_cancer|1|21,nearest_neighbor,1,0,0,1,3.1971654893502235,30,0.018999999156221747,15,29
stage1,breast_cancer,1,21,breast_cancer|1|21,random_search,1,0,0,1,1.196028615980451,30,0.5072999920230359,15,29
stage1,breast_cancer,1,22,breast_cancer|1|22,treesat_exact,1,0,0,1,0.5506077327679721,2,0.06619998021051288,15,29
stage1,breast_cancer,1,22,breast_cancer|1|22,leaf_enum_bruteforce,1,0,0,1,0.5506077327679721,2,0.23030000738799572,15,29
stage1,breast_cancer,1,22,breast_cancer|1|22,nearest_neighbor,1,0,0,1,6.39437610066901,30,0.01479999627918005,15,29
stage1,breast_cancer,1,22,breast_cancer|1|22,random_search,1,0,0,1,1.2527871740225442,30,0.46869998914189637,15,29
stage1,breast_cancer,1,23,breast_cancer|1|23,treesat_exact,0,1,1,1,0.33601132619081153,1,0.06359998951666057,15,29
stage1,breast_cancer,1,23,breast_cancer|1|23,leaf_enum_bruteforce,0,1,1,1,0.33601132619081153,1,0.2572000084910542,15,29
stage1,breast_cancer,1,23,breast_cancer|1|23,nearest_neighbor,0,1,1,1,4.160795430132421,30,0.016999983927235007,15,29
stage1,breast_cancer,1,23,breast_cancer|1|23,random_search,0,1,1,1,1.061067339301865,30,0.5063999851699919,15,29
stage1,breast_cancer,1,24,breast_cancer|1|24,treesat_exact,1,0,0,1,0.6749868195258072,2,0.17949999892152846,15,29
stage1,breast_cancer,1,24,breast_cancer|1|24,leaf_enum_bruteforce,1,0,0,1,0.6749868195258072,2,0.687599997036159,15,29
stage1,breast_cancer,1,24,breast_cancer|1|24,nearest_neighbor,1,0,0,1,3.8507664174333014,30,0.04090002039447427,15,29
stage1,breast_cancer,1,24,breast_cancer|1|24,random_search,1,0,0,1,2.0858268807869798,30,1.1563999869395047,15,29
stage1,breast_cancer,1,25,breast_cancer|1|25,treesat_exact,1,0,0,1,0.7456627534875329,2,0.1362999901175499,15,29
stage1,breast_cancer,1,25,breast_cancer|1|25,leaf_enum_bruteforce,1,0,0,1,0.7456627534875329,2,0.587500020628795,15,29
stage1,breast_cancer,1,25,breast_cancer|1|25,nearest_neighbor,1,0,0,1,4.96678893110174,30,0.03200001083314419,15,29
stage1,breast_cancer,1,25,breast_cancer|1|25,random_search,1,0,0,1,2.0502697705930033,30,0.9425000171177089,15,29
stage1,breast_cancer,1,26,breast_cancer|1|26,treesat_exact,1,0,0,1,0.590764507642914,1,0.12499999138526618,15,29
stage1,breast_cancer,1,26,breast_cancer|1|26,leaf_enum_bruteforce,1,0,0,1,0.590764507642914,1,0.46159999328665435,15,29
stage1,breast_cancer,1,26,breast_cancer|1|26,nearest_neighbor,1,0,0,1,5.066567726505127,30,0.025899993488565087,15,29
stage1,breast_cancer,1,26,breast_cancer|1|26,random_search,1,0,0,1,1.9749353584878837,30,0.9848999907262623,15,29
stage1,breast_cancer,1,27,breast_cancer|1|27,treesat_exact,1,0,0,1,0.38917419028351596,1,0.1154000055976212,15,29
stage1,breast_cancer,1,27,breast_cancer|1|27,leaf_enum_bruteforce,1,0,0,1,0.38917419028351596,1,0.4456999886315316,15,29
stage1,breast_cancer,1,27,breast_cancer|1|27,nearest_neighbor,1,0,0,1,3.9926087629430236,30,0.023600005079060793,15,29
stage1,breast_cancer,1,27,breast_cancer|1|27,random_search,1,0,0,1,0.9735762818602443,30,0.7532000017818063,15,29
stage1,breast_cancer,1,28,breast_cancer|1|28,treesat_exact,0,1,1,1,0.5921073586642704,1,0.10079998173750937,15,29
stage1,breast_cancer,1,28,breast_cancer|1|28,leaf_enum_bruteforce,0,1,1,1,0.5921073586642704,1,0.4060999781358987,15,29
stage1,breast_cancer,1,28,breast_cancer|1|28,nearest_neighbor,0,1,1,1,2.992824086805197,30,0.02579999272711575,15,29
stage1,breast_cancer,1,28,breast_cancer|1|28,random_search,0,1,1,1,2.093145603161123,30,0.6095999851822853,15,29
stage1,breast_cancer,1,29,breast_cancer|1|29,treesat_exact,1,0,0,1,0.353050713169597,2,0.08379999781027436,15,29
stage1,breast_cancer,1,29,breast_cancer|1|29,leaf_enum_bruteforce,1,0,0,1,0.353050713169597,2,0.3155000158585608,15,29
stage1,breast_cancer,1,29,breast_cancer|1|29,nearest_neighbor,1,0,0,1,3.5964758238901617,30,0.018699996871873736,15,29
stage1,breast_cancer,1,29,breast_cancer|1|29,random_search,1,0,0,1,1.7133559180005378,30,0.5662000039592385,15,29
stage1,breast_cancer,1,30,breast_cancer|1|30,treesat_exact,0,1,1,1,0.0952082815829447,1,0.12010001228190958,15,29
stage1,breast_cancer,1,30,breast_cancer|1|30,leaf_enum_bruteforce,0,1,1,1,0.0952082815829447,1,0.31709999893791974,15,29
stage1,breast_cancer,1,30,breast_cancer|1|30,nearest_neighbor,0,1,1,1,1.9689360024950644,30,0.02060001133941114,15,29
stage1,breast_cancer,1,30,breast_cancer|1|30,random_search,0,1,1,1,0.21703007720850276,30,1.1132000072393566,15,29
stage1,breast_cancer,1,31,breast_cancer|1|31,treesat_exact,1,0,0,1,0.72163199945425,2,0.08399999933317304,15,29
stage1,breast_cancer,1,31,breast_cancer|1|31,leaf_enum_bruteforce,1,0,0,1,0.72163199945425,2,0.2880999818444252,15,29
stage1,breast_cancer,1,31,breast_cancer|1|31,nearest_neighbor,1,0,0,1,2.788596115635894,30,0.01930000144056976,15,29
stage1,breast_cancer,1,31,breast_cancer|1|31,random_search,1,0,0,1,2.462753586609417,30,0.5812000017613173,15,29
stage1,breast_cancer,1,32,breast_cancer|1|32,treesat_exact,1,0,0,1,0.45778356812393933,2,0.07759997970424592,15,29
stage1,breast_cancer,1,32,breast_cancer|1|32,leaf_enum_bruteforce,1,0,0,1,0.45778356812393933,2,0.27409999165683985,15,29
stage1,breast_cancer,1,32,breast_cancer|1|32,nearest_neighbor,1,0,0,1,5.476275763148334,30,0.017099984688684344,15,29
stage1,breast_cancer,1,32,breast_cancer|1|32,random_search,1,0,0,1,1.9074422473346586,30,0.5707000091206282,15,29
stage1,breast_cancer,1,33,breast_cancer|1|33,treesat_exact,0,1,1,1,0.27623999638193997,1,0.06640001083724201,15,29
stage1,breast_cancer,1,33,breast_cancer|1|33,leaf_enum_bruteforce,0,1,1,1,0.27623999638193997,1,0.25599999935366213,15,29
stage1,breast_cancer,1,33,breast_cancer|1|33,nearest_neighbor,0,1,1,1,4.880263765931462,30,0.023200002033263445,15,29
stage1,breast_cancer,1,33,breast_cancer|1|33,random_search,0,1,1,1,0.45442452715167353,30,0.48779998905956745,15,29
stage1,breast_cancer,1,34,breast_cancer|1|34,treesat_exact,1,0,0,1,0.6280923640732673,2,0.06219997885636985,15,29
stage1,breast_cancer,1,34,breast_cancer|1|34,leaf_enum_bruteforce,1,0,0,1,0.6280923640732673,2,0.2266999799758196,15,29
stage1,breast_cancer,1,34,breast_cancer|1|34,nearest_neighbor,1,0,0,1,3.349937150879285,30,0.013300013961270452,15,29
stage1,breast_cancer,1,34,breast_cancer|1|34,random_search,1,0,0,1,2.143940976935013,30,0.4661000275518745,15,29
stage1,breast_cancer,1,35,breast_cancer|1|35,treesat_exact,1,0,0,1,0.4450896731083827,2,0.0751999905332923,15,29
stage1,breast_cancer,1,35,breast_cancer|1|35,leaf_enum_bruteforce,1,0,0,1,0.4450896731083827,2,0.2271000121254474,15,29
stage1,breast_cancer,1,35,breast_cancer|1|35,nearest_neighbor,1,0,0,1,3.360997940502584,30,0.013699987903237343,15,29
stage1,breast_cancer,1,35,breast_cancer|1|35,random_search,1,0,0,1,1.3175972216720602,30,0.48779998905956745,15,29
stage1,breast_cancer,1,36,breast_cancer|1|36,treesat_exact,1,0,0,1,0.4431316254024377,2,0.0610999995842576,15,29
stage1,breast_cancer,1,36,breast_cancer|1|36,leaf_enum_bruteforce,1,0,0,1,0.4431316254024377,2,0.23949999012984335,15,29
stage1,breast_cancer,1,36,breast_cancer|1|36,nearest_neighbor,1,0,0,1,3.789798973818775,30,0.013600016245618463,15,29
stage1,breast_cancer,1,36,breast_cancer|1|36,random_search,1,0,0,1,1.525245836148253,30,0.46380001003853977,15,29
stage1,breast_cancer,1,37,breast_cancer|1|37,treesat_exact,1,0,0,1,0.3518233900077362,2,0.05950001650489867,15,29
stage1,breast_cancer,1,37,breast_cancer|1|37,leaf_enum_bruteforce,1,0,0,1,0.3518233900077362,2,0.23689999943599105,15,29
stage1,breast_cancer,1,37,breast_cancer|1|37,nearest_neighbor,1,0,0,1,2.5087233574606977,30,0.01379998866468668,15,29
stage1,breast_cancer,1,37,breast_cancer|1|37,random_search,1,0,0,1,1.737771126481046,30,0.4776999994646758,15,29
stage1,breast_cancer,1,38,breast_cancer|1|38,treesat_exact,0,1,1,1,0.27424792698065326,1,0.060399994254112244,15,29
stage1,breast_cancer,1,38,breast_cancer|1|38,leaf_enum_bruteforce,0,1,1,1,0.27424792698065326,1,0.2598999999463558,15,29
stage1,breast_cancer,1,38,breast_cancer|1|38,nearest_neighbor,0,1,1,1,2.851215494364533,30,0.01719998545013368,15,29
stage1,breast_cancer,1,38,breast_cancer|1|38,random_search,0,1,1,1,0.5026236595298965,30,0.47549998271279037,15,29
stage1,breast_cancer,1,39,breast_cancer|1|39,treesat_exact,0,1,1,1,0.3856143299730153,2,0.0610999995842576,15,29
stage1,breast_cancer,1,39,breast_cancer|1|39,leaf_enum_bruteforce,0,1,1,1,0.3856143299730153,2,0.25469998945482075,15,29
stage1,breast_cancer,1,39,breast_cancer|1|39,nearest_neighbor,0,1,1,1,3.6548581138358625,30,0.01610000617802143,15,29
stage1,breast_cancer,1,39,breast_cancer|1|39,random_search,0,1,1,1,2.2270201252268285,30,0.44850000995211303,15,29
stage1,breast_cancer,1,40,breast_cancer|1|40,treesat_exact,0,1,1,1,1.801739755208003,1,0.060699996538460255,15,29
stage1,breast_cancer,1,40,breast_cancer|1|40,leaf_enum_bruteforce,0,1,1,1,1.801739755208003,1,0.25450001703575253,15,29
stage1,breast_cancer,1,40,breast_cancer|1|40,nearest_neighbor,0,1,1,1,13.266825703860288,30,0.015900004655122757,15,29
stage1,breast_cancer,1,40,breast_cancer|1|40,random_search,0,1,1,1,6.57976971826064,30,0.4453000146895647,15,29
stage1,breast_cancer,1,41,breast_cancer|1|41,treesat_exact,1,0,0,1,0.2513382814275898,2,0.06019999273121357,15,29
stage1,breast_cancer,1,41,breast_cancer|1|41,leaf_enum_bruteforce,1,0,0,1,0.2513382814275898,2,0.2266000083182007,15,29
stage1,breast_cancer,1,41,breast_cancer|1|41,nearest_neighbor,1,0,0,1,3.7934747334783134,30,0.01400001929141581,15,29
stage1,breast_cancer,1,41,breast_cancer|1|41,random_search,1,0,0,1,0.591015153832931,30,0.48230000538751483,15,29
stage1,breast_cancer,1,42,breast_cancer|1|42,treesat_exact,0,1,1,1,1.30901532419562,1,0.06079999729990959,15,29
stage1,breast_cancer,1,42,breast_cancer|1|42,leaf_enum_bruteforce,0,1,1,1,1.30901532419562,1,0.2688000095076859,15,29
stage1,breast_cancer,1,42,breast_cancer|1|42,nearest_neighbor,0,1,1,1,6.509466669354038,30,0.01610000617802143,15,29
stage1,breast_cancer,1,42,breast_cancer|1|42,random_search,0,1,1,1,4.251691649985961,30,0.45789999421685934,15,29
stage1,breast_cancer,1,43,breast_cancer|1|43,treesat_exact,0,1,1,1,1.0158696383921817,1,0.058600009651854634,15,29
stage1,breast_cancer,1,43,breast_cancer|1|43,leaf_enum_bruteforce,0,1,1,1,1.0158696383921817,1,0.28479998582042754,15,29
stage1,breast_cancer,1,43,breast_cancer|1|43,nearest_neighbor,0,1,1,1,5.385700273247241,30,0.016200006939470768,15,29
stage1,breast_cancer,1,43,breast_cancer|1|43,random_search,0,1,1,1,2.3321579709079865,30,0.447900005383417,15,29
stage1,breast_cancer,1,44,breast_cancer|1|44,treesat_exact,0,1,1,1,0.6485156893586279,1,0.0610999995842576,15,29
stage1,breast_cancer,1,44,breast_cancer|1|44,leaf_enum_bruteforce,0,1,1,1,0.6485156893586279,1,0.2719000040087849,15,29
stage1,breast_cancer,1,44,breast_cancer|1|44,nearest_neighbor,0,1,1,1,3.416355581589478,30,0.01659998088143766,15,29
stage1,breast_cancer,1,44,breast_cancer|1|44,random_search,0,1,1,1,1.8432206617812135,30,0.44430000707507133,15,29
stage1,breast_cancer,1,45,breast_cancer|1|45,treesat_exact,0,1,1,1,1.0200179263988343,1,0.06080002640374005,15,29
stage1,breast_cancer,1,45,breast_cancer|1|45,leaf_enum_bruteforce,0,1,1,1,1.0200179263988343,1,0.31770000350661576,15,29
stage1,breast_cancer,1,45,breast_cancer|1|45,nearest_neighbor,0,1,1,1,8.211868650796914,30,0.04080001963302493,15,29
stage1,breast_cancer,1,45,breast_cancer|1|45,random_search,0,1,1,1,3.56781133226783,30,0.756499997805804,15,29
stage1,breast_cancer,1,46,breast_cancer|1|46,treesat_exact,0,1,1,1,0.5812212394729329,1,0.09280000813305378,15,29
stage1,breast_cancer,1,46,breast_cancer|1|46,leaf_enum_bruteforce,0,1,1,1,0.5812212394729329,1,0.28330000350251794,15,29
stage1,breast_cancer,1,46,breast_cancer|1|46,nearest_neighbor,0,1,1,1,6.676749811109533,30,0.02239999594166875,15,29
stage1,breast_cancer,1,46,breast_cancer|1|46,random_search,0,1,1,1,1.9378014632643716,30,0.49000000581145287,15,29
stage1,breast_cancer,1,47,breast_cancer|1|47,treesat_exact,0,1,1,1,0.9448195165469697,1,0.06649998249486089,15,29
stage1,breast_cancer,1,47,breast_cancer|1|47,leaf_enum_bruteforce,0,1,1,1,0.9448195165469697,1,0.2623999898787588,15,29
stage1,breast_cancer,1,47,breast_cancer|1|47,nearest_neighbor,0,1,1,1,4.433863639755021,30,0.01789999078027904,15,29
stage1,breast_cancer,1,47,breast_cancer|1|47,random_search,0,1,1,1,3.964682233243894,30,0.44440000783652067,15,29
stage1,breast_cancer,1,48,breast_cancer|1|48,treesat_exact,1,0,0,1,0.38797224353834614,1,0.07219999679364264,15,29
stage1,breast_cancer,1,48,breast_cancer|1|48,leaf_enum_bruteforce,1,0,0,1,0.38797224353834614,1,0.22720001288689673,15,29
stage1,breast_cancer,1,48,breast_cancer|1|48,nearest_neighbor,1,0,0,1,3.1834077349100336,30,0.014200020814314485,15,29
stage1,breast_cancer,1,48,breast_cancer|1|48,random_search,1,0,0,1,0.9928696590799312,30,0.45510000200010836,15,29
stage1,breast_cancer,1,49,breast_cancer|1|49,treesat_exact,1,0,0,1,0.6371891517326506,1,0.06180000491440296,15,29
stage1,breast_cancer,1,49,breast_cancer|1|49,leaf_enum_bruteforce,1,0,0,1,0.6371891517326506,1,0.2245000214315951,15,29
stage1,breast_cancer,1,49,breast_cancer|1|49,nearest_neighbor,1,0,0,1,8.871758872476386,30,0.013399985618889332,15,29
stage1,breast_cancer,1,49,breast_cancer|1|49,random_search,1,0,0,1,1.7707661574486997,30,0.4403000057209283,15,29
stage1,breast_cancer,1,50,breast_cancer|1|50,treesat_exact,0,1,1,1,0.7153492183546948,1,0.060399994254112244,15,29
stage1,breast_cancer,1,50,breast_cancer|1|50,leaf_enum_bruteforce,0,1,1,1,0.7153492183546948,1,0.2580000145826489,15,29
stage1,breast_cancer,1,50,breast_cancer|1|50,nearest_neighbor,0,1,1,1,5.410952212091275,30,0.016700010746717453,15,29
stage1,breast_cancer,1,50,breast_cancer|1|50,random_search,0,1,1,1,2.0999740419339923,30,0.4354999982751906,15,29
stage1,breast_cancer,1,51,breast_cancer|1|51,treesat_exact,0,1,1,1,0.9237105190675914,1,0.05929998587816954,15,29
stage1,breast_cancer,1,51,breast_cancer|1|51,leaf_enum_bruteforce,0,1,1,1,0.9237105190675914,1,0.29120000544935465,15,29
stage1,breast_cancer,1,51,breast_cancer|1|51,nearest_neighbor,0,1,1,1,5.401878358639593,30,0.016799982404336333,15,29
stage1,breast_cancer,1,51,breast_cancer|1|51,random_search,0,1,1,1,2.018643637746926,30,0.4416000156197697,15,29
stage1,breast_cancer,1,52,breast_cancer|1|52,treesat_exact,1,0,0,1,0.6249127977776202,2,0.062099978094920516,15,29
stage1,breast_cancer,1,52,breast_cancer|1|52,leaf_enum_bruteforce,1,0,0,1,0.6249127977776202,2,0.23370000417344272,15,29
stage1,breast_cancer,1,52,breast_cancer|1|52,nearest_neighbor,1,0,0,1,4.659881782740031,30,0.014399993233382702,15,29
stage1,breast_cancer,1,52,breast_cancer|1|52,random_search,1,0,0,1,1.7283834074183004,30,0.4366000066511333,15,29
stage1,breast_cancer,1,53,breast_cancer|1|53,treesat_exact,1,0,0,1,0.5578600956981274,1,0.05989999044686556,15,29
stage1,breast_cancer,1,53,breast_cancer|1|53,leaf_enum_bruteforce,1,0,0,1,0.5578600956981274,1,0.22079999325796962,15,29
stage1,breast_cancer,1,53,breast_cancer|1|53,nearest_neighbor,1,0,0,1,7.721004711914693,30,0.013300013961270452,15,29
stage1,breast_cancer,1,53,breast_cancer|1|53,random_search,1,0,0,1,1.1321102035379313,30,0.4413000133354217,15,29
stage1,breast_cancer,1,54,breast_cancer|1|54,treesat_exact,1,0,0,1,0.6175758240455943,2,0.05910001345910132,15,29
stage1,breast_cancer,1,54,breast_cancer|1|54,leaf_enum_bruteforce,1,0,0,1,0.6175758240455943,2,0.22029998945072293,15,29
stage1,breast_cancer,1,54,breast_cancer|1|54,nearest_neighbor,1,0,0,1,2.5684619630076138,30,0.013300013961270452,15,29
stage1,breast_cancer,1,54,breast_cancer|1|54,random_search,1,0,0,1,2.084315481814052,30,0.45849999878555536,15,29
stage1,breast_cancer,1,55,breast_cancer|1|55,treesat_exact,0,1,1,1,0.10988904435475022,1,0.06320001557469368,15,29
stage1,breast_cancer,1,55,breast_cancer|1|55,leaf_enum_bruteforce,0,1,1,1,0.10988904435475022,1,0.2624999906402081,15,29
stage1,breast_cancer,1,55,breast_cancer|1|55,nearest_neighbor,0,1,1,1,4.532566558827116,30,0.016700010746717453,15,29
stage1,breast_cancer,1,55,breast_cancer|1|55,random_search,0,1,1,1,0.43132139091323374,30,0.6331000186037272,15,29
stage1,breast_cancer,1,56,breast_cancer|1|56,treesat_exact,1,0,0,1,0.49787163479337004,1,0.07489998824894428,15,29
stage1,breast_cancer,1,56,breast_cancer|1|56,leaf_enum_bruteforce,1,0,0,1,0.49787163479337004,1,0.2519999979995191,15,29
stage1,breast_cancer,1,56,breast_cancer|1|56,nearest_neighbor,1,0,0,1,5.276816103506153,30,0.04129999433644116,15,29
stage1,breast_cancer,1,56,breast_cancer|1|56,random_search,1,0,0,1,0.9504335452534742,30,0.6680999940726906,15,29
stage1,breast_cancer,1,57,breast_cancer|1|57,treesat_exact,1,0,0,1,0.1347858323649499,2,0.06510000093840063,15,29
stage1,breast_cancer,1,57,breast_cancer|1|57,leaf_enum_bruteforce,1,0,0,1,0.1347858323649499,2,0.2510999911464751,15,29
stage1,breast_cancer,1,57,breast_cancer|1|57,nearest_neighbor,1,0,0,1,3.0195690969293305,30,0.01610000617802143,15,29
stage1,breast_cancer,1,57,breast_cancer|1|57,random_search,1,0,0,1,0.551485077366057,30,0.4949999856762588,15,29
stage1,breast_cancer,1,58,breast_cancer|1|58,treesat_exact,0,1,1,1,0.2406007020378058,1,0.0633999879937619,15,29
stage1,breast_cancer,1,58,breast_cancer|1|58,leaf_enum_bruteforce,0,1,1,1,0.2406007020378058,1,0.26439997600391507,15,29
stage1,breast_cancer,1,58,breast_cancer|1|58,nearest_neighbor,0,1,1,1,4.382971883263954,30,0.02239999594166875,15,29
stage1,breast_cancer,1,58,breast_cancer|1|58,random_search,0,1,1,1,0.8596335894219788,30,0.8702000195626169,15,29
stage1,breast_cancer,1,59,breast_cancer|1|59,treesat_exact,1,0,0,1,0.2033689937403995,1,0.07120001828297973,15,29
stage1,breast_cancer,1,59,breast_cancer|1|59,leaf_enum_bruteforce,1,0,0,1,0.2033689937403995,1,0.8128999907057732,15,29
stage1,breast_cancer,1,59,breast_cancer|1|59,nearest_neighbor,1,0,0,1,3.301213706973141,30,0.021499989088624716,15,29
stage1,breast_cancer,1,59,breast_cancer|1|59,random_search,1,0,0,1,0.4745475814145662,30,0.74970000423491,15,29
stage1,breast_cancer,2,0,breast_cancer|2|0,treesat_exact,0,1,1,1,1.0806293945427616,2,0.09660000796429813,15,29
stage1,breast_cancer,2,0,breast_cancer|2|0,leaf_enum_bruteforce,0,1,1,1,1.0806293945427616,2,0.2786999975796789,15,29
stage1,breast_cancer,2,0,breast_cancer|2|0,nearest_neighbor,0,1,1,1,7.332381908223965,30,0.02300000051036477,15,29
stage1,breast_cancer,2,0,breast_cancer|2|0,random_search,0,1,1,1,3.732305877050008,30,0.48499999684281647,15,29
stage1,breast_cancer,2,1,breast_cancer|2|1,treesat_exact,1,0,0,1,0.9989176494065921,3,0.06650001159869134,15,29
stage1,breast_cancer,2,1,breast_cancer|2|1,leaf_enum_bruteforce,1,0,0,1,0.9989176494065921,3,0.22190000163391232,15,29
stage1,breast_cancer,2,1,breast_cancer|2|1,nearest_neighbor,1,0,0,1,4.705759127487055,30,0.01470002462156117,15,29
stage1,breast_cancer,2,1,breast_cancer|2|1,random_search,1,0,0,1,5.244232562187127,30,0.4417999880388379,15,29
stage1,breast_cancer,2,2,breast_cancer|2|2,treesat_exact,1,0,0,1,0.3878828578922162,1,0.06400002166628838,15,29
stage1,breast_cancer,2,2,breast_cancer|2|2,leaf_enum_bruteforce,1,0,0,1,0.3878828578922162,1,0.22270000772550702,15,29
stage1,breast_cancer,2,2,breast_cancer|2|2,nearest_neighbor,1,0,0,1,5.3549419451772495,30,0.013999990187585354,15,29
stage1,breast_cancer,2,2,breast_cancer|2|2,random_search,1,0,0,1,0.9598807606640072,30,0.4605000140145421,15,29
stage1,breast_cancer,2,3,breast_cancer|2|3,treesat_exact,0,1,1,1,0.4678259372664817,2,0.062700011767447,15,29
stage1,breast_cancer,2,3,breast_cancer|2|3,leaf_enum_bruteforce,0,1,1,1,0.4678259372664817,2,0.25090001872740686,15,29
stage1,breast_cancer,2,3,breast_cancer|2|3,nearest_neighbor,0,1,1,1,3.336992526462067,30,0.016399979358538985,15,29
stage1,breast_cancer,2,3,breast_cancer|2|3,random_search,0,1,1,1,2.087571774288279,30,0.4482999793253839,15,29
stage1,breast_cancer,2,4,breast_cancer|2|4,treesat_exact,1,0,0,1,0.5298030898982314,1,0.0610999995842576,15,29
stage1,breast_cancer,2,4,breast_cancer|2|4,leaf_enum_bruteforce,1,0,0,1,0.5298030898982314,1,0.22069999249652028,15,29
stage1,breast_cancer,2,4,breast_cancer|2|4,nearest_neighbor,1,0,0,1,2.157109601916267,30,0.013300013961270452,15,29
stage1,breast_cancer,2,4,breast_cancer|2|4,random_search,1,0,0,1,2.0940394501595194,30,0.45110000064596534,15,29
stage1,breast_cancer,2,5,breast_cancer|2|5,treesat_exact,1,0,0,1,1.080658386656138,3,0.09539999882690609,15,29
stage1,breast_cancer,2,5,breast_cancer|2|5,leaf_enum_bruteforce,1,0,0,1,1.080658386656138,3,0.2334999735467136,15,29
stage1,breast_cancer,2,5,breast_cancer|2|5,nearest_neighbor,1,0,0,1,3.800382852935598,30,0.013900018529966474,15,29
stage1,breast_cancer,2,5,breast_cancer|2|5,random_search,1,0,0,1,3.7152794972158043,30,0.43559999903663993,15,29
stage1,breast_cancer,2,6,breast_cancer|2|6,treesat_exact,0,1,1,1,2.122204207581915,2,0.06130000110715628,15,29
stage1,breast_cancer,2,6,breast_cancer|2|6,leaf_enum_bruteforce,0,1,1,1,2.122204207581915,2,0.2542999864090234,15,29
stage1,breast_cancer,2,6,breast_cancer|2|6,nearest_neighbor,0,1,1,1,7.917148423667564,30,0.016300007700920105,15,29
stage1,breast_cancer,2,6,breast_cancer|2|6,random_search,0,1,1,1,6.251123629951501,30,0.4293000092729926,15,29
stage1,breast_cancer,2,7,breast_cancer|2|7,treesat_exact,0,1,1,1,0.6207025812649948,2,0.06059999577701092,15,29
stage1,breast_cancer,2,7,breast_cancer|2|7,leaf_enum_bruteforce,0,1,1,1,0.6207025812649948,2,0.2494000073056668,15,29
stage1,breast_cancer,2,7,breast_cancer|2|7,nearest_neighbor,0,1,1,1,5.147754849009141,30,0.01580000389367342,15,29
stage1,breast_cancer,2,7,breast_cancer|2|7,random_search,0,1,1,1,1.7096636826541605,30,0.4335999838076532,15,29
stage1,breast_cancer,2,8,breast_cancer|2|8,treesat_exact,0,1,1,1,0.9534616784323857,2,0.059600017266348004,15,29
stage1,breast_cancer,2,8,breast_cancer|2|8,leaf_enum_bruteforce,0,1,1,1,0.9534616784323857,2,0.3073000116273761,15,29
stage1,breast_cancer,2,8,breast_cancer|2|8,nearest_neighbor,0,1,1,1,4.804330521055151,30,0.020000006770715117,15,29
stage1,breast_cancer,2,8,breast_cancer|2|8,random_search,0,1,1,1,2.4656187191373413,30,0.47289999201893806,15,29
stage1,breast_cancer,2,9,breast_cancer|2|9,treesat_exact,1,0,0,1,0.27127821939868957,1,0.06920000305399299,15,29
stage1,breast_cancer,2,9,breast_cancer|2|9,leaf_enum_bruteforce,1,0,0,1,0.27127821939868957,1,0.5070999905001372,15,29
stage1,breast_cancer,2,9,breast_cancer|2|9,nearest_neighbor,1,0,0,1,2.837237003636547,30,0.026299996534362435,15,29
stage1,breast_cancer,2,9,breast_cancer|2|9,random_search,1,0,0,1,1.0061042359931651,30,0.543399975867942,15,29
stage1,breast_cancer,2,10,breast_cancer|2|10,treesat_exact,0,1,1,1,0.7383240207340503,2,0.07780001033097506,15,29
stage1,breast_cancer,2,10,breast_cancer|2|10,leaf_enum_bruteforce,0,1,1,1,0.7383240207340503,2,0.28649999876506627,15,29
stage1,breast_cancer,2,10,breast_cancer|2|10,nearest_neighbor,0,1,1,1,4.680917089413318,30,0.021100015146657825,15,29
stage1,breast_cancer,2,10,breast_cancer|2|10,random_search,0,1,1,1,3.9808267595334694,30,0.5132999795023352,15,29
stage1,breast_cancer,2,11,breast_cancer|2|11,treesat_exact,1,0,0,1,0.5213021126228888,2,0.07200002437457442,15,29
stage1,breast_cancer,2,11,breast_cancer|2|11,leaf_enum_bruteforce,1,0,0,1,0.5213021126228888,2,0.24500000290572643,15,29
stage1,breast_cancer,2,11,breast_cancer|2|11,nearest_neighbor,1,0,0,1,5.939173144400771,30,0.01580000389367342,15,29
stage1,breast_cancer,2,11,breast_cancer|2|11,random_search,1,0,0,1,2.1849174288694035,30,0.5228999943938106,15,29
stage1,breast_cancer,2,12,breast_cancer|2|12,treesat_exact,1,0,0,1,0.36141413276792433,1,0.06940000457689166,15,29
stage1,breast_cancer,2,12,breast_cancer|2|12,leaf_enum_bruteforce,1,0,0,1,0.36141413276792433,1,0.7752999954391271,15,29
stage1,breast_cancer,2,12,breast_cancer|2|12,nearest_neighbor,1,0,0,1,2.583316702205046,30,0.05440000677481294,15,29
stage1,breast_cancer,2,12,breast_cancer|2|12,random_search,1,0,0,1,1.9725363894966543,30,1.7225999908987433,15,29
stage1,breast_cancer,2,13,breast_cancer|2|13,treesat_exact,1,0,0,1,1.1309023964184663,1,0.19099999917671084,15,29
stage1,breast_cancer,2,13,breast_cancer|2|13,leaf_enum_bruteforce,1,0,0,1,1.1309023964184663,1,0.7399000169243664,15,29
stage1,breast_cancer,2,13,breast_cancer|2|13,nearest_neighbor,1,0,0,1,3.6732241562193138,30,0.04370001261122525,15,29
stage1,breast_cancer,2,13,breast_cancer|2|13,random_search,1,0,0,1,2.0861478436151315,30,1.3037000026088208,15,29
stage1,breast_cancer,2,14,breast_cancer|2|14,treesat_exact,1,0,0,1,0.09498325795684792,1,0.17630000365898013,15,29
stage1,breast_cancer,2,14,breast_cancer|2|14,leaf_enum_bruteforce,1,0,0,1,0.09498325795684792,1,0.6315000064205378,15,29
stage1,breast_cancer,2,14,breast_cancer|2|14,nearest_neighbor,1,0,0,1,2.857499790154295,30,0.07959999493323267,15,29
stage1,breast_cancer,2,14,breast_cancer|2|14,random_search,1,0,0,1,0.2924685299944581,30,1.2481999874580652,15,29
stage1,breast_cancer,2,15,breast_cancer|2|15,treesat_exact,0,1,1,1,0.9911613492521238,1,0.17290000687353313,15,29
stage1,breast_cancer,2,15,breast_cancer|2|15,leaf_enum_bruteforce,0,1,1,1,0.9911613492521238,1,0.662900012684986,15,29
stage1,breast_cancer,2,15,breast_cancer|2|15,nearest_neighbor,0,1,1,1,4.649206193747419,30,0.043599982745945454,15,29
stage1,breast_cancer,2,15,breast_cancer|2|15,random_search,0,1,1,1,2.474192634078785,30,1.0458999895490706,15,29
stage1,breast_cancer,2,16,breast_cancer|2|16,treesat_exact,1,0,0,1,0.7168761105379724,2,0.20059998496435583,15,29
stage1,breast_cancer,2,16,breast_cancer|2|16,leaf_enum_bruteforce,1,0,0,1,0.7168761105379724,2,0.48230000538751483,15,29
stage1,breast_cancer,2,16,breast_cancer|2|16,nearest_neighbor,1,0,0,1,3.242808430019889,30,0.030099996365606785,15,29
stage1,breast_cancer,2,16,breast_cancer|2|16,random_search,1,0,0,1,2.1211082318253185,30,1.7376999894622713,15,29
stage1,breast_cancer,2,17,breast_cancer|2|17,treesat_exact,0,1,1,1,1.8132116177337438,2,0.5499999970197678,15,29
stage1,breast_cancer,2,17,breast_cancer|2|17,leaf_enum_bruteforce,0,1,1,1,1.8132116177337438,2,0.27790002059191465,15,29
stage1,breast_cancer,2,17,breast_cancer|2|17,nearest_neighbor,0,1,1,1,7.974388689685083,30,0.02820001100189984,15,29
stage1,breast_cancer,2,17,breast_cancer|2|17,random_search,0,1,1,1,5.983643202592067,30,0.4702000005636364,15,29
stage1,breast_cancer,2,18,breast_cancer|2|18,treesat_exact,0,1,1,1,0.7237706105203622,1,0.06669998401775956,15,29
stage1,breast_cancer,2,18,breast_cancer|2|18,leaf_enum_bruteforce,0,1,1,1,0.7237706105203622,1,0.2662999904714525,15,29
stage1,breast_cancer,2,18,breast_cancer|2|18,nearest_neighbor,0,1,1,1,4.056217757025364,29,0.01819999306462705,15,29
stage1,breast_cancer,2,18,breast_cancer|2|18,random_search,0,1,1,1,2.017793838031535,30,0.4545999981928617,15,29
stage1,breast_cancer,2,19,breast_cancer|2|19,treesat_exact,0,1,1,1,0.5867741209232253,1,0.06320001557469368,15,29
stage1,breast_cancer,2,19,breast_cancer|2|19,leaf_enum_bruteforce,0,1,1,1,0.5867741209232253,1,0.25270000332966447,15,29
stage1,breast_cancer,2,19,breast_cancer|2|19,nearest_neighbor,0,1,1,1,4.512797695749503,30,0.016200006939470768,15,29
stage1,breast_cancer,2,19,breast_cancer|2|19,random_search,0,1,1,1,2.2278508426343655,30,0.44510001316666603,15,29
stage1,breast_cancer,2,20,breast_cancer|2|20,treesat_exact,0,1,1,1,0.6658853121011925,1,0.06120000034570694,15,29
stage1,breast_cancer,2,20,breast_cancer|2|20,leaf_enum_bruteforce,0,1,1,1,0.6658853121011925,1,0.2597999991849065,15,29
stage1,breast_cancer,2,20,breast_cancer|2|20,nearest_neighbor,0,1,1,1,3.0105541148961668,30,0.016600009985268116,15,29
stage1,breast_cancer,2,20,breast_cancer|2|20,random_search,0,1,1,1,2.2861693262589093,30,0.4467999970074743,15,29
stage1,breast_cancer,2,21,breast_cancer|2|21,treesat_exact,0,1,1,1,0.2896210764673129,1,0.06120000034570694,15,29
stage1,breast_cancer,2,21,breast_cancer|2|21,leaf_enum_bruteforce,0,1,1,1,0.2896210764673129,1,0.24969998048618436,15,29
stage1,breast_cancer,2,21,breast_cancer|2|21,nearest_neighbor,0,1,1,1,4.533140009587242,30,0.015700003132224083,15,29
stage1,breast_cancer,2,21,breast_cancer|2|21,random_search,0,1,1,1,0.9092411441761497,30,0.4480999778024852,15,29
stage1,breast_cancer,2,22,breast_cancer|2|22,treesat_exact,1,0,0,1,0.5807496965523196,1,0.06250001024454832,15,29
stage1,breast_cancer,2,22,breast_cancer|2|22,leaf_enum_bruteforce,1,0,0,1,0.5807496965523196,1,0.22239997633732855,15,29
stage1,breast_cancer,2,22,breast_cancer|2|22,nearest_neighbor,1,0,0,1,3.8409021970428068,30,0.014199991710484028,15,29
stage1,breast_cancer,2,22,breast_cancer|2|22,random_search,1,0,0,1,1.9122905165294748,30,0.450999999884516,15,29
stage1,breast_cancer,2,23,breast_cancer|2|23,treesat_exact,0,1,1,1,0.2943987631721253,2,0.06049999501556158,15,29
stage1,breast_cancer,2,23,breast_cancer|2|23,leaf_enum_bruteforce,0,1,1,1,0.2943987631721253,2,0.25079998886212707,15,29
stage1,breast_cancer,2,23,breast_cancer|2|23,nearest_neighbor,0,1,1,1,2.5219430440793857,30,0.015699974028393626,15,29
stage1,breast_cancer,2,23,breast_cancer|2|23,random_search,0,1,1,1,0.6682600772248909,30,0.4563000111375004,15,29
stage1,breast_cancer,2,24,breast_cancer|2|24,treesat_exact,0,1,1,1,1.974980361937399,2,0.06049999501556158,15,29
stage1,breast_cancer,2,24,breast_cancer|2|24,leaf_enum_bruteforce,0,1,1,1,1.974980361937399,2,0.2508000179659575,15,29
stage1,breast_cancer,2,24,breast_cancer|2|24,nearest_neighbor,0,1,1,1,7.1074365902775964,30,0.016099977074190974,15,29
stage1,breast_cancer,2,24,breast_cancer|2|24,random_search,0,1,1,1,6.331637134042429,30,0.4304000176489353,15,29
stage1,breast_cancer,2,25,breast_cancer|2|25,treesat_exact,1,0,0,1,0.5416607777460672,2,0.06080002640374005,15,29
stage1,breast_cancer,2,25,breast_cancer|2|25,leaf_enum_bruteforce,1,0,0,1,0.5416607777460672,2,0.21970001398585737,15,29
stage1,breast_cancer,2,25,breast_cancer|2|25,nearest_neighbor,1,0,0,1,3.6604358168333926,30,0.013399985618889332,15,29
stage1,breast_cancer,2,25,breast_cancer|2|25,random_search,1,0,0,1,1.843281408072042,30,0.43739998363889754,15,29
stage1,breast_cancer,2,26,breast_cancer|2|26,treesat_exact,1,0,0,1,1.6520641004546865,2,0.06000002031214535,15,29
stage1,breast_cancer,2,26,breast_cancer|2|26,leaf_enum_bruteforce,1,0,0,1,1.6520641004546865,2,0.22119999630376697,15,29
stage1,breast_cancer,2,26,breast_cancer|2|26,nearest_neighbor,1,0,0,1,6.3744262461181,30,0.012900010915473104,15,29
stage1,breast_cancer,2,26,breast_cancer|2|26,random_search,1,0,0,1,5.4951313547459115,30,0.43559999903663993,15,29
stage1,breast_cancer,2,27,breast_cancer|2|27,treesat_exact,1,0,0,1,0.13452164960627966,1,0.060999998822808266,15,29
stage1,breast_cancer,2,27,breast_cancer|2|27,leaf_enum_bruteforce,1,0,0,1,0.13452164960627966,1,0.22280000848695636,15,29
stage1,breast_cancer,2,27,breast_cancer|2|27,nearest_neighbor,1,0,0,1,2.6543970244425843,30,0.013399985618889332,15,29
stage1,breast_cancer,2,27,breast_cancer|2|27,random_search,1,0,0,1,0.4798601198938737,30,0.5301999917719513,15,29
stage1,breast_cancer,2,28,breast_cancer|2|28,treesat_exact,1,0,0,1,0.1918658712856013,1,0.06470002699643373,15,29
stage1,breast_cancer,2,28,breast_cancer|2|28,leaf_enum_bruteforce,1,0,0,1,0.1918658712856013,1,0.22670000907965004,15,29
stage1,breast_cancer,2,28,breast_cancer|2|28,nearest_neighbor,1,0,0,1,2.7281471421656813,30,0.013399985618889332,15,29
stage1,breast_cancer,2,28,breast_cancer|2|28,random_search,1,0,0,1,0.5812869844197476,30,0.4632999771274626,15,29
stage1,breast_cancer,2,29,breast_cancer|2|29,treesat_exact,1,0,0,1,0.8130882787870883,2,0.11600001016631722,15,29
stage1,breast_cancer,2,29,breast_cancer|2|29,leaf_enum_bruteforce,1,0,0,1,0.8130882787870883,2,0.22929999977350235,15,29
stage1,breast_cancer,2,29,breast_cancer|2|29,nearest_neighbor,1,0,0,1,3.2228446291112403,30,0.015500001609325409,15,29
stage1,breast_cancer,2,29,breast_cancer|2|29,random_search,1,0,0,1,0.9237104421075186,30,0.45449999743141234,15,29
stage1,breast_cancer,2,30,breast_cancer|2|30,treesat_exact,0,1,1,1,0.5449630364149534,2,0.06229997961781919,15,29
stage1,breast_cancer,2,30,breast_cancer|2|30,leaf_enum_bruteforce,0,1,1,1,0.5449630364149534,2,0.2544999879319221,15,29
stage1,breast_cancer,2,30,breast_cancer|2|30,nearest_neighbor,0,1,1,1,2.920385303630522,30,0.01850002445280552,15,29
stage1,breast_cancer,2,30,breast_cancer|2|30,random_search,0,1,1,1,2.1073227633073004,30,0.44669999624602497,15,29
stage1,breast_cancer,2,31,breast_cancer|2|31,treesat_exact,1,0,0,1,0.7158716248396217,2,0.07079998613335192,15,29
stage1,breast_cancer,2,31,breast_cancer|2|31,leaf_enum_bruteforce,1,0,0,1,0.7158716248396217,2,0.5040999967604876,15,29
stage1,breast_cancer,2,31,breast_cancer|2|31,nearest_neighbor,1,0,0,1,4.609256235485308,30,0.025899993488565087,15,29
stage1,breast_cancer,2,31,breast_cancer|2|31,random_search,1,0,0,1,2.1357354768126497,30,0.5392000020947307,15,29
stage1,breast_cancer,2,32,breast_cancer|2|32,treesat_exact,1,0,0,1,1.305607283632585,3,0.10499998461455107,15,29
stage1,breast_cancer,2,32,breast_cancer|2|32,leaf_enum_bruteforce,1,0,0,1,1.305607283632585,3,0.23970002075657248,15,29
stage1,breast_cancer,2,32,breast_cancer|2|32,nearest_neighbor,1,0,0,1,6.1795018670163895,30,0.016000005416572094,15,29
stage1,breast_cancer,2,32,breast_cancer|2|32,random_search,1,0,0,1,6.504357808390738,30,0.5002999969292432,15,29
stage1,breast_cancer,2,33,breast_cancer|2|33,treesat_exact,0,1,1,1,0.6341460160341168,1,0.07939999341033399,15,29
stage1,breast_cancer,2,33,breast_cancer|2|33,leaf_enum_bruteforce,0,1,1,1,0.6341460160341168,1,0.27719998615793884,15,29
stage1,breast_cancer,2,33,breast_cancer|2|33,nearest_neighbor,0,1,1,1,4.906069996695824,30,0.022299995180219412,15,29
stage1,breast_cancer,2,33,breast_cancer|2|33,random_search,0,1,1,1,2.0647179088550613,30,0.4960999940522015,15,29
stage1,breast_cancer,2,34,breast_cancer|2|34,treesat_exact,1,0,0,1,0.29040674120695154,1,0.06570000550709665,15,29
stage1,breast_cancer,2,34,breast_cancer|2|34,leaf_enum_bruteforce,1,0,0,1,0.29040674120695154,1,0.23250002413988113,15,29
stage1,breast_cancer,2,34,breast_cancer|2|34,nearest_neighbor,1,0,0,1,2.8829950861442057,30,0.014499993994832039,15,29
stage1,breast_cancer,2,34,breast_cancer|2|34,random_search,1,0,0,1,0.9562798660092804,30,0.533199985511601,15,29
stage1,breast_cancer,2,35,breast_cancer|2|35,treesat_exact,1,0,0,1,0.5131514767299207,2,0.06719998782500625,15,29
stage1,breast_cancer,2,35,breast_cancer|2|35,leaf_enum_bruteforce,1,0,0,1,0.5131514767299207,2,0.2401999954599887,15,29
stage1,breast_cancer,2,35,breast_cancer|2|35,nearest_neighbor,1,0,0,1,3.0351692307686604,30,0.014400022337213159,15,29
stage1,breast_cancer,2,35,breast_cancer|2|35,random_search,1,0,0,1,1.7717346169803294,30,0.47459997585974634,15,29
stage1,breast_cancer,2,36,breast_cancer|2|36,treesat_exact,0,1,1,1,0.1063522378864573,1,0.06319998647086322,15,29
stage1,breast_cancer,2,36,breast_cancer|2|36,leaf_enum_bruteforce,0,1,1,1,0.1063522378864573,1,0.27210000553168356,15,29
stage1,breast_cancer,2,36,breast_cancer|2|36,nearest_neighbor,0,1,1,1,3.2386092114972627,30,0.018099992303177714,15,29
stage1,breast_cancer,2,36,breast_cancer|2|36,random_search,0,1,1,1,0.2707562239800362,30,0.831899989861995,15,29
stage1,breast_cancer,2,37,breast_cancer|2|37,treesat_exact,0,1,1,1,1.358062238698435,2,0.08289999095723033,15,29
stage1,breast_cancer,2,37,breast_cancer|2|37,leaf_enum_bruteforce,0,1,1,1,1.358062238698435,2,0.28249999741092324,15,29
stage1,breast_cancer,2,37,breast_cancer|2|37,nearest_neighbor,0,1,1,1,5.310367926612024,30,0.05520001286640763,15,29
stage1,breast_cancer,2,37,breast_cancer|2|37,random_search,0,1,1,1,4.119994000039926,30,0.4827000084333122,15,29
stage1,breast_cancer,2,38,breast_cancer|2|38,treesat_exact,0,1,1,1,0.06290824722378752,1,0.07079998613335192,15,29
stage1,breast_cancer,2,38,breast_cancer|2|38,leaf_enum_bruteforce,0,1,1,1,0.06290824722378752,1,0.2578000130597502,15,29
stage1,breast_cancer,2,38,breast_cancer|2|38,nearest_neighbor,0,1,1,1,3.3812606989429126,30,0.01889999839477241,15,29
stage1,breast_cancer,2,38,breast_cancer|2|38,random_search,0,1,1,1,0.22900891673924365,30,0.4997999931219965,15,29
stage1,breast_cancer,2,39,breast_cancer|2|39,treesat_exact,0,1,1,1,0.5949835986673419,2,0.0641999940853566,15,29
stage1,breast_cancer,2,39,breast_cancer|2|39,leaf_enum_bruteforce,0,1,1,1,0.5949835986673419,2,0.2539999841246754,15,29
stage1,breast_cancer,2,39,breast_cancer|2|39,nearest_neighbor,0,1,1,1,5.751630159978159,30,0.017700018361210823,15,29
stage1,breast_cancer,2,39,breast_cancer|2|39,random_search,0,1,1,1,2.168658113897485,30,0.45330001739785075,15,29
stage1,breast_cancer,2,40,breast_cancer|2|40,treesat_exact,0,1,1,1,0.9267276584803036,2,0.07150002056732774,15,29
stage1,breast_cancer,2,40,breast_cancer|2|40,leaf_enum_bruteforce,0,1,1,1,0.9267276584803036,2,0.2523000002838671,15,29
stage1,breast_cancer,2,40,breast_cancer|2|40,nearest_neighbor,0,1,1,1,13.294842783929312,30,0.018000020645558834,15,29
stage1,breast_cancer,2,40,breast_cancer|2|40,random_search,0,1,1,1,2.1415220120174707,30,0.44570001773536205,15,29
stage1,breast_cancer,2,41,breast_cancer|2|41,treesat_exact,1,0,0,1,0.777024742965618,1,0.06620000931434333,15,29
stage1,breast_cancer,2,41,breast_cancer|2|41,leaf_enum_bruteforce,1,0,0,1,0.777024742965618,1,0.2229000092484057,15,29
stage1,breast_cancer,2,41,breast_cancer|2|41,nearest_neighbor,1,0,0,1,3.890909652772442,30,0.014699995517730713,15,29
stage1,breast_cancer,2,41,breast_cancer|2|41,random_search,1,0,0,1,2.331303008021139,30,0.44589999015443027,15,29
stage1,breast_cancer,2,42,breast_cancer|2|42,treesat_exact,1,0,0,1,0.49903478884136887,1,0.0641999940853566,15,29
stage1,breast_cancer,2,42,breast_cancer|2|42,leaf_enum_bruteforce,1,0,0,1,0.49903478884136887,1,0.2471000188961625,15,29
stage1,breast_cancer,2,42,breast_cancer|2|42,nearest_neighbor,1,0,0,1,3.0099831496459277,30,0.014899997040629387,15,29
stage1,breast_cancer,2,42,breast_cancer|2|42,random_search,1,0,0,1,1.2371086809281941,30,0.45220000902190804,15,29
stage1,breast_cancer,2,43,breast_cancer|2|43,treesat_exact,1,0,0,1,1.508411805705599,2,0.06159997428767383,15,29
stage1,breast_cancer,2,43,breast_cancer|2|43,leaf_enum_bruteforce,1,0,0,1,1.508411805705599,2,0.21989998640492558,15,29
stage1,breast_cancer,2,43,breast_cancer|2|43,nearest_neighbor,1,0,0,1,5.460135433604424,30,0.013600016245618463,15,29
stage1,breast_cancer,2,43,breast_cancer|2|43,random_search,1,0,0,1,4.760015524380357,30,0.4366000066511333,15,29
stage1,breast_cancer,2,44,breast_cancer|2|44,treesat_exact,0,1,1,1,0.4826164735203369,1,0.06130000110715628,15,29
stage1,breast_cancer,2,44,breast_cancer|2|44,leaf_enum_bruteforce,0,1,1,1,0.4826164735203369,1,0.3640000068116933,15,29
stage1,breast_cancer,2,44,breast_cancer|2|44,nearest_neighbor,0,1,1,1,4.4371489090449385,30,0.03130000550299883,15,29
stage1,breast_cancer,2,44,breast_cancer|2|44,random_search,0,1,1,1,1.79172222644071,30,0.5397000059019774,15,29
stage1,breast_cancer,2,45,breast_cancer|2|45,treesat_exact,0,1,1,1,0.6160568066599189,2,0.07499998901039362,15,29
stage1,breast_cancer,2,45,breast_cancer|2|45,leaf_enum_bruteforce,0,1,1,1,0.6160568066599189,2,0.2668999950401485,15,29
stage1,breast_cancer,2,45,breast_cancer|2|45,nearest_neighbor,0,1,1,1,3.043358420985952,30,0.017399986973032355,15,29
stage1,breast_cancer,2,45,breast_cancer|2|45,random_search,0,1,1,1,2.2145271768742774,30,0.6751000182703137,15,29
stage1,breast_cancer,2,46,breast_cancer|2|46,treesat_exact,0,1,1,1,0.009555348180530387,1,0.08939998224377632,15,29
stage1,breast_cancer,2,46,breast_cancer|2|46,leaf_enum_bruteforce,0,1,1,1,0.009555348180530387,1,1.05640001129359,15,29
stage1,breast_cancer,2,46,breast_cancer|2|46,nearest_neighbor,0,1,1,1,1.6852189737929928,30,0.07799998275004327,15,29
stage1,breast_cancer,2,46,breast_cancer|2|46,random_search,0,1,1,1,0.19445328105210744,30,1.4041000104043633,15,29
stage1,breast_cancer,2,47,breast_cancer|2|47,treesat_exact,0,1,1,1,0.18211700914334744,1,0.08350002462975681,15,29
stage1,breast_cancer,2,47,breast_cancer|2|47,leaf_enum_bruteforce,0,1,1,1,0.18211700914334744,1,0.28410000959411263,15,29
stage1,breast_cancer,2,47,breast_cancer|2|47,nearest_neighbor,0,1,1,1,2.096357549991963,30,0.02829998265951872,15,29
stage1,breast_cancer,2,47,breast_cancer|2|47,random_search,0,1,1,1,0.4554132594796389,30,0.5592000088654459,15,29
stage1,breast_cancer,2,48,breast_cancer|2|48,treesat_exact,0,1,1,1,0.5669673995356873,1,0.07349997758865356,15,29
stage1,breast_cancer,2,48,breast_cancer|2|48,leaf_enum_bruteforce,0,1,1,1,0.5669673995356873,1,0.4684000159613788,15,29
stage1,breast_cancer,2,48,breast_cancer|2|48,nearest_neighbor,0,1,1,1,4.020095854655745,30,0.047600013203918934,15,29
stage1,breast_cancer,2,48,breast_cancer|2|48,random_search,0,1,1,1,2.005102858650537,30,1.0751000081654638,15,29
stage1,breast_cancer,2,49,breast_cancer|2|49,treesat_exact,1,0,0,1,0.29454241827745525,2,0.14720001490786672,15,29
stage1,breast_cancer,2,49,breast_cancer|2|49,leaf_enum_bruteforce,1,0,0,1,0.29454241827745525,2,0.4918999911751598,15,29
stage1,breast_cancer,2,49,breast_cancer|2|49,nearest_neighbor,1,0,0,1,3.3802190076417276,30,0.03680001827888191,15,29
stage1,breast_cancer,2,49,breast_cancer|2|49,random_search,1,0,0,1,0.993627860586964,30,1.2662999797612429,15,29
stage1,breast_cancer,2,50,breast_cancer|2|50,treesat_exact,1,0,0,1,0.5993498166945225,2,0.09469999349676073,15,29
stage1,breast_cancer,2,50,breast_cancer|2|50,leaf_enum_bruteforce,1,0,0,1,0.5993498166945225,2,0.48469999455846846,15,29
stage1,breast_cancer,2,50,breast_cancer|2|50,nearest_neighbor,1,0,0,1,7.892205466350007,30,0.028900016332045197,15,29
stage1,breast_cancer,2,50,breast_cancer|2|50,random_search,1,0,0,1,3.5750597061360065,30,0.6547000084538013,15,29
stage1,breast_cancer,2,51,breast_cancer|2|51,treesat_exact,1,0,0,1,0.1747579465076883,2,0.14560000272467732,15,29
stage1,breast_cancer,2,51,breast_cancer|2|51,leaf_enum_bruteforce,1,0,0,1,0.1747579465076883,2,0.29070000164210796,15,29
stage1,breast_cancer,2,51,breast_cancer|2|51,nearest_neighbor,1,0,0,1,2.0654566572755897,30,0.027000001864507794,15,29
stage1,breast_cancer,2,51,breast_cancer|2|51,random_search,1,0,0,1,0.5333545935123952,30,0.6019000138621777,15,29
stage1,breast_cancer,2,52,breast_cancer|2|52,treesat_exact,1,0,0,1,0.6712001411727102,2,0.07200002437457442,15,29
stage1,breast_cancer,2,52,breast_cancer|2|52,leaf_enum_bruteforce,1,0,0,1,0.6712001411727102,2,0.2564000023994595,15,29
stage1,breast_cancer,2,52,breast_cancer|2|52,nearest_neighbor,1,0,0,1,3.452148421542242,30,0.017000013031065464,15,29
stage1,breast_cancer,2,52,breast_cancer|2|52,random_search,1,0,0,1,2.481504648901335,30,0.5293000140227377,15,29
stage1,breast_cancer,2,53,breast_cancer|2|53,treesat_exact,0,1,1,1,0.00990337553326559,1,0.07639999967068434,15,29
stage1,breast_cancer,2,53,breast_cancer|2|53,leaf_enum_bruteforce,0,1,1,1,0.00990337553326559,1,0.29570001061074436,15,29
stage1,breast_cancer,2,53,breast_cancer|2|53,nearest_neighbor,0,1,1,1,2.856623478542377,30,0.03160000778734684,15,29
stage1,breast_cancer,2,53,breast_cancer|2|53,random_search,0,1,1,1,0.20247131900161913,30,0.596800004132092,15,29
stage1,breast_cancer,2,54,breast_cancer|2|54,treesat_exact,1,0,0,1,0.5012976088252505,3,0.07579999510198832,15,29
stage1,breast_cancer,2,54,breast_cancer|2|54,leaf_enum_bruteforce,1,0,0,1,0.5012976088252505,3,0.25740001001395285,15,29
stage1,breast_cancer,2,54,breast_cancer|2|54,nearest_neighbor,1,0,0,1,3.19933702466127,30,0.01999997766688466,15,29
stage1,breast_cancer,2,54,breast_cancer|2|54,random_search,1,0,0,1,3.514683484719257,30,0.6498999719042331,15,29
stage1,breast_cancer,2,55,breast_cancer|2|55,treesat_exact,1,0,0,1,0.6962350186145605,3,0.11389999417588115,15,29
stage1,breast_cancer,2,55,breast_cancer|2|55,leaf_enum_bruteforce,1,0,0,1,0.6962350186145605,3,0.6436000112444162,15,29
stage1,breast_cancer,2,55,breast_cancer|2|55,nearest_neighbor,1,0,0,1,2.9842058033164798,30,0.11989998165518045,15,29
stage1,breast_cancer,2,55,breast_cancer|2|55,random_search,1,0,0,1,2.213014028077286,30,1.19270000141114,15,29
stage1,breast_cancer,2,56,breast_cancer|2|56,treesat_exact,0,1,1,1,0.5646202887795821,2,0.07529999129474163,15,29
stage1,breast_cancer,2,56,breast_cancer|2|56,leaf_enum_bruteforce,0,1,1,1,0.5646202887795821,2,0.2597999991849065,15,29
stage1,breast_cancer,2,56,breast_cancer|2|56,nearest_neighbor,0,1,1,1,3.2365859447525382,30,0.027400004910305142,15,29
stage1,breast_cancer,2,56,breast_cancer|2|56,random_search,0,1,1,1,3.2604000439641996,30,1.04750000173226,15,29
stage1,breast_cancer,2,57,breast_cancer|2|57,treesat_exact,0,1,1,1,1.0287967995257774,2,0.10450000991113484,15,29
stage1,breast_cancer,2,57,breast_cancer|2|57,leaf_enum_bruteforce,0,1,1,1,1.0287967995257774,2,0.43349998304620385,15,29
stage1,breast_cancer,2,57,breast_cancer|2|57,nearest_neighbor,0,1,1,1,4.734234722509589,30,0.03409999771974981,15,29
stage1,breast_cancer,2,57,breast_cancer|2|57,random_search,0,1,1,1,3.7954661927168902,30,0.5050000036135316,15,29
stage1,breast_cancer,2,58,breast_cancer|2|58,treesat_exact,1,0,0,1,0.7297830906209709,1,0.07559999357908964,15,29
stage1,breast_cancer,2,58,breast_cancer|2|58,leaf_enum_bruteforce,1,0,0,1,0.7297830906209709,1,0.2319000195711851,15,29
stage1,breast_cancer,2,58,breast_cancer|2|58,nearest_neighbor,1,0,0,1,3.0103313188693477,30,0.01680001150816679,15,29
stage1,breast_cancer,2,58,breast_cancer|2|58,random_search,1,0,0,1,2.2891015875296747,30,0.46359997941181064,15,29
stage1,breast_cancer,2,59,breast_cancer|2|59,treesat_exact,1,0,0,1,0.8348341508289024,2,0.06550000398419797,15,29
stage1,breast_cancer,2,59,breast_cancer|2|59,leaf_enum_bruteforce,1,0,0,1,0.8348341508289024,2,0.23930001771077514,15,29
stage1,breast_cancer,2,59,breast_cancer|2|59,nearest_neighbor,1,0,0,1,3.742299765516689,30,0.015700003132224083,15,29
stage1,breast_cancer,2,59,breast_cancer|2|59,random_search,1,0,0,1,3.753350527164278,30,0.4720000142697245,15,29
stage1,breast_cancer,3,0,breast_cancer|3|0,treesat_exact,0,1,1,1,1.2170502119213384,4,0.24950000806711614,17,33
stage1,breast_cancer,3,0,breast_cancer|3|0,leaf_enum_bruteforce,0,1,1,1,1.2170502119213384,4,0.30189999961294234,17,33
stage1,breast_cancer,3,0,breast_cancer|3|0,nearest_neighbor,0,1,1,1,3.3132677696044626,30,0.023899978259578347,17,33
stage1,breast_cancer,3,0,breast_cancer|3|0,random_search,0,1,1,1,4.0953689177225225,30,0.5012000037822872,17,33
stage1,breast_cancer,3,1,breast_cancer|3|1,treesat_exact,0,1,1,1,1.399411213348215,4,0.3499999875202775,17,33
stage1,breast_cancer,3,1,breast_cancer|3|1,leaf_enum_bruteforce,0,1,1,1,1.399411213348215,4,0.32479999936185777,17,33
stage1,breast_cancer,3,1,breast_cancer|3|1,nearest_neighbor,0,1,1,1,2.769347262885686,30,0.03610001294873655,17,33
stage1,breast_cancer,3,1,breast_cancer|3|1,random_search,0,1,1,1,1.0812679850663205,30,0.520800007507205,17,33
stage1,breast_cancer,3,2,breast_cancer|3|2,treesat_exact,0,1,1,1,0.23013377326650566,1,0.10160001693293452,17,33
stage1,breast_cancer,3,2,breast_cancer|3|2,leaf_enum_bruteforce,0,1,1,1,0.23013377326650566,1,0.291000003926456,17,33
stage1,breast_cancer,3,2,breast_cancer|3|2,nearest_neighbor,0,1,1,1,1.6627589378974703,30,0.0185999961104244,17,33
stage1,breast_cancer,3,2,breast_cancer|3|2,random_search,0,1,1,1,0.5384170634094372,30,1.4728999813087285,17,33
stage1,breast_cancer,3,3,breast_cancer|3|3,treesat_exact,0,1,1,1,1.7350387080292842,3,0.2297000028192997,17,33
stage1,breast_cancer,3,3,breast_cancer|3|3,leaf_enum_bruteforce,0,1,1,1,1.7350387080292842,3,0.3014000249095261,17,33
stage1,breast_cancer,3,3,breast_cancer|3|3,nearest_neighbor,0,1,1,1,4.8993903568934565,30,0.02509998739697039,17,33
stage1,breast_cancer,3,3,breast_cancer|3|3,random_search,0,1,1,1,4.318810341778305,30,0.46079998719505966,17,33
stage1,breast_cancer,3,4,breast_cancer|3|4,treesat_exact,0,1,1,1,3.326433997299832,3,0.20190002396702766,17,33
stage1,breast_cancer,3,4,breast_cancer|3|4,leaf_enum_bruteforce,0,1,1,1,3.326433997299832,3,0.28649999876506627,17,33
stage1,breast_cancer,3,4,breast_cancer|3|4,nearest_neighbor,0,1,1,1,6.249662137915796,30,0.019099999917671084,17,33
stage1,breast_cancer,3,4,breast_cancer|3|4,random_search,0,1,1,1,6.950639958530915,30,0.43829999049194157,17,33
stage1,breast_cancer,3,5,breast_cancer|3|5,treesat_exact,1,0,0,1,0.199350645753224,1,0.06739998934790492,17,33
stage1,breast_cancer,3,5,breast_cancer|3|5,leaf_enum_bruteforce,1,0,0,1,0.199350645753224,1,0.2589000214356929,17,33
stage1,breast_cancer,3,5,breast_cancer|3|5,nearest_neighbor,1,0,0,1,2.273334339027678,30,0.017300015315413475,17,33
stage1,breast_cancer,3,5,breast_cancer|3|5,random_search,1,0,0,1,0.560605108516947,30,0.6251000158954412,17,33
stage1,breast_cancer,3,6,breast_cancer|3|6,treesat_exact,0,1,1,1,2.6626282132492105,3,0.47190001350827515,17,33
stage1,breast_cancer,3,6,breast_cancer|3|6,leaf_enum_bruteforce,0,1,1,1,2.6626282132492105,3,0.4726999904960394,17,33
stage1,breast_cancer,3,6,breast_cancer|3|6,nearest_neighbor,0,1,1,1,7.175193068546089,30,0.029999995604157448,17,33
stage1,breast_cancer,3,6,breast_cancer|3|6,random_search,0,1,1,1,3.929309350497633,30,0.5672000115737319,17,33
stage1,breast_cancer,3,7,breast_cancer|3|7,treesat_exact,1,0,0,1,1.278217722792614,2,0.07310000364668667,17,33
stage1,breast_cancer,3,7,breast_cancer|3|7,leaf_enum_bruteforce,1,0,0,1,1.278217722792614,2,0.2671000256668776,17,33
stage1,breast_cancer,3,7,breast_cancer|3|7,nearest_neighbor,1,0,0,1,5.417964563621221,30,0.017000013031065464,17,33
stage1,breast_cancer,3,7,breast_cancer|3|7,random_search,1,0,0,1,4.449153626052164,30,0.45059999683871865,17,33
stage1,breast_cancer,3,8,breast_cancer|3|8,treesat_exact,1,0,0,1,0.7408106428610225,1,0.06510000093840063,17,33
stage1,breast_cancer,3,8,breast_cancer|3|8,leaf_enum_bruteforce,1,0,0,1,0.7408106428610225,1,0.26020000223070383,17,33
stage1,breast_cancer,3,8,breast_cancer|3|8,nearest_neighbor,1,0,0,1,4.097949369426952,30,0.014599994756281376,17,33
stage1,breast_cancer,3,8,breast_cancer|3|8,random_search,1,0,0,1,2.2547891129527042,30,0.4458000184968114,17,33
stage1,breast_cancer,3,9,breast_cancer|3|9,treesat_exact,1,0,0,1,0.6622974846905593,1,0.0610999995842576,17,33
stage1,breast_cancer,3,9,breast_cancer|3|9,leaf_enum_bruteforce,1,0,0,1,0.6622974846905593,1,0.2573000092525035,17,33
stage1,breast_cancer,3,9,breast_cancer|3|9,nearest_neighbor,1,0,0,1,3.265795809551451,30,0.013899989426136017,17,33
stage1,breast_cancer,3,9,breast_cancer|3|9,random_search,1,0,0,1,2.552812433947504,30,0.4474999732337892,17,33
stage1,breast_cancer,3,10,breast_cancer|3|10,treesat_exact,0,1,1,1,1.9303881032276808,3,0.148899998748675,17,33
stage1,breast_cancer,3,10,breast_cancer|3|10,leaf_enum_bruteforce,0,1,1,1,1.9303881032276808,3,0.2959999837912619,17,33
stage1,breast_cancer,3,10,breast_cancer|3|10,nearest_neighbor,0,1,1,1,5.142328965563264,30,0.01819999306462705,17,33
stage1,breast_cancer,3,10,breast_cancer|3|10,random_search,0,1,1,1,5.815758213766764,30,0.43710001045838,17,33
stage1,breast_cancer,3,11,breast_cancer|3|11,treesat_exact,1,0,0,1,0.496429528319914,3,0.060900027165189385,17,33
stage1,breast_cancer,3,11,breast_cancer|3|11,leaf_enum_bruteforce,1,0,0,1,0.496429528319914,3,0.26500000967644155,17,33
stage1,breast_cancer,3,11,breast_cancer|3|11,nearest_neighbor,1,0,0,1,2.5301650880889883,30,0.014199991710484028,17,33
stage1,breast_cancer,3,11,breast_cancer|3|11,random_search,1,0,0,1,1.7447901145565536,30,0.4687000182457268,17,33
stage1,breast_cancer,3,12,breast_cancer|3|12,treesat_exact,1,0,0,1,0.8925413502930906,1,0.0644999963697046,17,33
stage1,breast_cancer,3,12,breast_cancer|3|12,leaf_enum_bruteforce,1,0,0,1,0.8925413502930906,1,0.28399997972883284,17,33
stage1,breast_cancer,3,12,breast_cancer|3|12,nearest_neighbor,1,0,0,1,5.810680073748086,30,0.014500023098662496,17,33
stage1,breast_cancer,3,12,breast_cancer|3|12,random_search,1,0,0,1,2.1837255621381564,30,0.4474000015761703,17,33
stage1,breast_cancer,3,13,breast_cancer|3|13,treesat_exact,0,1,1,1,0.45727879654764353,1,0.0968000094871968,17,33
stage1,breast_cancer,3,13,breast_cancer|3|13,leaf_enum_bruteforce,0,1,1,1,0.45727879654764353,1,0.3234000178053975,17,33
stage1,breast_cancer,3,13,breast_cancer|3|13,nearest_neighbor,0,1,1,1,6.189343138827581,30,0.018699996871873736,17,33
stage1,breast_cancer,3,13,breast_cancer|3|13,random_search,0,1,1,1,0.5405198270574064,30,0.4943999811075628,17,33
stage1,breast_cancer,3,14,breast_cancer|3|14,treesat_exact,0,1,1,1,5.156775301673468,3,0.2502000133972615,17,33
stage1,breast_cancer,3,14,breast_cancer|3|14,leaf_enum_bruteforce,0,1,1,1,5.156775301673468,3,0.2986000035889447,17,33
stage1,breast_cancer,3,14,breast_cancer|3|14,nearest_neighbor,0,1,1,1,9.938929261450973,30,0.0185999961104244,17,33
stage1,breast_cancer,3,14,breast_cancer|3|14,random_search,0,1,1,1,4.244081155038662,30,0.45170000521466136,17,33
stage1,breast_cancer,3,15,breast_cancer|3|15,treesat_exact,1,0,0,1,0.6373495980273078,2,0.2717000024858862,17,33
stage1,breast_cancer,3,15,breast_cancer|3|15,leaf_enum_bruteforce,1,0,0,1,0.6373495980273078,2,0.30139999580569565,17,33
stage1,breast_cancer,3,15,breast_cancer|3|15,nearest_neighbor,1,0,0,1,4.873064817787775,30,0.02400000812485814,17,33
stage1,breast_cancer,3,15,breast_cancer|3|15,random_search,1,0,0,1,2.1312732640532186,30,0.4941000079270452,17,33
stage1,breast_cancer,3,16,breast_cancer|3|16,treesat_exact,0,1,1,1,0.3694077727973709,1,0.07500001811422408,17,33
stage1,breast_cancer,3,16,breast_cancer|3|16,leaf_enum_bruteforce,0,1,1,1,0.3694077727973709,1,0.29749999521300197,17,33
stage1,breast_cancer,3,16,breast_cancer|3|16,nearest_neighbor,0,1,1,1,3.209237515546636,29,0.018699996871873736,17,33
stage1,breast_cancer,3,16,breast_cancer|3|16,random_search,0,1,1,1,1.2025892042814426,30,0.4808999947272241,17,33
stage1,breast_cancer,3,17,breast_cancer|3|17,treesat_exact,0,1,1,1,3.550231453783,3,0.2403999969828874,17,33
stage1,breast_cancer,3,17,breast_cancer|3|17,leaf_enum_bruteforce,0,1,1,1,3.550231453783,3,0.35170000046491623,17,33
stage1,breast_cancer,3,17,breast_cancer|3|17,nearest_neighbor,0,1,1,1,8.805402150324692,30,0.01780001912266016,17,33
stage1,breast_cancer,3,17,breast_cancer|3|17,random_search,0,1,1,1,6.625088033421903,30,0.45270001282915473,17,33
stage1,breast_cancer,3,18,breast_cancer|3|18,treesat_exact,1,0,0,1,0.5547130571759512,1,0.06890000076964498,17,33
stage1,breast_cancer,3,18,breast_cancer|3|18,leaf_enum_bruteforce,1,0,0,1,0.5547130571759512,1,0.2935999946203083,17,33
stage1,breast_cancer,3,18,breast_cancer|3|18,nearest_neighbor,1,0,0,1,3.054158808944104,30,0.015500001609325409,17,33
stage1,breast_cancer,3,18,breast_cancer|3|18,random_search,1,0,0,1,1.687949603666657,30,0.46029998338781297,17,33
stage1,breast_cancer,3,19,breast_cancer|3|19,treesat_exact,0,1,1,1,2.78628592476042,3,0.291300006210804,17,33
stage1,breast_cancer,3,19,breast_cancer|3|19,leaf_enum_bruteforce,0,1,1,1,2.78628592476042,3,0.29520000680349767,17,33
stage1,breast_cancer,3,19,breast_cancer|3|19,nearest_neighbor,0,1,1,1,6.059771848691076,30,0.018200022168457508,17,33
stage1,breast_cancer,3,19,breast_cancer|3|19,random_search,0,1,1,1,4.056847954690146,30,0.457499991171062,17,33
stage1,breast_cancer,3,20,breast_cancer|3|20,treesat_exact,0,1,1,1,0.970523874862782,3,0.15199999324977398,17,33
stage1,breast_cancer,3,20,breast_cancer|3|20,leaf_enum_bruteforce,0,1,1,1,0.970523874862782,3,0.29799999902024865,17,33
stage1,breast_cancer,3,20,breast_cancer|3|20,nearest_neighbor,0,1,1,1,1.3876567800220556,30,0.01759998849593103,17,33
stage1,breast_cancer,3,20,breast_cancer|3|20,random_search,0,1,1,1,0.9449471961859042,30,0.49589999252930284,17,33
stage1,breast_cancer,3,21,breast_cancer|3|21,treesat_exact,0,1,1,1,2.05690967384211,3,0.19150000298395753,17,33
stage1,breast_cancer,3,21,breast_cancer|3|21,leaf_enum_bruteforce,0,1,1,1,2.05690967384211,3,0.2990999782923609,17,33
stage1,breast_cancer,3,21,breast_cancer|3|21,nearest_neighbor,0,1,1,1,6.4590909344645455,30,0.016799982404336333,17,33
stage1,breast_cancer,3,21,breast_cancer|3|21,random_search,0,1,1,1,5.526528447468416,30,0.4702000005636364,17,33
stage1,breast_cancer,3,22,breast_cancer|3|22,treesat_exact,1,0,0,1,0.33663654151806455,2,0.06319998647086322,17,33
stage1,breast_cancer,3,22,breast_cancer|3|22,leaf_enum_bruteforce,1,0,0,1,0.33663654151806455,2,0.2693000133149326,17,33
stage1,breast_cancer,3,22,breast_cancer|3|22,nearest_neighbor,1,0,0,1,6.2334706563035,30,0.014499993994832039,17,33
stage1,breast_cancer,3,22,breast_cancer|3|22,random_search,1,0,0,1,1.200962344163316,30,0.5003999976906925,17,33
stage1,breast_cancer,3,23,breast_cancer|3|23,treesat_exact,1,0,0,1,0.1733485180881467,1,0.0633999879937619,17,33
stage1,breast_cancer,3,23,breast_cancer|3|23,leaf_enum_bruteforce,1,0,0,1,0.1733485180881467,1,0.27859999681822956,17,33
stage1,breast_cancer,3,23,breast_cancer|3|23,nearest_neighbor,1,0,0,1,2.4643953217044725,30,0.013999990187585354,17,33
stage1,breast_cancer,3,23,breast_cancer|3|23,random_search,1,0,0,1,0.542011909172779,30,0.5019000091124326,17,33
stage1,breast_cancer,3,24,breast_cancer|3|24,treesat_exact,0,1,1,1,0.3317512821918166,1,0.06349998875521123,17,33
stage1,breast_cancer,3,24,breast_cancer|3|24,leaf_enum_bruteforce,0,1,1,1,0.3317512821918166,1,0.27970000519417226,17,33
stage1,breast_cancer,3,24,breast_cancer|3|24,nearest_neighbor,0,1,1,1,2.51427340414737,30,0.01659998088143766,17,33
stage1,breast_cancer,3,24,breast_cancer|3|24,random_search,0,1,1,1,0.9214821486683406,30,0.48499999684281647,17,33
stage1,breast_cancer,3,25,breast_cancer|3|25,treesat_exact,0,1,1,1,1.374825140591186,1,0.12060001608915627,17,33
stage1,breast_cancer,3,25,breast_cancer|3|25,leaf_enum_bruteforce,0,1,1,1,1.374825140591186,1,0.3016000264324248,17,33
stage1,breast_cancer,3,25,breast_cancer|3|25,nearest_neighbor,0,1,1,1,4.9489793715696555,30,0.016600009985268116,17,33
stage1,breast_cancer,3,25,breast_cancer|3|25,random_search,0,1,1,1,4.021361283543133,30,0.461799994809553,17,33
stage1,breast_cancer,3,26,breast_cancer|3|26,treesat_exact,1,0,0,1,0.34710259924191256,1,0.06600000779144466,17,33
stage1,breast_cancer,3,26,breast_cancer|3|26,leaf_enum_bruteforce,1,0,0,1,0.34710259924191256,1,0.2572000084910542,17,33
stage1,breast_cancer,3,26,breast_cancer|3|26,nearest_neighbor,1,0,0,1,2.6740728479860456,30,0.013899989426136017,17,33
stage1,breast_cancer,3,26,breast_cancer|3|26,random_search,1,0,0,1,0.8768842353630397,30,0.47420000191777945,17,33
stage1,breast_cancer,3,27,breast_cancer|3|27,treesat_exact,0,1,1,1,4.0581735057085995,3,0.22310001077130437,17,33
stage1,breast_cancer,3,27,breast_cancer|3|27,leaf_enum_bruteforce,0,1,1,1,4.0581735057085995,3,0.2924999862443656,17,33
stage1,breast_cancer,3,27,breast_cancer|3|27,nearest_neighbor,0,1,1,1,10.01564352626241,30,0.018699996871873736,17,33
stage1,breast_cancer,3,27,breast_cancer|3|27,random_search,0,1,-1,0,,-1,0.43899999582208693,17,33
stage1,breast_cancer,3,28,breast_cancer|3|28,treesat_exact,1,0,0,1,0.20293714612082103,1,0.06620000931434333,17,33
stage1,breast_cancer,3,28,breast_cancer|3|28,leaf_enum_bruteforce,1,0,0,1,0.20293714612082103,1,0.25900002219714224,17,33
stage1,breast_cancer,3,28,breast_cancer|3|28,nearest_neighbor,1,0,0,1,2.9437091494767182,30,0.013699987903237343,17,33
stage1,breast_cancer,3,28,breast_cancer|3|28,random_search,1,0,0,1,0.6593062478237823,30,1.0569999867584556,17,33
stage1,breast_cancer,3,29,breast_cancer|3|29,treesat_exact,0,1,1,1,1.318331379684114,2,0.15189999248832464,17,33
stage1,breast_cancer,3,29,breast_cancer|3|29,leaf_enum_bruteforce,0,1,1,1,1.318331379684114,2,0.30380001408047974,17,33
stage1,breast_cancer,3,29,breast_cancer|3|29,nearest_neighbor,0,1,1,1,4.414865267375022,30,0.028499984182417393,17,33
stage1,breast_cancer,3,29,breast_cancer|3|29,random_search,0,1,1,1,0.8710395123475799,30,0.4983000108040869,17,33
stage1,breast_cancer,3,30,breast_cancer|3|30,treesat_exact,0,1,1,1,0.5648738075755506,1,0.09549999958835542,17,33
stage1,breast_cancer,3,30,breast_cancer|3|30,leaf_enum_bruteforce,0,1,1,1,0.5648738075755506,1,0.7830999966245145,17,33
stage1,breast_cancer,3,30,breast_cancer|3|30,nearest_neighbor,0,1,1,1,3.5409975485862444,30,0.048999994760379195,17,33
stage1,breast_cancer,3,30,breast_cancer|3|30,random_search,0,1,1,1,1.028438764638126,30,1.3023000210523605,17,33
stage1,breast_cancer,3,31,breast_cancer|3|31,treesat_exact,0,1,1,1,1.1453709055885484,4,0.4946000117342919,17,33
stage1,breast_cancer,3,31,breast_cancer|3|31,leaf_enum_bruteforce,0,1,1,1,1.1453709055885484,4,0.7941999938338995,17,33
stage1,breast_cancer,3,31,breast_cancer|3|31,nearest_neighbor,0,1,1,1,3.550847589018446,30,0.04959999932907522,17,33
stage1,breast_cancer,3,31,breast_cancer|3|31,random_search,0,1,1,1,3.0858400491708937,30,0.9824000007938594,17,33
stage1,breast_cancer,3,32,breast_cancer|3|32,treesat_exact,1,0,0,1,1.1427472383722486,2,0.1267999759875238,17,33
stage1,breast_cancer,3,32,breast_cancer|3|32,leaf_enum_bruteforce,1,0,0,1,1.1427472383722486,2,0.5311999993864447,17,33
stage1,breast_cancer,3,32,breast_cancer|3|32,nearest_neighbor,1,0,0,1,4.535323088180247,30,0.04460001946426928,17,33
stage1,breast_cancer,3,32,breast_cancer|3|32,random_search,1,0,0,1,3.544147760878635,30,0.890600000275299,17,33
stage1,breast_cancer,3,33,breast_cancer|3|33,treesat_exact,1,0,0,1,0.5299489390306745,2,0.13180001405999064,17,33
stage1,breast_cancer,3,33,breast_cancer|3|33,leaf_enum_bruteforce,1,0,0,1,0.5299489390306745,2,0.5056000081822276,17,33
stage1,breast_cancer,3,33,breast_cancer|3|33,nearest_neighbor,1,0,0,1,3.005638870836409,30,0.02780000795610249,17,33
stage1,breast_cancer,3,33,breast_cancer|3|33,random_search,1,0,0,1,1.9248367158588486,30,1.0006999946199358,17,33
stage1,breast_cancer,3,34,breast_cancer|3|34,treesat_exact,1,0,0,1,0.00597850242355899,1,0.1281999866478145,17,33
stage1,breast_cancer,3,34,breast_cancer|3|34,leaf_enum_bruteforce,1,0,0,1,0.00597850242355899,1,0.5082999996375293,17,33
stage1,breast_cancer,3,34,breast_cancer|3|34,nearest_neighbor,1,0,0,1,2.090199060186329,30,0.03029999788850546,17,33
stage1,breast_cancer,3,34,breast_cancer|3|34,random_search,1,0,0,1,0.16975550349969418,30,0.9569999820087105,17,33
stage1,breast_cancer,3,35,breast_cancer|3|35,treesat_exact,0,1,1,1,0.008966250598029819,1,0.12579999747686088,17,33
stage1,breast_cancer,3,35,breast_cancer|3|35,leaf_enum_bruteforce,0,1,1,1,0.008966250598029819,1,0.5395000043790787,17,33
stage1,breast_cancer,3,35,breast_cancer|3|35,nearest_neighbor,0,1,1,1,4.367165663921691,30,0.03600001218728721,17,33
stage1,breast_cancer,3,35,breast_cancer|3|35,random_search,0,1,1,1,0.20484038822666867,30,0.7859000179450959,17,33
stage1,breast_cancer,3,36,breast_cancer|3|36,treesat_exact,1,0,0,1,0.5950662759346201,1,0.2673999988473952,17,33
stage1,breast_cancer,3,36,breast_cancer|3|36,leaf_enum_bruteforce,1,0,0,1,0.5950662759346201,1,0.33299997448921204,17,33
stage1,breast_cancer,3,36,breast_cancer|3|36,nearest_neighbor,1,0,0,1,3.779981399155216,30,0.029499991796910763,17,33
stage1,breast_cancer,3,36,breast_cancer|3|36,random_search,1,0,0,1,1.894963198647222,30,0.5187000206205994,17,33
stage1,breast_cancer,3,37,breast_cancer|3|37,treesat_exact,1,0,0,1,0.39994886783346517,2,0.07199999527074397,17,33
stage1,breast_cancer,3,37,breast_cancer|3|37,leaf_enum_bruteforce,1,0,0,1,0.39994886783346517,2,0.27600000612437725,17,33
stage1,breast_cancer,3,37,breast_cancer|3|37,nearest_neighbor,1,0,0,1,2.688727809575065,30,0.015400000847876072,17,33
stage1,breast_cancer,3,37,breast_cancer|3|37,random_search,1,0,0,1,2.3860994630551393,30,0.5145999894011766,17,33
stage1,breast_cancer,3,38,breast_cancer|3|38,treesat_exact,0,1,1,1,0.8958523491137311,2,0.13420000323094428,17,33
stage1,breast_cancer,3,38,breast_cancer|3|38,leaf_enum_bruteforce,0,1,1,1,0.8958523491137311,2,0.32130000181496143,17,33
stage1,breast_cancer,3,38,breast_cancer|3|38,nearest_neighbor,0,1,1,1,3.210629960407238,30,0.031200004741549492,17,33
stage1,breast_cancer,3,38,breast_cancer|3|38,random_search,0,1,1,1,3.826173062780639,30,0.4895000020042062,17,33
stage1,breast_cancer,3,39,breast_cancer|3|39,treesat_exact,0,1,1,1,2.4215635597377347,3,0.15410000924021006,17,33
stage1,breast_cancer,3,39,breast_cancer|3|39,leaf_enum_bruteforce,0,1,1,1,2.4215635597377347,3,0.29540000832639635,17,33
stage1,breast_cancer,3,39,breast_cancer|3|39,nearest_neighbor,0,1,1,1,8.300511626782978,30,0.018799997633323073,17,33
stage1,breast_cancer,3,39,breast_cancer|3|39,random_search,0,1,1,1,4.483323187668299,30,0.5119999987073243,17,33
stage1,breast_cancer,3,40,breast_cancer|3|40,treesat_exact,0,1,1,1,0.1421642626227757,1,0.07119998917914927,17,33
stage1,breast_cancer,3,40,breast_cancer|3|40,leaf_enum_bruteforce,0,1,1,1,0.1421642626227757,1,0.29659998835995793,17,33
stage1,breast_cancer,3,40,breast_cancer|3|40,nearest_neighbor,0,1,1,1,1.7616913270633066,30,0.019799976143985987,17,33
stage1,breast_cancer,3,40,breast_cancer|3|40,random_search,0,1,1,1,0.4743366326814717,30,0.5032999906688929,17,33
stage1,breast_cancer,3,41,breast_cancer|3|41,treesat_exact,0,1,1,1,0.5407453233159467,2,0.13059997581876814,17,33
stage1,breast_cancer,3,41,breast_cancer|3|41,leaf_enum_bruteforce,0,1,1,1,0.5407453233159467,2,0.302400003420189,17,33
stage1,breast_cancer,3,41,breast_cancer|3|41,nearest_neighbor,0,1,1,1,2.815854929692277,30,0.018799997633323073,17,33
stage1,breast_cancer,3,41,breast_cancer|3|41,random_search,0,1,1,1,0.43860876933405174,30,0.49429998034611344,17,33
stage1,breast_cancer,3,42,breast_cancer|3|42,treesat_exact,1,0,0,1,0.15541601625016188,1,0.06799999391660094,17,33
stage1,breast_cancer,3,42,breast_cancer|3|42,leaf_enum_bruteforce,1,0,0,1,0.15541601625016188,1,0.2573000092525035,17,33
stage1,breast_cancer,3,42,breast_cancer|3|42,nearest_neighbor,1,0,0,1,2.9130355109527732,30,0.015900004655122757,17,33
stage1,breast_cancer,3,42,breast_cancer|3|42,random_search,1,0,0,1,0.5284087737890095,30,0.4872000135947019,17,33
stage1,breast_cancer,3,43,breast_cancer|3|43,treesat_exact,1,0,0,1,0.6541209776990597,1,0.10210002074018121,17,33
stage1,breast_cancer,3,43,breast_cancer|3|43,leaf_enum_bruteforce,1,0,0,1,0.6541209776990597,1,0.26440000510774553,17,33
stage1,breast_cancer,3,43,breast_cancer|3|43,nearest_neighbor,1,0,0,1,16.349024858772214,30,0.016499980119988322,17,33
stage1,breast_cancer,3,43,breast_cancer|3|43,random_search,1,0,0,1,1.7002870953266505,30,0.471399980597198,17,33
stage1,breast_cancer,3,44,breast_cancer|3|44,treesat_exact,1,0,0,1,0.4928459258349047,1,0.06329998723231256,17,33
stage1,breast_cancer,3,44,breast_cancer|3|44,leaf_enum_bruteforce,1,0,0,1,0.4928459258349047,1,0.2555000246502459,17,33
stage1,breast_cancer,3,44,breast_cancer|3|44,nearest_neighbor,1,0,0,1,3.288152671696747,30,0.013899989426136017,17,33
stage1,breast_cancer,3,44,breast_cancer|3|44,random_search,1,0,0,1,1.8361601782892947,30,0.4589000018313527,17,33
stage1,breast_cancer,3,45,breast_cancer|3|45,treesat_exact,0,1,1,1,0.8607600879022959,1,0.12280000373721123,17,33
stage1,breast_cancer,3,45,breast_cancer|3|45,leaf_enum_bruteforce,0,1,1,1,0.8607600879022959,1,0.2801999798975885,17,33
stage1,breast_cancer,3,45,breast_cancer|3|45,nearest_neighbor,0,1,1,1,2.9845315735147024,30,0.0185999961104244,17,33
stage1,breast_cancer,3,45,breast_cancer|3|45,random_search,0,1,1,1,1.2545860679253982,30,0.46720000682398677,17,33
stage1,breast_cancer,3,46,breast_cancer|3|46,treesat_exact,0,1,1,1,0.10763900188430531,1,0.06639998173341155,17,33
stage1,breast_cancer,3,46,breast_cancer|3|46,leaf_enum_bruteforce,0,1,1,1,0.10763900188430531,1,0.2840000088326633,17,33
stage1,breast_cancer,3,46,breast_cancer|3|46,nearest_neighbor,0,1,1,1,3.3491619604564065,30,0.017699989257380366,17,33
stage1,breast_cancer,3,46,breast_cancer|3|46,random_search,0,1,1,1,0.27943219104184835,30,0.4796000139322132,17,33
stage1,breast_cancer,3,47,breast_cancer|3|47,treesat_exact,1,0,0,1,0.6353589524150631,1,0.06120000034570694,17,33
stage1,breast_cancer,3,47,breast_cancer|3|47,leaf_enum_bruteforce,1,0,0,1,0.6353589524150631,1,0.25370001094415784,17,33
stage1,breast_cancer,3,47,breast_cancer|3|47,nearest_neighbor,1,0,0,1,3.1966964559827664,30,0.01309998333454132,17,33
stage1,breast_cancer,3,47,breast_cancer|3|47,random_search,1,0,0,1,1.9030918862153814,30,0.4558999789878726,17,33
stage1,breast_cancer,3,48,breast_cancer|3|48,treesat_exact,1,0,0,1,0.6312569356716257,2,0.0625999819021672,17,33
stage1,breast_cancer,3,48,breast_cancer|3|48,leaf_enum_bruteforce,1,0,0,1,0.6312569356716257,2,0.2578000130597502,17,33
stage1,breast_cancer,3,48,breast_cancer|3|48,nearest_neighbor,1,0,0,1,3.1072966193785727,30,0.013899989426136017,17,33
stage1,breast_cancer,3,48,breast_cancer|3|48,random_search,1,0,0,1,2.5743798843211967,30,0.4450999840628356,17,33
stage1,breast_cancer,3,49,breast_cancer|3|49,treesat_exact,1,0,0,1,0.3847406813096779,2,0.06019999273121357,17,33
stage1,breast_cancer,3,49,breast_cancer|3|49,leaf_enum_bruteforce,1,0,0,1,0.3847406813096779,2,0.2497999812476337,17,33
stage1,breast_cancer,3,49,breast_cancer|3|49,nearest_neighbor,1,0,0,1,3.4524135867464105,30,0.013599987141788006,17,33
stage1,breast_cancer,3,49,breast_cancer|3|49,random_search,1,0,0,1,1.4021333843684787,30,0.4582999972626567,17,33
stage1,breast_cancer,3,50,breast_cancer|3|50,treesat_exact,1,0,0,1,0.25464252642034324,1,0.061700004152953625,17,33
stage1,breast_cancer,3,50,breast_cancer|3|50,leaf_enum_bruteforce,1,0,0,1,0.25464252642034324,1,0.25270000332966447,17,33
stage1,breast_cancer,3,50,breast_cancer|3|50,nearest_neighbor,1,0,0,1,2.3225600703445917,30,0.013200013199821115,17,33
stage1,breast_cancer,3,50,breast_cancer|3|50,random_search,1,0,0,1,0.45331631124230426,30,1.4623999886680394,17,33
stage1,breast_cancer,3,51,breast_cancer|3|51,treesat_exact,1,0,0,1,1.4282078988755953,2,0.08880000677891076,17,33
stage1,breast_cancer,3,51,breast_cancer|3|51,leaf_enum_bruteforce,1,0,0,1,1.4282078988755953,2,0.2793000021483749,17,33
stage1,breast_cancer,3,51,breast_cancer|3|51,nearest_neighbor,1,0,0,1,4.58709339199527,30,0.021000014385208488,17,33
stage1,breast_cancer,3,51,breast_cancer|3|51,random_search,1,0,0,1,4.995698188845981,30,0.5479000101331621,17,33
stage1,breast_cancer,3,52,breast_cancer|3|52,treesat_exact,0,1,1,1,2.6694851777562967,3,0.2570000069681555,17,33
stage1,breast_cancer,3,52,breast_cancer|3|52,leaf_enum_bruteforce,0,1,1,1,2.6694851777562967,3,0.28979999478906393,17,33
stage1,breast_cancer,3,52,breast_cancer|3|52,nearest_neighbor,0,1,1,1,7.649366835191636,30,0.02549999044276774,17,33
stage1,breast_cancer,3,52,breast_cancer|3|52,random_search,0,1,-1,0,,-1,0.4437000025063753,17,33
stage1,breast_cancer,3,53,breast_cancer|3|53,treesat_exact,0,1,1,1,3.346698136869576,3,0.2615000121295452,17,33
stage1,breast_cancer,3,53,breast_cancer|3|53,leaf_enum_bruteforce,0,1,1,1,3.346698136869576,3,0.2887000155169517,17,33
stage1,breast_cancer,3,53,breast_cancer|3|53,nearest_neighbor,0,1,1,1,6.437968617970165,30,0.019700004486367106,17,33
stage1,breast_cancer,3,53,breast_cancer|3|53,random_search,0,1,1,1,3.2221455880511836,30,0.4616999940481037,17,33
stage1,breast_cancer,3,54,breast_cancer|3|54,treesat_exact,1,0,0,1,0.20592589642715206,1,0.06349998875521123,17,33
stage1,breast_cancer,3,54,breast_cancer|3|54,leaf_enum_bruteforce,1,0,0,1,0.20592589642715206,1,0.25499999173916876,17,33
stage1,breast_cancer,3,54,breast_cancer|3|54,nearest_neighbor,1,0,0,1,2.8283582648291654,30,0.014999997802078724,17,33
stage1,breast_cancer,3,54,breast_cancer|3|54,random_search,1,0,0,1,0.5948855210402229,30,0.46999999904073775,17,33
stage1,breast_cancer,3,55,breast_cancer|3|55,treesat_exact,0,1,1,1,1.814171435621808,1,0.12829998740926385,17,33
stage1,breast_cancer,3,55,breast_cancer|3|55,leaf_enum_bruteforce,0,1,1,1,1.814171435621808,1,0.3448000061325729,17,33
stage1,breast_cancer,3,55,breast_cancer|3|55,nearest_neighbor,0,1,1,1,5.23460268713439,30,0.020400009816512465,17,33
stage1,breast_cancer,3,55,breast_cancer|3|55,random_search,0,1,1,1,3.946346595951743,30,0.47560001257807016,17,33
stage1,breast_cancer,3,56,breast_cancer|3|56,treesat_exact,1,0,0,1,0.3002576005030112,2,0.06680001388303936,17,33
stage1,breast_cancer,3,56,breast_cancer|3|56,leaf_enum_bruteforce,1,0,0,1,0.3002576005030112,2,0.2586000191513449,17,33
stage1,breast_cancer,3,56,breast_cancer|3|56,nearest_neighbor,1,0,0,1,2.720713101384963,30,0.014599994756281376,17,33
stage1,breast_cancer,3,56,breast_cancer|3|56,random_search,1,0,0,1,1.0846328999059869,30,0.46049998491071165,17,33
stage1,breast_cancer,3,57,breast_cancer|3|57,treesat_exact,1,0,0,1,0.6276878320396457,2,0.06229997961781919,17,33
stage1,breast_cancer,3,57,breast_cancer|3|57,leaf_enum_bruteforce,1,0,0,1,0.6276878320396457,2,0.25820001610554755,17,33
stage1,breast_cancer,3,57,breast_cancer|3|57,nearest_neighbor,1,0,0,1,3.5132283382149567,30,0.014299992471933365,17,33
stage1,breast_cancer,3,57,breast_cancer|3|57,random_search,1,0,0,1,2.607504639656893,30,0.49730000318959355,17,33
stage1,breast_cancer,3,58,breast_cancer|3|58,treesat_exact,1,0,0,1,0.04420240474304121,1,0.06520000169984996,17,33
stage1,breast_cancer,3,58,breast_cancer|3|58,leaf_enum_bruteforce,1,0,0,1,0.04420240474304121,1,0.24989998200908303,17,33
stage1,breast_cancer,3,58,breast_cancer|3|58,nearest_neighbor,1,0,0,1,4.351024000661194,30,0.013899989426136017,17,33
stage1,breast_cancer,3,58,breast_cancer|3|58,random_search,1,0,0,1,0.21851715414935124,30,0.48160000005736947,17,33
stage1,breast_cancer,3,59,breast_cancer|3|59,treesat_exact,1,0,0,1,0.789927706284182,1,0.06180000491440296,17,33
stage1,breast_cancer,3,59,breast_cancer|3|59,leaf_enum_bruteforce,1,0,0,1,0.789927706284182,1,0.2565000031609088,17,33
stage1,breast_cancer,3,59,breast_cancer|3|59,nearest_neighbor,1,0,0,1,3.962154759200913,30,0.013599987141788006,17,33
stage1,breast_cancer,3,59,breast_cancer|3|59,random_search,1,0,0,1,2.251154234283675,30,0.4535000189207494,17,33
stage1,breast_cancer,4,0,breast_cancer|4|0,treesat_exact,1,0,0,1,0.6183280894210195,1,0.12670000432990491,18,35
stage1,breast_cancer,4,0,breast_cancer|4|0,leaf_enum_bruteforce,1,0,0,1,0.6183280894210195,1,0.5290999833960086,18,35
stage1,breast_cancer,4,0,breast_cancer|4|0,nearest_neighbor,1,0,0,1,3.0725366978715756,30,0.05780000356025994,18,35
stage1,breast_cancer,4,0,breast_cancer|4|0,random_search,1,0,0,1,2.329032659738532,30,0.6154000002425164,18,35
stage1,breast_cancer,4,1,breast_cancer|4|1,treesat_exact,1,0,0,1,0.8800538272058653,2,0.08180001168511808,18,35
stage1,breast_cancer,4,1,breast_cancer|4|1,leaf_enum_bruteforce,1,0,0,1,0.8800538272058653,2,0.31990002025850117,18,35
stage1,breast_cancer,4,1,breast_cancer|4|1,nearest_neighbor,1,0,0,1,4.759161057049673,30,0.021100015146657825,18,35
stage1,breast_cancer,4,1,breast_cancer|4|1,random_search,1,0,0,1,2.259605906765392,30,0.526099989656359,18,35
stage1,breast_cancer,4,2,breast_cancer|4|2,treesat_exact,1,0,0,1,0.47006497998865837,2,0.08030000026337802,18,35
stage1,breast_cancer,4,2,breast_cancer|4|2,leaf_enum_bruteforce,1,0,0,1,0.47006497998865837,2,0.27359998784959316,18,35
stage1,breast_cancer,4,2,breast_cancer|4|2,nearest_neighbor,1,0,0,1,3.2579743549399875,30,0.017699989257380366,18,35
stage1,breast_cancer,4,2,breast_cancer|4|2,random_search,1,0,0,1,2.004192207942784,30,0.5062000127509236,18,35
stage1,breast_cancer,4,3,breast_cancer|4|3,treesat_exact,1,0,0,1,1.4599399614309154,1,0.07109998841769993,18,35
stage1,breast_cancer,4,3,breast_cancer|4|3,leaf_enum_bruteforce,1,0,0,1,1.4599399614309154,1,0.2606000052765012,18,35
stage1,breast_cancer,4,3,breast_cancer|4|3,nearest_neighbor,1,0,0,1,8.8560827344173,30,0.015300000086426735,18,35
stage1,breast_cancer,4,3,breast_cancer|4|3,random_search,1,0,0,1,3.8671269305696034,30,0.4650000191759318,18,35
stage1,breast_cancer,4,4,breast_cancer|4|4,treesat_exact,1,0,0,1,0.15892152832065937,3,0.07100001676008105,18,35
stage1,breast_cancer,4,4,breast_cancer|4|4,leaf_enum_bruteforce,1,0,0,1,0.15892152832065937,3,0.2694999857340008,18,35
stage1,breast_cancer,4,4,breast_cancer|4|4,nearest_neighbor,1,0,0,1,3.0781509764981814,30,0.01580000389367342,18,35
stage1,breast_cancer,4,4,breast_cancer|4|4,random_search,1,0,0,1,1.0940567877447767,30,0.49000000581145287,18,35
stage1,breast_cancer,4,5,breast_cancer|4|5,treesat_exact,0,1,1,1,0.6656273091572347,1,0.07199999527074397,18,35
stage1,breast_cancer,4,5,breast_cancer|4|5,leaf_enum_bruteforce,0,1,1,1,0.6656273091572347,1,0.34759999834932387,18,35
stage1,breast_cancer,4,5,breast_cancer|4|5,nearest_neighbor,0,1,1,1,5.862280341387068,30,0.02750000567175448,18,35
stage1,breast_cancer,4,5,breast_cancer|4|5,random_search,0,1,1,1,2.0525132517817584,30,0.5157999985385686,18,35
stage1,breast_cancer,4,6,breast_cancer|4|6,treesat_exact,1,0,0,1,0.6551924719274125,2,0.072900002123788,18,35
stage1,breast_cancer,4,6,breast_cancer|4|6,leaf_enum_bruteforce,1,0,0,1,0.6551924719274125,2,0.27069999487139285,18,35
stage1,breast_cancer,4,6,breast_cancer|4|6,nearest_neighbor,1,0,0,1,4.420580205261642,30,0.015700003132224083,18,35
stage1,breast_cancer,4,6,breast_cancer|4|6,random_search,1,0,0,1,3.654691036212672,30,0.44319999869912863,18,35
stage1,breast_cancer,4,7,breast_cancer|4|7,treesat_exact,0,1,1,1,0.7043399176716552,1,0.06760001997463405,18,35
stage1,breast_cancer,4,7,breast_cancer|4|7,leaf_enum_bruteforce,0,1,1,1,0.7043399176716552,1,0.32789999386295676,18,35
stage1,breast_cancer,4,7,breast_cancer|4|7,nearest_neighbor,0,1,1,1,2.6385548353193897,30,0.02030000905506313,18,35
stage1,breast_cancer,4,7,breast_cancer|4|7,random_search,0,1,1,1,1.937865269079374,30,0.44979999074712396,18,35
stage1,breast_cancer,4,8,breast_cancer|4|8,treesat_exact,0,1,1,1,0.8459094200104199,1,0.06349998875521123,18,35
stage1,breast_cancer,4,8,breast_cancer|4|8,leaf_enum_bruteforce,0,1,1,1,0.8459094200104199,1,0.31779997516423464,18,35
stage1,breast_cancer,4,8,breast_cancer|4|8,nearest_neighbor,0,1,1,1,4.5446771518945654,30,0.01759998849593103,18,35
stage1,breast_cancer,4,8,breast_cancer|4|8,random_search,0,1,1,1,1.7602277877349932,30,0.4427000239957124,18,35
stage1,breast_cancer,4,9,breast_cancer|4|9,treesat_exact,1,0,0,1,0.05731919552564968,1,0.060699996538460255,18,35
stage1,breast_cancer,4,9,breast_cancer|4|9,leaf_enum_bruteforce,1,0,0,1,0.05731919552564968,1,0.25019998429343104,18,35
stage1,breast_cancer,4,9,breast_cancer|4|9,nearest_neighbor,1,0,0,1,2.6968467426918745,30,0.0137000170070678,18,35
stage1,breast_cancer,4,9,breast_cancer|4|9,random_search,1,0,0,1,0.2152825704965825,30,1.1972999782301486,18,35
stage1,breast_cancer,4,10,breast_cancer|4|10,treesat_exact,1,0,0,1,0.28806605725611467,1,0.09350001346319914,18,35
stage1,breast_cancer,4,10,breast_cancer|4|10,leaf_enum_bruteforce,1,0,0,1,0.28806605725611467,1,0.3003000165335834,18,35
stage1,breast_cancer,4,10,breast_cancer|4|10,nearest_neighbor,1,0,0,1,2.172541889034529,30,0.023200002033263445,18,35
stage1,breast_cancer,4,10,breast_cancer|4|10,random_search,1,0,0,1,1.0721962004922665,30,0.5284000071696937,18,35
stage1,breast_cancer,4,11,breast_cancer|4|11,treesat_exact,1,0,0,1,0.24436829119977388,2,0.07470001582987607,18,35
stage1,breast_cancer,4,11,breast_cancer|4|11,leaf_enum_bruteforce,1,0,0,1,0.24436829119977388,2,0.440800009528175,18,35
stage1,breast_cancer,4,11,breast_cancer|4|11,nearest_neighbor,1,0,0,1,5.20847227264836,30,0.027400004910305142,18,35
stage1,breast_cancer,4,11,breast_cancer|4|11,random_search,1,0,0,1,0.934481383517362,30,0.7374999986495823,18,35
stage1,breast_cancer,4,12,breast_cancer|4|12,treesat_exact,0,1,1,1,1.3583698368393033,1,0.08629998774267733,18,35
stage1,breast_cancer,4,12,breast_cancer|4|12,leaf_enum_bruteforce,0,1,1,1,1.3583698368393033,1,0.4644000146072358,18,35
stage1,breast_cancer,4,12,breast_cancer|4|12,nearest_neighbor,0,1,1,1,8.083759170367312,30,0.03399999695830047,18,35
stage1,breast_cancer,4,12,breast_cancer|4|12,random_search,0,1,1,1,3.68748993860401,30,0.7975000189617276,18,35
stage1,breast_cancer,4,13,breast_cancer|4|13,treesat_exact,1,0,0,1,0.38845297613153257,2,0.08559998241253197,18,35
stage1,breast_cancer,4,13,breast_cancer|4|13,leaf_enum_bruteforce,1,0,0,1,0.38845297613153257,2,0.3105999785475433,18,35
stage1,breast_cancer,4,13,breast_cancer|4|13,nearest_neighbor,1,0,0,1,2.312738717329607,30,0.02340000355616212,18,35
stage1,breast_cancer,4,13,breast_cancer|4|13,random_search,1,0,0,1,1.045931278670292,30,0.5421999958343804,18,35
stage1,breast_cancer,4,14,breast_cancer|4|14,treesat_exact,1,0,0,1,0.939633114449428,1,0.07330000516958535,18,35
stage1,breast_cancer,4,14,breast_cancer|4|14,leaf_enum_bruteforce,1,0,0,1,0.939633114449428,1,0.3099000023212284,18,35
stage1,breast_cancer,4,14,breast_cancer|4|14,nearest_neighbor,1,0,0,1,4.548870293512302,30,0.02030000905506313,18,35
stage1,breast_cancer,4,14,breast_cancer|4|14,random_search,1,0,0,1,4.150101675382358,30,0.5513000069186091,18,35
stage1,breast_cancer,4,15,breast_cancer|4|15,treesat_exact,1,0,0,1,0.8398714065988448,3,0.07780001033097506,18,35
stage1,breast_cancer,4,15,breast_cancer|4|15,leaf_enum_bruteforce,1,0,0,1,0.8398714065988448,3,0.2769000129774213,18,35
stage1,breast_cancer,4,15,breast_cancer|4|15,nearest_neighbor,1,0,0,1,4.349051926316182,30,0.01999997766688466,18,35
stage1,breast_cancer,4,15,breast_cancer|4|15,random_search,1,0,0,1,2.294682507268647,30,0.5033999914303422,18,35
stage1,breast_cancer,4,16,breast_cancer|4|16,treesat_exact,1,0,0,1,0.6597868023279106,1,0.08090000483207405,18,35
stage1,breast_cancer,4,16,breast_cancer|4|16,leaf_enum_bruteforce,1,0,0,1,0.6597868023279106,1,0.2749999985098839,18,35
stage1,breast_cancer,4,16,breast_cancer|4|16,nearest_neighbor,1,0,0,1,3.6935801984127545,30,0.018999999156221747,18,35
stage1,breast_cancer,4,16,breast_cancer|4|16,random_search,1,0,0,1,2.1200353979897906,30,0.4792999825440347,18,35
stage1,breast_cancer,4,17,breast_cancer|4|17,treesat_exact,0,1,1,1,0.9297856445255251,1,0.09950000094249845,18,35
stage1,breast_cancer,4,17,breast_cancer|4|17,leaf_enum_bruteforce,0,1,1,1,0.9297856445255251,1,0.33549999352544546,18,35
stage1,breast_cancer,4,17,breast_cancer|4|17,nearest_neighbor,0,1,1,1,6.864497348794405,30,0.026599998818710446,18,35
stage1,breast_cancer,4,17,breast_cancer|4|17,random_search,0,1,1,1,2.0434245154303907,30,0.4729999927803874,18,35
stage1,breast_cancer,4,18,breast_cancer|4|18,treesat_exact,0,1,1,1,0.3379312837112603,1,0.06620000931434333,18,35
stage1,breast_cancer,4,18,breast_cancer|4|18,leaf_enum_bruteforce,0,1,1,1,0.3379312837112603,1,0.523299997439608,18,35
stage1,breast_cancer,4,18,breast_cancer|4|18,nearest_neighbor,0,1,1,1,4.319157253164097,30,0.03779999678954482,18,35
stage1,breast_cancer,4,18,breast_cancer|4|18,random_search,0,1,1,1,0.8942473363565562,30,0.6221999938134104,18,35
stage1,breast_cancer,4,19,breast_cancer|4|19,treesat_exact,1,0,0,1,0.4621282270276236,2,0.08709999383427203,18,35
stage1,breast_cancer,4,19,breast_cancer|4|19,leaf_enum_bruteforce,1,0,0,1,0.4621282270276236,2,0.302400003420189,18,35
stage1,breast_cancer,4,19,breast_cancer|4|19,nearest_neighbor,1,0,0,1,2.576930240048268,30,0.02300000051036477,18,35
stage1,breast_cancer,4,19,breast_cancer|4|19,random_search,1,0,0,1,2.2463000937119726,30,0.6218999915290624,18,35
stage1,breast_cancer,4,20,breast_cancer|4|20,treesat_exact,1,0,0,1,0.5129610511088216,2,0.08739999611862004,18,35
stage1,breast_cancer,4,20,breast_cancer|4|20,leaf_enum_bruteforce,1,0,0,1,0.5129610511088216,2,0.31239999225363135,18,35
stage1,breast_cancer,4,20,breast_cancer|4|20,nearest_neighbor,1,0,0,1,3.2806144725685398,30,0.020199979189783335,18,35
stage1,breast_cancer,4,20,breast_cancer|4|20,random_search,1,0,0,1,2.069919796277225,30,0.5086000019218773,18,35
stage1,breast_cancer,4,21,breast_cancer|4|21,treesat_exact,1,0,0,1,0.7812016044123787,1,0.07199999527074397,18,35
stage1,breast_cancer,4,21,breast_cancer|4|21,leaf_enum_bruteforce,1,0,0,1,0.7812016044123787,1,0.2961999853141606,18,35
stage1,breast_cancer,4,21,breast_cancer|4|21,nearest_neighbor,1,0,0,1,4.205203817263356,30,0.02060001133941114,18,35
stage1,breast_cancer,4,21,breast_cancer|4|21,random_search,1,0,0,1,1.9795755619914217,30,1.0006000229623169,18,35
stage1,breast_cancer,4,22,breast_cancer|4|22,treesat_exact,0,1,1,1,0.3977796016039312,1,0.1697000116109848,18,35
stage1,breast_cancer,4,22,breast_cancer|4|22,leaf_enum_bruteforce,0,1,1,1,0.3977796016039312,1,0.6367999885696918,18,35
stage1,breast_cancer,4,22,breast_cancer|4|22,nearest_neighbor,0,1,1,1,3.7141055064555495,30,0.06500000017695129,18,35
stage1,breast_cancer,4,22,breast_cancer|4|22,random_search,0,1,1,1,0.9858489942032753,30,0.8410000009462237,18,35
stage1,breast_cancer,4,23,breast_cancer|4|23,treesat_exact,0,1,1,1,1.0717771503221962,1,0.0900000159163028,18,35
stage1,breast_cancer,4,23,breast_cancer|4|23,leaf_enum_bruteforce,0,1,1,1,1.0717771503221962,1,0.5355000030249357,18,35
stage1,breast_cancer,4,23,breast_cancer|4|23,nearest_neighbor,0,1,1,1,6.104012571030499,30,0.03920000744983554,18,35
stage1,breast_cancer,4,23,breast_cancer|4|23,random_search,0,1,1,1,2.5830113508089863,30,0.6044000037945807,18,35
stage1,breast_cancer,4,24,breast_cancer|4|24,treesat_exact,0,1,1,1,2.022121420391129,1,0.12780001270584762,18,35
stage1,breast_cancer,4,24,breast_cancer|4|24,leaf_enum_bruteforce,0,1,1,1,2.022121420391129,1,0.5214999837335199,18,35
stage1,breast_cancer,4,24,breast_cancer|4|24,nearest_neighbor,0,1,1,1,6.567929534521709,30,0.035900011425837874,18,35
stage1,breast_cancer,4,24,breast_cancer|4|24,random_search,0,1,1,1,2.3279711827350704,30,0.7854999857954681,18,35
stage1,breast_cancer,4,25,breast_cancer|4|25,treesat_exact,0,1,1,1,0.47825586696625894,1,0.11379999341443181,18,35
stage1,breast_cancer,4,25,breast_cancer|4|25,leaf_enum_bruteforce,0,1,1,1,0.47825586696625894,1,0.3440000000409782,18,35
stage1,breast_cancer,4,25,breast_cancer|4|25,nearest_neighbor,0,1,1,1,3.8483391977915766,30,0.024800014216452837,18,35
stage1,breast_cancer,4,25,breast_cancer|4|25,random_search,0,1,1,1,1.1744277843422894,30,0.6689000001642853,18,35
stage1,breast_cancer,4,26,breast_cancer|4|26,treesat_exact,0,1,1,1,2.1747206793417373,1,0.08190001244656742,18,35
stage1,breast_cancer,4,26,breast_cancer|4|26,leaf_enum_bruteforce,0,1,1,1,2.1747206793417373,1,0.361700018402189,18,35
stage1,breast_cancer,4,26,breast_cancer|4|26,nearest_neighbor,0,1,1,1,10.561323125488444,30,0.024200009647756815,18,35
stage1,breast_cancer,4,26,breast_cancer|4|26,random_search,0,1,1,1,5.94987318380537,30,0.5049000028520823,18,35
stage1,breast_cancer,4,27,breast_cancer|4|27,treesat_exact,1,0,0,1,1.2325133274879865,1,0.07760000880807638,18,35
stage1,breast_cancer,4,27,breast_cancer|4|27,leaf_enum_bruteforce,1,0,0,1,1.2325133274879865,1,0.2753000007942319,18,35
stage1,breast_cancer,4,27,breast_cancer|4|27,nearest_neighbor,1,0,0,1,5.458795043398738,30,0.01889999839477241,18,35
stage1,breast_cancer,4,27,breast_cancer|4|27,random_search,1,0,0,1,4.396649703050931,30,0.4633000062312931,18,35
stage1,breast_cancer,4,28,breast_cancer|4|28,treesat_exact,1,0,0,1,1.584705662986841,2,0.06579997716471553,18,35
stage1,breast_cancer,4,28,breast_cancer|4|28,leaf_enum_bruteforce,1,0,0,1,1.584705662986841,2,0.2641000028233975,18,35
stage1,breast_cancer,4,28,breast_cancer|4|28,nearest_neighbor,1,0,0,1,5.728466557226353,30,0.015300000086426735,18,35
stage1,breast_cancer,4,28,breast_cancer|4|28,random_search,1,0,0,1,4.252021474059943,30,0.5095000087749213,18,35
stage1,breast_cancer,4,29,breast_cancer|4|29,treesat_exact,0,1,1,1,0.9695314388811754,1,0.07489998824894428,18,35
stage1,breast_cancer,4,29,breast_cancer|4|29,leaf_enum_bruteforce,0,1,1,1,0.9695314388811754,1,0.34759999834932387,18,35
stage1,breast_cancer,4,29,breast_cancer|4|29,nearest_neighbor,0,1,1,1,4.851983167254117,30,0.022599997464567423,18,35
stage1,breast_cancer,4,29,breast_cancer|4|29,random_search,0,1,1,1,3.7373735697760813,30,0.4875999875366688,18,35
stage1,breast_cancer,4,30,breast_cancer|4|30,treesat_exact,0,1,1,1,0.9043723331013813,1,0.07179999374784529,18,35
stage1,breast_cancer,4,30,breast_cancer|4|30,leaf_enum_bruteforce,0,1,1,1,0.9043723331013813,1,0.32140000257641077,18,35
stage1,breast_cancer,4,30,breast_cancer|4|30,nearest_neighbor,0,1,1,1,4.794331510136605,30,0.01920000067912042,18,35
stage1,breast_cancer,4,30,breast_cancer|4|30,random_search,0,1,1,1,2.3806074751180595,30,0.4678000113926828,18,35
stage1,breast_cancer,4,31,breast_cancer|4|31,treesat_exact,0,1,1,1,0.2553469542953164,1,0.06479999865405262,18,35
stage1,breast_cancer,4,31,breast_cancer|4|31,leaf_enum_bruteforce,0,1,1,1,0.2553469542953164,1,0.3175000019837171,18,35
stage1,breast_cancer,4,31,breast_cancer|4|31,nearest_neighbor,0,1,1,1,6.8258480316457,30,0.018699996871873736,18,35
stage1,breast_cancer,4,31,breast_cancer|4|31,random_search,0,1,1,1,0.9583058615480196,30,0.7013999857008457,18,35
stage1,breast_cancer,4,32,breast_cancer|4|32,treesat_exact,0,1,1,1,0.1288181438938884,1,0.08200001320801675,18,35
stage1,breast_cancer,4,32,breast_cancer|4|32,leaf_enum_bruteforce,0,1,1,1,0.1288181438938884,1,0.3391999925952405,18,35
stage1,breast_cancer,4,32,breast_cancer|4|32,nearest_neighbor,0,1,1,1,2.0039597491084686,30,0.02239999594166875,18,35
stage1,breast_cancer,4,32,breast_cancer|4|32,random_search,0,1,1,1,0.27134192699099335,30,0.5329999839887023,18,35
stage1,breast_cancer,4,33,breast_cancer|4|33,treesat_exact,1,0,0,1,0.44094402491224804,1,0.06710001616738737,18,35
stage1,breast_cancer,4,33,breast_cancer|4|33,leaf_enum_bruteforce,1,0,0,1,0.44094402491224804,1,0.5722000205423683,18,35
stage1,breast_cancer,4,33,breast_cancer|4|33,nearest_neighbor,1,0,0,1,3.0860899302633307,30,0.027699978090822697,18,35
stage1,breast_cancer,4,33,breast_cancer|4|33,random_search,1,0,0,1,1.1819065742683086,30,0.9545999928377569,18,35
stage1,breast_cancer,4,34,breast_cancer|4|34,treesat_exact,0,1,1,1,0.14615728296876174,1,0.11279998579993844,18,35
stage1,breast_cancer,4,34,breast_cancer|4|34,leaf_enum_bruteforce,0,1,1,1,0.14615728296876174,1,0.33299997448921204,18,35
stage1,breast_cancer,4,34,breast_cancer|4|34,nearest_neighbor,0,1,1,1,2.257023755080232,30,0.021199986804276705,18,35
stage1,breast_cancer,4,34,breast_cancer|4|34,random_search,0,1,1,1,0.1986114908213578,30,0.4949999856762588,18,35
stage1,breast_cancer,4,35,breast_cancer|4|35,treesat_exact,1,0,0,1,0.3852708961515654,1,0.0751999905332923,18,35
stage1,breast_cancer,4,35,breast_cancer|4|35,leaf_enum_bruteforce,1,0,0,1,0.3852708961515654,1,0.2550000208429992,18,35
stage1,breast_cancer,4,35,breast_cancer|4|35,nearest_neighbor,1,0,0,1,2.813342787688637,30,0.014499993994832039,18,35
stage1,breast_cancer,4,35,breast_cancer|4|35,random_search,1,0,0,1,1.1724731449891932,30,0.4552000027615577,18,35
stage1,breast_cancer,4,36,breast_cancer|4|36,treesat_exact,0,1,1,1,1.388271059558869,1,0.0646000262349844,18,35
stage1,breast_cancer,4,36,breast_cancer|4|36,leaf_enum_bruteforce,0,1,1,1,1.388271059558869,1,0.31370000215247273,18,35
stage1,breast_cancer,4,36,breast_cancer|4|36,nearest_neighbor,0,1,1,1,8.840731712929985,30,0.017300015315413475,18,35
stage1,breast_cancer,4,36,breast_cancer|4|36,random_search,0,1,1,1,3.806362026384553,30,0.4419999895617366,18,35
stage1,breast_cancer,4,37,breast_cancer|4|37,treesat_exact,1,0,0,1,1.1386853238788743,2,0.07049998384900391,18,35
stage1,breast_cancer,4,37,breast_cancer|4|37,leaf_enum_bruteforce,1,0,0,1,1.1386853238788743,2,0.5654999986290932,18,35
stage1,breast_cancer,4,37,breast_cancer|4|37,nearest_neighbor,1,0,0,1,4.482995830845528,30,0.025399989681318402,18,35
stage1,breast_cancer,4,37,breast_cancer|4|37,random_search,1,0,0,1,2.825760850056944,30,0.5093000072520226,18,35
stage1,breast_cancer,4,38,breast_cancer|4|38,treesat_exact,0,1,1,1,0.6677939787921858,1,0.07389998063445091,18,35
stage1,breast_cancer,4,38,breast_cancer|4|38,leaf_enum_bruteforce,0,1,1,1,0.6677939787921858,1,0.322499981848523,18,35
stage1,breast_cancer,4,38,breast_cancer|4|38,nearest_neighbor,0,1,1,1,3.4087534228601797,30,0.020799983758479357,18,35
stage1,breast_cancer,4,38,breast_cancer|4|38,random_search,0,1,1,1,1.9958015380558636,30,0.4838000168092549,18,35
stage1,breast_cancer,4,39,breast_cancer|4|39,treesat_exact,1,0,0,1,0.14954849990952526,1,0.06540000322274864,18,35
stage1,breast_cancer,4,39,breast_cancer|4|39,leaf_enum_bruteforce,1,0,0,1,0.14954849990952526,1,0.26359999901615083,18,35
stage1,breast_cancer,4,39,breast_cancer|4|39,nearest_neighbor,1,0,0,1,2.7492154157964444,30,0.015900004655122757,18,35
stage1,breast_cancer,4,39,breast_cancer|4|39,random_search,1,0,0,1,0.4205159411315988,30,0.4693999944720417,18,35
stage1,breast_cancer,4,40,breast_cancer|4|40,treesat_exact,1,0,0,1,0.6708878192862315,2,0.0641999940853566,18,35
stage1,breast_cancer,4,40,breast_cancer|4|40,leaf_enum_bruteforce,1,0,0,1,0.6708878192862315,2,0.25900002219714224,18,35
stage1,breast_cancer,4,40,breast_cancer|4|40,nearest_neighbor,1,0,0,1,3.4593386997986175,30,0.022599997464567423,18,35
stage1,breast_cancer,4,40,breast_cancer|4|40,random_search,1,0,0,1,1.9786357788417461,30,0.45960000716149807,18,35
stage1,breast_cancer,4,41,breast_cancer|4|41,treesat_exact,1,0,0,1,0.23031359551567307,2,0.06260001100599766,18,35
stage1,breast_cancer,4,41,breast_cancer|4|41,leaf_enum_bruteforce,1,0,0,1,0.23031359551567307,2,0.25179999647662044,18,35
stage1,breast_cancer,4,41,breast_cancer|4|41,nearest_neighbor,1,0,0,1,2.7436796167590067,29,0.014499993994832039,18,35
stage1,breast_cancer,4,41,breast_cancer|4|41,random_search,1,0,0,1,1.055526269621664,30,0.4631000047083944,18,35
stage1,breast_cancer,4,42,breast_cancer|4|42,treesat_exact,1,0,0,1,0.6038175399036072,1,0.06659998325631022,18,35
stage1,breast_cancer,4,42,breast_cancer|4|42,leaf_enum_bruteforce,1,0,0,1,0.6038175399036072,1,0.2668999950401485,18,35
stage1,breast_cancer,4,42,breast_cancer|4|42,nearest_neighbor,1,0,0,1,4.239426303792393,30,0.016200006939470768,18,35
stage1,breast_cancer,4,42,breast_cancer|4|42,random_search,1,0,0,1,1.8232445072618473,30,0.5174999823793769,18,35
stage1,breast_cancer,4,43,breast_cancer|4|43,treesat_exact,0,1,1,1,0.4774919057185737,2,0.06849999772384763,18,35
stage1,breast_cancer,4,43,breast_cancer|4|43,leaf_enum_bruteforce,0,1,1,1,0.4774919057185737,2,0.33149999217130244,18,35
stage1,breast_cancer,4,43,breast_cancer|4|43,nearest_neighbor,0,1,1,1,3.0873311544874285,30,0.022299995180219412,18,35
stage1,breast_cancer,4,43,breast_cancer|4|43,random_search,0,1,1,1,2.028543753714558,30,0.46880001900717616,18,35
stage1,breast_cancer,4,44,breast_cancer|4|44,treesat_exact,1,0,0,1,0.6328386389384314,1,0.06310001481324434,18,35
stage1,breast_cancer,4,44,breast_cancer|4|44,leaf_enum_bruteforce,1,0,0,1,0.6328386389384314,1,0.25599999935366213,18,35
stage1,breast_cancer,4,44,breast_cancer|4|44,nearest_neighbor,1,0,0,1,3.226616665661288,30,0.017099984688684344,18,35
stage1,breast_cancer,4,44,breast_cancer|4|44,random_search,1,0,0,1,2.1121409387936647,30,0.44999999227002263,18,35
stage1,breast_cancer,4,45,breast_cancer|4|45,treesat_exact,1,0,0,1,0.07403700153557391,1,0.060399994254112244,18,35
stage1,breast_cancer,4,45,breast_cancer|4|45,leaf_enum_bruteforce,1,0,0,1,0.07403700153557391,1,0.25519999326206744,18,35
stage1,breast_cancer,4,45,breast_cancer|4|45,nearest_neighbor,1,0,0,1,2.2575435024794603,30,0.014499993994832039,18,35
stage1,breast_cancer,4,45,breast_cancer|4|45,random_search,1,0,0,1,0.2096898287922072,30,0.4692000220529735,18,35
stage1,breast_cancer,4,46,breast_cancer|4|46,treesat_exact,1,0,0,1,1.3277004284788854,1,0.060999998822808266,18,35
stage1,breast_cancer,4,46,breast_cancer|4|46,leaf_enum_bruteforce,1,0,0,1,1.3277004284788854,1,0.2516999957151711,18,35
stage1,breast_cancer,4,46,breast_cancer|4|46,nearest_neighbor,1,0,0,1,10.350580269141128,30,0.015100027667358518,18,35
stage1,breast_cancer,4,46,breast_cancer|4|46,random_search,1,0,0,1,4.166124807440019,30,0.44770000386051834,18,35
stage1,breast_cancer,4,47,breast_cancer|4|47,treesat_exact,0,1,1,1,0.5685978589764829,1,0.06379999103955925,18,35
stage1,breast_cancer,4,47,breast_cancer|4|47,leaf_enum_bruteforce,0,1,1,1,0.5685978589764829,1,0.502600014442578,18,35
stage1,breast_cancer,4,47,breast_cancer|4|47,nearest_neighbor,0,1,1,1,5.328157633490664,30,0.04149999585933983,18,35
stage1,breast_cancer,4,47,breast_cancer|4|47,random_search,0,1,1,1,1.9606064571374908,30,0.590600015129894,18,35
stage1,breast_cancer,4,48,breast_cancer|4|48,treesat_exact,0,1,1,1,1.3966333282574073,2,0.11369999265298247,18,35
stage1,breast_cancer,4,48,breast_cancer|4|48,leaf_enum_bruteforce,0,1,1,1,1.3966333282574073,2,0.34210001467727125,18,35
stage1,breast_cancer,4,48,breast_cancer|4|48,nearest_neighbor,0,1,1,1,5.272718556377635,30,0.023900007363408804,18,35
stage1,breast_cancer,4,48,breast_cancer|4|48,random_search,0,1,1,1,4.463864387255697,30,0.46359997941181064,18,35
stage1,breast_cancer,4,49,breast_cancer|4|49,treesat_exact,0,1,1,1,0.9183947025371192,1,0.0706000137142837,18,35
stage1,breast_cancer,4,49,breast_cancer|4|49,leaf_enum_bruteforce,0,1,1,1,0.9183947025371192,1,0.3311999898869544,18,35
stage1,breast_cancer,4,49,breast_cancer|4|49,nearest_neighbor,0,1,1,1,6.270558818022574,30,0.020000006770715117,18,35
stage1,breast_cancer,4,49,breast_cancer|4|49,random_search,0,1,1,1,2.679892696010322,30,0.4592000041157007,18,35
stage1,breast_cancer,4,50,breast_cancer|4|50,treesat_exact,0,1,1,1,0.07558971492202447,1,0.06799999391660094,18,35
stage1,breast_cancer,4,50,breast_cancer|4|50,leaf_enum_bruteforce,0,1,1,1,0.07558971492202447,1,0.3155999875161797,18,35
stage1,breast_cancer,4,50,breast_cancer|4|50,nearest_neighbor,0,1,1,1,3.3209468137009512,30,0.01750001683831215,18,35
stage1,breast_cancer,4,50,breast_cancer|4|50,random_search,0,1,1,1,0.25333428841246247,30,0.6972999835852534,18,35
stage1,breast_cancer,4,51,breast_cancer|4|51,treesat_exact,0,1,1,1,0.10005657282352816,1,0.07999999797903001,18,35
stage1,breast_cancer,4,51,breast_cancer|4|51,leaf_enum_bruteforce,0,1,1,1,0.10005657282352816,1,0.34600001526996493,18,35
stage1,breast_cancer,4,51,breast_cancer|4|51,nearest_neighbor,0,1,1,1,2.1591633233334426,30,0.022799998987466097,18,35
stage1,breast_cancer,4,51,breast_cancer|4|51,random_search,0,1,1,1,0.3256745380627918,30,0.520200002938509,18,35
stage1,breast_cancer,4,52,breast_cancer|4|52,treesat_exact,1,0,0,1,0.4879523941656714,1,0.08430000161752105,18,35
stage1,breast_cancer,4,52,breast_cancer|4|52,leaf_enum_bruteforce,1,0,0,1,0.4879523941656714,1,0.30009998590685427,18,35
stage1,breast_cancer,4,52,breast_cancer|4|52,nearest_neighbor,1,0,0,1,3.5976040711904504,30,0.018999999156221747,18,35
stage1,breast_cancer,4,52,breast_cancer|4|52,random_search,1,0,0,1,1.7728277704523714,30,0.48719998449087143,18,35
stage1,breast_cancer,4,53,breast_cancer|4|53,treesat_exact,1,0,0,1,0.6005600696037801,1,0.06600000779144466,18,35
stage1,breast_cancer,4,53,breast_cancer|4|53,leaf_enum_bruteforce,1,0,0,1,0.6005600696037801,1,0.26030000299215317,18,35
stage1,breast_cancer,4,53,breast_cancer|4|53,nearest_neighbor,1,0,0,1,3.4941737705439064,30,0.014999997802078724,18,35
stage1,breast_cancer,4,53,breast_cancer|4|53,random_search,1,0,0,1,3.7287084927457514,30,0.5024999845772982,18,35
stage1,breast_cancer,4,54,breast_cancer|4|54,treesat_exact,1,0,0,1,0.5742898676839158,4,0.06600000779144466,18,35
stage1,breast_cancer,4,54,breast_cancer|4|54,leaf_enum_bruteforce,1,0,0,1,0.5742898676839157,4,0.2620000159367919,18,35
stage1,breast_cancer,4,54,breast_cancer|4|54,nearest_neighbor,1,0,0,1,2.74805859291319,30,0.015600002370774746,18,35
stage1,breast_cancer,4,54,breast_cancer|4|54,random_search,1,0,0,1,2.071174431793074,30,0.46099998871795833,18,35
stage1,breast_cancer,4,55,breast_cancer|4|55,treesat_exact,0,1,1,1,1.1186854324999256,1,0.06730001769028604,18,35
stage1,breast_cancer,4,55,breast_cancer|4|55,leaf_enum_bruteforce,0,1,1,1,1.1186854324999256,1,0.3529000096023083,18,35
stage1,breast_cancer,4,55,breast_cancer|4|55,nearest_neighbor,0,1,1,1,6.839142504668473,30,0.02300000051036477,18,35
stage1,breast_cancer,4,55,breast_cancer|4|55,random_search,0,1,1,1,4.33149008781629,30,0.48090002383105457,18,35
stage1,breast_cancer,4,56,breast_cancer|4|56,treesat_exact,1,0,0,1,0.6357999755746377,1,0.0659999786876142,18,35
stage1,breast_cancer,4,56,breast_cancer|4|56,leaf_enum_bruteforce,1,0,0,1,0.6357999755746377,1,0.2710999979171902,18,35
stage1,breast_cancer,4,56,breast_cancer|4|56,nearest_neighbor,1,0,0,1,4.520746206770933,30,0.01659998088143766,18,35
stage1,breast_cancer,4,56,breast_cancer|4|56,random_search,1,0,0,1,2.1693632955277686,30,0.4598999803420156,18,35
stage1,breast_cancer,4,57,breast_cancer|4|57,treesat_exact,1,0,0,1,0.6525666080111878,2,0.06369999027810991,18,35
stage1,breast_cancer,4,57,breast_cancer|4|57,leaf_enum_bruteforce,1,0,0,1,0.6525666080111878,2,0.2970999921672046,18,35
stage1,breast_cancer,4,57,breast_cancer|4|57,nearest_neighbor,1,0,0,1,2.8630728237519247,30,0.016600009985268116,18,35
stage1,breast_cancer,4,57,breast_cancer|4|57,random_search,1,0,0,1,1.73638203278578,30,0.5058000097051263,18,35
stage1,breast_cancer,4,58,breast_cancer|4|58,treesat_exact,0,1,1,1,0.25999255973756813,1,0.06670001312159002,18,35
stage1,breast_cancer,4,58,breast_cancer|4|58,leaf_enum_bruteforce,0,1,1,1,0.25999255973756813,1,0.3197999903932214,18,35
stage1,breast_cancer,4,58,breast_cancer|4|58,nearest_neighbor,0,1,1,1,4.595649735810451,30,0.020799983758479357,18,35
stage1,breast_cancer,4,58,breast_cancer|4|58,random_search,0,1,1,1,0.6711436396209349,30,0.4661999992094934,18,35
stage1,breast_cancer,4,59,breast_cancer|4|59,treesat_exact,1,0,0,1,0.6180319557573987,1,0.060999998822808266,18,35
stage1,breast_cancer,4,59,breast_cancer|4|59,leaf_enum_bruteforce,1,0,0,1,0.6180319557573987,1,0.24809999740682542,18,35
stage1,breast_cancer,4,59,breast_cancer|4|59,nearest_neighbor,1,0,0,1,5.472206791360076,30,0.014299992471933365,18,35
stage1,breast_cancer,4,59,breast_cancer|4|59,random_search,1,0,0,1,2.218104875362756,30,0.45089999912306666,18,35
stage1,wine_binary,0,0,wine_binary|0|0,treesat_exact,0,1,1,1,0.800087762297435,2,0.14479999663308263,6,11
stage1,wine_binary,0,0,wine_binary|0|0,leaf_enum_bruteforce,0,1,1,1,0.800087762297435,2,0.08510000770911574,6,11
stage1,wine_binary,0,0,wine_binary|0|0,nearest_neighbor,0,1,1,1,3.4472163492739263,13,0.018799997633323073,6,11
stage1,wine_binary,0,0,wine_binary|0|0,random_search,0,1,1,1,1.9213159438248475,13,0.444200006313622,6,11
stage1,wine_binary,0,1,wine_binary|0|1,treesat_exact,0,1,1,1,0.8616983647193367,2,0.5581000004895031,6,11
stage1,wine_binary,0,1,wine_binary|0|1,leaf_enum_bruteforce,0,1,1,1,0.8616983647193367,2,0.27940000290982425,6,11
stage1,wine_binary,0,1,wine_binary|0|1,nearest_neighbor,0,1,1,1,3.240290462159762,13,0.027600006433203816,6,11
stage1,wine_binary,0,1,wine_binary|0|1,random_search,0,1,1,1,2.3189555847110044,13,0.5077000241726637,6,11
stage1,wine_binary,0,2,wine_binary|0|2,treesat_exact,0,1,1,1,1.5550021954702815,2,0.07020001066848636,6,11
stage1,wine_binary,0,2,wine_binary|0|2,leaf_enum_bruteforce,0,1,1,1,1.5550021954702815,2,0.07730000652372837,6,11
stage1,wine_binary,0,2,wine_binary|0|2,nearest_neighbor,0,1,1,1,4.599286384901289,13,0.019700004486367106,6,11
stage1,wine_binary,0,2,wine_binary|0|2,random_search,0,1,1,1,2.4428131829469524,13,0.36949999048374593,6,11
stage1,wine_binary,0,3,wine_binary|0|3,treesat_exact,1,0,0,1,1.0548508848997578,1,0.09499999578110874,6,11
stage1,wine_binary,0,3,wine_binary|0|3,leaf_enum_bruteforce,1,0,0,1,1.0548508848997578,1,0.13270002091303468,6,11
stage1,wine_binary,0,3,wine_binary|0|3,nearest_neighbor,1,0,0,1,4.367987774535248,13,0.012500007869675756,6,11
stage1,wine_binary,0,3,wine_binary|0|3,random_search,1,0,0,1,1.6222189401327907,13,0.40740001713857055,6,11
stage1,wine_binary,0,4,wine_binary|0|4,treesat_exact,1,0,0,1,0.9527685411282361,1,0.08939998224377632,6,11
stage1,wine_binary,0,4,wine_binary|0|4,leaf_enum_bruteforce,1,0,0,1,0.9527685411282361,1,0.14769998961128294,6,11
stage1,wine_binary,0,4,wine_binary|0|4,nearest_neighbor,1,0,0,1,2.727555519382369,12,0.013200013199821115,6,11
stage1,wine_binary,0,4,wine_binary|0|4,random_search,1,0,0,1,0.8618404274795579,13,0.3839000128209591,6,11
stage1,wine_binary,0,5,wine_binary|0|5,treesat_exact,1,0,0,1,0.575899428190781,1,0.09029998909682035,6,11
stage1,wine_binary,0,5,wine_binary|0|5,leaf_enum_bruteforce,1,0,0,1,0.575899428190781,1,0.1331999956164509,6,11
stage1,wine_binary,0,5,wine_binary|0|5,nearest_neighbor,1,0,0,1,3.0185195545617836,13,0.01170000177808106,6,11
stage1,wine_binary,0,5,wine_binary|0|5,random_search,1,0,0,1,0.10168478297677594,13,0.4102000093553215,6,11
stage1,wine_binary,0,6,wine_binary|0|6,treesat_exact,0,1,1,1,0.9936024801154424,1,0.06350001785904169,6,11
stage1,wine_binary,0,6,wine_binary|0|6,leaf_enum_bruteforce,0,1,1,1,0.9936024801154424,1,0.06689998554065824,6,11
stage1,wine_binary,0,6,wine_binary|0|6,nearest_neighbor,0,1,1,1,2.7224742428078237,13,0.010299991117790341,6,11
stage1,wine_binary,0,6,wine_binary|0|6,random_search,0,1,1,1,2.2426483962955333,13,0.3480000013951212,6,11
stage1,wine_binary,0,7,wine_binary|0|7,treesat_exact,0,1,1,1,0.8553457276360126,1,0.05649999366141856,6,11
stage1,wine_binary,0,7,wine_binary|0|7,leaf_enum_bruteforce,0,1,1,1,0.8553457276360126,1,0.06890000076964498,6,11
stage1,wine_binary,0,7,wine_binary|0|7,nearest_neighbor,0,1,1,1,3.9865237313078223,13,0.010199990356341004,6,11
stage1,wine_binary,0,7,wine_binary|0|7,random_search,0,1,1,1,2.588615539178749,13,0.3949000092688948,6,11
stage1,wine_binary,0,8,wine_binary|0|8,treesat_exact,1,0,0,1,0.19196742429843172,1,0.0585000088904053,6,11
stage1,wine_binary,0,8,wine_binary|0|8,leaf_enum_bruteforce,1,0,0,1,0.19196742429843172,1,0.12729997979477048,6,11
stage1,wine_binary,0,8,wine_binary|0|8,nearest_neighbor,1,0,0,1,4.097574738091875,13,0.011199997970834374,6,11
stage1,wine_binary,0,8,wine_binary|0|8,random_search,1,0,0,1,0.3590151182208558,13,0.44430000707507133,6,11
stage1,wine_binary,0,9,wine_binary|0|9,treesat_exact,0,1,1,1,0.41928797570052434,1,0.06619998021051288,6,11
stage1,wine_binary,0,9,wine_binary|0|9,leaf_enum_bruteforce,0,1,1,1,0.41928797570052434,1,0.07189999450929463,6,11
stage1,wine_binary,0,9,wine_binary|0|9,nearest_neighbor,0,1,1,1,4.23370780102088,13,0.012200005585327744,6,11
stage1,wine_binary,0,9,wine_binary|0|9,random_search,0,1,1,1,1.1712663589376706,13,0.4026000096928328,6,11
stage1,wine_binary,0,10,wine_binary|0|10,treesat_exact,0,1,1,1,1.7206658482983965,2,0.060999998822808266,6,11
stage1,wine_binary,0,10,wine_binary|0|10,leaf_enum_bruteforce,0,1,1,1,1.7206658482983965,2,0.10410000686533749,6,11
stage1,wine_binary,0,10,wine_binary|0|10,nearest_neighbor,0,1,1,1,5.002095937153576,13,0.012900010915473104,6,11
stage1,wine_binary,0,10,wine_binary|0|10,random_search,0,1,1,1,3.842043018300578,13,0.3507999936118722,6,11
stage1,wine_binary,0,11,wine_binary|0|11,treesat_exact,0,1,1,1,2.1299760794474363,1,0.06079999729990959,6,11
stage1,wine_binary,0,11,wine_binary|0|11,leaf_enum_bruteforce,0,1,1,1,2.1299760794474363,1,0.06910000229254365,6,11
stage1,wine_binary,0,11,wine_binary|0|11,nearest_neighbor,0,1,1,1,6.218858804037267,13,0.010600022505968809,6,11
stage1,wine_binary,0,11,wine_binary|0|11,random_search,0,1,-1,0,,-1,0.3330000035930425,6,11
stage1,wine_binary,0,12,wine_binary|0|12,treesat_exact,1,0,0,1,0.8745132089959405,1,0.09479999425821006,6,11
stage1,wine_binary,0,12,wine_binary|0|12,leaf_enum_bruteforce,1,0,0,1,0.8745132089959405,1,0.13589998707175255,6,11
stage1,wine_binary,0,12,wine_binary|0|12,nearest_neighbor,1,0,0,1,1.9833952007272302,12,0.01270000939257443,6,11
stage1,wine_binary,0,12,wine_binary|0|12,random_search,1,0,0,1,0.3331909415440216,13,0.4243000003043562,6,11
stage1,wine_binary,0,13,wine_binary|0|13,treesat_exact,0,1,1,1,1.2760302978833187,1,0.0701999815646559,6,11
stage1,wine_binary,0,13,wine_binary|0|13,leaf_enum_bruteforce,0,1,1,1,1.2760302978833187,1,0.08990001515485346,6,11
stage1,wine_binary,0,13,wine_binary|0|13,nearest_neighbor,0,1,1,1,3.661446788442491,13,0.01170000177808106,6,11
stage1,wine_binary,0,13,wine_binary|0|13,random_search,0,1,1,1,3.3461759256467007,13,0.41069998405873775,6,11
stage1,wine_binary,0,14,wine_binary|0|14,treesat_exact,0,1,1,1,1.5216097243073392,2,0.06719998782500625,6,11
stage1,wine_binary,0,14,wine_binary|0|14,leaf_enum_bruteforce,0,1,1,1,1.5216097243073392,2,0.0740000104997307,6,11
stage1,wine_binary,0,14,wine_binary|0|14,nearest_neighbor,0,1,1,1,3.3107634725901893,13,0.01170000177808106,6,11
stage1,wine_binary,0,14,wine_binary|0|14,random_search,0,1,1,1,2.9692607251212753,13,0.4084999964106828,6,11
stage1,wine_binary,0,15,wine_binary|0|15,treesat_exact,0,1,1,1,0.5534595916806744,1,0.06769999163225293,6,11
stage1,wine_binary,0,15,wine_binary|0|15,leaf_enum_bruteforce,0,1,1,1,0.5534595916806744,1,0.06859999848529696,6,11
stage1,wine_binary,0,15,wine_binary|0|15,nearest_neighbor,0,1,1,1,4.405750958901206,13,0.011299998732283711,6,11
stage1,wine_binary,0,15,wine_binary|0|15,random_search,0,1,1,1,2.787322466632341,13,0.35099999513477087,6,11
stage1,wine_binary,0,16,wine_binary|0|16,treesat_exact,0,1,1,1,1.6631197927593884,2,0.0557999883312732,6,11
stage1,wine_binary,0,16,wine_binary|0|16,leaf_enum_bruteforce,0,1,1,1,1.6631197927593884,2,0.06920000305399299,6,11
stage1,wine_binary,0,16,wine_binary|0|16,nearest_neighbor,0,1,1,1,3.423605610695547,13,0.010299991117790341,6,11
stage1,wine_binary,0,16,wine_binary|0|16,random_search,0,1,1,1,3.901888028422968,13,0.3403000009711832,6,11
stage1,wine_binary,0,17,wine_binary|0|17,treesat_exact,0,1,1,1,1.6915252533079683,2,0.054899981478229165,6,11
stage1,wine_binary,0,17,wine_binary|0|17,leaf_enum_bruteforce,0,1,1,1,1.6915252533079683,2,0.06820002454333007,6,11
stage1,wine_binary,0,17,wine_binary|0|17,nearest_neighbor,0,1,1,1,4.953050458386058,13,0.010099989594891667,6,11
stage1,wine_binary,0,17,wine_binary|0|17,random_search,0,1,1,1,3.864730008175476,13,0.32969997846521437,6,11
stage1,wine_binary,0,18,wine_binary|0|18,treesat_exact,0,1,1,1,1.2914034795714993,1,0.587500020628795,6,11
stage1,wine_binary,0,18,wine_binary|0|18,leaf_enum_bruteforce,0,1,1,1,1.2914034795714993,1,0.11249998351559043,6,11
stage1,wine_binary,0,18,wine_binary|0|18,nearest_neighbor,0,1,1,1,5.19139955863875,13,0.0425000034738332,6,11
stage1,wine_binary,0,18,wine_binary|0|18,random_search,0,1,1,1,1.829372824548813,13,0.6940000166650862,6,11
stage1,wine_binary,0,19,wine_binary|0|19,treesat_exact,1,0,0,1,0.40526298201640354,1,0.11870000162161887,6,11
stage1,wine_binary,0,19,wine_binary|0|19,leaf_enum_bruteforce,1,0,0,1,0.40526298201640354,1,0.1393999846186489,6,11
stage1,wine_binary,0,19,wine_binary|0|19,nearest_neighbor,1,0,0,1,5.231533307213033,13,0.01580000389367342,6,11
stage1,wine_binary,0,19,wine_binary|0|19,random_search,1,0,0,1,0.7607180046619024,13,0.4462999932002276,6,11
stage1,wine_binary,0,20,wine_binary|0|20,treesat_exact,1,0,0,1,0.7038767628215641,1,0.06049999501556158,6,11
stage1,wine_binary,0,20,wine_binary|0|20,leaf_enum_bruteforce,1,0,0,1,0.7038767628215641,1,0.13420000323094428,6,11
stage1,wine_binary,0,20,wine_binary|0|20,nearest_neighbor,1,0,0,1,3.209818627794946,13,0.011399999493733048,6,11
stage1,wine_binary,0,20,wine_binary|0|20,random_search,1,0,0,1,1.7263057697171127,13,0.3668999997898936,6,11
stage1,wine_binary,0,21,wine_binary|0|21,treesat_exact,0,1,1,1,2.029347367462324,1,0.05599998985417187,6,11
stage1,wine_binary,0,21,wine_binary|0|21,leaf_enum_bruteforce,0,1,1,1,2.029347367462324,1,0.0667999847792089,6,11
stage1,wine_binary,0,21,wine_binary|0|21,nearest_neighbor,0,1,1,1,5.37074024272671,13,0.010499992640689015,6,11
stage1,wine_binary,0,21,wine_binary|0|21,random_search,0,1,1,1,3.686397515797236,13,0.3431999939493835,6,11
stage1,wine_binary,0,22,wine_binary|0|22,treesat_exact,0,1,1,1,0.7877418426061507,2,0.05490001058205962,6,11
stage1,wine_binary,0,22,wine_binary|0|22,leaf_enum_bruteforce,0,1,1,1,0.7877418426061507,2,0.0675999908708036,6,11
stage1,wine_binary,0,22,wine_binary|0|22,nearest_neighbor,0,1,1,1,3.691161072934763,13,0.010100018698722124,6,11
stage1,wine_binary,0,22,wine_binary|0|22,random_search,0,1,1,1,2.5638500525546175,13,0.34329999471083283,6,11
stage1,wine_binary,0,23,wine_binary|0|23,treesat_exact,1,0,0,1,1.0548508848997578,1,0.08570001227781177,6,11
stage1,wine_binary,0,23,wine_binary|0|23,leaf_enum_bruteforce,1,0,0,1,1.0548508848997578,1,0.13210001634433866,6,11
stage1,wine_binary,0,23,wine_binary|0|23,nearest_neighbor,1,0,0,1,3.87991030731317,13,0.0109999964479357,6,11
stage1,wine_binary,0,23,wine_binary|0|23,random_search,1,0,0,1,1.6212675480718828,13,0.3711999743245542,6,11
stage1,wine_binary,0,24,wine_binary|0|24,treesat_exact,0,1,1,1,1.403619643307904,2,0.05989999044686556,6,11
stage1,wine_binary,0,24,wine_binary|0|24,leaf_enum_bruteforce,0,1,1,1,1.403619643307904,2,0.07360000745393336,6,11
stage1,wine_binary,0,24,wine_binary|0|24,nearest_neighbor,0,1,1,1,3.326219030322911,13,0.011600001016631722,6,11
stage1,wine_binary,0,24,wine_binary|0|24,random_search,0,1,1,1,2.78023897910169,13,0.41730000521056354,6,11
stage1,wine_binary,0,25,wine_binary|0|25,treesat_exact,1,0,0,1,0.27728564738562045,1,0.05910001345910132,6,11
stage1,wine_binary,0,25,wine_binary|0|25,leaf_enum_bruteforce,1,0,0,1,0.27728564738562045,1,0.132500019390136,6,11
stage1,wine_binary,0,25,wine_binary|0|25,nearest_neighbor,1,0,0,1,5.028455801717272,13,0.011199997970834374,6,11
stage1,wine_binary,0,25,wine_binary|0|25,random_search,1,0,0,1,0.6495627412742665,13,0.367300002835691,6,11
stage1,wine_binary,0,26,wine_binary|0|26,treesat_exact,1,0,0,1,0.56145289000407,1,0.05669999518431723,6,11
stage1,wine_binary,0,26,wine_binary|0|26,leaf_enum_bruteforce,1,0,0,1,0.56145289000407,1,0.12909999350085855,6,11
stage1,wine_binary,0,26,wine_binary|0|26,nearest_neighbor,1,0,0,1,2.184003378117228,11,0.01090002479031682,6,11
stage1,wine_binary,0,26,wine_binary|0|26,random_search,1,0,0,1,1.2681673966682396,13,0.4005000228062272,6,11
stage1,wine_binary,0,27,wine_binary|0|27,treesat_exact,0,1,1,1,1.7295545600848103,2,0.055500015150755644,6,11
stage1,wine_binary,0,27,wine_binary|0|27,leaf_enum_bruteforce,0,1,1,1,1.7295545600848103,2,0.06849999772384763,6,11
stage1,wine_binary,0,27,wine_binary|0|27,nearest_neighbor,0,1,1,1,4.1083458874630985,13,0.01069999416358769,6,11
stage1,wine_binary,0,27,wine_binary|0|27,random_search,0,1,1,1,4.056843407977739,13,0.3361999988555908,6,11
stage1,wine_binary,0,28,wine_binary|0|28,treesat_exact,1,0,0,1,0.08506861907030253,1,0.0577000027988106,6,11
stage1,wine_binary,0,28,wine_binary|0|28,leaf_enum_bruteforce,1,0,0,1,0.08506861907030253,1,0.13040000339969993,6,11
stage1,wine_binary,0,28,wine_binary|0|28,nearest_neighbor,1,0,0,1,3.9719770368656278,13,0.010799994925037026,6,11
stage1,wine_binary,0,28,wine_binary|0|28,random_search,1,0,0,1,0.16941001991975363,13,0.3853000234812498,6,11
stage1,wine_binary,0,29,wine_binary|0|29,treesat_exact,0,1,1,1,1.9622615594722492,1,0.054500007536262274,6,11
stage1,wine_binary,0,29,wine_binary|0|29,leaf_enum_bruteforce,0,1,1,1,1.9622615594722492,1,0.07010000990703702,6,11
stage1,wine_binary,0,29,wine_binary|0|29,nearest_neighbor,0,1,1,1,5.6410917357095345,13,0.010299991117790341,6,11
stage1,wine_binary,0,29,wine_binary|0|29,random_search,0,1,-1,0,,-1,0.3525000065565109,6,11
stage1,wine_binary,0,30,wine_binary|0|30,treesat_exact,0,1,1,1,1.9587708731115216,2,0.05979998968541622,6,11
stage1,wine_binary,0,30,wine_binary|0|30,leaf_enum_bruteforce,0,1,1,1,1.9587708731115216,2,0.06799999391660094,6,11
stage1,wine_binary,0,30,wine_binary|0|30,nearest_neighbor,0,1,1,1,4.976497347789114,13,0.010299991117790341,6,11
stage1,wine_binary,0,30,wine_binary|0|30,random_search,0,1,1,1,3.1776399587945674,13,0.36700000055134296,6,11
stage1,wine_binary,0,31,wine_binary|0|31,treesat_exact,0,1,1,1,1.2760302978833187,1,0.053800002206116915,6,11
stage1,wine_binary,0,31,wine_binary|0|31,leaf_enum_bruteforce,0,1,1,1,1.2760302978833187,1,0.06479999865405262,6,11
stage1,wine_binary,0,31,wine_binary|0|31,nearest_neighbor,0,1,1,1,3.6418356598580672,13,0.009599985787644982,6,11
stage1,wine_binary,0,31,wine_binary|0|31,random_search,0,1,1,1,3.1408131840277163,13,0.34619998768903315,6,11
stage1,wine_binary,0,32,wine_binary|0|32,treesat_exact,1,0,0,1,1.8556727744986103,1,0.0850000069476664,6,11
stage1,wine_binary,0,32,wine_binary|0|32,leaf_enum_bruteforce,1,0,0,1,1.8556727744986103,1,0.1314000110141933,6,11
stage1,wine_binary,0,32,wine_binary|0|32,nearest_neighbor,1,0,0,1,4.957570454129628,13,0.011600001016631722,6,11
stage1,wine_binary,0,32,wine_binary|0|32,random_search,1,0,0,1,2.956209638902049,13,0.36780000664293766,6,11
stage1,wine_binary,0,33,wine_binary|0|33,treesat_exact,0,1,1,1,1.6534049819791337,1,0.053800002206116915,6,11
stage1,wine_binary,0,33,wine_binary|0|33,leaf_enum_bruteforce,0,1,1,1,1.6534049819791337,1,0.06719998782500625,6,11
stage1,wine_binary,0,33,wine_binary|0|33,nearest_neighbor,0,1,1,1,4.936946561125174,12,0.009599985787644982,6,11
stage1,wine_binary,0,33,wine_binary|0|33,random_search,0,1,1,1,3.2819651583221314,13,0.33799998345784843,6,11
stage1,wine_binary,0,34,wine_binary|0|34,treesat_exact,1,0,0,1,0.7465358743651574,1,0.054100004490464926,6,11
stage1,wine_binary,0,34,wine_binary|0|34,leaf_enum_bruteforce,1,0,0,1,0.7465358743651574,1,0.12760001118294895,6,11
stage1,wine_binary,0,34,wine_binary|0|34,nearest_neighbor,1,0,0,1,3.3464408341377627,12,0.010499992640689015,6,11
stage1,wine_binary,0,34,wine_binary|0|34,random_search,1,0,0,1,1.4882849815848394,13,0.34759999834932387,6,11
stage1,wine_binary,0,35,wine_binary|0|35,treesat_exact,0,1,1,1,1.318615887804714,2,0.05240002064965665,6,11
stage1,wine_binary,0,35,wine_binary|0|35,leaf_enum_bruteforce,0,1,1,1,1.318615887804714,2,0.06560000474564731,6,11
stage1,wine_binary,0,35,wine_binary|0|35,nearest_neighbor,0,1,1,1,3.5278241644629507,13,0.009499985026195645,6,11
stage1,wine_binary,0,35,wine_binary|0|35,random_search,0,1,1,1,2.6985119357420233,13,0.34279999090358615,6,11
stage1,wine_binary,0,36,wine_binary|0|36,treesat_exact,0,1,1,1,1.32322132689601,2,0.05199998850002885,6,11
stage1,wine_binary,0,36,wine_binary|0|36,leaf_enum_bruteforce,0,1,1,1,1.32322132689601,2,0.06880000000819564,6,11
stage1,wine_binary,0,36,wine_binary|0|36,nearest_neighbor,0,1,1,1,4.271982612224643,13,0.010299991117790341,6,11
stage1,wine_binary,0,36,wine_binary|0|36,random_search,0,1,1,1,2.207630755100004,13,0.37609998253174126,6,11
stage1,wine_binary,0,37,wine_binary|0|37,treesat_exact,0,1,1,1,0.48637378369059947,1,0.05460000829771161,6,11
stage1,wine_binary,0,37,wine_binary|0|37,leaf_enum_bruteforce,0,1,1,1,0.48637378369059947,1,0.0675999908708036,6,11
stage1,wine_binary,0,37,wine_binary|0|37,nearest_neighbor,0,1,1,1,4.7255707932490125,13,0.00990001717582345,6,11
stage1,wine_binary,0,37,wine_binary|0|37,random_search,0,1,1,1,0.9361618174645687,13,1.0106000117957592,6,11
stage1,wine_binary,0,38,wine_binary|0|38,treesat_exact,0,1,1,1,1.642772158945273,1,0.06880000000819564,6,11
stage1,wine_binary,0,38,wine_binary|0|38,leaf_enum_bruteforce,0,1,1,1,1.642772158945273,1,0.07530002039857209,6,11
stage1,wine_binary,0,38,wine_binary|0|38,nearest_neighbor,0,1,1,1,4.974747611659164,13,0.01270000939257443,6,11
stage1,wine_binary,0,38,wine_binary|0|38,random_search,0,1,1,1,3.5181744233263745,13,0.36440000985749066,6,11
stage1,wine_binary,0,39,wine_binary|0|39,treesat_exact,1,0,0,1,0.8318540974523462,1,0.08570001227781177,6,11
stage1,wine_binary,0,39,wine_binary|0|39,leaf_enum_bruteforce,1,0,0,1,0.8318540974523462,1,0.1314000110141933,6,11
stage1,wine_binary,0,39,wine_binary|0|39,nearest_neighbor,1,0,0,1,2.730773130756147,13,0.011600001016631722,6,11
stage1,wine_binary,0,39,wine_binary|0|39,random_search,1,0,0,1,0.6149688416669584,13,0.5757999897468835,6,11
stage1,wine_binary,0,40,wine_binary|0|40,treesat_exact,0,1,1,1,1.2914034795714993,1,0.07309997454285622,6,11
stage1,wine_binary,0,40,wine_binary|0|40,leaf_enum_bruteforce,0,1,1,1,1.2914034795714993,1,0.07899999036453664,6,11
stage1,wine_binary,0,40,wine_binary|0|40,nearest_neighbor,0,1,1,1,4.435110710681507,13,0.013100012438371778,6,11
stage1,wine_binary,0,40,wine_binary|0|40,random_search,0,1,1,1,3.589773725689805,13,0.38129999302327633,6,11
stage1,wine_binary,0,41,wine_binary|0|41,treesat_exact,1,0,0,1,0.4479220935599979,1,0.06120000034570694,6,11
stage1,wine_binary,0,41,wine_binary|0|41,leaf_enum_bruteforce,1,0,0,1,0.4479220935599979,1,0.13329999637790024,6,11
stage1,wine_binary,0,41,wine_binary|0|41,nearest_neighbor,1,0,0,1,3.379599962350081,12,0.012100004823878407,6,11
stage1,wine_binary,0,41,wine_binary|0|41,random_search,1,0,0,1,1.2250628725205186,13,0.3806999884545803,6,11
stage1,wine_binary,0,42,wine_binary|0|42,treesat_exact,0,1,1,1,0.6331974685458468,2,0.0577000027988106,6,11
stage1,wine_binary,0,42,wine_binary|0|42,leaf_enum_bruteforce,0,1,1,1,0.6331974685458468,2,0.06849999772384763,6,11
stage1,wine_binary,0,42,wine_binary|0|42,nearest_neighbor,0,1,1,1,3.4128333024881643,13,0.010399991879239678,6,11
stage1,wine_binary,0,42,wine_binary|0|42,random_search,0,1,1,1,1.6134254874199312,13,0.35069999285042286,6,11
stage1,wine_binary,0,43,wine_binary|0|43,treesat_exact,0,1,1,1,1.0901460556012743,1,0.055199983762577176,6,11
stage1,wine_binary,0,43,wine_binary|0|43,leaf_enum_bruteforce,0,1,1,1,1.0901460556012743,1,0.07770000956952572,6,11
stage1,wine_binary,0,43,wine_binary|0|43,nearest_neighbor,0,1,1,1,5.512808304731469,13,0.010400020983070135,6,11
stage1,wine_binary,0,43,wine_binary|0|43,random_search,0,1,1,1,1.7925407700835947,13,0.3541999903973192,6,11
stage1,wine_binary,0,44,wine_binary|0|44,treesat_exact,0,1,1,1,0.6540883036657876,1,0.056899996707215905,6,11
stage1,wine_binary,0,44,wine_binary|0|44,leaf_enum_bruteforce,0,1,1,1,0.6540883036657876,1,0.07010000990703702,6,11
stage1,wine_binary,0,44,wine_binary|0|44,nearest_neighbor,0,1,1,1,2.8148424882050262,13,0.010299991117790341,6,11
stage1,wine_binary,0,44,wine_binary|0|44,random_search,0,1,1,1,0.8266161124346811,13,0.43130002450197935,6,11
stage1,wine_binary,0,45,wine_binary|0|45,treesat_exact,1,0,0,1,0.23462653584202608,1,0.06609997944906354,6,11
stage1,wine_binary,0,45,wine_binary|0|45,leaf_enum_bruteforce,1,0,0,1,0.23462653584202608,1,0.14910000027157366,6,11
stage1,wine_binary,0,45,wine_binary|0|45,nearest_neighbor,1,0,0,1,3.1512660122861345,13,0.014999997802078724,6,11
stage1,wine_binary,0,45,wine_binary|0|45,random_search,1,0,0,1,0.4037857307811171,13,0.45319998753257096,6,11
stage1,wine_binary,0,46,wine_binary|0|46,treesat_exact,0,1,1,1,0.2552068601681028,1,0.07829998503439128,6,11
stage1,wine_binary,0,46,wine_binary|0|46,leaf_enum_bruteforce,0,1,1,1,0.2552068601681028,1,0.14899999951012433,6,11
stage1,wine_binary,0,46,wine_binary|0|46,nearest_neighbor,0,1,1,1,2.0118284380629214,13,0.02449998282827437,6,11
stage1,wine_binary,0,46,wine_binary|0|46,random_search,0,1,1,1,0.3729077883148885,13,0.4938000056426972,6,11
stage1,wine_binary,0,47,wine_binary|0|47,treesat_exact,1,0,0,1,1.1304678782575066,1,0.10320000001229346,6,11
stage1,wine_binary,0,47,wine_binary|0|47,leaf_enum_bruteforce,1,0,0,1,1.1304678782575066,1,0.13970001600682735,6,11
stage1,wine_binary,0,47,wine_binary|0|47,nearest_neighbor,1,0,0,1,3.1711854565366595,13,0.013100012438371778,6,11
stage1,wine_binary,0,47,wine_binary|0|47,random_search,1,0,0,1,1.4123009571897205,13,0.3763999848160893,6,11
stage1,wine_binary,0,48,wine_binary|0|48,treesat_exact,0,1,1,1,0.9943155424984279,2,0.062000006437301636,6,11
stage1,wine_binary,0,48,wine_binary|0|48,leaf_enum_bruteforce,0,1,1,1,0.9943155424984279,2,0.07159999222494662,6,11
stage1,wine_binary,0,48,wine_binary|0|48,nearest_neighbor,0,1,1,1,3.6818332671158998,12,0.011099997209385037,6,11
stage1,wine_binary,0,48,wine_binary|0|48,random_search,0,1,1,1,1.5783565046433867,13,0.3687999851536006,6,11
stage1,wine_binary,0,49,wine_binary|0|49,treesat_exact,0,1,1,1,0.9559744396211244,1,0.07000000914558768,6,11
stage1,wine_binary,0,49,wine_binary|0|49,leaf_enum_bruteforce,0,1,1,1,0.9559744396211244,1,0.07249999907799065,6,11
stage1,wine_binary,0,49,wine_binary|0|49,nearest_neighbor,0,1,1,1,4.358682505978163,13,0.010700023267418146,6,11
stage1,wine_binary,0,49,wine_binary|0|49,random_search,0,1,1,1,3.6417072308650584,13,0.3732999903149903,6,11
stage1,wine_binary,0,50,wine_binary|0|50,treesat_exact,0,1,1,1,0.04784870386614348,1,0.061400001868605614,6,11
stage1,wine_binary,0,50,wine_binary|0|50,leaf_enum_bruteforce,0,1,1,1,0.04784870386614348,1,0.07619999814778566,6,11
stage1,wine_binary,0,50,wine_binary|0|50,nearest_neighbor,0,1,1,1,1.3924070465751848,12,0.011199997970834374,6,11
stage1,wine_binary,0,50,wine_binary|0|50,random_search,0,1,1,1,0.12741242277247336,13,0.585400004638359,6,11
stage1,wine_binary,0,51,wine_binary|0|51,treesat_exact,0,1,1,1,0.3232617560157839,1,0.07750000804662704,6,11
stage1,wine_binary,0,51,wine_binary|0|51,leaf_enum_bruteforce,0,1,1,1,0.3232617560157839,1,0.07890001870691776,6,11
stage1,wine_binary,0,51,wine_binary|0|51,nearest_neighbor,0,1,1,1,2.5416504621745726,12,0.01729998621158302,6,11
stage1,wine_binary,0,51,wine_binary|0|51,random_search,0,1,1,1,0.6640383551151166,13,0.42219998431392014,6,11
stage1,wine_binary,0,52,wine_binary|0|52,treesat_exact,0,1,1,1,1.3713071520700721,1,0.06329998723231256,6,11
stage1,wine_binary,0,52,wine_binary|0|52,leaf_enum_bruteforce,0,1,1,1,1.3713071520700721,1,0.07119998917914927,6,11
stage1,wine_binary,0,52,wine_binary|0|52,nearest_neighbor,0,1,1,1,3.2936478087944687,13,0.011099997209385037,6,11
stage1,wine_binary,0,52,wine_binary|0|52,random_search,0,1,1,1,2.8360738013974442,13,0.3664999967440963,6,11
stage1,wine_binary,0,53,wine_binary|0|53,treesat_exact,0,1,1,1,1.4053345999939126,1,0.0701999815646559,6,11
stage1,wine_binary,0,53,wine_binary|0|53,leaf_enum_bruteforce,0,1,1,1,1.4053345999939126,1,0.07139999070204794,6,11
stage1,wine_binary,0,53,wine_binary|0|53,nearest_neighbor,0,1,1,1,3.5586786039879437,13,0.011199997970834374,6,11
stage1,wine_binary,0,53,wine_binary|0|53,random_search,0,1,1,1,2.725063909532967,13,0.35039999056607485,6,11
stage1,wine_binary,1,0,wine_binary|1|0,treesat_exact,0,1,1,1,2.1201936452940626,2,0.08599998545832932,6,11
stage1,wine_binary,1,0,wine_binary|1|0,leaf_enum_bruteforce,0,1,1,1,2.1201936452940626,2,0.0769999751355499,6,11
stage1,wine_binary,1,0,wine_binary|1|0,nearest_neighbor,0,1,1,1,5.2547796551429755,13,0.026599998818710446,6,11
stage1,wine_binary,1,0,wine_binary|1|0,random_search,0,1,1,1,3.563496679700996,13,0.9079999872483313,6,11
stage1,wine_binary,1,1,wine_binary|1|1,treesat_exact,0,1,1,1,1.4514498878222386,2,0.09419998968951404,6,11
stage1,wine_binary,1,1,wine_binary|1|1,leaf_enum_bruteforce,0,1,1,1,1.4514498878222386,2,0.086499989265576,6,11
stage1,wine_binary,1,1,wine_binary|1|1,nearest_neighbor,0,1,1,1,4.1829149269301915,13,0.014299992471933365,6,11
stage1,wine_binary,1,1,wine_binary|1|1,random_search,0,1,1,1,5.323472223679241,13,0.3679999790620059,6,11
stage1,wine_binary,1,2,wine_binary|1|2,treesat_exact,1,0,0,1,0.8217415467663586,1,0.06320001557469368,6,11
stage1,wine_binary,1,2,wine_binary|1|2,leaf_enum_bruteforce,1,0,0,1,0.8217415467663586,1,0.13490000856108963,6,11
stage1,wine_binary,1,2,wine_binary|1|2,nearest_neighbor,1,0,0,1,4.038832844054868,13,0.013199984095990658,6,11
stage1,wine_binary,1,2,wine_binary|1|2,random_search,1,0,0,1,1.2636116158247641,13,0.3803000145126134,6,11
stage1,wine_binary,1,3,wine_binary|1|3,treesat_exact,0,1,1,1,1.769838385347869,2,0.058900011936202645,6,11
stage1,wine_binary,1,3,wine_binary|1|3,leaf_enum_bruteforce,0,1,1,1,1.769838385347869,2,0.08319999324157834,6,11
stage1,wine_binary,1,3,wine_binary|1|3,nearest_neighbor,0,1,1,1,4.290147593012509,13,0.010799994925037026,6,11
stage1,wine_binary,1,3,wine_binary|1|3,random_search,0,1,1,1,4.749554055868621,13,0.3423999878577888,6,11
stage1,wine_binary,1,4,wine_binary|1|4,treesat_exact,0,1,1,1,1.2549474865566994,2,0.05539998528547585,6,11
stage1,wine_binary,1,4,wine_binary|1|4,leaf_enum_bruteforce,0,1,1,1,1.2549474865566994,2,0.06839999696239829,6,11
stage1,wine_binary,1,4,wine_binary|1|4,nearest_neighbor,0,1,1,1,4.631932595096377,13,0.00990001717582345,6,11
stage1,wine_binary,1,4,wine_binary|1|4,random_search,0,1,1,1,2.254207600354768,13,0.34320002305321395,6,11
stage1,wine_binary,1,5,wine_binary|1|5,treesat_exact,0,1,1,1,0.14443243689773946,1,0.05439997767098248,6,11
stage1,wine_binary,1,5,wine_binary|1|5,leaf_enum_bruteforce,0,1,1,1,0.14443243689773946,1,0.0667999847792089,6,11
stage1,wine_binary,1,5,wine_binary|1|5,nearest_neighbor,0,1,1,1,2.9530008359605637,13,0.00990001717582345,6,11
stage1,wine_binary,1,5,wine_binary|1|5,random_search,0,1,1,1,0.251165098800466,13,0.43689997983165085,6,11
stage1,wine_binary,1,6,wine_binary|1|6,treesat_exact,1,0,0,1,0.025676701553964537,1,0.08360002539120615,6,11
stage1,wine_binary,1,6,wine_binary|1|6,leaf_enum_bruteforce,1,0,0,1,0.025676701553964537,1,0.1540999801363796,6,11
stage1,wine_binary,1,6,wine_binary|1|6,nearest_neighbor,1,0,0,1,2.4292348264267627,13,0.015400000847876072,6,11
stage1,wine_binary,1,6,wine_binary|1|6,random_search,1,0,0,1,0.1337653298233341,13,0.44230002094991505,6,11
stage1,wine_binary,1,7,wine_binary|1|7,treesat_exact,0,1,1,1,0.5308421047467186,2,0.060999998822808266,6,11
stage1,wine_binary,1,7,wine_binary|1|7,leaf_enum_bruteforce,0,1,1,1,0.5308421047467186,2,0.07080001523718238,6,11
stage1,wine_binary,1,7,wine_binary|1|7,nearest_neighbor,0,1,1,1,3.420764449221952,13,0.010500021744519472,6,11
stage1,wine_binary,1,7,wine_binary|1|7,random_search,0,1,1,1,1.6385019443543996,13,0.36330000148154795,6,11
stage1,wine_binary,1,8,wine_binary|1|8,treesat_exact,0,1,1,1,1.2425129015002003,2,0.06689998554065824,6,11
stage1,wine_binary,1,8,wine_binary|1|8,leaf_enum_bruteforce,0,1,1,1,1.2425129015002003,2,0.0686999992467463,6,11
stage1,wine_binary,1,8,wine_binary|1|8,nearest_neighbor,0,1,1,1,4.151305037603631,13,0.00999998883344233,6,11
stage1,wine_binary,1,8,wine_binary|1|8,random_search,0,1,1,1,2.328438238630037,13,0.34759999834932387,6,11
stage1,wine_binary,1,9,wine_binary|1|9,treesat_exact,1,0,0,1,0.20419032319850838,1,0.05750000127591193,6,11
stage1,wine_binary,1,9,wine_binary|1|9,leaf_enum_bruteforce,1,0,0,1,0.20419032319850838,1,0.12879999121651053,6,11
stage1,wine_binary,1,9,wine_binary|1|9,nearest_neighbor,1,0,0,1,2.51036328826331,12,0.010799994925037026,6,11
stage1,wine_binary,1,9,wine_binary|1|9,random_search,1,0,0,1,0.307968383191892,13,0.3687999851536006,6,11
stage1,wine_binary,1,10,wine_binary|1|10,treesat_exact,1,0,0,1,0.343637373681571,1,0.05639999289996922,6,11
stage1,wine_binary,1,10,wine_binary|1|10,leaf_enum_bruteforce,1,0,0,1,0.343637373681571,1,0.12630000128410757,6,11
stage1,wine_binary,1,10,wine_binary|1|10,nearest_neighbor,1,0,0,1,4.278241420782117,13,0.010199990356341004,6,11
stage1,wine_binary,1,10,wine_binary|1|10,random_search,1,0,0,1,0.6553086373793611,13,0.3657999914139509,6,11
stage1,wine_binary,1,11,wine_binary|1|11,treesat_exact,1,0,0,1,0.7221365107070278,1,0.056599994422867894,6,11
stage1,wine_binary,1,11,wine_binary|1|11,leaf_enum_bruteforce,1,0,0,1,0.7221365107070278,1,0.12919999426230788,6,11
stage1,wine_binary,1,11,wine_binary|1|11,nearest_neighbor,1,0,0,1,4.589424384571702,13,0.010299991117790341,6,11
stage1,wine_binary,1,11,wine_binary|1|11,random_search,1,0,0,1,1.3908669002082967,13,0.37200000951997936,6,11
stage1,wine_binary,1,12,wine_binary|1|12,treesat_exact,1,0,0,1,1.7580288857240667,1,0.05749997217208147,6,11
stage1,wine_binary,1,12,wine_binary|1|12,leaf_enum_bruteforce,1,0,0,1,1.7580288857240667,1,0.1328999933321029,6,11
stage1,wine_binary,1,12,wine_binary|1|12,nearest_neighbor,1,0,0,1,4.9472045875241415,13,0.011099997209385037,6,11
stage1,wine_binary,1,12,wine_binary|1|12,random_search,1,0,0,1,3.138909508047304,13,0.35099999513477087,6,11
stage1,wine_binary,1,13,wine_binary|1|13,treesat_exact,0,1,1,1,1.1739893923466351,2,0.0543000060133636,6,11
stage1,wine_binary,1,13,wine_binary|1|13,leaf_enum_bruteforce,0,1,1,1,1.1739893923466351,2,0.06760001997463405,6,11
stage1,wine_binary,1,13,wine_binary|1|13,nearest_neighbor,0,1,1,1,3.5149541320867046,13,0.010199990356341004,6,11
stage1,wine_binary,1,13,wine_binary|1|13,random_search,0,1,1,1,2.788302984074587,13,0.3530999820213765,6,11
stage1,wine_binary,1,14,wine_binary|1|14,treesat_exact,1,0,0,1,0.5229264385883663,1,0.056599994422867894,6,11
stage1,wine_binary,1,14,wine_binary|1|14,leaf_enum_bruteforce,1,0,0,1,0.5229264385883663,1,0.13520001084543765,6,11
stage1,wine_binary,1,14,wine_binary|1|14,nearest_neighbor,1,0,0,1,2.8997870682156224,12,0.010700023267418146,6,11
stage1,wine_binary,1,14,wine_binary|1|14,random_search,1,0,0,1,0.9951711505470494,13,0.39400000241585076,6,11
stage1,wine_binary,1,15,wine_binary|1|15,treesat_exact,0,1,1,1,0.7489205291316655,2,0.058900011936202645,6,11
stage1,wine_binary,1,15,wine_binary|1|15,leaf_enum_bruteforce,0,1,1,1,0.7489205291316655,2,0.07130001904442906,6,11
stage1,wine_binary,1,15,wine_binary|1|15,nearest_neighbor,0,1,1,1,3.943814672198964,13,0.010100018698722124,6,11
stage1,wine_binary,1,15,wine_binary|1|15,random_search,0,1,1,1,1.5189452203659344,13,0.3566000086721033,6,11
stage1,wine_binary,1,16,wine_binary|1|16,treesat_exact,1,0,0,1,0.3530546283855458,1,0.057199998991563916,6,11
stage1,wine_binary,1,16,wine_binary|1|16,leaf_enum_bruteforce,1,0,0,1,0.3530546283855458,1,0.13210001634433866,6,11
stage1,wine_binary,1,16,wine_binary|1|16,nearest_neighbor,1,0,0,1,3.9272114231353137,13,0.011000025551766157,6,11
stage1,wine_binary,1,16,wine_binary|1|16,random_search,1,0,0,1,0.7544065309116519,13,0.3972999984398484,6,11
stage1,wine_binary,1,17,wine_binary|1|17,treesat_exact,0,1,1,1,0.6217550703691007,2,0.05500001134350896,6,11
stage1,wine_binary,1,17,wine_binary|1|17,leaf_enum_bruteforce,0,1,1,1,0.6217550703691007,2,0.17529999604448676,6,11
stage1,wine_binary,1,17,wine_binary|1|17,nearest_neighbor,0,1,1,1,3.4294305931006526,13,0.012299977242946625,6,11
stage1,wine_binary,1,17,wine_binary|1|17,random_search,0,1,1,1,1.4156946368100587,13,0.36279999767430127,6,11
stage1,wine_binary,1,18,wine_binary|1|18,treesat_exact,1,0,0,1,0.5926499638298977,1,0.05709999823011458,6,11
stage1,wine_binary,1,18,wine_binary|1|18,leaf_enum_bruteforce,1,0,0,1,0.5926499638298977,1,0.13000000035390258,6,11
stage1,wine_binary,1,18,wine_binary|1|18,nearest_neighbor,1,0,0,1,3.6649120783168656,13,0.011299998732283711,6,11
stage1,wine_binary,1,18,wine_binary|1|18,random_search,1,0,0,1,1.2542792685218642,13,0.34929998219013214,6,11
stage1,wine_binary,1,19,wine_binary|1|19,treesat_exact,0,1,1,1,1.1404786636024555,1,0.05800000508315861,6,11
stage1,wine_binary,1,19,wine_binary|1|19,leaf_enum_bruteforce,0,1,1,1,1.1404786636024555,1,0.07850001566112041,6,11
stage1,wine_binary,1,19,wine_binary|1|19,nearest_neighbor,0,1,1,1,3.5485585534663824,13,0.011399999493733048,6,11
stage1,wine_binary,1,19,wine_binary|1|19,random_search,0,1,1,1,3.4234029455899253,13,0.3544999926816672,6,11
stage1,wine_binary,1,20,wine_binary|1|20,treesat_exact,1,0,0,1,0.7520180215248268,1,0.05639999289996922,6,11
stage1,wine_binary,1,20,wine_binary|1|20,leaf_enum_bruteforce,1,0,0,1,0.7520180215248268,1,0.3431999939493835,6,11
stage1,wine_binary,1,20,wine_binary|1|20,nearest_neighbor,1,0,0,1,3.6002803725315453,13,0.024900014977902174,6,11
stage1,wine_binary,1,20,wine_binary|1|20,random_search,1,0,0,1,2.1568620342623954,13,0.5973000079393387,6,11
stage1,wine_binary,1,21,wine_binary|1|21,treesat_exact,1,0,0,1,0.5311293355803048,1,0.07379997987300158,6,11
stage1,wine_binary,1,21,wine_binary|1|21,leaf_enum_bruteforce,1,0,0,1,0.5311293355803048,1,0.13990001752972603,6,11
stage1,wine_binary,1,21,wine_binary|1|21,nearest_neighbor,1,0,0,1,4.863441354475577,13,0.013200013199821115,6,11
stage1,wine_binary,1,21,wine_binary|1|21,random_search,1,0,0,1,1.4689301060343725,13,0.37059999885968864,6,11
stage1,wine_binary,1,22,wine_binary|1|22,treesat_exact,0,1,1,1,1.614309996711317,2,0.05800000508315861,6,11
stage1,wine_binary,1,22,wine_binary|1|22,leaf_enum_bruteforce,0,1,1,1,1.614309996711317,2,0.1168999879155308,6,11
stage1,wine_binary,1,22,wine_binary|1|22,nearest_neighbor,0,1,1,1,4.456229406933605,13,0.0185999961104244,6,11
stage1,wine_binary,1,22,wine_binary|1|22,random_search,0,1,1,1,2.525647722287573,13,0.3935999993700534,6,11
stage1,wine_binary,1,23,wine_binary|1|23,treesat_exact,0,1,1,1,0.9642757593174233,2,0.06059999577701092,6,11
stage1,wine_binary,1,23,wine_binary|1|23,leaf_enum_bruteforce,0,1,1,1,0.9642757593174233,2,0.0740000104997307,6,11
stage1,wine_binary,1,23,wine_binary|1|23,nearest_neighbor,0,1,1,1,3.2753557889856095,13,0.0109999964479357,6,11
stage1,wine_binary,1,23,wine_binary|1|23,random_search,0,1,1,1,1.7816319954179687,13,0.3572000132407993,6,11
stage1,wine_binary,1,24,wine_binary|1|24,treesat_exact,1,0,0,1,1.1504381657621494,1,0.05750000127591193,6,11
stage1,wine_binary,1,24,wine_binary|1|24,leaf_enum_bruteforce,1,0,0,1,1.1504381657621494,1,0.1303000026382506,6,11
stage1,wine_binary,1,24,wine_binary|1|24,nearest_neighbor,1,0,0,1,4.253329337925425,13,0.010899995686486363,6,11
stage1,wine_binary,1,24,wine_binary|1|24,random_search,1,0,0,1,2.556033291635058,13,0.3572999848984182,6,11
stage1,wine_binary,1,25,wine_binary|1|25,treesat_exact,1,0,0,1,1.4990557919698067,1,0.05649999366141856,6,11
stage1,wine_binary,1,25,wine_binary|1|25,leaf_enum_bruteforce,1,0,0,1,1.4990557919698067,1,0.17889999435283244,6,11
stage1,wine_binary,1,25,wine_binary|1|25,nearest_neighbor,1,0,0,1,3.564829068249627,13,0.012600008631125093,6,11
stage1,wine_binary,1,25,wine_binary|1|25,random_search,1,0,0,1,2.367875615056175,13,0.3521000035107136,6,11
stage1,wine_binary,1,26,wine_binary|1|26,treesat_exact,1,0,0,1,0.5926499638298977,1,0.05889998283237219,6,11
stage1,wine_binary,1,26,wine_binary|1|26,leaf_enum_bruteforce,1,0,0,1,0.5926499638298977,1,0.12909999350085855,6,11
stage1,wine_binary,1,26,wine_binary|1|26,nearest_neighbor,1,0,0,1,3.419596002633899,13,0.010899995686486363,6,11
stage1,wine_binary,1,26,wine_binary|1|26,random_search,1,0,0,1,1.4395231181194021,13,0.3482000029180199,6,11
stage1,wine_binary,1,27,wine_binary|1|27,treesat_exact,0,1,1,1,1.3219028454227124,2,0.05400000372901559,6,11
stage1,wine_binary,1,27,wine_binary|1|27,leaf_enum_bruteforce,0,1,1,1,1.3219028454227124,2,0.06700001540593803,6,11
stage1,wine_binary,1,27,wine_binary|1|27,nearest_neighbor,0,1,1,1,3.6460238722484273,13,0.009799987310543656,6,11
stage1,wine_binary,1,27,wine_binary|1|27,random_search,0,1,1,1,2.8894909193672866,13,0.3767999878618866,6,11
stage1,wine_binary,1,28,wine_binary|1|28,treesat_exact,1,0,0,1,0.08466428144620397,1,0.0577000027988106,6,11
stage1,wine_binary,1,28,wine_binary|1|28,leaf_enum_bruteforce,1,0,0,1,0.08466428144620397,1,0.1306000049225986,6,11
stage1,wine_binary,1,28,wine_binary|1|28,nearest_neighbor,1,0,0,1,3.069884509522332,12,0.010899995686486363,6,11
stage1,wine_binary,1,28,wine_binary|1|28,random_search,1,0,0,1,0.2071880225158181,13,0.3862000012304634,6,11
stage1,wine_binary,1,29,wine_binary|1|29,treesat_exact,0,1,1,1,1.5104497636939909,2,0.05509998300112784,6,11
stage1,wine_binary,1,29,wine_binary|1|29,leaf_enum_bruteforce,0,1,1,1,1.5104497636939909,2,0.06910000229254365,6,11
stage1,wine_binary,1,29,wine_binary|1|29,nearest_neighbor,0,1,1,1,3.3807323299143106,13,0.009799987310543656,6,11
stage1,wine_binary,1,29,wine_binary|1|29,random_search,0,1,1,1,2.9953986975997027,13,0.3490000090096146,6,11
stage1,wine_binary,1,30,wine_binary|1|30,treesat_exact,0,1,1,1,0.8617340233032563,2,0.05420000525191426,6,11
stage1,wine_binary,1,30,wine_binary|1|30,leaf_enum_bruteforce,0,1,1,1,0.8617340233032563,2,0.07559999357908964,6,11
stage1,wine_binary,1,30,wine_binary|1|30,nearest_neighbor,0,1,1,1,3.5899286154619663,12,0.010399991879239678,6,11
stage1,wine_binary,1,30,wine_binary|1|30,random_search,0,1,1,1,2.952459375000112,13,0.35119999665766954,6,11
stage1,wine_binary,1,31,wine_binary|1|31,treesat_exact,0,1,1,1,0.07470477624872518,1,0.05339999916031957,6,11
stage1,wine_binary,1,31,wine_binary|1|31,leaf_enum_bruteforce,0,1,1,1,0.07470477624872518,1,0.06740001845173538,6,11
stage1,wine_binary,1,31,wine_binary|1|31,nearest_neighbor,0,1,1,1,2.023752115228624,13,0.009899988071992993,6,11
stage1,wine_binary,1,31,wine_binary|1|31,random_search,0,1,1,1,0.1672188880440949,13,0.37399999564513564,6,11
stage1,wine_binary,1,32,wine_binary|1|32,treesat_exact,0,1,1,1,0.995784816083203,2,0.05329999839887023,6,11
stage1,wine_binary,1,32,wine_binary|1|32,leaf_enum_bruteforce,0,1,1,1,0.995784816083203,2,0.06630001007579267,6,11
stage1,wine_binary,1,32,wine_binary|1|32,nearest_neighbor,0,1,1,1,4.007955735958373,12,0.009499985026195645,6,11
stage1,wine_binary,1,32,wine_binary|1|32,random_search,0,1,1,1,2.3673058766253847,13,0.3387999895494431,6,11
stage1,wine_binary,1,33,wine_binary|1|33,treesat_exact,1,0,0,1,0.6291993890743446,2,0.05679999594576657,6,11
stage1,wine_binary,1,33,wine_binary|1|33,leaf_enum_bruteforce,1,0,0,1,0.6291993890743446,2,0.14089999604038894,6,11
stage1,wine_binary,1,33,wine_binary|1|33,nearest_neighbor,1,0,0,1,3.6447748823546737,13,0.011900003300979733,6,11
stage1,wine_binary,1,33,wine_binary|1|33,random_search,1,0,0,1,1.4944943679941851,13,0.3657999914139509,6,11
stage1,wine_binary,1,34,wine_binary|1|34,treesat_exact,0,1,1,1,1.0974801659602176,2,0.09549999958835542,6,11
stage1,wine_binary,1,34,wine_binary|1|34,leaf_enum_bruteforce,0,1,1,1,1.0974801659602176,2,0.07610002649016678,6,11
stage1,wine_binary,1,34,wine_binary|1|34,nearest_neighbor,0,1,1,1,4.27774063289125,13,0.011600001016631722,6,11
stage1,wine_binary,1,34,wine_binary|1|34,random_search,0,1,1,1,2.8851444797071557,13,0.3632000007200986,6,11
stage1,wine_binary,1,35,wine_binary|1|35,treesat_exact,0,1,1,1,0.9307813787971259,1,0.0549999822396785,6,11
stage1,wine_binary,1,35,wine_binary|1|35,leaf_enum_bruteforce,0,1,1,1,0.9307813787971259,1,0.06910000229254365,6,11
stage1,wine_binary,1,35,wine_binary|1|35,nearest_neighbor,0,1,1,1,2.8467932046513327,13,0.009499985026195645,6,11
stage1,wine_binary,1,35,wine_binary|1|35,random_search,0,1,1,1,2.559690447431436,13,0.34270001924596727,6,11
stage1,wine_binary,1,36,wine_binary|1|36,treesat_exact,0,1,1,1,1.2053054496563518,2,0.05320002674125135,6,11
stage1,wine_binary,1,36,wine_binary|1|36,leaf_enum_bruteforce,0,1,1,1,1.2053054496563518,2,0.07609999738633633,6,11
stage1,wine_binary,1,36,wine_binary|1|36,nearest_neighbor,0,1,1,1,3.325217229985331,13,0.009800016414374113,6,11
stage1,wine_binary,1,36,wine_binary|1|36,random_search,0,1,1,1,2.885363629492369,13,0.33820001408457756,6,11
stage1,wine_binary,1,37,wine_binary|1|37,treesat_exact,0,1,1,1,1.5113758241201662,2,0.05199998850002885,6,11
stage1,wine_binary,1,37,wine_binary|1|37,leaf_enum_bruteforce,0,1,1,1,1.5113758241201662,2,0.06639998173341155,6,11
stage1,wine_binary,1,37,wine_binary|1|37,nearest_neighbor,0,1,1,1,4.796390513318274,13,0.009599985787644982,6,11
stage1,wine_binary,1,37,wine_binary|1|37,random_search,0,1,1,1,2.2337500270108754,13,0.3372000064700842,6,11
stage1,wine_binary,1,38,wine_binary|1|38,treesat_exact,0,1,1,1,0.539211701606411,1,0.05119998240843415,6,11
stage1,wine_binary,1,38,wine_binary|1|38,leaf_enum_bruteforce,0,1,1,1,0.539211701606411,1,0.07939999341033399,6,11
stage1,wine_binary,1,38,wine_binary|1|38,nearest_neighbor,0,1,1,1,3.1078431194639022,13,0.010099989594891667,6,11
stage1,wine_binary,1,38,wine_binary|1|38,random_search,0,1,1,1,0.852504557378974,13,0.3665999975055456,6,11
stage1,wine_binary,1,39,wine_binary|1|39,treesat_exact,0,1,1,1,1.1863806356126458,2,0.056800025049597025,6,11
stage1,wine_binary,1,39,wine_binary|1|39,leaf_enum_bruteforce,0,1,1,1,1.1863806356126458,2,0.07479998748749495,6,11
stage1,wine_binary,1,39,wine_binary|1|39,nearest_neighbor,0,1,1,1,4.04017460422877,13,0.01069999416358769,6,11
stage1,wine_binary,1,39,wine_binary|1|39,random_search,0,1,1,1,2.427054844705502,13,0.39820000529289246,6,11
stage1,wine_binary,1,40,wine_binary|1|40,treesat_exact,0,1,1,1,1.6086223330813094,1,0.055500015150755644,6,11
stage1,wine_binary,1,40,wine_binary|1|40,leaf_enum_bruteforce,0,1,1,1,1.6086223330813094,1,0.10060000931844115,6,11
stage1,wine_binary,1,40,wine_binary|1|40,nearest_neighbor,0,1,1,1,3.874213079930285,13,0.011199997970834374,6,11
stage1,wine_binary,1,40,wine_binary|1|40,random_search,0,1,1,1,3.408835185933897,13,0.7207999879028648,6,11
stage1,wine_binary,1,41,wine_binary|1|41,treesat_exact,1,0,0,1,0.2889058070535071,2,0.30550002702511847,6,11
stage1,wine_binary,1,41,wine_binary|1|41,leaf_enum_bruteforce,1,0,0,1,0.2889058070535071,2,0.4585999995470047,6,11
stage1,wine_binary,1,41,wine_binary|1|41,nearest_neighbor,1,0,0,1,2.7374845414191333,13,0.055100012104958296,6,11
stage1,wine_binary,1,41,wine_binary|1|41,random_search,1,0,0,1,0.5445707801294857,13,1.2267999991308898,6,11
stage1,wine_binary,1,42,wine_binary|1|42,treesat_exact,0,1,1,1,1.5496073985016168,2,0.1674999948590994,6,11
stage1,wine_binary,1,42,wine_binary|1|42,leaf_enum_bruteforce,0,1,1,1,1.5496073985016168,2,0.2046999870799482,6,11
stage1,wine_binary,1,42,wine_binary|1|42,nearest_neighbor,0,1,1,1,4.475347638334531,13,0.034900003811344504,6,11
stage1,wine_binary,1,42,wine_binary|1|42,random_search,0,1,1,1,3.061779720018705,13,1.2086999777238816,6,11
stage1,wine_binary,1,43,wine_binary|1|43,treesat_exact,0,1,1,1,1.0065233642188949,2,0.17140002455562353,6,11
stage1,wine_binary,1,43,wine_binary|1|43,leaf_enum_bruteforce,0,1,1,1,1.0065233642188949,2,0.17340001068077981,6,11
stage1,wine_binary,1,43,wine_binary|1|43,nearest_neighbor,0,1,1,1,3.5760401898799627,13,0.023300002794712782,6,11
stage1,wine_binary,1,43,wine_binary|1|43,random_search,0,1,1,1,2.555928499244258,13,0.44800000614486635,6,11
stage1,wine_binary,1,44,wine_binary|1|44,treesat_exact,0,1,1,1,1.1924625177229449,2,0.06899997242726386,6,11
stage1,wine_binary,1,44,wine_binary|1|44,leaf_enum_bruteforce,0,1,1,1,1.1924625177229449,2,0.07119998917914927,6,11
stage1,wine_binary,1,44,wine_binary|1|44,nearest_neighbor,0,1,1,1,4.980755610438274,13,0.01200000406242907,6,11
stage1,wine_binary,1,44,wine_binary|1|44,random_search,0,1,1,1,2.75790095559056,13,0.3588999970816076,6,11
stage1,wine_binary,1,45,wine_binary|1|45,treesat_exact,0,1,1,1,1.6680790141096684,2,0.05840000812895596,6,11
stage1,wine_binary,1,45,wine_binary|1|45,leaf_enum_bruteforce,0,1,1,1,1.6680790141096684,2,0.079699995694682,6,11
stage1,wine_binary,1,45,wine_binary|1|45,nearest_neighbor,0,1,1,1,4.334046519926806,13,0.011399999493733048,6,11
stage1,wine_binary,1,45,wine_binary|1|45,random_search,0,1,1,1,3.4714440099096153,13,0.7813000120222569,6,11
stage1,wine_binary,1,46,wine_binary|1|46,treesat_exact,1,0,0,1,1.230122194609614,1,0.14139999984763563,6,11
stage1,wine_binary,1,46,wine_binary|1|46,leaf_enum_bruteforce,1,0,0,1,1.230122194609614,1,0.32049999572336674,6,11
stage1,wine_binary,1,46,wine_binary|1|46,nearest_neighbor,1,0,0,1,4.060187589321342,13,0.02789997961372137,6,11
stage1,wine_binary,1,46,wine_binary|1|46,random_search,1,0,0,1,2.7006596991657066,13,0.8450000023003668,6,11
stage1,wine_binary,1,47,wine_binary|1|47,treesat_exact,0,1,1,1,1.0872634092382538,2,0.13210001634433866,6,11
stage1,wine_binary,1,47,wine_binary|1|47,leaf_enum_bruteforce,0,1,1,1,1.0872634092382538,2,0.16980001237243414,6,11
stage1,wine_binary,1,47,wine_binary|1|47,nearest_neighbor,0,1,1,1,3.5340788550813107,12,0.023900007363408804,6,11
stage1,wine_binary,1,47,wine_binary|1|47,random_search,0,1,1,1,3.027008693440458,13,0.8054000209085643,6,11
stage1,wine_binary,1,48,wine_binary|1|48,treesat_exact,1,0,0,1,0.6225314746476971,1,0.12409998453222215,6,11
stage1,wine_binary,1,48,wine_binary|1|48,leaf_enum_bruteforce,1,0,0,1,0.6225314746476971,1,0.3030999796465039,6,11
stage1,wine_binary,1,48,wine_binary|1|48,nearest_neighbor,1,0,0,1,4.427632233415097,13,0.024899985874071717,6,11
stage1,wine_binary,1,48,wine_binary|1|48,random_search,1,0,0,1,1.1808921768359333,13,0.6538000016007572,6,11
stage1,wine_binary,1,49,wine_binary|1|49,treesat_exact,0,1,1,1,0.6666404627023393,2,0.12889999197795987,6,11
stage1,wine_binary,1,49,wine_binary|1|49,leaf_enum_bruteforce,0,1,1,1,0.6666404627023393,2,0.12749998131766915,6,11
stage1,wine_binary,1,49,wine_binary|1|49,nearest_neighbor,0,1,1,1,2.768066242579161,13,0.016900012269616127,6,11
stage1,wine_binary,1,49,wine_binary|1|49,random_search,0,1,1,1,1.4646921769310928,13,0.6017999839968979,6,11
stage1,wine_binary,1,50,wine_binary|1|50,treesat_exact,1,0,0,1,0.03209587658987789,1,0.09780001710169017,6,11
stage1,wine_binary,1,50,wine_binary|1|50,leaf_enum_bruteforce,1,0,0,1,0.03209587658987789,1,0.21160001051612198,6,11
stage1,wine_binary,1,50,wine_binary|1|50,nearest_neighbor,1,0,0,1,2.901579970420255,13,0.030499999411404133,6,11
stage1,wine_binary,1,50,wine_binary|1|50,random_search,1,0,0,1,0.14354862323875386,13,0.8072000055108219,6,11
stage1,wine_binary,1,51,wine_binary|1|51,treesat_exact,1,0,0,1,0.48308442416463404,1,0.08709999383427203,6,11
stage1,wine_binary,1,51,wine_binary|1|51,leaf_enum_bruteforce,1,0,0,1,0.48308442416463404,1,0.34139998024329543,6,11
stage1,wine_binary,1,51,wine_binary|1|51,nearest_neighbor,1,0,0,1,3.86327633898642,13,0.02609999501146376,6,11
stage1,wine_binary,1,51,wine_binary|1|51,random_search,1,0,0,1,0.8581087476609117,13,0.5161000008229166,6,11
stage1,wine_binary,1,52,wine_binary|1|52,treesat_exact,0,1,1,1,0.8302516244382644,2,0.06809999467805028,6,11
stage1,wine_binary,1,52,wine_binary|1|52,leaf_enum_bruteforce,0,1,1,1,0.8302516244382644,2,0.07340000593103468,6,11
stage1,wine_binary,1,52,wine_binary|1|52,nearest_neighbor,0,1,1,1,4.182344523014383,13,0.01170000177808106,6,11
stage1,wine_binary,1,52,wine_binary|1|52,random_search,0,1,1,1,2.5502474016495924,13,0.3658000205177814,6,11
stage1,wine_binary,1,53,wine_binary|1|53,treesat_exact,0,1,1,1,0.8344937532584255,1,0.05830000736750662,6,11
stage1,wine_binary,1,53,wine_binary|1|53,leaf_enum_bruteforce,0,1,1,1,0.8344937532584255,1,0.07959999493323267,6,11
stage1,wine_binary,1,53,wine_binary|1|53,nearest_neighbor,0,1,1,1,3.1052523574294257,13,0.011299998732283711,6,11
stage1,wine_binary,1,53,wine_binary|1|53,random_search,0,1,1,1,1.4290416967089719,13,0.36219999310560524,6,11
stage1,wine_binary,2,0,wine_binary|2|0,treesat_exact,1,0,0,1,0.6070577464867817,1,0.0751999905332923,4,7
stage1,wine_binary,2,0,wine_binary|2|0,leaf_enum_bruteforce,1,0,0,1,0.6070577464867817,1,0.11079999967478216,4,7
stage1,wine_binary,2,0,wine_binary|2|0,nearest_neighbor,1,0,0,1,2.8824967580941743,13,0.014999997802078724,4,7
stage1,wine_binary,2,0,wine_binary|2|0,random_search,1,0,0,1,0.9773155111011042,13,0.41700000292621553,4,7
stage1,wine_binary,2,1,wine_binary|2|1,treesat_exact,0,1,1,1,0.49761735462036416,1,0.056599994422867894,4,7
stage1,wine_binary,2,1,wine_binary|2|1,leaf_enum_bruteforce,0,1,1,1,0.49761735462036416,1,0.03749999450519681,4,7
stage1,wine_binary,2,1,wine_binary|2|1,nearest_neighbor,0,1,1,1,4.945132978209673,13,0.011399999493733048,4,7
stage1,wine_binary,2,1,wine_binary|2|1,random_search,0,1,1,1,1.2525141517345826,13,0.37200000951997936,4,7
stage1,wine_binary,2,2,wine_binary|2|2,treesat_exact,1,0,0,1,0.4555191395814955,1,0.057900004321709275,4,7
stage1,wine_binary,2,2,wine_binary|2|2,leaf_enum_bruteforce,1,0,0,1,0.4555191395814955,1,0.0999000039882958,4,7
stage1,wine_binary,2,2,wine_binary|2|2,nearest_neighbor,1,0,0,1,3.382481783315343,12,0.010600022505968809,4,7
stage1,wine_binary,2,2,wine_binary|2|2,random_search,1,0,0,1,1.0972333116656718,13,0.3609000123105943,4,7
stage1,wine_binary,2,3,wine_binary|2|3,treesat_exact,0,1,1,1,1.365655944149026,2,0.053300027502700686,4,7
stage1,wine_binary,2,3,wine_binary|2|3,leaf_enum_bruteforce,0,1,1,1,1.365655944149026,2,0.035500008380040526,4,7
stage1,wine_binary,2,3,wine_binary|2|3,nearest_neighbor,0,1,1,1,4.132624489413345,13,0.009799987310543656,4,7
stage1,wine_binary,2,3,wine_binary|2|3,random_search,0,1,1,1,2.6323086594078973,13,0.33510001958347857,4,7
stage1,wine_binary,2,4,wine_binary|2|4,treesat_exact,0,1,1,1,1.2158265225228428,1,0.050300004659220576,4,7
stage1,wine_binary,2,4,wine_binary|2|4,leaf_enum_bruteforce,0,1,1,1,1.2158265225228428,1,0.035699980799108744,4,7
stage1,wine_binary,2,4,wine_binary|2|4,nearest_neighbor,0,1,1,1,3.2959666682255455,13,0.00969998654909432,4,7
stage1,wine_binary,2,4,wine_binary|2|4,random_search,0,1,1,1,2.846044486232876,13,0.3361999988555908,4,7
stage1,wine_binary,2,5,wine_binary|2|5,treesat_exact,0,1,1,1,1.762226034454446,2,0.05040000542066991,4,7
stage1,wine_binary,2,5,wine_binary|2|5,leaf_enum_bruteforce,0,1,1,1,1.762226034454446,2,0.03559998003765941,4,7
stage1,wine_binary,2,5,wine_binary|2|5,nearest_neighbor,0,1,1,1,4.4493918903396015,13,0.009599985787644982,4,7
stage1,wine_binary,2,5,wine_binary|2|5,random_search,0,1,1,1,3.3353158550158897,13,0.33680000342428684,4,7
stage1,wine_binary,2,6,wine_binary|2|6,treesat_exact,0,1,1,1,1.7006057646497965,1,0.052799994591623545,4,7
stage1,wine_binary,2,6,wine_binary|2|6,leaf_enum_bruteforce,0,1,1,1,1.7006057646497965,1,0.03589998232200742,4,7
stage1,wine_binary,2,6,wine_binary|2|6,nearest_neighbor,0,1,1,1,5.053853924194802,13,0.009800016414374113,4,7
stage1,wine_binary,2,6,wine_binary|2|6,random_search,0,1,1,1,4.764346086400483,13,0.4403000057209283,4,7
stage1,wine_binary,2,7,wine_binary|2|7,treesat_exact,1,0,0,1,0.29925381738571943,1,0.05830000736750662,4,7
stage1,wine_binary,2,7,wine_binary|2|7,leaf_enum_bruteforce,1,0,0,1,0.29925381738571943,1,0.10210002074018121,4,7
stage1,wine_binary,2,7,wine_binary|2|7,nearest_neighbor,1,0,0,1,3.291678132832229,13,0.012299977242946625,4,7
stage1,wine_binary,2,7,wine_binary|2|7,random_search,1,0,0,1,0.6337793506403865,13,0.3630999999586493,4,7
stage1,wine_binary,2,8,wine_binary|2|8,treesat_exact,0,1,1,1,0.8362016766315328,1,0.05329999839887023,4,7
stage1,wine_binary,2,8,wine_binary|2|8,leaf_enum_bruteforce,0,1,1,1,0.8362016766315328,1,0.03519997699186206,4,7
stage1,wine_binary,2,8,wine_binary|2|8,nearest_neighbor,0,1,1,1,2.7691396977779763,13,0.010199990356341004,4,7
stage1,wine_binary,2,8,wine_binary|2|8,random_search,0,1,1,1,2.710037092815436,13,0.3431999939493835,4,7
stage1,wine_binary,2,9,wine_binary|2|9,treesat_exact,1,0,0,1,1.3463121140995884,1,0.0557999883312732,4,7
stage1,wine_binary,2,9,wine_binary|2|9,leaf_enum_bruteforce,1,0,0,1,1.3463121140995884,1,0.09750001481734216,4,7
stage1,wine_binary,2,9,wine_binary|2|9,nearest_neighbor,1,0,0,1,5.202709875692172,13,0.01069999416358769,4,7
stage1,wine_binary,2,9,wine_binary|2|9,random_search,1,0,0,1,2.7167586453643278,13,0.3330000035930425,4,7
stage1,wine_binary,2,10,wine_binary|2|10,treesat_exact,0,1,1,1,1.130341956899484,2,0.04990000161342323,4,7
stage1,wine_binary,2,10,wine_binary|2|10,leaf_enum_bruteforce,0,1,1,1,1.130341956899484,2,0.034500000765547156,4,7
stage1,wine_binary,2,10,wine_binary|2|10,nearest_neighbor,0,1,1,1,3.886061419378713,13,0.009499985026195645,4,7
stage1,wine_binary,2,10,wine_binary|2|10,random_search,0,1,1,1,2.463034873317114,13,0.3311999898869544,4,7
stage1,wine_binary,2,11,wine_binary|2|11,treesat_exact,0,1,1,1,0.7325170126704149,2,0.04809998790733516,4,7
stage1,wine_binary,2,11,wine_binary|2|11,leaf_enum_bruteforce,0,1,1,1,0.7325170126704149,2,0.03369999467395246,4,7
stage1,wine_binary,2,11,wine_binary|2|11,nearest_neighbor,0,1,1,1,3.17768363096363,13,0.009499985026195645,4,7
stage1,wine_binary,2,11,wine_binary|2|11,random_search,0,1,1,1,2.7614505427843863,13,0.3318999952170998,4,7
stage1,wine_binary,2,12,wine_binary|2|12,treesat_exact,1,0,0,1,0.8705476845274251,1,0.062000006437301636,4,7
stage1,wine_binary,2,12,wine_binary|2|12,leaf_enum_bruteforce,1,0,0,1,0.8705476845274251,1,0.09690001024864614,4,7
stage1,wine_binary,2,12,wine_binary|2|12,nearest_neighbor,1,0,0,1,4.3635574715732295,13,0.011199997970834374,4,7
stage1,wine_binary,2,12,wine_binary|2|12,random_search,1,0,0,1,1.43151485980822,13,0.33989999792538583,4,7
stage1,wine_binary,2,13,wine_binary|2|13,treesat_exact,0,1,1,1,1.7663695927956127,2,0.050000002374872565,4,7
stage1,wine_binary,2,13,wine_binary|2|13,leaf_enum_bruteforce,0,1,1,1,1.7663695927956127,2,0.03510000533424318,4,7
stage1,wine_binary,2,13,wine_binary|2|13,nearest_neighbor,0,1,1,1,4.9665438808124565,13,0.009600014891475439,4,7
stage1,wine_binary,2,13,wine_binary|2|13,random_search,0,1,1,1,5.567982630375637,13,0.34520000917837024,4,7
stage1,wine_binary,2,14,wine_binary|2|14,treesat_exact,0,1,1,1,1.8322001813399693,1,0.05119998240843415,4,7
stage1,wine_binary,2,14,wine_binary|2|14,leaf_enum_bruteforce,0,1,1,1,1.8322001813399693,1,0.035999983083456755,4,7
stage1,wine_binary,2,14,wine_binary|2|14,nearest_neighbor,0,1,1,1,3.901491452061195,13,0.010100018698722124,4,7
stage1,wine_binary,2,14,wine_binary|2|14,random_search,0,1,1,1,5.080793844817352,13,0.3284999984316528,4,7
stage1,wine_binary,2,15,wine_binary|2|15,treesat_exact,1,0,0,1,0.3846606075175565,1,0.053800002206116915,4,7
stage1,wine_binary,2,15,wine_binary|2|15,leaf_enum_bruteforce,1,0,0,1,0.3846606075175565,1,0.10770000517368317,4,7
stage1,wine_binary,2,15,wine_binary|2|15,nearest_neighbor,1,0,0,1,2.352385094767336,12,0.011600001016631722,4,7
stage1,wine_binary,2,15,wine_binary|2|15,random_search,1,0,0,1,0.895390763493682,13,0.34840000444091856,4,7
stage1,wine_binary,2,16,wine_binary|2|16,treesat_exact,0,1,1,1,1.5487660530842127,1,0.3291000030003488,4,7
stage1,wine_binary,2,16,wine_binary|2|16,leaf_enum_bruteforce,0,1,1,1,1.5487660530842127,1,0.09439999121241271,4,7
stage1,wine_binary,2,16,wine_binary|2|16,nearest_neighbor,0,1,1,1,4.195917459234019,13,0.02239999594166875,4,7
stage1,wine_binary,2,16,wine_binary|2|16,random_search,0,1,1,1,3.752621362212753,13,0.430300016887486,4,7
stage1,wine_binary,2,17,wine_binary|2|17,treesat_exact,0,1,1,1,1.9622433870767972,2,0.06390002090483904,4,7
stage1,wine_binary,2,17,wine_binary|2|17,leaf_enum_bruteforce,0,1,1,1,1.9622433870767972,2,0.04649997572414577,4,7
stage1,wine_binary,2,17,wine_binary|2|17,nearest_neighbor,0,1,1,1,4.710685000430494,13,0.014399993233382702,4,7
stage1,wine_binary,2,17,wine_binary|2|17,random_search,0,1,1,1,5.496863690572104,13,0.3512999974191189,4,7
stage1,wine_binary,2,18,wine_binary|2|18,treesat_exact,0,1,1,1,0.7028199740210724,1,0.055800017435103655,4,7
stage1,wine_binary,2,18,wine_binary|2|18,leaf_enum_bruteforce,0,1,1,1,0.7028199740210724,1,0.0363999861292541,4,7
stage1,wine_binary,2,18,wine_binary|2|18,nearest_neighbor,0,1,1,1,3.127738872938809,13,0.011800002539530396,4,7
stage1,wine_binary,2,18,wine_binary|2|18,random_search,0,1,1,1,1.5415707469846598,13,0.3637999761849642,4,7
stage1,wine_binary,2,19,wine_binary|2|19,treesat_exact,1,0,0,1,0.6883400306487246,1,0.10989999282173812,4,7
stage1,wine_binary,2,19,wine_binary|2|19,leaf_enum_bruteforce,1,0,0,1,0.6883400306487246,1,0.1188000023830682,4,7
stage1,wine_binary,2,19,wine_binary|2|19,nearest_neighbor,1,0,0,1,3.38075512461014,13,0.018099992303177714,4,7
stage1,wine_binary,2,19,wine_binary|2|19,random_search,1,0,0,1,1.5182617714422815,13,0.38270000368356705,4,7
stage1,wine_binary,2,20,wine_binary|2|20,treesat_exact,1,0,0,1,0.17955228940197293,1,0.058999983593821526,4,7
stage1,wine_binary,2,20,wine_binary|2|20,leaf_enum_bruteforce,1,0,0,1,0.17955228940197293,1,0.09809999028220773,4,7
stage1,wine_binary,2,20,wine_binary|2|20,nearest_neighbor,1,0,0,1,4.885490236620999,13,0.01200000406242907,4,7
stage1,wine_binary,2,20,wine_binary|2|20,random_search,1,0,0,1,0.4054852984921683,13,0.3766999871004373,4,7
stage1,wine_binary,2,21,wine_binary|2|21,treesat_exact,0,1,1,1,0.17208600155625123,1,0.05299999611452222,4,7
stage1,wine_binary,2,21,wine_binary|2|21,leaf_enum_bruteforce,0,1,1,1,0.17208600155625123,1,0.035900011425837874,4,7
stage1,wine_binary,2,21,wine_binary|2|21,nearest_neighbor,0,1,1,1,2.7329931178654254,13,0.01069999416358769,4,7
stage1,wine_binary,2,21,wine_binary|2|21,random_search,0,1,1,1,0.3419950302062918,13,0.36120001459494233,4,7
stage1,wine_binary,2,22,wine_binary|2|22,treesat_exact,1,0,0,1,1.2450856397225325,1,0.05539998528547585,4,7
stage1,wine_binary,2,22,wine_binary|2|22,leaf_enum_bruteforce,1,0,0,1,1.2450856397225325,1,0.09879999561235309,4,7
stage1,wine_binary,2,22,wine_binary|2|22,nearest_neighbor,1,0,0,1,3.906696557460846,12,0.010799994925037026,4,7
stage1,wine_binary,2,22,wine_binary|2|22,random_search,1,0,0,1,2.661074643115513,13,0.33549999352544546,4,7
stage1,wine_binary,2,23,wine_binary|2|23,treesat_exact,0,1,1,1,1.0311441650622055,1,0.051300012273713946,4,7
stage1,wine_binary,2,23,wine_binary|2|23,leaf_enum_bruteforce,0,1,1,1,1.0311441650622055,1,0.03549997927621007,4,7
stage1,wine_binary,2,23,wine_binary|2|23,nearest_neighbor,0,1,1,1,3.966354837568998,13,0.009899988071992993,4,7
stage1,wine_binary,2,23,wine_binary|2|23,random_search,0,1,1,1,3.030232938962522,13,0.3316999936942011,4,7
stage1,wine_binary,2,24,wine_binary|2|24,treesat_exact,1,0,0,1,1.376680056412705,1,0.05490001058205962,4,7
stage1,wine_binary,2,24,wine_binary|2|24,leaf_enum_bruteforce,1,0,0,1,1.376680056412705,1,0.09809999028220773,4,7
stage1,wine_binary,2,24,wine_binary|2|24,nearest_neighbor,1,0,0,1,4.071003995594258,13,0.07559999357908964,4,7
stage1,wine_binary,2,24,wine_binary|2|24,random_search,1,0,0,1,2.8616607128424825,13,0.42559998109936714,4,7
stage1,wine_binary,2,25,wine_binary|2|25,treesat_exact,1,0,0,1,0.20245295363885552,1,0.05699999746866524,4,7
stage1,wine_binary,2,25,wine_binary|2|25,leaf_enum_bruteforce,1,0,0,1,0.20245295363885552,1,0.10009997640736401,4,7
stage1,wine_binary,2,25,wine_binary|2|25,nearest_neighbor,1,0,0,1,4.173623028103752,13,0.011099997209385037,4,7
stage1,wine_binary,2,25,wine_binary|2|25,random_search,1,0,0,1,0.4436550387518697,13,0.3856999974232167,4,7
stage1,wine_binary,2,26,wine_binary|2|26,treesat_exact,0,1,1,1,1.2596097566481528,2,0.05140001303516328,4,7
stage1,wine_binary,2,26,wine_binary|2|26,leaf_enum_bruteforce,0,1,1,1,1.2596097566481528,2,0.03510000533424318,4,7
stage1,wine_binary,2,26,wine_binary|2|26,nearest_neighbor,0,1,1,1,3.3251006515865633,13,0.00999998883344233,4,7
stage1,wine_binary,2,26,wine_binary|2|26,random_search,0,1,1,1,2.169084641598519,13,0.3342999843880534,4,7
stage1,wine_binary,2,27,wine_binary|2|27,treesat_exact,0,1,1,1,0.0940522031323047,1,0.0509000092279166,4,7
stage1,wine_binary,2,27,wine_binary|2|27,leaf_enum_bruteforce,0,1,1,1,0.0940522031323047,1,0.04290000651963055,4,7
stage1,wine_binary,2,27,wine_binary|2|27,nearest_neighbor,0,1,1,1,1.813839065330349,12,0.010199990356341004,4,7
stage1,wine_binary,2,27,wine_binary|2|27,random_search,0,1,1,1,0.1905705079311832,13,0.388299988117069,4,7
stage1,wine_binary,2,28,wine_binary|2|28,treesat_exact,1,0,0,1,0.6073588511470799,1,0.054500007536262274,4,7
stage1,wine_binary,2,28,wine_binary|2|28,leaf_enum_bruteforce,1,0,0,1,0.6073588511470799,1,0.09850002243183553,4,7
stage1,wine_binary,2,28,wine_binary|2|28,nearest_neighbor,1,0,0,1,3.5386440924728615,13,0.011099997209385037,4,7
stage1,wine_binary,2,28,wine_binary|2|28,random_search,1,0,0,1,0.788331240092343,13,0.3479000006336719,4,7
stage1,wine_binary,2,29,wine_binary|2|29,treesat_exact,0,1,1,1,0.9436755756172341,2,0.05020000389777124,4,7
stage1,wine_binary,2,29,wine_binary|2|29,leaf_enum_bruteforce,0,1,1,1,0.9436755756172341,2,0.03510000533424318,4,7
stage1,wine_binary,2,29,wine_binary|2|29,nearest_neighbor,0,1,1,1,2.7773702899748463,13,0.009599985787644982,4,7
stage1,wine_binary,2,29,wine_binary|2|29,random_search,0,1,1,1,1.9032345808432451,13,0.33420001273043454,4,7
stage1,wine_binary,2,30,wine_binary|2|30,treesat_exact,0,1,1,1,0.983263553868707,1,0.05250002141110599,4,7
stage1,wine_binary,2,30,wine_binary|2|30,leaf_enum_bruteforce,0,1,1,1,0.983263553868707,1,0.035699980799108744,4,7
stage1,wine_binary,2,30,wine_binary|2|30,nearest_neighbor,0,1,1,1,3.1959548837824183,13,0.011600001016631722,4,7
stage1,wine_binary,2,30,wine_binary|2|30,random_search,0,1,1,1,1.9528784793712723,13,0.34329999471083283,4,7
stage1,wine_binary,2,31,wine_binary|2|31,treesat_exact,0,1,1,1,0.9559032046152792,1,0.054899981478229165,4,7
stage1,wine_binary,2,31,wine_binary|2|31,leaf_enum_bruteforce,0,1,1,1,0.9559032046152792,1,0.037999998312443495,4,7
stage1,wine_binary,2,31,wine_binary|2|31,nearest_neighbor,0,1,1,1,2.581117622284487,13,0.011199997970834374,4,7
stage1,wine_binary,2,31,wine_binary|2|31,random_search,0,1,1,1,1.9241881455851475,13,0.3445000038482249,4,7
stage1,wine_binary,2,32,wine_binary|2|32,treesat_exact,0,1,1,1,1.4880301684579789,1,0.05129998316988349,4,7
stage1,wine_binary,2,32,wine_binary|2|32,leaf_enum_bruteforce,0,1,1,1,1.4880301684579789,1,0.03619998460635543,4,7
stage1,wine_binary,2,32,wine_binary|2|32,nearest_neighbor,0,1,1,1,4.221323945879579,12,0.009799987310543656,4,7
stage1,wine_binary,2,32,wine_binary|2|32,random_search,0,1,1,1,2.196879512107249,13,0.3451000084169209,4,7
stage1,wine_binary,2,33,wine_binary|2|33,treesat_exact,1,0,0,1,0.8907929794028364,1,0.05880001117475331,4,7
stage1,wine_binary,2,33,wine_binary|2|33,leaf_enum_bruteforce,1,0,0,1,0.8907929794028364,1,0.10119998478330672,4,7
stage1,wine_binary,2,33,wine_binary|2|33,nearest_neighbor,1,0,0,1,3.9217881712628517,13,0.012300006346777081,4,7
stage1,wine_binary,2,33,wine_binary|2|33,random_search,1,0,0,1,1.8499370817917382,13,0.3597000031732023,4,7
stage1,wine_binary,2,34,wine_binary|2|34,treesat_exact,0,1,1,1,1.6335332573620391,2,0.054800009820610285,4,7
stage1,wine_binary,2,34,wine_binary|2|34,leaf_enum_bruteforce,0,1,1,1,1.6335332573620391,2,0.035699980799108744,4,7
stage1,wine_binary,2,34,wine_binary|2|34,nearest_neighbor,0,1,1,1,4.109991084017231,13,0.010599993402138352,4,7
stage1,wine_binary,2,34,wine_binary|2|34,random_search,0,1,1,1,5.008660734673173,13,0.34989998675882816,4,7
stage1,wine_binary,2,35,wine_binary|2|35,treesat_exact,1,0,0,1,0.8503023896520139,1,0.05540001438930631,4,7
stage1,wine_binary,2,35,wine_binary|2|35,leaf_enum_bruteforce,1,0,0,1,0.8503023896520139,1,0.09860002319328487,4,7
stage1,wine_binary,2,35,wine_binary|2|35,nearest_neighbor,1,0,0,1,3.6865392956030103,12,0.011199997970834374,4,7
stage1,wine_binary,2,35,wine_binary|2|35,random_search,1,0,0,1,1.4800809302858555,13,0.34080000477842987,4,7
stage1,wine_binary,2,36,wine_binary|2|36,treesat_exact,0,1,-1,0,,-1,0.05160001455806196,4,7
stage1,wine_binary,2,36,wine_binary|2|36,leaf_enum_bruteforce,0,1,-1,0,,-1,0.035200006095692515,4,7
stage1,wine_binary,2,36,wine_binary|2|36,nearest_neighbor,0,1,1,1,3.889853211425344,13,0.009500014130026102,4,7
stage1,wine_binary,2,36,wine_binary|2|36,random_search,0,1,1,1,2.337932451443622,13,0.3436000260990113,4,7
stage1,wine_binary,2,37,wine_binary|2|37,treesat_exact,0,1,1,1,1.4291604193939649,2,0.04939999780617654,4,7
stage1,wine_binary,2,37,wine_binary|2|37,leaf_enum_bruteforce,0,1,1,1,1.4291604193939649,2,0.03460000152699649,4,7
stage1,wine_binary,2,37,wine_binary|2|37,nearest_neighbor,0,1,1,1,2.9123603575902792,12,0.009799987310543656,4,7
stage1,wine_binary,2,37,wine_binary|2|37,random_search,0,1,1,1,3.446377413261403,13,0.36959999124519527,4,7
stage1,wine_binary,2,38,wine_binary|2|38,treesat_exact,0,1,1,1,1.1854527372563277,2,0.053099996875971556,4,7
stage1,wine_binary,2,38,wine_binary|2|38,leaf_enum_bruteforce,0,1,1,1,1.1854527372563277,2,0.11520000407472253,4,7
stage1,wine_binary,2,38,wine_binary|2|38,nearest_neighbor,0,1,1,1,3.450661318197272,13,0.02379997749812901,4,7
stage1,wine_binary,2,38,wine_binary|2|38,random_search,0,1,1,1,2.782813535634738,13,0.4470999992918223,4,7
stage1,wine_binary,2,39,wine_binary|2|39,treesat_exact,0,1,1,1,1.0827735523367854,2,0.07080001523718238,4,7
stage1,wine_binary,2,39,wine_binary|2|39,leaf_enum_bruteforce,0,1,1,1,1.0827735523367854,2,0.04029998672194779,4,7
stage1,wine_binary,2,39,wine_binary|2|39,nearest_neighbor,0,1,1,1,3.065494531048826,13,0.012500007869675756,4,7
stage1,wine_binary,2,39,wine_binary|2|39,random_search,0,1,1,1,2.8922933162787468,13,0.3549999964889139,4,7
stage1,wine_binary,2,40,wine_binary|2|40,treesat_exact,1,0,0,1,0.022230281194763307,1,0.0610999995842576,4,7
stage1,wine_binary,2,40,wine_binary|2|40,leaf_enum_bruteforce,1,0,0,1,0.022230281194763307,1,0.10050000855699182,4,7
stage1,wine_binary,2,40,wine_binary|2|40,nearest_neighbor,1,0,0,1,1.6015920177778225,12,0.012999982573091984,4,7
stage1,wine_binary,2,40,wine_binary|2|40,random_search,1,0,0,1,0.1326693759612647,13,0.381499994546175,4,7
stage1,wine_binary,2,41,wine_binary|2|41,treesat_exact,0,1,1,1,1.9220806062792517,2,0.05269999383017421,4,7
stage1,wine_binary,2,41,wine_binary|2|41,leaf_enum_bruteforce,0,1,1,1,1.9220806062792517,2,0.035200006095692515,4,7
stage1,wine_binary,2,41,wine_binary|2|41,nearest_neighbor,0,1,1,1,4.5242714348640405,13,0.009800016414374113,4,7
stage1,wine_binary,2,41,wine_binary|2|41,random_search,0,1,-1,0,,-1,0.3236000193282962,4,7
stage1,wine_binary,2,42,wine_binary|2|42,treesat_exact,1,0,0,1,1.6398688897930507,1,0.05669999518431723,4,7
stage1,wine_binary,2,42,wine_binary|2|42,leaf_enum_bruteforce,1,0,0,1,1.6398688897930507,1,0.10689999908208847,4,7
stage1,wine_binary,2,42,wine_binary|2|42,nearest_neighbor,1,0,0,1,4.998758654815053,13,0.011600001016631722,4,7
stage1,wine_binary,2,42,wine_binary|2|42,random_search,1,0,0,1,3.0506745538480744,13,0.33629999961704016,4,7
stage1,wine_binary,2,43,wine_binary|2|43,treesat_exact,0,1,1,1,1.4241857170896606,2,0.05110001075081527,4,7
stage1,wine_binary,2,43,wine_binary|2|43,leaf_enum_bruteforce,0,1,1,1,1.4241857170896606,2,0.03510000533424318,4,7
stage1,wine_binary,2,43,wine_binary|2|43,nearest_neighbor,0,1,1,1,4.6167800717569,13,0.010099989594891667,4,7
stage1,wine_binary,2,43,wine_binary|2|43,random_search,0,1,1,1,3.296828919438964,13,0.4655999946407974,4,7
stage1,wine_binary,2,44,wine_binary|2|44,treesat_exact,0,1,1,1,1.3799648339833077,2,0.05879998207092285,4,7
stage1,wine_binary,2,44,wine_binary|2|44,leaf_enum_bruteforce,0,1,1,1,1.3799648339833077,2,0.03999998443759978,4,7
stage1,wine_binary,2,44,wine_binary|2|44,nearest_neighbor,0,1,1,1,3.661028428767794,13,0.012399978004395962,4,7
stage1,wine_binary,2,44,wine_binary|2|44,random_search,0,1,1,1,3.27051347254743,13,0.35669998032972217,4,7
stage1,wine_binary,2,45,wine_binary|2|45,treesat_exact,1,0,0,1,0.95152886402907,1,0.05810000584460795,4,7
stage1,wine_binary,2,45,wine_binary|2|45,leaf_enum_bruteforce,1,0,0,1,0.95152886402907,1,0.09950000094249845,4,7
stage1,wine_binary,2,45,wine_binary|2|45,nearest_neighbor,1,0,0,1,3.3981973657507845,12,0.012200005585327744,4,7
stage1,wine_binary,2,45,wine_binary|2|45,random_search,1,0,0,1,1.5848197883611992,13,0.3488000074867159,4,7
stage1,wine_binary,2,46,wine_binary|2|46,treesat_exact,0,1,1,1,0.7151825498665746,2,0.052799994591623545,4,7
stage1,wine_binary,2,46,wine_binary|2|46,leaf_enum_bruteforce,0,1,1,1,0.7151825498665746,2,0.035999983083456755,4,7
stage1,wine_binary,2,46,wine_binary|2|46,nearest_neighbor,0,1,1,1,3.3575362361379204,13,0.010499992640689015,4,7
stage1,wine_binary,2,46,wine_binary|2|46,random_search,0,1,1,1,2.0685927992158897,13,0.3468999930191785,4,7
stage1,wine_binary,2,47,wine_binary|2|47,treesat_exact,0,1,1,1,0.12147276436772342,1,0.04959999932907522,4,7
stage1,wine_binary,2,47,wine_binary|2|47,leaf_enum_bruteforce,0,1,1,1,0.12147276436772342,1,0.035299977753311396,4,7
stage1,wine_binary,2,47,wine_binary|2|47,nearest_neighbor,0,1,1,1,1.3863902406444026,12,0.010100018698722124,4,7
stage1,wine_binary,2,47,wine_binary|2|47,random_search,0,1,1,1,0.2663737196008673,13,0.36180001916363835,4,7
stage1,wine_binary,2,48,wine_binary|2|48,treesat_exact,0,1,1,1,1.2593429742229627,2,0.05089998012408614,4,7
stage1,wine_binary,2,48,wine_binary|2|48,leaf_enum_bruteforce,0,1,1,1,1.2593429742229627,2,0.03579998156055808,4,7
stage1,wine_binary,2,48,wine_binary|2|48,nearest_neighbor,0,1,1,1,4.200522511697182,13,0.009600014891475439,4,7
stage1,wine_binary,2,48,wine_binary|2|48,random_search,0,1,1,1,3.277418780032663,13,0.3341000119689852,4,7
stage1,wine_binary,2,49,wine_binary|2|49,treesat_exact,0,1,1,1,1.1262830250519853,2,0.04959999932907522,4,7
stage1,wine_binary,2,49,wine_binary|2|49,leaf_enum_bruteforce,0,1,1,1,1.1262830250519853,2,0.03619998460635543,4,7
stage1,wine_binary,2,49,wine_binary|2|49,nearest_neighbor,0,1,1,1,4.3002862398114035,13,0.009700015652924776,4,7
stage1,wine_binary,2,49,wine_binary|2|49,random_search,0,1,1,1,3.1905330001589682,13,0.3755000070668757,4,7
stage1,wine_binary,2,50,wine_binary|2|50,treesat_exact,0,1,1,1,1.2500269590896276,1,0.05169998621568084,4,7
stage1,wine_binary,2,50,wine_binary|2|50,leaf_enum_bruteforce,0,1,1,1,1.2500269590896276,1,0.03600001218728721,4,7
stage1,wine_binary,2,50,wine_binary|2|50,nearest_neighbor,0,1,1,1,3.568888798404349,13,0.010399991879239678,4,7
stage1,wine_binary,2,50,wine_binary|2|50,random_search,0,1,1,1,2.4117969202461027,13,0.33909999183379114,4,7
stage1,wine_binary,2,51,wine_binary|2|51,treesat_exact,0,1,1,1,1.5462859385556953,2,0.0501000031363219,4,7
stage1,wine_binary,2,51,wine_binary|2|51,leaf_enum_bruteforce,0,1,1,1,1.5462859385556953,2,0.035900011425837874,4,7
stage1,wine_binary,2,51,wine_binary|2|51,nearest_neighbor,0,1,1,1,4.592175925280111,13,0.009800016414374113,4,7
stage1,wine_binary,2,51,wine_binary|2|51,random_search,0,1,1,1,3.539399093202125,13,0.3310000174678862,4,7
stage1,wine_binary,2,52,wine_binary|2|52,treesat_exact,0,1,1,1,1.0758453609223009,2,0.048299989430233836,4,7
stage1,wine_binary,2,52,wine_binary|2|52,leaf_enum_bruteforce,0,1,1,1,1.0758453609223009,2,0.034900003811344504,4,7
stage1,wine_binary,2,52,wine_binary|2|52,nearest_neighbor,0,1,1,1,4.8790244453465075,13,0.009600014891475439,4,7
stage1,wine_binary,2,52,wine_binary|2|52,random_search,0,1,1,1,3.18702812631897,13,0.3397999971639365,4,7
stage1,wine_binary,2,53,wine_binary|2|53,treesat_exact,0,1,1,1,0.1624530762658741,1,0.05050000618211925,4,7
stage1,wine_binary,2,53,wine_binary|2|53,leaf_enum_bruteforce,0,1,1,1,0.1624530762658741,1,0.03530000685714185,4,7
stage1,wine_binary,2,53,wine_binary|2|53,nearest_neighbor,0,1,1,1,2.8825116960593635,13,0.009599985787644982,4,7
stage1,wine_binary,2,53,wine_binary|2|53,random_search,0,1,1,1,0.36507644629549146,13,0.35940000088885427,4,7
stage1,wine_binary,3,0,wine_binary|3|0,treesat_exact,0,1,1,1,1.6756564198509591,1,0.06640001083724201,3,5
stage1,wine_binary,3,0,wine_binary|3|0,leaf_enum_bruteforce,0,1,1,1,1.6756564198509591,1,0.042400002712383866,3,5
stage1,wine_binary,3,0,wine_binary|3|0,nearest_neighbor,0,1,1,1,5.069163768740621,13,0.015400000847876072,3,5
stage1,wine_binary,3,0,wine_binary|3|0,random_search,0,1,1,1,3.2181100176668958,13,0.37220001104287803,3,5
stage1,wine_binary,3,1,wine_binary|3|1,treesat_exact,0,1,1,1,0.45881141010697274,1,0.05440000677481294,3,5
stage1,wine_binary,3,1,wine_binary|3|1,leaf_enum_bruteforce,0,1,1,1,0.45881141010697274,1,0.03680001827888191,3,5
stage1,wine_binary,3,1,wine_binary|3|1,nearest_neighbor,0,1,1,1,4.071150883395679,13,0.011399999493733048,3,5
stage1,wine_binary,3,1,wine_binary|3|1,random_search,0,1,1,1,1.1887583075791015,13,0.3449000068940222,3,5
stage1,wine_binary,3,2,wine_binary|3|2,treesat_exact,0,1,1,1,0.0852419667003147,1,0.05080000846646726,3,5
stage1,wine_binary,3,2,wine_binary|3|2,leaf_enum_bruteforce,0,1,1,1,0.0852419667003147,1,0.03510000533424318,3,5
stage1,wine_binary,3,2,wine_binary|3|2,nearest_neighbor,0,1,1,1,1.8373046033387155,12,0.010000017937272787,3,5
stage1,wine_binary,3,2,wine_binary|3|2,random_search,0,1,1,1,0.17231377297851497,13,0.3766999871004373,3,5
stage1,wine_binary,3,3,wine_binary|3|3,treesat_exact,1,0,0,1,0.379017301520034,1,0.05460000829771161,3,5
stage1,wine_binary,3,3,wine_binary|3|3,leaf_enum_bruteforce,1,0,0,1,0.379017301520034,1,0.06669998401775956,3,5
stage1,wine_binary,3,3,wine_binary|3|3,nearest_neighbor,1,0,0,1,2.4062743671103646,12,0.011999974958598614,3,5
stage1,wine_binary,3,3,wine_binary|3|3,random_search,1,0,0,1,0.8496469547983098,13,0.3437999985180795,3,5
stage1,wine_binary,3,4,wine_binary|3|4,treesat_exact,0,1,1,1,1.8302310668512265,2,0.051000009989365935,3,5
stage1,wine_binary,3,4,wine_binary|3|4,leaf_enum_bruteforce,0,1,1,1,1.8302310668512265,2,0.03559998003765941,3,5
stage1,wine_binary,3,4,wine_binary|3|4,nearest_neighbor,0,1,1,1,5.069742770377813,12,0.009400013368576765,3,5
stage1,wine_binary,3,4,wine_binary|3|4,random_search,0,1,-1,0,,-1,0.3194000164512545,3,5
stage1,wine_binary,3,5,wine_binary|3|5,treesat_exact,0,1,1,1,0.8027658796601831,2,0.05080000846646726,3,5
stage1,wine_binary,3,5,wine_binary|3|5,leaf_enum_bruteforce,0,1,1,1,0.8027658796601831,2,0.03470000228844583,3,5
stage1,wine_binary,3,5,wine_binary|3|5,nearest_neighbor,0,1,1,1,3.142215045902385,13,0.00999998883344233,3,5
stage1,wine_binary,3,5,wine_binary|3|5,random_search,0,1,1,1,2.370050726030387,13,0.9445000032428652,3,5
stage1,wine_binary,3,6,wine_binary|3|6,treesat_exact,0,1,1,1,0.8793538821757156,2,0.11439999798312783,3,5
stage1,wine_binary,3,6,wine_binary|3|6,leaf_enum_bruteforce,0,1,1,1,0.8793538821757156,2,0.05210001836530864,3,5
stage1,wine_binary,3,6,wine_binary|3|6,nearest_neighbor,0,1,1,1,2.4184404171739406,13,0.018499995348975062,3,5
stage1,wine_binary,3,6,wine_binary|3|6,random_search,0,1,1,1,2.3390653703926043,13,0.4149999876972288,3,5
stage1,wine_binary,3,7,wine_binary|3|7,treesat_exact,0,1,1,1,0.5715878023052181,2,0.0577000027988106,3,5
stage1,wine_binary,3,7,wine_binary|3|7,leaf_enum_bruteforce,0,1,1,1,0.5715878023052181,2,0.03890000516548753,3,5
stage1,wine_binary,3,7,wine_binary|3|7,nearest_neighbor,0,1,1,1,2.413577954626712,13,0.01200000406242907,3,5
stage1,wine_binary,3,7,wine_binary|3|7,random_search,0,1,1,1,1.681939154329137,13,0.35769998794421554,3,5
stage1,wine_binary,3,8,wine_binary|3|8,treesat_exact,1,0,0,1,0.8278535756059306,1,0.05830000736750662,3,5
stage1,wine_binary,3,8,wine_binary|3|8,leaf_enum_bruteforce,1,0,0,1,0.8278535756059306,1,0.07280000136233866,3,5
stage1,wine_binary,3,8,wine_binary|3|8,nearest_neighbor,1,0,0,1,3.832988152271511,13,0.013499986380338669,3,5
stage1,wine_binary,3,8,wine_binary|3|8,random_search,1,0,0,1,1.4627047876025099,13,0.3530000103637576,3,5
stage1,wine_binary,3,9,wine_binary|3|9,treesat_exact,1,0,0,1,0.5785000900026549,1,0.05509998300112784,3,5
stage1,wine_binary,3,9,wine_binary|3|9,leaf_enum_bruteforce,1,0,0,1,0.5785000900026549,1,0.06799999391660094,3,5
stage1,wine_binary,3,9,wine_binary|3|9,nearest_neighbor,1,0,0,1,4.768362633437864,13,0.012600008631125093,3,5
stage1,wine_binary,3,9,wine_binary|3|9,random_search,1,0,0,1,1.1587567998611843,13,0.36219999310560524,3,5
stage1,wine_binary,3,10,wine_binary|3|10,treesat_exact,0,1,1,1,1.6257857227303036,1,0.053499999921768904,3,5
stage1,wine_binary,3,10,wine_binary|3|10,leaf_enum_bruteforce,0,1,1,1,1.6257857227303036,1,0.036200013710185885,3,5
stage1,wine_binary,3,10,wine_binary|3|10,nearest_neighbor,0,1,1,1,4.928445337534779,13,0.00999998883344233,3,5
stage1,wine_binary,3,10,wine_binary|3|10,random_search,0,1,1,1,3.131603549807579,13,0.3411000070627779,3,5
stage1,wine_binary,3,11,wine_binary|3|11,treesat_exact,0,1,1,1,1.8358142174984955,2,0.051300012273713946,3,5
stage1,wine_binary,3,11,wine_binary|3|11,leaf_enum_bruteforce,0,1,1,1,1.8358142174984955,2,0.03540000761859119,3,5
stage1,wine_binary,3,11,wine_binary|3|11,nearest_neighbor,0,1,1,1,4.262760493755283,13,0.009800016414374113,3,5
stage1,wine_binary,3,11,wine_binary|3|11,random_search,0,1,1,1,5.200374529827553,13,0.3268000145908445,3,5
stage1,wine_binary,3,12,wine_binary|3|12,treesat_exact,0,1,1,1,1.1263240024095338,2,0.053000025218352675,3,5
stage1,wine_binary,3,12,wine_binary|3|12,leaf_enum_bruteforce,0,1,1,1,1.1263240024095338,2,0.03759999526664615,3,5
stage1,wine_binary,3,12,wine_binary|3|12,nearest_neighbor,0,1,1,1,3.5134223479773445,13,0.011299998732283711,3,5
stage1,wine_binary,3,12,wine_binary|3|12,random_search,0,1,1,1,2.8785758361898632,13,0.3535000141710043,3,5
stage1,wine_binary,3,13,wine_binary|3|13,treesat_exact,1,0,0,1,0.2194310707339373,1,0.08699999307282269,3,5
stage1,wine_binary,3,13,wine_binary|3|13,leaf_enum_bruteforce,1,0,0,1,0.2194310707339373,1,0.06960000609979033,3,5
stage1,wine_binary,3,13,wine_binary|3|13,nearest_neighbor,1,0,0,1,1.702458578060684,12,0.01170000177808106,3,5
stage1,wine_binary,3,13,wine_binary|3|13,random_search,1,0,0,1,0.1393063758836709,13,0.38690000656060874,3,5
stage1,wine_binary,3,14,wine_binary|3|14,treesat_exact,0,1,1,1,1.1561879532805506,2,0.053499999921768904,3,5
stage1,wine_binary,3,14,wine_binary|3|14,leaf_enum_bruteforce,0,1,1,1,1.1561879532805506,2,0.03739999374374747,3,5
stage1,wine_binary,3,14,wine_binary|3|14,nearest_neighbor,0,1,1,1,4.203380860554841,13,0.010099989594891667,3,5
stage1,wine_binary,3,14,wine_binary|3|14,random_search,0,1,1,1,2.0567751220025925,13,0.3561999765224755,3,5
stage1,wine_binary,3,15,wine_binary|3|15,treesat_exact,1,0,0,1,0.668267344819834,1,0.06459999713115394,3,5
stage1,wine_binary,3,15,wine_binary|3|15,leaf_enum_bruteforce,1,0,0,1,0.668267344819834,1,0.08070000330917537,3,5
stage1,wine_binary,3,15,wine_binary|3|15,nearest_neighbor,1,0,0,1,4.077580747321246,13,0.014899997040629387,3,5
stage1,wine_binary,3,15,wine_binary|3|15,random_search,1,0,0,1,1.239783794749979,13,0.39060000563040376,3,5
stage1,wine_binary,3,16,wine_binary|3|16,treesat_exact,0,1,1,1,0.7516713630787897,1,0.05379997310228646,3,5
stage1,wine_binary,3,16,wine_binary|3|16,leaf_enum_bruteforce,0,1,1,1,0.7516713630787897,1,0.035500008380040526,3,5
stage1,wine_binary,3,16,wine_binary|3|16,nearest_neighbor,0,1,1,1,3.839823695934192,11,0.010299991117790341,3,5
stage1,wine_binary,3,16,wine_binary|3|16,random_search,0,1,1,1,1.8535910036309533,13,0.34759999834932387,3,5
stage1,wine_binary,3,17,wine_binary|3|17,treesat_exact,1,0,0,1,1.0871812006333375,1,0.05669999518431723,3,5
stage1,wine_binary,3,17,wine_binary|3|17,leaf_enum_bruteforce,1,0,0,1,1.0871812006333375,1,0.06740001845173538,3,5
stage1,wine_binary,3,17,wine_binary|3|17,nearest_neighbor,1,0,0,1,3.1539580665647704,13,0.011899974197149277,3,5
stage1,wine_binary,3,17,wine_binary|3|17,random_search,1,0,0,1,1.8784287797745973,13,0.3378000110387802,3,5
stage1,wine_binary,3,18,wine_binary|3|18,treesat_exact,0,1,1,1,1.0213427932412422,1,0.05219999002292752,3,5
stage1,wine_binary,3,18,wine_binary|3|18,leaf_enum_bruteforce,0,1,1,1,1.0213427932412422,1,0.035500008380040526,3,5
stage1,wine_binary,3,18,wine_binary|3|18,nearest_neighbor,0,1,1,1,3.319958440395813,13,0.00999998883344233,3,5
stage1,wine_binary,3,18,wine_binary|3|18,random_search,0,1,1,1,1.9749972000670954,13,0.3665999975055456,3,5
stage1,wine_binary,3,19,wine_binary|3|19,treesat_exact,0,1,1,1,1.3498886535910324,2,0.05440000677481294,3,5
stage1,wine_binary,3,19,wine_binary|3|19,leaf_enum_bruteforce,0,1,1,1,1.3498886535910324,2,0.036500015994533896,3,5
stage1,wine_binary,3,19,wine_binary|3|19,nearest_neighbor,0,1,1,1,4.234005063559821,13,0.009899988071992993,3,5
stage1,wine_binary,3,19,wine_binary|3|19,random_search,0,1,1,1,2.829238277089869,13,0.3338000096846372,3,5
stage1,wine_binary,3,20,wine_binary|3|20,treesat_exact,0,1,1,1,0.8588505581286152,2,0.05640002200379968,3,5
stage1,wine_binary,3,20,wine_binary|3|20,leaf_enum_bruteforce,0,1,1,1,0.8588505581286152,2,0.04159999662078917,3,5
stage1,wine_binary,3,20,wine_binary|3|20,nearest_neighbor,0,1,1,1,2.8029982868316745,13,0.012300006346777081,3,5
stage1,wine_binary,3,20,wine_binary|3|20,random_search,0,1,1,1,1.4299496171188533,13,0.3758000093512237,3,5
stage1,wine_binary,3,21,wine_binary|3|21,treesat_exact,0,1,1,1,1.3322437391029578,2,0.050799979362636805,3,5
stage1,wine_binary,3,21,wine_binary|3|21,leaf_enum_bruteforce,0,1,1,1,1.3322437391029578,2,0.03560000914148986,3,5
stage1,wine_binary,3,21,wine_binary|3|21,nearest_neighbor,0,1,1,1,3.3194713505721483,13,0.009899988071992993,3,5
stage1,wine_binary,3,21,wine_binary|3|21,random_search,0,1,1,1,2.2307364142823554,13,0.3370000049471855,3,5
stage1,wine_binary,3,22,wine_binary|3|22,treesat_exact,0,1,1,1,1.0273373572824418,1,0.05909998435527086,3,5
stage1,wine_binary,3,22,wine_binary|3|22,leaf_enum_bruteforce,0,1,1,1,1.0273373572824418,1,0.0357000099029392,3,5
stage1,wine_binary,3,22,wine_binary|3|22,nearest_neighbor,0,1,1,1,5.1214527338401465,13,0.009899988071992993,3,5
stage1,wine_binary,3,22,wine_binary|3|22,random_search,0,1,1,1,2.7283743862775314,13,0.3347000165376812,3,5
stage1,wine_binary,3,23,wine_binary|3|23,treesat_exact,0,1,1,1,0.757870706300915,1,0.04849999095313251,3,5
stage1,wine_binary,3,23,wine_binary|3|23,leaf_enum_bruteforce,0,1,1,1,0.757870706300915,1,0.033899996196851134,3,5
stage1,wine_binary,3,23,wine_binary|3|23,nearest_neighbor,0,1,1,1,2.800704182059605,13,0.009599985787644982,3,5
stage1,wine_binary,3,23,wine_binary|3|23,random_search,0,1,1,1,1.3858122691348427,13,0.33829998574219644,3,5
stage1,wine_binary,3,24,wine_binary|3|24,treesat_exact,0,1,1,1,1.9404170393918228,2,0.048699992476031184,3,5
stage1,wine_binary,3,24,wine_binary|3|24,leaf_enum_bruteforce,0,1,1,1,1.9404170393918228,2,0.03460000152699649,3,5
stage1,wine_binary,3,24,wine_binary|3|24,nearest_neighbor,0,1,1,1,5.487242364700725,13,0.009499985026195645,3,5
stage1,wine_binary,3,24,wine_binary|3|24,random_search,0,1,-1,0,,-1,0.38640000275336206,3,5
stage1,wine_binary,3,25,wine_binary|3|25,treesat_exact,1,0,0,1,0.8577759938783236,1,0.09139999747276306,3,5
stage1,wine_binary,3,25,wine_binary|3|25,leaf_enum_bruteforce,1,0,0,1,0.8577759938783236,1,0.07139999070204794,3,5
stage1,wine_binary,3,25,wine_binary|3|25,nearest_neighbor,1,0,0,1,4.1557187009027095,13,0.01789999078027904,3,5
stage1,wine_binary,3,25,wine_binary|3|25,random_search,1,0,0,1,0.5142369242680425,13,0.391999987186864,3,5
stage1,wine_binary,3,26,wine_binary|3|26,treesat_exact,0,1,1,1,0.8663592126881087,1,0.052499992307275534,3,5
stage1,wine_binary,3,26,wine_binary|3|26,leaf_enum_bruteforce,0,1,1,1,0.8663592126881087,1,0.03660001675598323,3,5
stage1,wine_binary,3,26,wine_binary|3|26,nearest_neighbor,0,1,1,1,2.5046276570611097,13,0.010100018698722124,3,5
stage1,wine_binary,3,26,wine_binary|3|26,random_search,0,1,1,1,1.9365595219782543,13,0.34950001281686127,3,5
stage1,wine_binary,3,27,wine_binary|3|27,treesat_exact,0,1,1,1,1.0394076892155013,2,0.05029997555539012,3,5
stage1,wine_binary,3,27,wine_binary|3|27,leaf_enum_bruteforce,0,1,1,1,1.0394076892155013,2,0.03510000533424318,3,5
stage1,wine_binary,3,27,wine_binary|3|27,nearest_neighbor,0,1,1,1,4.968480569787832,13,0.009899988071992993,3,5
stage1,wine_binary,3,27,wine_binary|3|27,random_search,0,1,1,1,2.6764440771415297,13,0.3315000212751329,3,5
stage1,wine_binary,3,28,wine_binary|3|28,treesat_exact,1,0,0,1,0.6782414842439652,1,0.052099989261478186,3,5
stage1,wine_binary,3,28,wine_binary|3|28,leaf_enum_bruteforce,1,0,0,1,0.6782414842439652,1,0.1858999894466251,3,5
stage1,wine_binary,3,28,wine_binary|3|28,nearest_neighbor,1,0,0,1,3.33330548482409,13,0.02300000051036477,3,5
stage1,wine_binary,3,28,wine_binary|3|28,random_search,1,0,0,1,1.496213328132332,13,0.44230002094991505,3,5
stage1,wine_binary,3,29,wine_binary|3|29,treesat_exact,1,0,0,1,0.668267344819834,1,0.10039997869171202,3,5
stage1,wine_binary,3,29,wine_binary|3|29,leaf_enum_bruteforce,1,0,0,1,0.668267344819834,1,0.07399998139590025,3,5
stage1,wine_binary,3,29,wine_binary|3|29,nearest_neighbor,1,0,0,1,2.844504115565476,13,0.01379998866468668,3,5
stage1,wine_binary,3,29,wine_binary|3|29,random_search,1,0,0,1,1.1504782585648694,13,0.37220001104287803,3,5
stage1,wine_binary,3,30,wine_binary|3|30,treesat_exact,0,1,1,1,0.9336808788869579,2,0.056599994422867894,3,5
stage1,wine_binary,3,30,wine_binary|3|30,leaf_enum_bruteforce,0,1,1,1,0.9336808788869579,2,0.03850000211969018,3,5
stage1,wine_binary,3,30,wine_binary|3|30,nearest_neighbor,0,1,1,1,4.129231646067714,13,0.011199997970834374,3,5
stage1,wine_binary,3,30,wine_binary|3|30,random_search,0,1,1,1,2.6198959634977594,13,0.3437999985180795,3,5
stage1,wine_binary,3,31,wine_binary|3|31,treesat_exact,0,1,1,1,1.201202503544518,2,0.05420000525191426,3,5
stage1,wine_binary,3,31,wine_binary|3|31,leaf_enum_bruteforce,0,1,1,1,1.201202503544518,2,0.036699988413602114,3,5
stage1,wine_binary,3,31,wine_binary|3|31,nearest_neighbor,0,1,1,1,3.912539402588792,13,0.010100018698722124,3,5
stage1,wine_binary,3,31,wine_binary|3|31,random_search,0,1,1,1,2.3742381927473715,13,0.3352999920025468,3,5
stage1,wine_binary,3,32,wine_binary|3|32,treesat_exact,1,0,0,1,0.4288879986406894,1,0.056200020480901,3,5
stage1,wine_binary,3,32,wine_binary|3|32,leaf_enum_bruteforce,1,0,0,1,0.4288879986406894,1,0.06940000457689166,3,5
stage1,wine_binary,3,32,wine_binary|3|32,nearest_neighbor,1,0,0,1,4.1920783360911305,13,0.011500000255182385,3,5
stage1,wine_binary,3,32,wine_binary|3|32,random_search,1,0,0,1,0.6371800370828101,13,0.6104999920353293,3,5
stage1,wine_binary,3,33,wine_binary|3|33,treesat_exact,0,1,1,1,0.1396389485347798,1,0.18470000941306353,3,5
stage1,wine_binary,3,33,wine_binary|3|33,leaf_enum_bruteforce,0,1,1,1,0.1396389485347798,1,0.12840001727454364,3,5
stage1,wine_binary,3,33,wine_binary|3|33,nearest_neighbor,0,1,1,1,2.5419172688681524,13,0.03580001066438854,3,5
stage1,wine_binary,3,33,wine_binary|3|33,random_search,0,1,1,1,0.2920335047891165,13,1.2505000049714,3,5
stage1,wine_binary,3,34,wine_binary|3|34,treesat_exact,1,0,0,1,0.6084225082750477,1,0.1309000072069466,3,5
stage1,wine_binary,3,34,wine_binary|3|34,leaf_enum_bruteforce,1,0,0,1,0.6084225082750477,1,0.15879998682066798,3,5
stage1,wine_binary,3,34,wine_binary|3|34,nearest_neighbor,1,0,0,1,3.0014765048598644,13,0.02579999272711575,3,5
stage1,wine_binary,3,34,wine_binary|3|34,random_search,1,0,0,1,1.3032653422193436,13,0.8158999844454229,3,5
stage1,wine_binary,3,35,wine_binary|3|35,treesat_exact,1,0,0,1,0.1994827918856752,1,0.13080000644549727,3,5
stage1,wine_binary,3,35,wine_binary|3|35,leaf_enum_bruteforce,1,0,0,1,0.1994827918856752,1,0.168999977177009,3,5
stage1,wine_binary,3,35,wine_binary|3|35,nearest_neighbor,1,0,0,1,4.237294737276539,13,0.028000009479001164,3,5
stage1,wine_binary,3,35,wine_binary|3|35,random_search,1,0,0,1,0.4314192516037837,13,0.9834999800659716,3,5
stage1,wine_binary,3,36,wine_binary|3|36,treesat_exact,1,0,0,1,1.426301941053793,1,0.12370001059025526,3,5
stage1,wine_binary,3,36,wine_binary|3|36,leaf_enum_bruteforce,1,0,0,1,1.426301941053793,1,0.14749998808838427,3,5
stage1,wine_binary,3,36,wine_binary|3|36,nearest_neighbor,1,0,0,1,4.366466641079599,13,0.05569998756982386,3,5
stage1,wine_binary,3,36,wine_binary|3|36,random_search,1,0,0,1,2.1087395339359594,13,0.7661999843548983,3,5
stage1,wine_binary,3,37,wine_binary|3|37,treesat_exact,0,1,1,1,1.0767122893473244,2,0.13499998021870852,3,5
stage1,wine_binary,3,37,wine_binary|3|37,leaf_enum_bruteforce,0,1,1,1,1.0767122893473244,2,0.09049999061971903,3,5
stage1,wine_binary,3,37,wine_binary|3|37,nearest_neighbor,0,1,1,1,3.480606202368088,13,0.02239999594166875,3,5
stage1,wine_binary,3,37,wine_binary|3|37,random_search,0,1,1,1,2.470028215077344,13,0.7264000014401972,3,5
stage1,wine_binary,3,38,wine_binary|3|38,treesat_exact,1,0,0,1,0.6582932053957031,1,0.17139999545179307,3,5
stage1,wine_binary,3,38,wine_binary|3|38,leaf_enum_bruteforce,1,0,0,1,0.6582932053957031,1,0.13839997700415552,3,5
stage1,wine_binary,3,38,wine_binary|3|38,nearest_neighbor,1,0,0,1,3.0960410252837804,12,0.017400016076862812,3,5
stage1,wine_binary,3,38,wine_binary|3|38,random_search,1,0,0,1,1.0538524374992229,13,0.531600002432242,3,5
stage1,wine_binary,3,39,wine_binary|3|39,treesat_exact,0,1,1,1,1.1329309712394984,1,0.07830001413822174,3,5
stage1,wine_binary,3,39,wine_binary|3|39,leaf_enum_bruteforce,0,1,1,1,1.1329309712394984,1,0.05339999916031957,3,5
stage1,wine_binary,3,39,wine_binary|3|39,nearest_neighbor,0,1,1,1,3.6425192706856833,13,0.014899997040629387,3,5
stage1,wine_binary,3,39,wine_binary|3|39,random_search,0,1,1,1,1.9310550471911339,13,0.5364999815355986,3,5
stage1,wine_binary,3,40,wine_binary|3|40,treesat_exact,0,1,1,1,1.2184732819833117,2,0.0805000017862767,3,5
stage1,wine_binary,3,40,wine_binary|3|40,leaf_enum_bruteforce,0,1,1,1,1.2184732819833117,2,0.05460000829771161,3,5
stage1,wine_binary,3,40,wine_binary|3|40,nearest_neighbor,0,1,1,1,4.143462433844767,13,0.01619997783564031,3,5
stage1,wine_binary,3,40,wine_binary|3|40,random_search,0,1,1,1,4.773449955223585,13,0.44839998008683324,3,5
stage1,wine_binary,3,41,wine_binary|3|41,treesat_exact,1,0,0,1,0.9275949698472412,1,0.06709998706355691,3,5
stage1,wine_binary,3,41,wine_binary|3|41,leaf_enum_bruteforce,1,0,0,1,0.9275949698472412,1,0.08450000314041972,3,5
stage1,wine_binary,3,41,wine_binary|3|41,nearest_neighbor,1,0,0,1,3.0886710914881803,13,0.1404999929945916,3,5
stage1,wine_binary,3,41,wine_binary|3|41,random_search,1,0,0,1,2.336338821558777,13,0.81490000593476,3,5
stage1,wine_binary,3,42,wine_binary|3|42,treesat_exact,0,1,1,1,0.1472353989215682,1,0.0957000011112541,3,5
stage1,wine_binary,3,42,wine_binary|3|42,leaf_enum_bruteforce,0,1,1,1,0.1472353989215682,1,0.06329998723231256,3,5
stage1,wine_binary,3,42,wine_binary|3|42,nearest_neighbor,0,1,1,1,2.522431145765179,12,0.020700012100860476,3,5
stage1,wine_binary,3,42,wine_binary|3|42,random_search,0,1,1,1,0.3380612424945629,13,0.5622000026050955,3,5
stage1,wine_binary,3,43,wine_binary|3|43,treesat_exact,0,1,1,1,1.925070578922626,2,0.07499998901039362,3,5
stage1,wine_binary,3,43,wine_binary|3|43,leaf_enum_bruteforce,0,1,1,1,1.925070578922626,2,0.050000002374872565,3,5
stage1,wine_binary,3,43,wine_binary|3|43,nearest_neighbor,0,1,1,1,4.637458997902584,13,0.014699995517730713,3,5
stage1,wine_binary,3,43,wine_binary|3|43,random_search,0,1,1,1,4.279811947627653,13,0.44440000783652067,3,5
stage1,wine_binary,3,44,wine_binary|3|44,treesat_exact,0,1,1,1,0.94186116487472,2,0.07000000914558768,3,5
stage1,wine_binary,3,44,wine_binary|3|44,leaf_enum_bruteforce,0,1,1,1,0.94186116487472,2,0.048200017772614956,3,5
stage1,wine_binary,3,44,wine_binary|3|44,nearest_neighbor,0,1,1,1,5.080202740446557,13,0.013500015484169126,3,5
stage1,wine_binary,3,44,wine_binary|3|44,random_search,0,1,1,1,1.483100617486734,13,0.4811999970115721,3,5
stage1,wine_binary,3,45,wine_binary|3|45,treesat_exact,0,1,1,1,0.1196906696865177,1,0.06640001083724201,3,5
stage1,wine_binary,3,45,wine_binary|3|45,leaf_enum_bruteforce,0,1,1,1,0.1196906696865177,1,0.04650000482797623,3,5
stage1,wine_binary,3,45,wine_binary|3|45,nearest_neighbor,0,1,1,1,1.3654672203464313,12,0.012900010915473104,3,5
stage1,wine_binary,3,45,wine_binary|3|45,random_search,0,1,1,1,0.24042223014801473,13,0.46759998076595366,3,5
stage1,wine_binary,3,46,wine_binary|3|46,treesat_exact,0,1,1,1,1.3869477144516964,2,0.06469999789260328,3,5
stage1,wine_binary,3,46,wine_binary|3|46,leaf_enum_bruteforce,0,1,1,1,1.3869477144516964,2,0.04469999112188816,3,5
stage1,wine_binary,3,46,wine_binary|3|46,nearest_neighbor,0,1,1,1,4.6122823191191,13,0.012300006346777081,3,5
stage1,wine_binary,3,46,wine_binary|3|46,random_search,0,1,1,1,2.068943386086044,13,0.4140000091865659,3,5
stage1,wine_binary,3,47,wine_binary|3|47,treesat_exact,0,1,1,1,0.6369835134694707,1,0.06429999484680593,3,5
stage1,wine_binary,3,47,wine_binary|3|47,leaf_enum_bruteforce,0,1,1,1,0.6369835134694707,1,0.044400017941370606,3,5
stage1,wine_binary,3,47,wine_binary|3|47,nearest_neighbor,0,1,1,1,3.303314932074284,12,0.012200005585327744,3,5
stage1,wine_binary,3,47,wine_binary|3|47,random_search,0,1,1,1,1.3439923706627421,13,0.4138000076636672,3,5
stage1,wine_binary,3,48,wine_binary|3|48,treesat_exact,1,0,0,1,0.059844839947841066,1,0.05819997750222683,3,5
stage1,wine_binary,3,48,wine_binary|3|48,leaf_enum_bruteforce,1,0,0,1,0.059844839947841066,1,0.06819999543949962,3,5
stage1,wine_binary,3,48,wine_binary|3|48,nearest_neighbor,1,0,0,1,2.748934838226578,13,0.013899989426136017,3,5
stage1,wine_binary,3,48,wine_binary|3|48,random_search,1,0,0,1,0.14723770300381528,13,0.39049997576512396,3,5
stage1,wine_binary,3,49,wine_binary|3|49,treesat_exact,1,0,0,1,0.5685259505785236,1,0.05520001286640763,3,5
stage1,wine_binary,3,49,wine_binary|3|49,leaf_enum_bruteforce,1,0,0,1,0.5685259505785236,1,0.0706000137142837,3,5
stage1,wine_binary,3,49,wine_binary|3|49,nearest_neighbor,1,0,0,1,3.3210324632678905,13,0.011099997209385037,3,5
stage1,wine_binary,3,49,wine_binary|3|49,random_search,1,0,0,1,1.1176833724317201,13,0.35340001340955496,3,5
stage1,wine_binary,3,50,wine_binary|3|50,treesat_exact,0,1,1,1,1.219828019039902,2,0.10219999239780009,3,5
stage1,wine_binary,3,50,wine_binary|3|50,leaf_enum_bruteforce,0,1,1,1,1.219828019039902,2,0.03640001523308456,3,5
stage1,wine_binary,3,50,wine_binary|3|50,nearest_neighbor,0,1,1,1,4.273453805812045,13,0.012500007869675756,3,5
stage1,wine_binary,3,50,wine_binary|3|50,random_search,0,1,1,1,2.6523547243039403,13,0.35390001721680164,3,5
stage1,wine_binary,3,51,wine_binary|3|51,treesat_exact,0,1,1,1,0.4510032168057102,1,0.05319999763742089,3,5
stage1,wine_binary,3,51,wine_binary|3|51,leaf_enum_bruteforce,0,1,1,1,0.4510032168057102,1,0.03589998232200742,3,5
stage1,wine_binary,3,51,wine_binary|3|51,nearest_neighbor,0,1,1,1,4.438176722558383,12,0.00990001717582345,3,5
stage1,wine_binary,3,51,wine_binary|3|51,random_search,0,1,1,1,1.2807328728657341,13,0.3529000096023083,3,5
stage1,wine_binary,3,52,wine_binary|3|52,treesat_exact,1,0,0,1,0.46878455633721317,1,0.05390000296756625,3,5
stage1,wine_binary,3,52,wine_binary|3|52,leaf_enum_bruteforce,1,0,0,1,0.46878455633721317,1,0.06760001997463405,3,5
stage1,wine_binary,3,52,wine_binary|3|52,nearest_neighbor,1,0,0,1,3.365096834582001,13,0.011199997970834374,3,5
stage1,wine_binary,3,52,wine_binary|3|52,random_search,1,0,0,1,1.1571760192521159,13,0.3473999968264252,3,5
stage1,wine_binary,3,53,wine_binary|3|53,treesat_exact,0,1,1,1,0.6242450121138744,2,0.0509000092279166,3,5
stage1,wine_binary,3,53,wine_binary|3|53,leaf_enum_bruteforce,0,1,1,1,0.6242450121138744,2,0.03580001066438854,3,5
stage1,wine_binary,3,53,wine_binary|3|53,nearest_neighbor,0,1,1,1,3.394400895002512,13,0.009799987310543656,3,5
stage1,wine_binary,3,53,wine_binary|3|53,random_search,0,1,1,1,1.7623909031927236,13,0.3333000058773905,3,5
stage1,wine_binary,4,0,wine_binary|4|0,treesat_exact,0,1,1,1,1.4836007137054839,1,0.07139999070204794,7,13
stage1,wine_binary,4,0,wine_binary|4|0,leaf_enum_bruteforce,0,1,1,1,1.4836007137054839,1,0.11839999933727086,7,13
stage1,wine_binary,4,0,wine_binary|4|0,nearest_neighbor,0,1,1,1,4.832971589831933,13,0.014500023098662496,7,13
stage1,wine_binary,4,0,wine_binary|4|0,random_search,0,1,1,1,3.645537823096381,13,0.36910001654177904,7,13
stage1,wine_binary,4,1,wine_binary|4|1,treesat_exact,1,0,0,1,0.2698837522728238,1,0.06269998266361654,7,13
stage1,wine_binary,4,1,wine_binary|4|1,leaf_enum_bruteforce,1,0,0,1,0.2698837522728238,1,0.16189998132176697,7,13
stage1,wine_binary,4,1,wine_binary|4|1,nearest_neighbor,1,0,0,1,4.9353045748736815,13,0.01300001167692244,7,13
stage1,wine_binary,4,1,wine_binary|4|1,random_search,1,0,0,1,0.5749702772037525,13,0.3695000195875764,7,13
stage1,wine_binary,4,2,wine_binary|4|2,treesat_exact,0,1,1,1,1.0479657368222375,2,0.056899996707215905,7,13
stage1,wine_binary,4,2,wine_binary|4|2,leaf_enum_bruteforce,0,1,1,1,1.0479657368222375,2,0.06740001845173538,7,13
stage1,wine_binary,4,2,wine_binary|4|2,nearest_neighbor,0,1,1,1,3.617581356810982,13,0.010100018698722124,7,13
stage1,wine_binary,4,2,wine_binary|4|2,random_search,0,1,1,1,1.92281770599865,13,0.34779999987222254,7,13
stage1,wine_binary,4,3,wine_binary|4|3,treesat_exact,1,0,0,1,0.594438941186219,1,0.05699999746866524,7,13
stage1,wine_binary,4,3,wine_binary|4|3,leaf_enum_bruteforce,1,0,0,1,0.594438941186219,1,0.15720000374130905,7,13
stage1,wine_binary,4,3,wine_binary|4|3,nearest_neighbor,1,0,0,1,3.092447346761136,12,0.0109999964479357,7,13
stage1,wine_binary,4,3,wine_binary|4|3,random_search,1,0,0,1,1.2245701955966224,13,0.3510999958962202,7,13
stage1,wine_binary,4,4,wine_binary|4|4,treesat_exact,0,1,1,1,1.2639271846846392,2,0.054100004490464926,7,13
stage1,wine_binary,4,4,wine_binary|4|4,leaf_enum_bruteforce,0,1,1,1,1.2639271846846392,2,0.06650001159869134,7,13
stage1,wine_binary,4,4,wine_binary|4|4,nearest_neighbor,0,1,1,1,4.700983479111776,12,0.009800016414374113,7,13
stage1,wine_binary,4,4,wine_binary|4|4,random_search,0,1,1,1,2.465082268149779,13,0.3386999887879938,7,13
stage1,wine_binary,4,5,wine_binary|4|5,treesat_exact,0,1,1,1,1.2635150366216725,2,0.155699992319569,7,13
stage1,wine_binary,4,5,wine_binary|4|5,leaf_enum_bruteforce,0,1,1,1,1.2635150366216725,2,0.11170000652782619,7,13
stage1,wine_binary,4,5,wine_binary|4|5,nearest_neighbor,0,1,1,1,3.5681215080021547,13,0.021799991372972727,7,13
stage1,wine_binary,4,5,wine_binary|4|5,random_search,0,1,1,1,2.2425378132664595,13,0.5798999918624759,7,13
stage1,wine_binary,4,6,wine_binary|4|6,treesat_exact,0,1,1,1,0.7296091297238843,2,0.07650000043213367,7,13
stage1,wine_binary,4,6,wine_binary|4|6,leaf_enum_bruteforce,0,1,1,1,0.7296091297238843,2,0.08430000161752105,7,13
stage1,wine_binary,4,6,wine_binary|4|6,nearest_neighbor,0,1,1,1,3.7789269534248464,13,0.014199991710484028,7,13
stage1,wine_binary,4,6,wine_binary|4|6,random_search,0,1,1,1,2.431560803364781,13,1.6536999901290983,7,13
stage1,wine_binary,4,7,wine_binary|4|7,treesat_exact,0,1,1,1,1.2260392812117709,2,0.7833000272512436,7,13
stage1,wine_binary,4,7,wine_binary|4|7,leaf_enum_bruteforce,0,1,1,1,1.2260392812117709,2,0.6358000100590289,7,13
stage1,wine_binary,4,7,wine_binary|4|7,nearest_neighbor,0,1,1,1,3.4074043845450377,13,0.0990999978967011,7,13
stage1,wine_binary,4,7,wine_binary|4|7,random_search,0,1,1,1,2.7873140271566403,13,2.834899991285056,7,13
stage1,wine_binary,4,8,wine_binary|4|8,treesat_exact,1,0,0,1,0.7143257866607404,1,0.4063999804202467,7,13
stage1,wine_binary,4,8,wine_binary|4|8,leaf_enum_bruteforce,1,0,0,1,0.7143257866607404,1,1.122299989219755,7,13
stage1,wine_binary,4,8,wine_binary|4|8,nearest_neighbor,1,0,0,1,2.624927928733203,13,0.08829997386783361,7,13
stage1,wine_binary,4,8,wine_binary|4|8,random_search,1,0,0,1,1.340374946958483,13,2.279300009831786,7,13
stage1,wine_binary,4,9,wine_binary|4|9,treesat_exact,0,1,1,1,1.5538242784040275,2,0.34380002762191,7,13
stage1,wine_binary,4,9,wine_binary|4|9,leaf_enum_bruteforce,0,1,1,1,1.5538242784040275,2,0.1047999830916524,7,13
stage1,wine_binary,4,9,wine_binary|4|9,nearest_neighbor,0,1,1,1,5.1947342038888635,13,0.020000006770715117,7,13
stage1,wine_binary,4,9,wine_binary|4|9,random_search,0,1,1,1,3.2751780815341847,13,0.41599999531172216,7,13
stage1,wine_binary,4,10,wine_binary|4|10,treesat_exact,0,1,1,1,0.8260802722914472,2,0.06540000322274864,7,13
stage1,wine_binary,4,10,wine_binary|4|10,leaf_enum_bruteforce,0,1,1,1,0.8260802722914472,2,0.07180002285167575,7,13
stage1,wine_binary,4,10,wine_binary|4|10,nearest_neighbor,0,1,1,1,3.2252158614730138,13,0.012499978765845299,7,13
stage1,wine_binary,4,10,wine_binary|4|10,random_search,0,1,1,1,1.2372984580131943,13,0.3813000221271068,7,13
stage1,wine_binary,4,11,wine_binary|4|11,treesat_exact,0,1,1,1,1.002902355961738,1,0.05959998816251755,7,13
stage1,wine_binary,4,11,wine_binary|4|11,leaf_enum_bruteforce,0,1,1,1,1.002902355961738,1,0.06920000305399299,7,13
stage1,wine_binary,4,11,wine_binary|4|11,nearest_neighbor,0,1,1,1,3.1321167235013716,13,0.01069999416358769,7,13
stage1,wine_binary,4,11,wine_binary|4|11,random_search,0,1,1,1,2.8742006645421765,13,0.3485000052023679,7,13
stage1,wine_binary,4,12,wine_binary|4|12,treesat_exact,1,0,0,1,1.386069645619887,1,0.060399994254112244,7,13
stage1,wine_binary,4,12,wine_binary|4|12,leaf_enum_bruteforce,1,0,0,1,1.386069645619887,1,0.3428000200074166,7,13
stage1,wine_binary,4,12,wine_binary|4|12,nearest_neighbor,1,0,0,1,3.7503240901761092,13,0.022599997464567423,7,13
stage1,wine_binary,4,12,wine_binary|4|12,random_search,1,0,0,1,2.5576642343747302,13,0.43169999844394624,7,13
stage1,wine_binary,4,13,wine_binary|4|13,treesat_exact,0,1,1,1,1.8727154892141251,2,0.06350001785904169,7,13
stage1,wine_binary,4,13,wine_binary|4|13,leaf_enum_bruteforce,0,1,1,1,1.8727154892141251,2,0.06959997699595988,7,13
stage1,wine_binary,4,13,wine_binary|4|13,nearest_neighbor,0,1,1,1,4.6509272133484805,13,0.01200000406242907,7,13
stage1,wine_binary,4,13,wine_binary|4|13,random_search,0,1,1,1,5.4287115716696235,13,0.3465999907348305,7,13
stage1,wine_binary,4,14,wine_binary|4|14,treesat_exact,0,1,1,1,0.8648274581705829,2,0.0604000233579427,7,13
stage1,wine_binary,4,14,wine_binary|4|14,leaf_enum_bruteforce,0,1,1,1,0.8648274581705829,2,0.07780001033097506,7,13
stage1,wine_binary,4,14,wine_binary|4|14,nearest_neighbor,0,1,1,1,3.6903795469261493,12,0.012100004823878407,7,13
stage1,wine_binary,4,14,wine_binary|4|14,random_search,0,1,1,1,2.2139398418800975,13,0.3559999749995768,7,13
stage1,wine_binary,4,15,wine_binary|4|15,treesat_exact,0,1,1,1,1.043587043512295,2,0.05679999594576657,7,13
stage1,wine_binary,4,15,wine_binary|4|15,leaf_enum_bruteforce,0,1,1,1,1.043587043512295,2,0.06779999239370227,7,13
stage1,wine_binary,4,15,wine_binary|4|15,nearest_neighbor,0,1,1,1,4.591581751108084,13,0.010799994925037026,7,13
stage1,wine_binary,4,15,wine_binary|4|15,random_search,0,1,1,1,2.126383444980812,13,0.34119997872039676,7,13
stage1,wine_binary,4,16,wine_binary|4|16,treesat_exact,0,1,1,1,1.1065709189311164,2,0.05460000829771161,7,13
stage1,wine_binary,4,16,wine_binary|4|16,leaf_enum_bruteforce,0,1,1,1,1.1065709189311164,2,0.06660001236014068,7,13
stage1,wine_binary,4,16,wine_binary|4|16,nearest_neighbor,0,1,1,1,4.362436268752011,13,0.010099989594891667,7,13
stage1,wine_binary,4,16,wine_binary|4|16,random_search,0,1,1,1,2.820965924241364,13,0.33989999792538583,7,13
stage1,wine_binary,4,17,wine_binary|4|17,treesat_exact,0,1,1,1,1.3468047004913557,2,0.053800002206116915,7,13
stage1,wine_binary,4,17,wine_binary|4|17,leaf_enum_bruteforce,0,1,1,1,1.3468047004913557,2,0.06629998097196221,7,13
stage1,wine_binary,4,17,wine_binary|4|17,nearest_neighbor,0,1,1,1,3.3087979048596616,13,0.010499992640689015,7,13
stage1,wine_binary,4,17,wine_binary|4|17,random_search,0,1,1,1,3.0287761869748016,13,0.3755000070668757,7,13
stage1,wine_binary,4,18,wine_binary|4|18,treesat_exact,0,1,1,1,1.226057815465575,2,0.05669999518431723,7,13
stage1,wine_binary,4,18,wine_binary|4|18,leaf_enum_bruteforce,0,1,1,1,1.226057815465575,2,0.06719998782500625,7,13
stage1,wine_binary,4,18,wine_binary|4|18,nearest_neighbor,0,1,1,1,2.974827459932167,13,0.010299991117790341,7,13
stage1,wine_binary,4,18,wine_binary|4|18,random_search,0,1,1,1,3.0569898446661274,13,0.34410000080242753,7,13
stage1,wine_binary,4,19,wine_binary|4|19,treesat_exact,0,1,1,1,1.3793147704839621,2,0.053800002206116915,7,13
stage1,wine_binary,4,19,wine_binary|4|19,leaf_enum_bruteforce,0,1,1,1,1.3793147704839621,2,0.06670001312159002,7,13
stage1,wine_binary,4,19,wine_binary|4|19,nearest_neighbor,0,1,1,1,4.019877694002898,13,0.010199990356341004,7,13
stage1,wine_binary,4,19,wine_binary|4|19,random_search,0,1,1,1,3.0989415793683266,13,0.33939999411813915,7,13
stage1,wine_binary,4,20,wine_binary|4|20,treesat_exact,1,0,0,1,0.2048066933940249,1,0.058900011936202645,7,13
stage1,wine_binary,4,20,wine_binary|4|20,leaf_enum_bruteforce,1,0,0,1,0.2048066933940249,1,0.17090002074837685,7,13
stage1,wine_binary,4,20,wine_binary|4|20,nearest_neighbor,1,0,0,1,2.024598903576656,12,0.012500007869675756,7,13
stage1,wine_binary,4,20,wine_binary|4|20,random_search,1,0,0,1,0.37958046588473965,13,0.37590001011267304,7,13
stage1,wine_binary,4,21,wine_binary|4|21,treesat_exact,1,0,0,1,0.34467467978096616,1,0.060399994254112244,7,13
stage1,wine_binary,4,21,wine_binary|4|21,leaf_enum_bruteforce,1,0,0,1,0.34467467978096616,1,0.16589998267591,7,13
stage1,wine_binary,4,21,wine_binary|4|21,nearest_neighbor,1,0,0,1,4.239532344524628,13,0.011900003300979733,7,13
stage1,wine_binary,4,21,wine_binary|4|21,random_search,1,0,0,1,0.8136368546838418,13,0.3549999964889139,7,13
stage1,wine_binary,4,22,wine_binary|4|22,treesat_exact,1,0,0,1,1.3237505844895576,1,0.056199991377070546,7,13
stage1,wine_binary,4,22,wine_binary|4|22,leaf_enum_bruteforce,1,0,0,1,1.3237505844895576,1,0.15730000450275838,7,13
stage1,wine_binary,4,22,wine_binary|4|22,nearest_neighbor,1,0,0,1,4.938249726112461,12,0.01069999416358769,7,13
stage1,wine_binary,4,22,wine_binary|4|22,random_search,1,0,0,1,2.6120525049207357,13,0.3307999868411571,7,13
stage1,wine_binary,4,23,wine_binary|4|23,treesat_exact,0,1,1,1,1.8692747132596481,2,0.05600001895800233,7,13
stage1,wine_binary,4,23,wine_binary|4|23,leaf_enum_bruteforce,0,1,1,1,1.8692747132596481,2,0.06819999543949962,7,13
stage1,wine_binary,4,23,wine_binary|4|23,nearest_neighbor,0,1,1,1,4.451118763847024,13,0.010099989594891667,7,13
stage1,wine_binary,4,23,wine_binary|4|23,random_search,0,1,-1,0,,-1,0.36429997999221087,7,13
stage1,wine_binary,4,24,wine_binary|4|24,treesat_exact,1,0,0,1,1.373703436770608,1,0.06260001100599766,7,13
stage1,wine_binary,4,24,wine_binary|4|24,leaf_enum_bruteforce,1,0,0,1,1.373703436770608,1,0.16270001651719213,7,13
stage1,wine_binary,4,24,wine_binary|4|24,nearest_neighbor,1,0,0,1,4.028888715190054,12,0.011500000255182385,7,13
stage1,wine_binary,4,24,wine_binary|4|24,random_search,1,0,0,1,2.5496740329289165,13,0.3357999958097935,7,13
stage1,wine_binary,4,25,wine_binary|4|25,treesat_exact,0,1,1,1,1.4335397368005929,2,0.052799994591623545,7,13
stage1,wine_binary,4,25,wine_binary|4|25,leaf_enum_bruteforce,0,1,1,1,1.4335397368005929,2,0.06550000398419797,7,13
stage1,wine_binary,4,25,wine_binary|4|25,nearest_neighbor,0,1,1,1,4.287036844756787,13,0.009700015652924776,7,13
stage1,wine_binary,4,25,wine_binary|4|25,random_search,0,1,1,1,2.7584254242230504,13,0.3315000212751329,7,13
stage1,wine_binary,4,26,wine_binary|4|26,treesat_exact,0,1,1,1,1.6332040998725272,2,0.06299998494796455,7,13
stage1,wine_binary,4,26,wine_binary|4|26,leaf_enum_bruteforce,0,1,1,1,1.6332040998725272,2,0.06729998858645558,7,13
stage1,wine_binary,4,26,wine_binary|4|26,nearest_neighbor,0,1,1,1,5.071795098943745,13,0.010199990356341004,7,13
stage1,wine_binary,4,26,wine_binary|4|26,random_search,0,1,1,1,2.461683098192645,13,0.3358999965712428,7,13
stage1,wine_binary,4,27,wine_binary|4|27,treesat_exact,1,0,0,1,1.024033470803254,1,0.05639999289996922,7,13
stage1,wine_binary,4,27,wine_binary|4|27,leaf_enum_bruteforce,1,0,0,1,1.024033470803254,1,0.1626000157557428,7,13
stage1,wine_binary,4,27,wine_binary|4|27,nearest_neighbor,1,0,0,1,3.829491641756579,13,0.011199997970834374,7,13
stage1,wine_binary,4,27,wine_binary|4|27,random_search,1,0,0,1,2.2926804950737902,13,0.34130000858567655,7,13
stage1,wine_binary,4,28,wine_binary|4|28,treesat_exact,0,1,1,1,1.1334785822475948,2,0.05339999916031957,7,13
stage1,wine_binary,4,28,wine_binary|4|28,leaf_enum_bruteforce,0,1,1,1,1.1334785822475948,2,0.06649998249486089,7,13
stage1,wine_binary,4,28,wine_binary|4|28,nearest_neighbor,0,1,1,1,3.659972497185311,13,0.009500014130026102,7,13
stage1,wine_binary,4,28,wine_binary|4|28,random_search,0,1,1,1,2.4776541851942446,13,0.3344000142533332,7,13
stage1,wine_binary,4,29,wine_binary|4|29,treesat_exact,0,1,1,1,1.5602826790681048,2,0.06289998418651521,7,13
stage1,wine_binary,4,29,wine_binary|4|29,leaf_enum_bruteforce,0,1,1,1,1.5602826790681048,2,0.0680000230204314,7,13
stage1,wine_binary,4,29,wine_binary|4|29,nearest_neighbor,0,1,1,1,4.88112995417972,12,0.010099989594891667,7,13
stage1,wine_binary,4,29,wine_binary|4|29,random_search,0,1,1,1,3.511138045863926,13,0.3870000073220581,7,13
stage1,wine_binary,4,30,wine_binary|4|30,treesat_exact,1,0,0,1,0.0033318971451668233,1,0.09310001041740179,7,13
stage1,wine_binary,4,30,wine_binary|4|30,leaf_enum_bruteforce,1,0,0,1,0.0033318971451668233,1,0.16319999122060835,7,13
stage1,wine_binary,4,30,wine_binary|4|30,nearest_neighbor,1,0,0,1,1.8413253566569696,12,0.012200005585327744,7,13
stage1,wine_binary,4,30,wine_binary|4|30,random_search,1,0,0,1,0.09156111329969077,13,0.7140999950934201,7,13
stage1,wine_binary,4,31,wine_binary|4|31,treesat_exact,0,1,1,1,1.4907687569179127,2,1.0814999986905605,7,13
stage1,wine_binary,4,31,wine_binary|4|31,leaf_enum_bruteforce,0,1,1,1,1.4907687569179127,2,0.6124000065028667,7,13
stage1,wine_binary,4,31,wine_binary|4|31,nearest_neighbor,0,1,1,1,3.7962757044304944,13,0.12320000678300858,7,13
stage1,wine_binary,4,31,wine_binary|4|31,random_search,0,1,1,1,3.175188641718991,13,2.5822999887168407,7,13
stage1,wine_binary,4,32,wine_binary|4|32,treesat_exact,1,0,0,1,1.1539108867339853,1,0.41229999624192715,7,13
stage1,wine_binary,4,32,wine_binary|4|32,leaf_enum_bruteforce,1,0,0,1,1.1539108867339853,1,0.8887999865692109,7,13
stage1,wine_binary,4,32,wine_binary|4|32,nearest_neighbor,1,0,0,1,4.066502718120581,13,0.06890000076964498,7,13
stage1,wine_binary,4,32,wine_binary|4|32,random_search,1,0,0,1,2.998092531557451,13,1.9748000195249915,7,13
stage1,wine_binary,4,33,wine_binary|4|33,treesat_exact,1,0,0,1,0.6515822926773565,2,0.31189998844638467,7,13
stage1,wine_binary,4,33,wine_binary|4|33,leaf_enum_bruteforce,1,0,0,1,0.6515822926773565,2,0.6661000079475343,7,13
stage1,wine_binary,4,33,wine_binary|4|33,nearest_neighbor,1,0,0,1,2.2270604291371345,11,0.04939999780617654,7,13
stage1,wine_binary,4,33,wine_binary|4|33,random_search,1,0,0,1,1.428077815894743,13,1.435400015907362,7,13
stage1,wine_binary,4,34,wine_binary|4|34,treesat_exact,0,1,1,1,1.0050909101798,2,0.2114000089932233,7,13
stage1,wine_binary,4,34,wine_binary|4|34,leaf_enum_bruteforce,0,1,1,1,1.0050909101798,2,0.2046999870799482,7,13
stage1,wine_binary,4,34,wine_binary|4|34,nearest_neighbor,0,1,1,1,4.996423894951479,12,0.03179998020641506,7,13
stage1,wine_binary,4,34,wine_binary|4|34,random_search,0,1,1,1,2.480393320843836,13,1.1434999760240316,7,13
stage1,wine_binary,4,35,wine_binary|4|35,treesat_exact,1,0,0,1,1.0040523298908337,1,0.08269998943433166,7,13
stage1,wine_binary,4,35,wine_binary|4|35,leaf_enum_bruteforce,1,0,0,1,1.0040523298908337,1,0.1832999987527728,7,13
stage1,wine_binary,4,35,wine_binary|4|35,nearest_neighbor,1,0,0,1,3.83710075897903,13,0.016600009985268116,7,13
stage1,wine_binary,4,35,wine_binary|4|35,random_search,1,0,0,1,2.020097836259629,13,0.3972999984398484,7,13
stage1,wine_binary,4,36,wine_binary|4|36,treesat_exact,0,1,1,1,1.1617574268626365,2,0.07840001489967108,7,13
stage1,wine_binary,4,36,wine_binary|4|36,leaf_enum_bruteforce,0,1,1,1,1.1617574268626365,2,0.07239999831654131,7,13
stage1,wine_binary,4,36,wine_binary|4|36,nearest_neighbor,0,1,1,1,5.0133015081281895,13,0.012500007869675756,7,13
stage1,wine_binary,4,36,wine_binary|4|36,random_search,0,1,1,1,2.656284030007935,13,0.37379999412223697,7,13
stage1,wine_binary,4,37,wine_binary|4|37,treesat_exact,0,1,1,1,1.6868249324171274,2,0.05910001345910132,7,13
stage1,wine_binary,4,37,wine_binary|4|37,leaf_enum_bruteforce,0,1,1,1,1.6868249324171274,2,0.07660000119358301,7,13
stage1,wine_binary,4,37,wine_binary|4|37,nearest_neighbor,0,1,1,1,4.290063223415566,13,0.011500000255182385,7,13
stage1,wine_binary,4,37,wine_binary|4|37,random_search,0,1,1,1,2.6334001348614926,13,0.3487000067252666,7,13
stage1,wine_binary,4,38,wine_binary|4|38,treesat_exact,1,0,0,1,0.336521716054738,1,0.06459999713115394,7,13
stage1,wine_binary,4,38,wine_binary|4|38,leaf_enum_bruteforce,1,0,0,1,0.336521716054738,1,0.16190001042559743,7,13
stage1,wine_binary,4,38,wine_binary|4|38,nearest_neighbor,1,0,0,1,4.026368017763616,13,0.012899981811642647,7,13
stage1,wine_binary,4,38,wine_binary|4|38,random_search,1,0,0,1,0.5077086592632404,13,0.3701999958138913,7,13
stage1,wine_binary,4,39,wine_binary|4|39,treesat_exact,1,0,0,1,0.9740806185222035,1,0.0577000027988106,7,13
stage1,wine_binary,4,39,wine_binary|4|39,leaf_enum_bruteforce,1,0,0,1,0.9740806185222035,1,0.16160000814124942,7,13
stage1,wine_binary,4,39,wine_binary|4|39,nearest_neighbor,1,0,0,1,3.9123835798426843,13,0.011099997209385037,7,13
stage1,wine_binary,4,39,wine_binary|4|39,random_search,1,0,0,1,2.8010808155709257,13,0.33909999183379114,7,13
stage1,wine_binary,4,40,wine_binary|4|40,treesat_exact,0,1,1,1,1.2159838862658428,2,0.05729999975301325,7,13
stage1,wine_binary,4,40,wine_binary|4|40,leaf_enum_bruteforce,0,1,1,1,1.2159838862658428,2,0.06609997944906354,7,13
stage1,wine_binary,4,40,wine_binary|4|40,nearest_neighbor,0,1,1,1,4.126912596527587,13,0.01069999416358769,7,13
stage1,wine_binary,4,40,wine_binary|4|40,random_search,0,1,1,1,2.77426626154862,13,0.34680002136155963,7,13
stage1,wine_binary,4,41,wine_binary|4|41,treesat_exact,0,1,1,1,1.3798346371387924,2,0.054500007536262274,7,13
stage1,wine_binary,4,41,wine_binary|4|41,leaf_enum_bruteforce,0,1,1,1,1.3798346371387924,2,0.06710001616738737,7,13
stage1,wine_binary,4,41,wine_binary|4|41,nearest_neighbor,0,1,1,1,3.43368596289833,13,0.009799987310543656,7,13
stage1,wine_binary,4,41,wine_binary|4|41,random_search,0,1,1,1,3.1359021466809853,13,0.33480001729913056,7,13
stage1,wine_binary,4,42,wine_binary|4|42,treesat_exact,0,1,1,1,1.324170866496859,2,0.05429997690953314,7,13
stage1,wine_binary,4,42,wine_binary|4|42,leaf_enum_bruteforce,0,1,1,1,1.324170866496859,2,0.06550000398419797,7,13
stage1,wine_binary,4,42,wine_binary|4|42,nearest_neighbor,0,1,1,1,4.327563647192233,12,0.009800016414374113,7,13
stage1,wine_binary,4,42,wine_binary|4|42,random_search,0,1,1,1,3.318303737035141,13,0.33629999961704016,7,13
stage1,wine_binary,4,43,wine_binary|4|43,treesat_exact,1,0,0,1,1.103958034452935,1,0.05609999061562121,7,13
stage1,wine_binary,4,43,wine_binary|4|43,leaf_enum_bruteforce,1,0,0,1,1.103958034452935,1,0.15609999536536634,7,13
stage1,wine_binary,4,43,wine_binary|4|43,nearest_neighbor,1,0,0,1,3.3390611636051792,12,0.011500000255182385,7,13
stage1,wine_binary,4,43,wine_binary|4|43,random_search,1,0,0,1,2.4632541671103834,13,0.35230000503361225,7,13
stage1,wine_binary,4,44,wine_binary|4|44,treesat_exact,0,1,1,1,1.3634798765406895,2,0.05750000127591193,7,13
stage1,wine_binary,4,44,wine_binary|4|44,leaf_enum_bruteforce,0,1,1,1,1.3634798765406895,2,0.06930000381544232,7,13
stage1,wine_binary,4,44,wine_binary|4|44,nearest_neighbor,0,1,1,1,5.02053150492975,13,0.010200019460171461,7,13
stage1,wine_binary,4,44,wine_binary|4|44,random_search,0,1,1,1,2.9475947954682105,13,0.35149999894201756,7,13
stage1,wine_binary,4,45,wine_binary|4|45,treesat_exact,0,1,1,1,0.5726933339444261,2,0.05539998528547585,7,13
stage1,wine_binary,4,45,wine_binary|4|45,leaf_enum_bruteforce,0,1,1,1,0.5726933339444261,2,0.0678999931551516,7,13
stage1,wine_binary,4,45,wine_binary|4|45,nearest_neighbor,0,1,1,1,2.4381740102486096,13,0.010000017937272787,7,13
stage1,wine_binary,4,45,wine_binary|4|45,random_search,0,1,1,1,2.0920777521366816,13,0.3498000151012093,7,13
stage1,wine_binary,4,46,wine_binary|4|46,treesat_exact,0,1,1,1,0.8428609451807069,2,0.05269999383017421,7,13
stage1,wine_binary,4,46,wine_binary|4|46,leaf_enum_bruteforce,0,1,1,1,0.8428609451807069,2,0.06910000229254365,7,13
stage1,wine_binary,4,46,wine_binary|4|46,nearest_neighbor,0,1,1,1,2.6029517262199695,13,0.010599993402138352,7,13
stage1,wine_binary,4,46,wine_binary|4|46,random_search,0,1,1,1,2.4780377803750664,13,0.3836000105366111,7,13
stage1,wine_binary,4,47,wine_binary|4|47,treesat_exact,1,0,0,1,0.1049009888319237,1,0.06650001159869134,7,13
stage1,wine_binary,4,47,wine_binary|4|47,leaf_enum_bruteforce,1,0,0,1,0.1049009888319237,1,0.16160000814124942,7,13
stage1,wine_binary,4,47,wine_binary|4|47,nearest_neighbor,1,0,0,1,3.045521302647612,13,0.01170000177808106,7,13
stage1,wine_binary,4,47,wine_binary|4|47,random_search,1,0,0,1,0.2024665586066001,13,0.4026000096928328,7,13
stage1,wine_binary,4,48,wine_binary|4|48,treesat_exact,0,1,1,1,1.7828862204264118,2,0.05479998071677983,7,13
stage1,wine_binary,4,48,wine_binary|4|48,leaf_enum_bruteforce,0,1,1,1,1.7828862204264118,2,0.06819999543949962,7,13
stage1,wine_binary,4,48,wine_binary|4|48,nearest_neighbor,0,1,1,1,4.8897544955780745,12,0.00999998883344233,7,13
stage1,wine_binary,4,48,wine_binary|4|48,random_search,0,1,1,1,4.5186388668214095,13,0.35180000122636557,7,13
stage1,wine_binary,4,49,wine_binary|4|49,treesat_exact,1,0,0,1,0.6144200820986392,1,0.059200014220550656,7,13
stage1,wine_binary,4,49,wine_binary|4|49,leaf_enum_bruteforce,1,0,0,1,0.6144200820986392,1,0.16170000890269876,7,13
stage1,wine_binary,4,49,wine_binary|4|49,nearest_neighbor,1,0,0,1,3.421380421544984,13,0.01270000939257443,7,13
stage1,wine_binary,4,49,wine_binary|4|49,random_search,1,0,0,1,1.3429344308057687,13,0.381199992261827,7,13
stage1,wine_binary,4,50,wine_binary|4|50,treesat_exact,1,0,0,1,0.5744578002737991,1,0.05830000736750662,7,13
stage1,wine_binary,4,50,wine_binary|4|50,leaf_enum_bruteforce,1,0,0,1,0.5744578002737991,1,0.18459997954778373,7,13
stage1,wine_binary,4,50,wine_binary|4|50,nearest_neighbor,1,0,0,1,4.257773182198293,13,0.013899989426136017,7,13
stage1,wine_binary,4,50,wine_binary|4|50,random_search,1,0,0,1,1.2315696343190936,13,0.36780000664293766,7,13
stage1,wine_binary,4,51,wine_binary|4|51,treesat_exact,1,0,0,1,1.0839768935405147,1,0.056599994422867894,7,13
stage1,wine_binary,4,51,wine_binary|4|51,leaf_enum_bruteforce,1,0,0,1,1.0839768935405147,1,0.15499998698942363,7,13
stage1,wine_binary,4,51,wine_binary|4|51,nearest_neighbor,1,0,0,1,3.405197317271648,12,0.010800024028867483,7,13
stage1,wine_binary,4,51,wine_binary|4|51,random_search,1,0,0,1,2.563501402380163,13,0.35050002043135464,7,13
stage1,wine_binary,4,52,wine_binary|4|52,treesat_exact,0,1,1,1,2.155391869926161,2,0.05539998528547585,7,13
stage1,wine_binary,4,52,wine_binary|4|52,leaf_enum_bruteforce,0,1,1,1,2.155391869926161,2,0.07139999070204794,7,13
stage1,wine_binary,4,52,wine_binary|4|52,nearest_neighbor,0,1,1,1,5.386301782323479,13,0.010799994925037026,7,13
stage1,wine_binary,4,52,wine_binary|4|52,random_search,0,1,-1,0,,-1,0.32890000147745013,7,13
stage1,wine_binary,4,53,wine_binary|4|53,treesat_exact,0,1,1,1,1.0288895670330287,2,0.05390000296756625,7,13
stage1,wine_binary,4,53,wine_binary|4|53,leaf_enum_bruteforce,0,1,1,1,1.0288895670330287,2,0.06660001236014068,7,13
stage1,wine_binary,4,53,wine_binary|4|53,nearest_neighbor,0,1,1,1,3.4104277876648976,13,0.010099989594891667,7,13
stage1,wine_binary,4,53,wine_binary|4|53,random_search,0,1,1,1,2.392542223446242,13,0.3430000215303153,7,13
stage1,iris_binary,0,0,iris_binary|0|0,treesat_exact,0,1,1,1,2.121381237613326,1,0.08330002310685813,2,3
stage1,iris_binary,0,0,iris_binary|0|0,leaf_enum_bruteforce,0,1,1,1,2.121381237613326,1,0.045900000259280205,2,3
stage1,iris_binary,0,0,iris_binary|0|0,nearest_neighbor,0,1,1,1,3.615040109764705,4,0.01580000389367342,2,3
stage1,iris_binary,0,0,iris_binary|0|0,random_search,0,1,1,1,2.6221397775743966,4,0.3353999927639961,2,3
stage1,iris_binary,0,1,iris_binary|0|1,treesat_exact,0,1,1,1,0.662931644800343,1,0.055899989092722535,2,3
stage1,iris_binary,0,1,iris_binary|0|1,leaf_enum_bruteforce,0,1,1,1,0.662931644800343,1,0.03840000135824084,2,3
stage1,iris_binary,0,1,iris_binary|0|1,nearest_neighbor,0,1,1,1,3.1085669603892665,4,0.011299998732283711,2,3
stage1,iris_binary,0,1,iris_binary|0|1,random_search,0,1,1,1,1.004009782650955,4,0.3072999825235456,2,3
stage1,iris_binary,0,2,iris_binary|0|2,treesat_exact,0,1,1,1,0.2651726649422565,1,0.06930000381544232,2,3
stage1,iris_binary,0,2,iris_binary|0|2,leaf_enum_bruteforce,0,1,1,1,0.2651726649422565,1,0.036900019040331244,2,3
stage1,iris_binary,0,2,iris_binary|0|2,nearest_neighbor,0,1,1,1,1.9574817803060809,4,0.00990001717582345,2,3
stage1,iris_binary,0,2,iris_binary|0|2,random_search,0,1,1,1,0.3000701275598587,4,0.33790001180022955,2,3
stage1,iris_binary,0,3,iris_binary|0|3,treesat_exact,0,1,1,1,1.3258632778971535,1,0.05250002141110599,2,3
stage1,iris_binary,0,3,iris_binary|0|3,leaf_enum_bruteforce,0,1,1,1,1.3258632778971535,1,0.036699988413602114,2,3
stage1,iris_binary,0,3,iris_binary|0|3,nearest_neighbor,0,1,1,1,2.9533952113434254,4,0.00890000956133008,2,3
stage1,iris_binary,0,3,iris_binary|0|3,random_search,0,1,1,1,1.6630927997096538,4,0.308299990138039,2,3
stage1,iris_binary,0,4,iris_binary|0|4,treesat_exact,0,1,1,1,1.8562085843746021,1,0.0515999854542315,2,3
stage1,iris_binary,0,4,iris_binary|0|4,leaf_enum_bruteforce,0,1,1,1,1.8562085843746021,1,0.0363999861292541,2,3
stage1,iris_binary,0,4,iris_binary|0|4,nearest_neighbor,0,1,1,1,4.525763663554093,3,0.00890000956133008,2,3
stage1,iris_binary,0,4,iris_binary|0|4,random_search,0,1,1,1,2.268212759917207,4,0.3039000148419291,2,3
stage1,iris_binary,0,5,iris_binary|0|5,treesat_exact,0,1,1,1,0.7955179714197049,1,0.052099989261478186,2,3
stage1,iris_binary,0,5,iris_binary|0|5,leaf_enum_bruteforce,0,1,1,1,0.7955179714197049,1,0.035699980799108744,2,3
stage1,iris_binary,0,5,iris_binary|0|5,nearest_neighbor,0,1,1,1,2.7302423338169457,4,0.008700008038431406,2,3
stage1,iris_binary,0,5,iris_binary|0|5,random_search,0,1,1,1,0.9114381932249751,4,0.3030999796465039,2,3
stage1,iris_binary,0,6,iris_binary|0|6,treesat_exact,1,0,0,1,0.9281052746320025,1,0.05140001303516328,2,3
stage1,iris_binary,0,6,iris_binary|0|6,leaf_enum_bruteforce,1,0,0,1,0.9281052746320025,1,0.03539997851476073,2,3
stage1,iris_binary,0,6,iris_binary|0|6,nearest_neighbor,1,0,0,1,2.267252141841954,4,0.010300020221620798,2,3
stage1,iris_binary,0,6,iris_binary|0|6,random_search,1,0,0,1,1.039354680310618,4,0.2990999782923609,2,3
stage1,iris_binary,0,7,iris_binary|0|7,treesat_exact,0,1,1,1,0.662931644800343,1,0.05020000389777124,2,3
stage1,iris_binary,0,7,iris_binary|0|7,leaf_enum_bruteforce,0,1,1,1,0.662931644800343,1,0.03440000000409782,2,3
stage1,iris_binary,0,7,iris_binary|0|7,nearest_neighbor,0,1,1,1,2.3035521733504924,4,0.008500006515532732,2,3
stage1,iris_binary,0,7,iris_binary|0|7,random_search,0,1,1,1,0.8498430810388532,4,0.32199997804127634,2,3
stage1,iris_binary,0,8,iris_binary|0|8,treesat_exact,0,1,1,1,0.7955179714197049,1,0.051700015319511294,2,3
stage1,iris_binary,0,8,iris_binary|0|8,leaf_enum_bruteforce,0,1,1,1,0.7955179714197049,1,0.03580001066438854,2,3
stage1,iris_binary,0,8,iris_binary|0|8,nearest_neighbor,0,1,1,1,2.1797047184317258,4,0.008700008038431406,2,3
stage1,iris_binary,0,8,iris_binary|0|8,random_search,0,1,1,1,1.1872250752322306,4,0.30949999927543104,2,3
stage1,iris_binary,0,9,iris_binary|0|9,treesat_exact,0,1,1,1,1.3258632778971535,1,0.05019997479394078,2,3
stage1,iris_binary,0,9,iris_binary|0|9,leaf_enum_bruteforce,0,1,1,1,1.3258632778971535,1,0.035200006095692515,2,3
stage1,iris_binary,0,9,iris_binary|0|9,nearest_neighbor,0,1,1,1,3.2528139987475657,4,0.008500006515532732,2,3
stage1,iris_binary,0,9,iris_binary|0|9,random_search,0,1,1,1,1.673686498945592,4,0.30009998590685427,2,3
stage1,iris_binary,0,10,iris_binary|0|10,treesat_exact,0,1,1,1,0.928104298039067,1,0.05369997234083712,2,3
stage1,iris_binary,0,10,iris_binary|0|10,leaf_enum_bruteforce,0,1,1,1,0.928104298039067,1,0.03540000761859119,2,3
stage1,iris_binary,0,10,iris_binary|0|10,nearest_neighbor,0,1,1,1,2.905908433756873,4,0.009099981980398297,2,3
stage1,iris_binary,0,10,iris_binary|0|10,random_search,0,1,1,1,1.1293964787833188,4,0.29460000223480165,2,3
stage1,iris_binary,0,11,iris_binary|0|11,treesat_exact,1,0,0,1,0.7955189480126407,1,0.05050000618211925,2,3
stage1,iris_binary,0,11,iris_binary|0|11,leaf_enum_bruteforce,1,0,0,1,0.7955189480126407,1,0.039799982914701104,2,3
stage1,iris_binary,0,11,iris_binary|0|11,nearest_neighbor,1,0,0,1,2.354471984884955,4,0.009600014891475439,2,3
stage1,iris_binary,0,11,iris_binary|0|11,random_search,1,0,0,1,0.9612868955865282,4,0.291300006210804,2,3
stage1,iris_binary,0,12,iris_binary|0|12,treesat_exact,1,0,0,1,0.5303462947739163,1,0.06130000110715628,2,3
stage1,iris_binary,0,12,iris_binary|0|12,leaf_enum_bruteforce,1,0,0,1,0.5303462947739163,1,0.037999998312443495,2,3
stage1,iris_binary,0,12,iris_binary|0|12,nearest_neighbor,1,0,0,1,2.5337385196608917,4,0.010599993402138352,2,3
stage1,iris_binary,0,12,iris_binary|0|12,random_search,1,0,0,1,0.6376195506364124,4,0.295300007564947,2,3
stage1,iris_binary,0,13,iris_binary|0|13,treesat_exact,0,1,1,1,1.5910359311358777,1,0.05160001455806196,2,3
stage1,iris_binary,0,13,iris_binary|0|13,leaf_enum_bruteforce,0,1,1,1,1.5910359311358777,1,0.03539997851476073,2,3
stage1,iris_binary,0,13,iris_binary|0|13,nearest_neighbor,0,1,1,1,3.3993524002700757,4,0.008500006515532732,2,3
stage1,iris_binary,0,13,iris_binary|0|13,random_search,0,1,1,1,2.366249539882732,4,0.2804000105243176,2,3
stage1,iris_binary,0,14,iris_binary|0|14,treesat_exact,1,0,0,1,0.7955189480126407,1,0.05110001075081527,2,3
stage1,iris_binary,0,14,iris_binary|0|14,leaf_enum_bruteforce,1,0,0,1,0.7955189480126407,1,0.03530000685714185,2,3
stage1,iris_binary,0,14,iris_binary|0|14,nearest_neighbor,1,0,0,1,2.275527206058584,4,0.009300012607127428,2,3
stage1,iris_binary,0,14,iris_binary|0|14,random_search,1,0,0,1,1.0526318385058264,4,0.30610000248998404,2,3
stage1,iris_binary,0,15,iris_binary|0|15,treesat_exact,0,1,1,1,1.9887949109939638,1,0.048699992476031184,2,3
stage1,iris_binary,0,15,iris_binary|0|15,leaf_enum_bruteforce,0,1,1,1,1.9887949109939638,1,0.03470000228844583,2,3
stage1,iris_binary,0,15,iris_binary|0|15,nearest_neighbor,0,1,1,1,3.567580070918027,4,0.008600007276982069,2,3
stage1,iris_binary,0,15,iris_binary|0|15,random_search,0,1,1,1,2.3484657065479784,4,0.29120000544935465,2,3
stage1,iris_binary,0,16,iris_binary|0|16,treesat_exact,0,1,1,1,1.9887949109939638,1,0.04830001853406429,2,3
stage1,iris_binary,0,16,iris_binary|0|16,leaf_enum_bruteforce,0,1,1,1,1.9887949109939638,1,0.033899996196851134,2,3
stage1,iris_binary,0,16,iris_binary|0|16,nearest_neighbor,0,1,1,1,3.9565109526044404,4,0.008500006515532732,2,3
stage1,iris_binary,0,16,iris_binary|0|16,random_search,0,1,1,1,2.1102616691074285,4,0.30590000096708536,2,3
stage1,iris_binary,0,17,iris_binary|0|17,treesat_exact,0,1,1,1,1.9887949109939638,1,0.05020000389777124,2,3
stage1,iris_binary,0,17,iris_binary|0|17,leaf_enum_bruteforce,0,1,1,1,1.9887949109939638,1,0.03530000685714185,2,3
stage1,iris_binary,0,17,iris_binary|0|17,nearest_neighbor,0,1,1,1,3.4609549459857534,4,0.008700008038431406,2,3
stage1,iris_binary,0,17,iris_binary|0|17,random_search,0,1,1,1,2.6002922033567133,4,0.28330000350251794,2,3
stage1,iris_binary,0,18,iris_binary|0|18,treesat_exact,1,0,0,1,0.7955189480126407,1,0.049299997044727206,2,3
stage1,iris_binary,0,18,iris_binary|0|18,leaf_enum_bruteforce,1,0,0,1,0.7955189480126407,1,0.03489997470751405,2,3
stage1,iris_binary,0,18,iris_binary|0|18,nearest_neighbor,1,0,0,1,2.5874264707195334,4,0.008899980457499623,2,3
stage1,iris_binary,0,18,iris_binary|0|18,random_search,1,0,0,1,1.1601420301694423,4,0.31350000062957406,2,3
stage1,iris_binary,0,19,iris_binary|0|19,treesat_exact,1,0,0,1,0.6629326213932784,1,0.04949999856762588,2,3
stage1,iris_binary,0,19,iris_binary|0|19,leaf_enum_bruteforce,1,0,0,1,0.6629326213932784,1,0.03579998156055808,2,3
stage1,iris_binary,0,19,iris_binary|0|19,nearest_neighbor,1,0,0,1,1.826399737986135,4,0.009100011084228754,2,3
stage1,iris_binary,0,19,iris_binary|0|19,random_search,1,0,0,1,0.8579144986056951,4,0.28959999326616526,2,3
stage1,iris_binary,0,20,iris_binary|0|20,treesat_exact,0,1,1,1,0.2651726649422565,1,0.05150001379661262,2,3
stage1,iris_binary,0,20,iris_binary|0|20,leaf_enum_bruteforce,0,1,1,1,0.2651726649422565,1,0.036699988413602114,2,3
stage1,iris_binary,0,20,iris_binary|0|20,nearest_neighbor,0,1,1,1,2.58328369669761,4,0.008599978173151612,2,3
stage1,iris_binary,0,20,iris_binary|0|20,random_search,0,1,1,1,0.420501637555032,4,0.30350001179613173,2,3
stage1,iris_binary,0,21,iris_binary|0|21,treesat_exact,1,0,0,1,0.7955189480126407,1,0.04880002234131098,2,3
stage1,iris_binary,0,21,iris_binary|0|21,leaf_enum_bruteforce,1,0,0,1,0.7955189480126407,1,0.03540000761859119,2,3
stage1,iris_binary,0,21,iris_binary|0|21,nearest_neighbor,1,0,0,1,2.1779428462485404,4,0.00890000956133008,2,3
stage1,iris_binary,0,21,iris_binary|0|21,random_search,1,0,0,1,0.9732616986430388,4,0.2843999827746302,2,3
stage1,iris_binary,0,22,iris_binary|0|22,treesat_exact,1,0,0,1,0.7955189480126407,1,0.04789998638443649,2,3
stage1,iris_binary,0,22,iris_binary|0|22,leaf_enum_bruteforce,1,0,0,1,0.7955189480126407,1,0.03429999924264848,2,3
stage1,iris_binary,0,22,iris_binary|0|22,nearest_neighbor,1,0,0,1,2.2459116135675457,4,0.00890000956133008,2,3
stage1,iris_binary,0,22,iris_binary|0|22,random_search,1,0,0,1,0.9306867112587265,4,0.28639999800361693,2,3
stage1,iris_binary,0,23,iris_binary|0|23,treesat_exact,0,1,1,1,0.662931644800343,1,0.04849999095313251,2,3
stage1,iris_binary,0,23,iris_binary|0|23,leaf_enum_bruteforce,0,1,1,1,0.662931644800343,1,0.03510000533424318,2,3
stage1,iris_binary,0,23,iris_binary|0|23,nearest_neighbor,0,1,1,1,2.369493773895077,4,0.008600007276982069,2,3
stage1,iris_binary,0,23,iris_binary|0|23,random_search,0,1,1,1,0.8019904037939527,4,0.2917999809142202,2,3
stage1,iris_binary,0,24,iris_binary|0|24,treesat_exact,0,1,1,1,2.2539675642326884,1,0.04839999019168317,2,3
stage1,iris_binary,0,24,iris_binary|0|24,leaf_enum_bruteforce,0,1,1,1,2.2539675642326884,1,0.03600001218728721,2,3
stage1,iris_binary,0,24,iris_binary|0|24,nearest_neighbor,0,1,1,1,4.007891825896423,4,0.009700015652924776,2,3
stage1,iris_binary,0,24,iris_binary|0|24,random_search,0,1,1,1,2.865044296168143,4,0.27760001830756664,2,3
stage1,iris_binary,0,25,iris_binary|0|25,treesat_exact,0,1,1,1,0.928104298039067,1,0.048299989430233836,2,3
stage1,iris_binary,0,25,iris_binary|0|25,leaf_enum_bruteforce,0,1,1,1,0.928104298039067,1,0.035200006095692515,2,3
stage1,iris_binary,0,25,iris_binary|0|25,nearest_neighbor,0,1,1,1,3.226855305529154,4,0.008800008799880743,2,3
stage1,iris_binary,0,25,iris_binary|0|25,random_search,0,1,1,1,1.2279794294458364,4,0.2838000073097646,2,3
stage1,iris_binary,0,26,iris_binary|0|26,treesat_exact,1,0,0,1,0.7955189480126407,1,0.14230000670067966,2,3
stage1,iris_binary,0,26,iris_binary|0|26,leaf_enum_bruteforce,1,0,0,1,0.7955189480126407,1,0.05060000694356859,2,3
stage1,iris_binary,0,26,iris_binary|0|26,nearest_neighbor,1,0,0,1,2.421906659600469,4,0.017300015315413475,2,3
stage1,iris_binary,0,26,iris_binary|0|26,random_search,1,0,0,1,0.9706409896214084,4,0.36180001916363835,2,3
stage1,iris_binary,0,27,iris_binary|0|27,treesat_exact,0,1,1,1,0.662931644800343,1,0.05750000127591193,2,3
stage1,iris_binary,0,27,iris_binary|0|27,leaf_enum_bruteforce,0,1,1,1,0.662931644800343,1,0.039000005926936865,2,3
stage1,iris_binary,0,27,iris_binary|0|27,nearest_neighbor,0,1,1,1,2.4847647084069284,4,0.010799994925037026,2,3
stage1,iris_binary,0,27,iris_binary|0|27,random_search,0,1,1,1,0.7839920511788406,4,0.30429998878389597,2,3
stage1,iris_binary,0,28,iris_binary|0|28,treesat_exact,0,1,1,1,1.3258632778971535,1,0.054100004490464926,2,3
stage1,iris_binary,0,28,iris_binary|0|28,leaf_enum_bruteforce,0,1,1,1,1.3258632778971535,1,0.04900002386420965,2,3
stage1,iris_binary,0,28,iris_binary|0|28,nearest_neighbor,0,1,1,1,3.977943366103608,4,0.009600014891475439,2,3
stage1,iris_binary,0,28,iris_binary|0|28,random_search,0,1,1,1,1.5284385389207322,4,0.295000005280599,2,3
stage1,iris_binary,0,29,iris_binary|0|29,treesat_exact,0,1,1,1,1.5910359311358777,1,0.05299999611452222,2,3
stage1,iris_binary,0,29,iris_binary|0|29,leaf_enum_bruteforce,0,1,1,1,1.5910359311358777,1,0.03660001675598323,2,3
stage1,iris_binary,0,29,iris_binary|0|29,nearest_neighbor,0,1,1,1,4.42122591803571,3,0.008799979696050286,2,3
stage1,iris_binary,0,29,iris_binary|0|29,random_search,0,1,1,1,1.993127386898963,4,1.045000011799857,2,3
stage1,iris_binary,0,30,iris_binary|0|30,treesat_exact,0,1,1,1,1.5910359311358777,1,0.2133999951183796,2,3
stage1,iris_binary,0,30,iris_binary|0|30,leaf_enum_bruteforce,0,1,1,1,1.5910359311358777,1,0.13550001312978566,2,3
stage1,iris_binary,0,30,iris_binary|0|30,nearest_neighbor,0,1,1,1,4.8004090461665525,4,0.03309999010525644,2,3
stage1,iris_binary,0,30,iris_binary|0|30,random_search,0,1,1,1,1.9360556879077127,4,0.9272000170312822,2,3
stage1,iris_binary,0,31,iris_binary|0|31,treesat_exact,1,0,0,1,0.7955189480126407,1,0.15559999155811965,2,3
stage1,iris_binary,0,31,iris_binary|0|31,leaf_enum_bruteforce,1,0,0,1,0.7955189480126407,1,0.10569998994469643,2,3
stage1,iris_binary,0,31,iris_binary|0|31,nearest_neighbor,1,0,0,1,2.243810008417911,4,0.027300004148855805,2,3
stage1,iris_binary,0,31,iris_binary|0|31,random_search,1,0,0,1,1.281897498963774,4,0.8451000030618161,2,3
stage1,iris_binary,0,32,iris_binary|0|32,treesat_exact,0,1,1,1,0.662931644800343,1,0.1543999824207276,2,3
stage1,iris_binary,0,32,iris_binary|0|32,leaf_enum_bruteforce,0,1,1,1,0.662931644800343,1,0.1128000149037689,2,3
stage1,iris_binary,0,32,iris_binary|0|32,nearest_neighbor,0,1,1,1,2.259231046085276,4,0.028000009479001164,2,3
stage1,iris_binary,0,32,iris_binary|0|32,random_search,0,1,1,1,0.8377688990321148,4,0.7941999938338995,2,3
stage1,iris_binary,0,33,iris_binary|0|33,treesat_exact,0,1,1,1,1.4584496045165154,1,0.1805999781936407,2,3
stage1,iris_binary,0,33,iris_binary|0|33,leaf_enum_bruteforce,0,1,1,1,1.4584496045165154,1,0.10919998749159276,2,3
stage1,iris_binary,0,33,iris_binary|0|33,nearest_neighbor,0,1,1,1,3.5527894450195254,4,0.029999995604157448,2,3
stage1,iris_binary,0,33,iris_binary|0|33,random_search,0,1,1,1,1.613507409227418,4,0.9711000020615757,2,3
stage1,iris_binary,0,34,iris_binary|0|34,treesat_exact,0,1,1,1,1.3258632778971535,1,0.14689998351968825,2,3
stage1,iris_binary,0,34,iris_binary|0|34,leaf_enum_bruteforce,0,1,1,1,1.3258632778971535,1,0.0971999834291637,2,3
stage1,iris_binary,0,34,iris_binary|0|34,nearest_neighbor,0,1,1,1,2.882564927015649,4,0.025500019546598196,2,3
stage1,iris_binary,0,34,iris_binary|0|34,random_search,0,1,1,1,1.6409097303674312,4,0.6566999945789576,2,3
stage1,iris_binary,0,35,iris_binary|0|35,treesat_exact,1,0,0,1,0.9281052746320025,1,0.11600001016631722,2,3
stage1,iris_binary,0,35,iris_binary|0|35,leaf_enum_bruteforce,1,0,0,1,0.9281052746320025,1,0.07840001489967108,2,3
stage1,iris_binary,0,35,iris_binary|0|35,nearest_neighbor,1,0,0,1,2.0835712484588575,4,0.02060001133941114,2,3
stage1,iris_binary,0,35,iris_binary|0|35,random_search,1,0,0,1,1.1583745275300714,4,0.6181000208016485,2,3
stage1,iris_binary,0,36,iris_binary|0|36,treesat_exact,0,1,1,1,0.662931644800343,1,0.1142999972216785,2,3
stage1,iris_binary,0,36,iris_binary|0|36,leaf_enum_bruteforce,0,1,1,1,0.662931644800343,1,0.0782000133767724,2,3
stage1,iris_binary,0,36,iris_binary|0|36,nearest_neighbor,0,1,1,1,2.4457220250908773,4,0.019099999917671084,2,3
stage1,iris_binary,0,36,iris_binary|0|36,random_search,0,1,1,1,0.914584963659758,4,0.614999997196719,2,3
stage1,iris_binary,0,37,iris_binary|0|37,treesat_exact,0,1,1,1,0.928104298039067,1,0.09549999958835542,2,3
stage1,iris_binary,0,37,iris_binary|0|37,leaf_enum_bruteforce,0,1,1,1,0.928104298039067,1,0.06659998325631022,2,3
stage1,iris_binary,0,37,iris_binary|0|37,nearest_neighbor,0,1,1,1,3.055889030856221,4,0.01659998088143766,2,3
stage1,iris_binary,0,37,iris_binary|0|37,random_search,0,1,1,1,1.1288909867212311,4,0.5283000064082444,2,3
stage1,iris_binary,0,38,iris_binary|0|38,treesat_exact,0,1,1,1,0.39775899156161876,1,0.09390001650899649,2,3
stage1,iris_binary,0,38,iris_binary|0|38,leaf_enum_bruteforce,0,1,1,1,0.39775899156161876,1,0.06430002395063639,2,3
stage1,iris_binary,0,38,iris_binary|0|38,nearest_neighbor,0,1,1,1,2.219425590998466,4,0.016200006939470768,2,3
stage1,iris_binary,0,38,iris_binary|0|38,random_search,0,1,1,1,0.533253229671985,4,0.8657000144012272,2,3
stage1,iris_binary,0,39,iris_binary|0|39,treesat_exact,1,0,0,1,0.7955189480126407,1,0.1084999821614474,2,3
stage1,iris_binary,0,39,iris_binary|0|39,leaf_enum_bruteforce,1,0,0,1,0.7955189480126407,1,0.08120000711642206,2,3
stage1,iris_binary,0,39,iris_binary|0|39,nearest_neighbor,1,0,0,1,2.079682167055628,4,0.019500002963468432,2,3
stage1,iris_binary,0,39,iris_binary|0|39,random_search,1,0,0,1,1.2752893059337524,4,0.527900003362447,2,3
stage1,iris_binary,0,40,iris_binary|0|40,treesat_exact,0,1,1,1,1.3258632778971535,1,0.053800002206116915,2,3
stage1,iris_binary,0,40,iris_binary|0|40,leaf_enum_bruteforce,0,1,1,1,1.3258632778971535,1,0.03580001066438854,2,3
stage1,iris_binary,0,40,iris_binary|0|40,nearest_neighbor,0,1,1,1,2.741685425024572,4,0.009299983503296971,2,3
stage1,iris_binary,0,40,iris_binary|0|40,random_search,0,1,1,1,1.796493390123064,4,0.2840999804902822,2,3
stage1,iris_binary,0,41,iris_binary|0|41,treesat_exact,1,0,0,1,0.7955189480126407,1,0.05019997479394078,2,3
stage1,iris_binary,0,41,iris_binary|0|41,leaf_enum_bruteforce,1,0,0,1,0.7955189480126407,1,0.03660001675598323,2,3
stage1,iris_binary,0,41,iris_binary|0|41,nearest_neighbor,1,0,0,1,2.001815576241352,4,0.009499985026195645,2,3
stage1,iris_binary,0,41,iris_binary|0|41,random_search,1,0,0,1,0.9707928068195338,4,0.2928999892901629,2,3
stage1,iris_binary,0,42,iris_binary|0|42,treesat_exact,0,1,1,1,0.662931644800343,1,0.051499984692782164,2,3
stage1,iris_binary,0,42,iris_binary|0|42,leaf_enum_bruteforce,0,1,1,1,0.662931644800343,1,0.03589998232200742,2,3
stage1,iris_binary,0,42,iris_binary|0|42,nearest_neighbor,0,1,1,1,2.2558472852609475,4,0.009799987310543656,2,3
stage1,iris_binary,0,42,iris_binary|0|42,random_search,0,1,1,1,0.8498947203568671,4,0.3040999872609973,2,3
stage1,iris_binary,0,43,iris_binary|0|43,treesat_exact,1,0,0,1,0.39775996815455417,1,0.05390000296756625,2,3
stage1,iris_binary,0,43,iris_binary|0|43,leaf_enum_bruteforce,1,0,0,1,0.39775996815455417,1,0.03969998215325177,2,3
stage1,iris_binary,0,43,iris_binary|0|43,nearest_neighbor,1,0,0,1,1.8623965330462275,4,0.009799987310543656,2,3
stage1,iris_binary,0,43,iris_binary|0|43,random_search,1,0,0,1,0.47788678428358633,4,0.34779999987222254,2,3
stage1,iris_binary,0,44,iris_binary|0|44,treesat_exact,1,0,0,1,0.7955189480126407,1,0.055800017435103655,2,3
stage1,iris_binary,0,44,iris_binary|0|44,leaf_enum_bruteforce,1,0,0,1,0.7955189480126407,1,0.03759999526664615,2,3
stage1,iris_binary,0,44,iris_binary|0|44,nearest_neighbor,1,0,0,1,2.607817704443514,4,0.009599985787644982,2,3
stage1,iris_binary,0,44,iris_binary|0|44,random_search,1,0,0,1,0.8765124674692086,4,0.32789999386295676,2,3
stage1,iris_binary,1,0,iris_binary|1|0,treesat_exact,0,1,-1,0,,-1,0.07529999129474163,2,3
stage1,iris_binary,1,0,iris_binary|1|0,leaf_enum_bruteforce,0,1,-1,0,,-1,0.04299997817724943,2,3
stage1,iris_binary,1,0,iris_binary|1|0,nearest_neighbor,0,1,1,1,3.120572905700344,4,0.013600016245618463,2,3
stage1,iris_binary,1,0,iris_binary|1|0,random_search,0,1,1,1,0.8680121992481933,4,0.3479000006336719,2,3
stage1,iris_binary,1,1,iris_binary|1|1,treesat_exact,0,1,-1,0,,-1,0.05569998756982386,2,3
stage1,iris_binary,1,1,iris_binary|1|1,leaf_enum_bruteforce,0,1,-1,0,,-1,0.04650000482797623,2,3
stage1,iris_binary,1,1,iris_binary|1|1,nearest_neighbor,0,1,1,1,1.5686675891106108,4,0.019500002963468432,2,3
stage1,iris_binary,1,1,iris_binary|1|1,random_search,0,1,1,1,0.3363454908416252,4,0.322199979564175,2,3
stage1,iris_binary,1,2,iris_binary|1|2,treesat_exact,0,1,-1,0,,-1,0.05460000829771161,2,3
stage1,iris_binary,1,2,iris_binary|1|2,leaf_enum_bruteforce,0,1,-1,0,,-1,0.03660001675598323,2,3
stage1,iris_binary,1,2,iris_binary|1|2,nearest_neighbor,0,1,1,1,2.973421716871597,4,0.008700008038431406,2,3
stage1,iris_binary,1,2,iris_binary|1|2,random_search,0,1,1,1,2.103317126918529,4,0.2815999905578792,2,3
stage1,iris_binary,1,3,iris_binary|1|3,treesat_exact,1,0,0,1,0.6567365567259028,1,0.050300004659220576,2,3
stage1,iris_binary,1,3,iris_binary|1|3,leaf_enum_bruteforce,1,0,0,1,0.6567365567259028,1,0.036200013710185885,2,3
stage1,iris_binary,1,3,iris_binary|1|3,nearest_neighbor,1,0,0,1,2.499623912096862,4,0.009200011845678091,2,3
stage1,iris_binary,1,3,iris_binary|1|3,random_search,1,0,0,1,0.7986105604759007,4,0.2905000001192093,2,3
stage1,iris_binary,1,4,iris_binary|1|4,treesat_exact,1,0,0,1,0.7880836663474179,1,0.049700000090524554,2,3
stage1,iris_binary,1,4,iris_binary|1|4,leaf_enum_bruteforce,1,0,0,1,0.7880836663474179,1,0.034199998481199145,2,3
stage1,iris_binary,1,4,iris_binary|1|4,nearest_neighbor,1,0,0,1,2.377265925499034,4,0.00899998121894896,2,3
stage1,iris_binary,1,4,iris_binary|1|4,random_search,1,0,0,1,0.978679212053624,4,0.2823999966494739,2,3
stage1,iris_binary,1,5,iris_binary|1|5,treesat_exact,1,0,0,1,0.525389447104388,1,0.05120001151226461,2,3
stage1,iris_binary,1,5,iris_binary|1|5,leaf_enum_bruteforce,1,0,0,1,0.525389447104388,1,0.036999990697950125,2,3
stage1,iris_binary,1,5,iris_binary|1|5,nearest_neighbor,1,0,0,1,2.524731201237225,4,0.009499985026195645,2,3
stage1,iris_binary,1,5,iris_binary|1|5,random_search,1,0,0,1,0.6576420623747294,4,0.3006999904755503,2,3
stage1,iris_binary,1,6,iris_binary|1|6,treesat_exact,1,0,0,1,0.9194307759689325,1,0.05040000542066991,2,3
stage1,iris_binary,1,6,iris_binary|1|6,leaf_enum_bruteforce,1,0,0,1,0.9194307759689325,1,0.035699980799108744,2,3
stage1,iris_binary,1,6,iris_binary|1|6,nearest_neighbor,1,0,0,1,1.9781074128926166,4,0.008800008799880743,2,3
stage1,iris_binary,1,6,iris_binary|1|6,random_search,1,0,0,1,1.1864749053954526,4,0.2838999789673835,2,3
stage1,iris_binary,1,7,iris_binary|1|7,treesat_exact,1,0,0,1,0.7880836663474179,1,0.04879999323748052,2,3
stage1,iris_binary,1,7,iris_binary|1|7,leaf_enum_bruteforce,1,0,0,1,0.7880836663474179,1,0.03440000000409782,2,3
stage1,iris_binary,1,7,iris_binary|1|7,nearest_neighbor,1,0,0,1,2.436303411071961,4,0.008600007276982069,2,3
stage1,iris_binary,1,7,iris_binary|1|7,random_search,1,0,0,1,0.8750365654840752,4,0.27859999681822956,2,3
stage1,iris_binary,1,8,iris_binary|1|8,treesat_exact,0,1,-1,0,,-1,0.04939999780617654,2,3
stage1,iris_binary,1,8,iris_binary|1|8,leaf_enum_bruteforce,0,1,-1,0,,-1,0.03510000533424318,2,3
stage1,iris_binary,1,8,iris_binary|1|8,nearest_neighbor,0,1,1,1,3.81158243913945,4,0.008400005754083395,2,3
stage1,iris_binary,1,8,iris_binary|1|8,random_search,0,1,1,1,1.353232055206248,4,0.28219999512657523,2,3
stage1,iris_binary,1,9,iris_binary|1|9,treesat_exact,1,0,0,1,0.6567365567259028,1,0.04839999019168317,2,3
stage1,iris_binary,1,9,iris_binary|1|9,leaf_enum_bruteforce,1,0,0,1,0.6567365567259028,1,0.035200006095692515,2,3
stage1,iris_binary,1,9,iris_binary|1|9,nearest_neighbor,1,0,0,1,1.8143413850561245,4,0.008700008038431406,2,3
stage1,iris_binary,1,9,iris_binary|1|9,random_search,1,0,0,1,0.8026188524459383,4,0.2872999757528305,2,3
stage1,iris_binary,1,10,iris_binary|1|10,treesat_exact,0,1,-1,0,,-1,0.048999994760379195,2,3
stage1,iris_binary,1,10,iris_binary|1|10,leaf_enum_bruteforce,0,1,-1,0,,-1,0.034900003811344504,2,3
stage1,iris_binary,1,10,iris_binary|1|10,nearest_neighbor,0,1,1,1,3.2261411386354606,4,0.008300004992634058,2,3
stage1,iris_binary,1,10,iris_binary|1|10,random_search,0,1,1,1,1.2567366073028332,4,0.274600024567917,2,3
stage1,iris_binary,1,11,iris_binary|1|11,treesat_exact,0,1,-1,0,,-1,0.051300012273713946,2,3
stage1,iris_binary,1,11,iris_binary|1|11,leaf_enum_bruteforce,0,1,-1,0,,-1,0.03539997851476073,2,3
stage1,iris_binary,1,11,iris_binary|1|11,nearest_neighbor,0,1,1,1,3.2466625653820285,4,0.008400005754083395,2,3
stage1,iris_binary,1,11,iris_binary|1|11,random_search,0,1,1,1,1.1362932401291432,4,0.2801999798975885,2,3
stage1,iris_binary,1,12,iris_binary|1|12,treesat_exact,0,1,-1,0,,-1,0.049299997044727206,2,3
stage1,iris_binary,1,12,iris_binary|1|12,leaf_enum_bruteforce,0,1,-1,0,,-1,0.03530000685714185,2,3
stage1,iris_binary,1,12,iris_binary|1|12,nearest_neighbor,0,1,1,1,3.5143007433278584,4,0.008200004231184721,2,3
stage1,iris_binary,1,12,iris_binary|1|12,random_search,0,1,1,1,1.7691976598343722,4,0.27119999867863953,2,3
stage1,iris_binary,1,13,iris_binary|1|13,treesat_exact,1,0,0,1,0.7880836663474179,1,0.049400026910007,2,3
stage1,iris_binary,1,13,iris_binary|1|13,leaf_enum_bruteforce,1,0,0,1,0.7880836663474179,1,0.03530000685714185,2,3
stage1,iris_binary,1,13,iris_binary|1|13,nearest_neighbor,1,0,0,1,1.9483074498831097,4,0.00890000956133008,2,3
stage1,iris_binary,1,13,iris_binary|1|13,random_search,1,0,0,1,1.1526026680711539,4,0.28130001737736166,2,3
stage1,iris_binary,1,14,iris_binary|1|14,treesat_exact,0,1,-1,0,,-1,0.04809998790733516,2,3
stage1,iris_binary,1,14,iris_binary|1|14,leaf_enum_bruteforce,0,1,-1,0,,-1,0.03470000228844583,2,3
stage1,iris_binary,1,14,iris_binary|1|14,nearest_neighbor,0,1,1,1,2.335647345689943,4,0.008299975888803601,2,3
stage1,iris_binary,1,14,iris_binary|1|14,random_search,0,1,1,1,0.9027923104523399,4,0.281100015854463,2,3
stage1,iris_binary,1,15,iris_binary|1|15,treesat_exact,0,1,-1,0,,-1,0.04870002157986164,2,3
stage1,iris_binary,1,15,iris_binary|1|15,leaf_enum_bruteforce,0,1,-1,0,,-1,0.035299977753311396,2,3
stage1,iris_binary,1,15,iris_binary|1|15,nearest_neighbor,0,1,1,1,3.4758401232626936,4,0.008299975888803601,2,3
stage1,iris_binary,1,15,iris_binary|1|15,random_search,0,1,1,1,1.929099494049703,4,0.2708999963942915,2,3
stage1,iris_binary,1,16,iris_binary|1|16,treesat_exact,0,1,-1,0,,-1,0.04949999856762588,2,3
stage1,iris_binary,1,16,iris_binary|1|16,leaf_enum_bruteforce,0,1,-1,0,,-1,0.034900003811344504,2,3
stage1,iris_binary,1,16,iris_binary|1|16,nearest_neighbor,0,1,1,1,2.1711982160237135,4,0.008200004231184721,2,3
stage1,iris_binary,1,16,iris_binary|1|16,random_search,0,1,1,1,0.8416080427685873,4,0.4211000050418079,2,3
stage1,iris_binary,1,17,iris_binary|1|17,treesat_exact,0,1,-1,0,,-1,0.09159999899566174,2,3
stage1,iris_binary,1,17,iris_binary|1|17,leaf_enum_bruteforce,0,1,-1,0,,-1,0.05740000051446259,2,3
stage1,iris_binary,1,17,iris_binary|1|17,nearest_neighbor,0,1,1,1,3.908142523249862,3,0.015500001609325409,2,3
stage1,iris_binary,1,17,iris_binary|1|17,random_search,0,1,1,1,3.084824896860503,4,0.3749000024981797,2,3
stage1,iris_binary,1,18,iris_binary|1|18,treesat_exact,0,1,-1,0,,-1,0.0591999851167202,2,3
stage1,iris_binary,1,18,iris_binary|1|18,leaf_enum_bruteforce,0,1,-1,0,,-1,0.03890000516548753,2,3
stage1,iris_binary,1,18,iris_binary|1|18,nearest_neighbor,0,1,1,1,2.62774515165374,4,0.011300027836114168,2,3
stage1,iris_binary,1,18,iris_binary|1|18,random_search,0,1,1,1,0.4174213855801691,4,0.31579998903907835,2,3
stage1,iris_binary,1,19,iris_binary|1|19,treesat_exact,1,0,0,1,0.7880836663474179,1,0.05339999916031957,2,3
stage1,iris_binary,1,19,iris_binary|1|19,leaf_enum_bruteforce,1,0,0,1,0.7880836663474179,1,0.037699996028095484,2,3
stage1,iris_binary,1,19,iris_binary|1|19,nearest_neighbor,1,0,0,1,2.3098780338353926,4,0.010300020221620798,2,3
stage1,iris_binary,1,19,iris_binary|1|19,random_search,1,0,0,1,1.1233260453548468,4,0.29850000282749534,2,3
stage1,iris_binary,1,20,iris_binary|1|20,treesat_exact,0,1,-1,0,,-1,0.05529998452402651,2,3
stage1,iris_binary,1,20,iris_binary|1|20,leaf_enum_bruteforce,0,1,-1,0,,-1,0.03779999678954482,2,3
stage1,iris_binary,1,20,iris_binary|1|20,nearest_neighbor,0,1,1,1,4.850347474754061,4,0.009100011084228754,2,3
stage1,iris_binary,1,20,iris_binary|1|20,random_search,0,1,1,1,1.7168973309220854,4,0.27889999910257757,2,3
stage1,iris_binary,1,21,iris_binary|1|21,treesat_exact,0,1,-1,0,,-1,0.053099996875971556,2,3
stage1,iris_binary,1,21,iris_binary|1|21,leaf_enum_bruteforce,0,1,-1,0,,-1,0.036299985367804766,2,3
stage1,iris_binary,1,21,iris_binary|1|21,nearest_neighbor,0,1,1,1,2.614871706517404,4,0.008700008038431406,2,3
stage1,iris_binary,1,21,iris_binary|1|21,random_search,0,1,1,1,1.2438793602948983,4,0.2911000046879053,2,3
stage1,iris_binary,1,22,iris_binary|1|22,treesat_exact,0,1,-1,0,,-1,0.05329999839887023,2,3
stage1,iris_binary,1,22,iris_binary|1|22,leaf_enum_bruteforce,0,1,-1,0,,-1,0.039300008211284876,2,3
stage1,iris_binary,1,22,iris_binary|1|22,nearest_neighbor,0,1,1,1,2.288223943629493,4,0.008800008799880743,2,3
stage1,iris_binary,1,22,iris_binary|1|22,random_search,0,1,1,1,1.291512286948423,4,0.28219999512657523,2,3
stage1,iris_binary,1,23,iris_binary|1|23,treesat_exact,1,0,0,1,0.7880836663474179,1,0.058399979025125504,2,3
stage1,iris_binary,1,23,iris_binary|1|23,leaf_enum_bruteforce,1,0,0,1,0.7880836663474179,1,0.035999983083456755,2,3
stage1,iris_binary,1,23,iris_binary|1|23,nearest_neighbor,1,0,0,1,2.2276502271727767,4,0.010000017937272787,2,3
stage1,iris_binary,1,23,iris_binary|1|23,random_search,1,0,0,1,1.122352933362722,4,0.29170000925660133,2,3
stage1,iris_binary,1,24,iris_binary|1|24,treesat_exact,1,0,0,1,0.9194307759689325,1,0.04939999780617654,2,3
stage1,iris_binary,1,24,iris_binary|1|24,leaf_enum_bruteforce,1,0,0,1,0.9194307759689325,1,0.03509997623041272,2,3
stage1,iris_binary,1,24,iris_binary|1|24,nearest_neighbor,1,0,0,1,2.267767514198817,4,0.00890000956133008,2,3
stage1,iris_binary,1,24,iris_binary|1|24,random_search,1,0,0,1,1.074636028855164,4,0.28929999098181725,2,3
stage1,iris_binary,1,25,iris_binary|1|25,treesat_exact,0,1,-1,0,,-1,0.053800002206116915,2,3
stage1,iris_binary,1,25,iris_binary|1|25,leaf_enum_bruteforce,0,1,-1,0,,-1,0.03540000761859119,2,3
stage1,iris_binary,1,25,iris_binary|1|25,nearest_neighbor,0,1,1,1,4.236097523670806,4,0.008700008038431406,2,3
stage1,iris_binary,1,25,iris_binary|1|25,random_search,0,1,1,1,1.6266078489094584,4,0.28670000028796494,2,3
stage1,iris_binary,1,26,iris_binary|1|26,treesat_exact,0,1,-1,0,,-1,0.05500001134350896,2,3
stage1,iris_binary,1,26,iris_binary|1|26,leaf_enum_bruteforce,0,1,-1,0,,-1,0.03919997834600508,2,3
stage1,iris_binary,1,26,iris_binary|1|26,nearest_neighbor,0,1,1,1,2.264529645224601,4,0.010000017937272787,2,3
stage1,iris_binary,1,26,iris_binary|1|26,random_search,0,1,1,1,1.1320501690652036,4,0.3268999862484634,2,3
stage1,iris_binary,1,27,iris_binary|1|27,treesat_exact,0,1,-1,0,,-1,0.05199998850002885,2,3
stage1,iris_binary,1,27,iris_binary|1|27,leaf_enum_bruteforce,0,1,-1,0,,-1,0.03689998993650079,2,3
stage1,iris_binary,1,27,iris_binary|1|27,nearest_neighbor,0,1,1,1,2.5234230004134552,4,0.008700008038431406,2,3
stage1,iris_binary,1,27,iris_binary|1|27,random_search,0,1,1,1,1.0472067859680123,4,0.3003000165335834,2,3
stage1,iris_binary,1,28,iris_binary|1|28,treesat_exact,0,1,-1,0,,-1,0.05110001075081527,2,3
stage1,iris_binary,1,28,iris_binary|1|28,leaf_enum_bruteforce,0,1,-1,0,,-1,0.035900011425837874,2,3
stage1,iris_binary,1,28,iris_binary|1|28,nearest_neighbor,0,1,1,1,5.232644031546392,4,0.008599978173151612,2,3
stage1,iris_binary,1,28,iris_binary|1|28,random_search,0,1,1,1,3.2430603345645,4,0.26619998971000314,2,3
stage1,iris_binary,1,29,iris_binary|1|29,treesat_exact,0,1,-1,0,,-1,0.049700000090524554,2,3
stage1,iris_binary,1,29,iris_binary|1|29,leaf_enum_bruteforce,0,1,-1,0,,-1,0.035299977753311396,2,3
stage1,iris_binary,1,29,iris_binary|1|29,nearest_neighbor,0,1,1,1,3.9107883415172813,4,0.008100003469735384,2,3
stage1,iris_binary,1,29,iris_binary|1|29,random_search,0,1,1,1,1.5529803441984582,4,0.28619999648071826,2,3
stage1,iris_binary,1,30,iris_binary|1|30,treesat_exact,0,1,-1,0,,-1,0.05339999916031957,2,3
stage1,iris_binary,1,30,iris_binary|1|30,leaf_enum_bruteforce,0,1,-1,0,,-1,0.03519997699186206,2,3
stage1,iris_binary,1,30,iris_binary|1|30,nearest_neighbor,0,1,1,1,3.465010553268199,4,0.008099974365904927,2,3
stage1,iris_binary,1,30,iris_binary|1|30,random_search,0,1,1,1,2.4630612830011556,4,0.27990000671707094,2,3
stage1,iris_binary,1,31,iris_binary|1|31,treesat_exact,1,0,0,1,0.7880836663474179,1,0.06030002259649336,2,3
stage1,iris_binary,1,31,iris_binary|1|31,leaf_enum_bruteforce,1,0,0,1,0.7880836663474179,1,0.035999983083456755,2,3
stage1,iris_binary,1,31,iris_binary|1|31,nearest_neighbor,1,0,0,1,1.9795890861918948,4,0.009600014891475439,2,3
stage1,iris_binary,1,31,iris_binary|1|31,random_search,1,0,0,1,1.0636362556758558,4,0.3358999965712428,2,3
stage1,iris_binary,1,32,iris_binary|1|32,treesat_exact,0,1,-1,0,,-1,0.05180001608096063,2,3
stage1,iris_binary,1,32,iris_binary|1|32,leaf_enum_bruteforce,0,1,-1,0,,-1,0.03840000135824084,2,3
stage1,iris_binary,1,32,iris_binary|1|32,nearest_neighbor,0,1,1,1,1.86001360929423,4,0.009200011845678091,2,3
stage1,iris_binary,1,32,iris_binary|1|32,random_search,0,1,1,1,0.684524305728288,4,0.29409999842755497,2,3
stage1,iris_binary,1,33,iris_binary|1|33,treesat_exact,0,1,-1,0,,-1,0.050799979362636805,2,3
stage1,iris_binary,1,33,iris_binary|1|33,leaf_enum_bruteforce,0,1,-1,0,,-1,0.035500008380040526,2,3
stage1,iris_binary,1,33,iris_binary|1|33,nearest_neighbor,0,1,1,1,4.73801459850385,4,0.008400005754083395,2,3
stage1,iris_binary,1,33,iris_binary|1|33,random_search,0,1,1,1,2.4083572568167075,4,0.27069999487139285,2,3
stage1,iris_binary,1,34,iris_binary|1|34,treesat_exact,0,1,-1,0,,-1,0.04990000161342323,2,3
stage1,iris_binary,1,34,iris_binary|1|34,leaf_enum_bruteforce,0,1,-1,0,,-1,0.035299977753311396,2,3
stage1,iris_binary,1,34,iris_binary|1|34,nearest_neighbor,0,1,1,1,1.9612068172512944,4,0.008500006515532732,2,3
stage1,iris_binary,1,34,iris_binary|1|34,random_search,0,1,1,1,0.3582897214790873,4,0.3039000148419291,2,3
stage1,iris_binary,1,35,iris_binary|1|35,treesat_exact,0,1,-1,0,,-1,0.05080000846646726,2,3
stage1,iris_binary,1,35,iris_binary|1|35,leaf_enum_bruteforce,0,1,-1,0,,-1,0.0357000099029392,2,3
stage1,iris_binary,1,35,iris_binary|1|35,nearest_neighbor,0,1,1,1,3.035723666404169,4,0.008500006515532732,2,3
stage1,iris_binary,1,35,iris_binary|1|35,random_search,0,1,1,1,1.7210198645954677,4,0.27489999774843454,2,3
stage1,iris_binary,1,36,iris_binary|1|36,treesat_exact,0,1,-1,0,,-1,0.05129998316988349,2,3
stage1,iris_binary,1,36,iris_binary|1|36,leaf_enum_bruteforce,0,1,-1,0,,-1,0.034500000765547156,2,3
stage1,iris_binary,1,36,iris_binary|1|36,nearest_neighbor,0,1,1,1,3.3332495492832797,4,0.008300004992634058,2,3
stage1,iris_binary,1,36,iris_binary|1|36,random_search,0,1,1,1,1.9834487238031313,4,0.27439999394118786,2,3
stage1,iris_binary,1,37,iris_binary|1|37,treesat_exact,0,1,-1,0,,-1,0.049700000090524554,2,3
stage1,iris_binary,1,37,iris_binary|1|37,leaf_enum_bruteforce,0,1,-1,0,,-1,0.03580001066438854,2,3
stage1,iris_binary,1,37,iris_binary|1|37,nearest_neighbor,0,1,1,1,2.7512344576962575,4,0.008200004231184721,2,3
stage1,iris_binary,1,37,iris_binary|1|37,random_search,0,1,1,1,0.9958781651440012,4,0.28150001890026033,2,3
stage1,iris_binary,1,38,iris_binary|1|38,treesat_exact,1,0,0,1,0.7880836663474179,1,0.04779998562298715,2,3
stage1,iris_binary,1,38,iris_binary|1|38,leaf_enum_bruteforce,1,0,0,1,0.7880836663474179,1,0.034199998481199145,2,3
stage1,iris_binary,1,38,iris_binary|1|38,nearest_neighbor,1,0,0,1,2.5943295211401884,4,0.008800008799880743,2,3
stage1,iris_binary,1,38,iris_binary|1|38,random_search,1,0,0,1,0.9383267925915875,4,0.2784999960567802,2,3
stage1,iris_binary,1,39,iris_binary|1|39,treesat_exact,0,1,-1,0,,-1,0.05670002428814769,2,3
stage1,iris_binary,1,39,iris_binary|1|39,leaf_enum_bruteforce,0,1,-1,0,,-1,0.03470000228844583,2,3
stage1,iris_binary,1,39,iris_binary|1|39,nearest_neighbor,0,1,1,1,2.6722182976895237,4,0.008500006515532732,2,3
stage1,iris_binary,1,39,iris_binary|1|39,random_search,0,1,1,1,1.4889658849412206,4,0.2812000166159123,2,3
stage1,iris_binary,1,40,iris_binary|1|40,treesat_exact,0,1,-1,0,,-1,0.05020000389777124,2,3
stage1,iris_binary,1,40,iris_binary|1|40,leaf_enum_bruteforce,0,1,-1,0,,-1,0.03460000152699649,2,3
stage1,iris_binary,1,40,iris_binary|1|40,nearest_neighbor,0,1,1,1,2.5933994954356914,4,0.008400005754083395,2,3
stage1,iris_binary,1,40,iris_binary|1|40,random_search,0,1,1,1,1.1196448750808226,4,0.2707000239752233,2,3
stage1,iris_binary,1,41,iris_binary|1|41,treesat_exact,0,1,-1,0,,-1,0.04740001168102026,2,3
stage1,iris_binary,1,41,iris_binary|1|41,leaf_enum_bruteforce,0,1,-1,0,,-1,0.03409999771974981,2,3
stage1,iris_binary,1,41,iris_binary|1|41,nearest_neighbor,0,1,1,1,2.681338785958473,4,0.008100003469735384,2,3
stage1,iris_binary,1,41,iris_binary|1|41,random_search,0,1,1,1,1.391475853546942,4,0.27859999681822956,2,3
stage1,iris_binary,1,42,iris_binary|1|42,treesat_exact,1,0,0,1,0.7880836663474179,1,0.04680000711232424,2,3
stage1,iris_binary,1,42,iris_binary|1|42,leaf_enum_bruteforce,1,0,0,1,0.7880836663474179,1,0.034199998481199145,2,3
stage1,iris_binary,1,42,iris_binary|1|42,nearest_neighbor,1,0,0,1,2.164979389561326,4,0.008400005754083395,2,3
stage1,iris_binary,1,42,iris_binary|1|42,random_search,1,0,0,1,0.9636352835214322,4,0.2765999815892428,2,3
stage1,iris_binary,1,43,iris_binary|1|43,treesat_exact,1,0,0,1,0.7880836663474179,1,0.04659997648559511,2,3
stage1,iris_binary,1,43,iris_binary|1|43,leaf_enum_bruteforce,1,0,0,1,0.7880836663474179,1,0.04260000423528254,2,3
stage1,iris_binary,1,43,iris_binary|1|43,nearest_neighbor,1,0,0,1,2.3914540320694244,4,0.009299983503296971,2,3
stage1,iris_binary,1,43,iris_binary|1|43,random_search,1,0,0,1,0.9812676500109605,4,0.2921000123023987,2,3
stage1,iris_binary,1,44,iris_binary|1|44,treesat_exact,1,0,0,1,0.7880836663474179,1,0.04889999399892986,2,3
stage1,iris_binary,1,44,iris_binary|1|44,leaf_enum_bruteforce,1,0,0,1,0.7880836663474179,1,0.03500000457279384,2,3
stage1,iris_binary,1,44,iris_binary|1|44,nearest_neighbor,1,0,0,1,2.3439523609437067,4,0.009499985026195645,2,3
stage1,iris_binary,1,44,iris_binary|1|44,random_search,1,0,0,1,1.0258847712139947,4,0.2814999897964299,2,3
stage1,iris_binary,2,0,iris_binary|2|0,treesat_exact,1,0,0,1,0.7156226203087855,1,0.08669999078847468,2,3
stage1,iris_binary,2,0,iris_binary|2|0,leaf_enum_bruteforce,1,0,0,1,0.7156226203087855,1,0.050700007705017924,2,3
stage1,iris_binary,2,0,iris_binary|2|0,nearest_neighbor,1,0,0,1,2.171258767509943,4,0.017499987734481692,2,3
stage1,iris_binary,2,0,iris_binary|2|0,random_search,1,0,0,1,1.1726344173739915,4,0.45319998753257096,2,3
stage1,iris_binary,2,1,iris_binary|2|1,treesat_exact,1,0,0,1,0.7156226203087855,1,0.06150000263005495,2,3
stage1,iris_binary,2,1,iris_binary|2|1,leaf_enum_bruteforce,1,0,0,1,0.7156226203087855,1,0.03950000973418355,2,3
stage1,iris_binary,2,1,iris_binary|2|1,nearest_neighbor,1,0,0,1,2.4170725447984602,4,0.011800002539530396,2,3
stage1,iris_binary,2,1,iris_binary|2|1,random_search,1,0,0,1,0.9464537122503826,4,0.3679999790620059,2,3
stage1,iris_binary,2,2,iris_binary|2|2,treesat_exact,1,0,0,1,0.5855095977117625,1,0.05669999518431723,2,3
stage1,iris_binary,2,2,iris_binary|2|2,leaf_enum_bruteforce,1,0,0,1,0.5855095977117625,1,0.03950000973418355,2,3
stage1,iris_binary,2,2,iris_binary|2|2,nearest_neighbor,1,0,0,1,2.458440493012661,4,0.010099989594891667,2,3
stage1,iris_binary,2,2,iris_binary|2|2,random_search,1,0,0,1,0.7274715833555345,4,0.3105000068899244,2,3
stage1,iris_binary,2,3,iris_binary|2|3,treesat_exact,0,1,1,1,0.715621628258467,1,0.05420000525191426,2,3
stage1,iris_binary,2,3,iris_binary|2|3,leaf_enum_bruteforce,0,1,1,1,0.715621628258467,1,0.03819999983534217,2,3
stage1,iris_binary,2,3,iris_binary|2|3,nearest_neighbor,0,1,1,1,2.4828230566389955,4,0.010200019460171461,2,3
stage1,iris_binary,2,3,iris_binary|2|3,random_search,0,1,1,1,0.8804677122932293,4,0.30670000705868006,2,3
stage1,iris_binary,2,4,iris_binary|2|4,treesat_exact,1,0,0,1,0.7156226203087855,1,0.05409997538663447,2,3
stage1,iris_binary,2,4,iris_binary|2|4,leaf_enum_bruteforce,1,0,0,1,0.7156226203087855,1,0.03850000211969018,2,3
stage1,iris_binary,2,4,iris_binary|2|4,nearest_neighbor,1,0,0,1,2.4055209616944557,4,0.00969998654909432,2,3
stage1,iris_binary,2,4,iris_binary|2|4,random_search,1,0,0,1,0.9710286424297051,4,0.3060000017285347,2,3
stage1,iris_binary,2,5,iris_binary|2|5,treesat_exact,0,1,1,1,1.6264127864376274,1,0.05259999306872487,2,3
stage1,iris_binary,2,5,iris_binary|2|5,leaf_enum_bruteforce,0,1,1,1,1.6264127864376274,1,0.03779999678954482,2,3
stage1,iris_binary,2,5,iris_binary|2|5,nearest_neighbor,0,1,1,1,4.661837992036241,4,0.010099989594891667,2,3
stage1,iris_binary,2,5,iris_binary|2|5,random_search,0,1,1,1,1.942838496499775,4,0.28649999876506627,2,3
stage1,iris_binary,2,6,iris_binary|2|6,treesat_exact,0,1,1,1,0.715621628258467,1,0.05129998316988349,2,3
stage1,iris_binary,2,6,iris_binary|2|6,leaf_enum_bruteforce,0,1,1,1,0.715621628258467,1,0.035500008380040526,2,3
stage1,iris_binary,2,6,iris_binary|2|6,nearest_neighbor,0,1,1,1,2.154184198395317,4,0.00899998121894896,2,3
stage1,iris_binary,2,6,iris_binary|2|6,random_search,0,1,1,1,1.0198911849117918,4,0.7126999844331294,2,3
stage1,iris_binary,2,7,iris_binary|2|7,treesat_exact,0,1,1,1,1.3661867412435815,1,0.12569999671541154,2,3
stage1,iris_binary,2,7,iris_binary|2|7,leaf_enum_bruteforce,0,1,1,1,1.3661867412435815,1,0.08550001075491309,2,3
stage1,iris_binary,2,7,iris_binary|2|7,nearest_neighbor,0,1,1,1,2.674308544818474,4,0.0914999982342124,2,3
stage1,iris_binary,2,7,iris_binary|2|7,random_search,0,1,1,1,2.030011591015542,4,0.7850000110920519,2,3
stage1,iris_binary,2,8,iris_binary|2|8,treesat_exact,0,1,1,1,2.016751854228696,1,0.12710000737570226,2,3
stage1,iris_binary,2,8,iris_binary|2|8,leaf_enum_bruteforce,0,1,1,1,2.016751854228696,1,0.0914999982342124,2,3
stage1,iris_binary,2,8,iris_binary|2|8,nearest_neighbor,0,1,1,1,5.27836557731304,4,0.022799998987466097,2,3
stage1,iris_binary,2,8,iris_binary|2|8,random_search,0,1,1,1,2.2574941966160442,4,0.6760999967809767,2,3
stage1,iris_binary,2,9,iris_binary|2|9,treesat_exact,1,0,0,1,0.7156226203087855,1,0.09519999730400741,2,3
stage1,iris_binary,2,9,iris_binary|2|9,leaf_enum_bruteforce,1,0,0,1,0.7156226203087855,1,0.06500000017695129,2,3
stage1,iris_binary,2,9,iris_binary|2|9,nearest_neighbor,1,0,0,1,2.938574425482157,4,0.017099984688684344,2,3
stage1,iris_binary,2,9,iris_binary|2|9,random_search,1,0,0,1,0.8394072354380205,4,0.5462999979499727,2,3
stage1,iris_binary,2,10,iris_binary|2|10,treesat_exact,1,0,0,1,0.45539657511473963,1,0.09320001117885113,2,3
stage1,iris_binary,2,10,iris_binary|2|10,leaf_enum_bruteforce,1,0,0,1,0.45539657511473963,1,0.06510000093840063,2,3
stage1,iris_binary,2,10,iris_binary|2|10,nearest_neighbor,1,0,0,1,2.6233478288427956,4,0.016699981642886996,2,3
stage1,iris_binary,2,10,iris_binary|2|10,random_search,1,0,0,1,0.706765694810302,4,0.6061000167392194,2,3
stage1,iris_binary,2,11,iris_binary|2|11,treesat_exact,0,1,1,1,2.016751854228696,1,0.0971999834291637,2,3
stage1,iris_binary,2,11,iris_binary|2|11,leaf_enum_bruteforce,0,1,1,1,2.016751854228696,1,0.05970001802779734,2,3
stage1,iris_binary,2,11,iris_binary|2|11,nearest_neighbor,0,1,1,1,3.99176423247569,4,0.014699995517730713,2,3
stage1,iris_binary,2,11,iris_binary|2|11,random_search,0,1,1,1,2.3845657247908565,4,0.46790001215413213,2,3
stage1,iris_binary,2,12,iris_binary|2|12,treesat_exact,0,1,1,1,0.9758476734525128,1,0.08180001168511808,2,3
stage1,iris_binary,2,12,iris_binary|2|12,leaf_enum_bruteforce,0,1,1,1,0.9758476734525128,1,0.05929998587816954,2,3
stage1,iris_binary,2,12,iris_binary|2|12,nearest_neighbor,0,1,1,1,3.254262690626884,4,0.014499993994832039,2,3
stage1,iris_binary,2,12,iris_binary|2|12,random_search,0,1,1,1,1.0801710226202792,4,0.4949999856762588,2,3
stage1,iris_binary,2,13,iris_binary|2|13,treesat_exact,0,1,1,1,0.8457346508554897,1,0.086499989265576,2,3
stage1,iris_binary,2,13,iris_binary|2|13,leaf_enum_bruteforce,0,1,1,1,0.8457346508554897,1,0.05830000736750662,2,3
stage1,iris_binary,2,13,iris_binary|2|13,nearest_neighbor,0,1,1,1,2.7748714764457763,4,0.014599994756281376,2,3
stage1,iris_binary,2,13,iris_binary|2|13,random_search,0,1,1,1,0.9012715620044165,4,0.4762000171467662,2,3
stage1,iris_binary,2,14,iris_binary|2|14,treesat_exact,0,1,1,1,2.016751854228696,1,0.056899996707215905,2,3
stage1,iris_binary,2,14,iris_binary|2|14,leaf_enum_bruteforce,0,1,1,1,2.016751854228696,1,0.049299997044727206,2,3
stage1,iris_binary,2,14,iris_binary|2|14,nearest_neighbor,0,1,1,1,3.9774654235660973,4,0.010399991879239678,2,3
stage1,iris_binary,2,14,iris_binary|2|14,random_search,0,1,1,1,2.3225587954389852,4,0.31529998523183167,2,3
stage1,iris_binary,2,15,iris_binary|2|15,treesat_exact,0,1,1,1,1.8866388316316736,1,0.05639999289996922,2,3
stage1,iris_binary,2,15,iris_binary|2|15,leaf_enum_bruteforce,0,1,1,1,1.8866388316316736,1,0.0399000127799809,2,3
stage1,iris_binary,2,15,iris_binary|2|15,nearest_neighbor,0,1,1,1,3.750671724580945,4,0.010199990356341004,2,3
stage1,iris_binary,2,15,iris_binary|2|15,random_search,0,1,1,1,2.2685742999424394,4,0.35719998413696885,2,3
stage1,iris_binary,2,16,iris_binary|2|16,treesat_exact,0,1,1,1,0.715621628258467,1,0.062000006437301636,2,3
stage1,iris_binary,2,16,iris_binary|2|16,leaf_enum_bruteforce,0,1,1,1,0.715621628258467,1,0.042100000428035855,2,3
stage1,iris_binary,2,16,iris_binary|2|16,nearest_neighbor,0,1,1,1,3.172899284024942,3,0.00990001717582345,2,3
stage1,iris_binary,2,16,iris_binary|2|16,random_search,0,1,1,1,0.9358764438233798,4,0.5738000036217272,2,3
stage1,iris_binary,2,17,iris_binary|2|17,treesat_exact,0,1,1,1,0.715621628258467,1,0.06880000000819564,2,3
stage1,iris_binary,2,17,iris_binary|2|17,leaf_enum_bruteforce,0,1,1,1,0.715621628258467,1,0.043599982745945454,2,3
stage1,iris_binary,2,17,iris_binary|2|17,nearest_neighbor,0,1,1,1,2.231228662725064,4,0.012999982573091984,2,3
stage1,iris_binary,2,17,iris_binary|2|17,random_search,0,1,1,1,1.1172668350824004,4,0.3330000035930425,2,3
stage1,iris_binary,2,18,iris_binary|2|18,treesat_exact,0,1,1,1,1.6264127864376274,1,0.05709999823011458,2,3
stage1,iris_binary,2,18,iris_binary|2|18,leaf_enum_bruteforce,0,1,1,1,1.6264127864376274,1,0.03789999755099416,2,3
stage1,iris_binary,2,18,iris_binary|2|18,nearest_neighbor,0,1,1,1,4.879826285407694,4,0.010000017937272787,2,3
stage1,iris_binary,2,18,iris_binary|2|18,random_search,0,1,1,1,2.03794810174584,4,0.2930999908130616,2,3
stage1,iris_binary,2,19,iris_binary|2|19,treesat_exact,0,1,1,1,1.3661867412435815,1,0.05549998604692519,2,3
stage1,iris_binary,2,19,iris_binary|2|19,leaf_enum_bruteforce,0,1,1,1,1.3661867412435815,1,0.036299985367804766,2,3
stage1,iris_binary,2,19,iris_binary|2|19,nearest_neighbor,0,1,1,1,4.016376087020873,4,0.009500014130026102,2,3
stage1,iris_binary,2,19,iris_binary|2|19,random_search,0,1,1,1,1.8035051088177216,4,0.2865999995265156,2,3
stage1,iris_binary,2,20,iris_binary|2|20,treesat_exact,1,0,0,1,0.7156226203087855,1,0.05210001836530864,2,3
stage1,iris_binary,2,20,iris_binary|2|20,leaf_enum_bruteforce,1,0,0,1,0.7156226203087855,1,0.03670001751743257,2,3
stage1,iris_binary,2,20,iris_binary|2|20,nearest_neighbor,1,0,0,1,2.3434054900643764,4,0.009599985787644982,2,3
stage1,iris_binary,2,20,iris_binary|2|20,random_search,1,0,0,1,0.913471785200741,4,0.29340002220124006,2,3
stage1,iris_binary,2,21,iris_binary|2|21,treesat_exact,1,0,0,1,0.7156226203087855,1,0.05370000144466758,2,3
stage1,iris_binary,2,21,iris_binary|2|21,leaf_enum_bruteforce,1,0,0,1,0.7156226203087855,1,0.03670001751743257,2,3
stage1,iris_binary,2,21,iris_binary|2|21,nearest_neighbor,1,0,0,1,2.305737839222063,4,0.009499985026195645,2,3
stage1,iris_binary,2,21,iris_binary|2|21,random_search,1,0,0,1,0.974637223610481,4,0.29479997465386987,2,3
stage1,iris_binary,2,22,iris_binary|2|22,treesat_exact,0,1,1,1,0.32528256046739806,1,0.051000009989365935,2,3
stage1,iris_binary,2,22,iris_binary|2|22,leaf_enum_bruteforce,0,1,1,1,0.32528256046739806,1,0.036500015994533896,2,3
stage1,iris_binary,2,22,iris_binary|2|22,nearest_neighbor,0,1,1,1,2.0988180150437694,4,0.00869997893460095,2,3
stage1,iris_binary,2,22,iris_binary|2|22,random_search,0,1,1,1,0.4180108287836475,4,0.3155999875161797,2,3
stage1,iris_binary,2,23,iris_binary|2|23,treesat_exact,0,1,1,1,0.715621628258467,1,0.05250002141110599,2,3
stage1,iris_binary,2,23,iris_binary|2|23,leaf_enum_bruteforce,0,1,1,1,0.715621628258467,1,0.038700003642588854,2,3
stage1,iris_binary,2,23,iris_binary|2|23,nearest_neighbor,0,1,1,1,2.4017149624246517,4,0.008500006515532732,2,3
stage1,iris_binary,2,23,iris_binary|2|23,random_search,0,1,1,1,0.9039603926305603,4,0.28670000028796494,2,3
stage1,iris_binary,2,24,iris_binary|2|24,treesat_exact,0,1,1,1,0.5855086056614439,1,0.05099998088553548,2,3
stage1,iris_binary,2,24,iris_binary|2|24,leaf_enum_bruteforce,0,1,1,1,0.5855086056614439,1,0.03609998384490609,2,3
stage1,iris_binary,2,24,iris_binary|2|24,nearest_neighbor,0,1,1,1,2.36790514263807,4,0.009000010322779417,2,3
stage1,iris_binary,2,24,iris_binary|2|24,random_search,0,1,1,1,0.8022749450585844,4,0.29379999614320695,2,3
stage1,iris_binary,2,25,iris_binary|2|25,treesat_exact,0,1,1,1,0.9758476734525128,1,0.05110001075081527,2,3
stage1,iris_binary,2,25,iris_binary|2|25,leaf_enum_bruteforce,0,1,1,1,0.9758476734525128,1,0.03560000914148986,2,3
stage1,iris_binary,2,25,iris_binary|2|25,nearest_neighbor,0,1,1,1,3.0036569704450575,4,0.008300004992634058,2,3
stage1,iris_binary,2,25,iris_binary|2|25,random_search,0,1,1,1,1.3244835847261627,4,0.309199996991083,2,3
stage1,iris_binary,2,26,iris_binary|2|26,treesat_exact,0,1,1,1,0.9758476734525128,1,0.05199998850002885,2,3
stage1,iris_binary,2,26,iris_binary|2|26,leaf_enum_bruteforce,0,1,1,1,0.9758476734525128,1,0.037699996028095484,2,3
stage1,iris_binary,2,26,iris_binary|2|26,nearest_neighbor,0,1,1,1,2.2275356026852724,4,0.009100011084228754,2,3
stage1,iris_binary,2,26,iris_binary|2|26,random_search,0,1,1,1,1.277308604824611,4,0.3097000007983297,2,3
stage1,iris_binary,2,27,iris_binary|2|27,treesat_exact,1,0,0,1,0.45539657511473963,1,0.05540001438930631,2,3
stage1,iris_binary,2,27,iris_binary|2|27,leaf_enum_bruteforce,1,0,0,1,0.45539657511473963,1,0.03809999907389283,2,3
stage1,iris_binary,2,27,iris_binary|2|27,nearest_neighbor,1,0,0,1,2.1626737270095497,4,0.010100018698722124,2,3
stage1,iris_binary,2,27,iris_binary|2|27,random_search,1,0,0,1,0.6292423084614135,4,0.308599992422387,2,3
stage1,iris_binary,2,28,iris_binary|2|28,treesat_exact,0,1,1,1,0.32528256046739806,1,0.0577000027988106,2,3
stage1,iris_binary,2,28,iris_binary|2|28,leaf_enum_bruteforce,0,1,1,1,0.32528256046739806,1,0.04119999357499182,2,3
stage1,iris_binary,2,28,iris_binary|2|28,nearest_neighbor,0,1,1,1,1.6019474053832585,3,0.00999998883344233,2,3
stage1,iris_binary,2,28,iris_binary|2|28,random_search,0,1,1,1,0.3660472741964043,4,0.31430000672116876,2,3
stage1,iris_binary,2,29,iris_binary|2|29,treesat_exact,1,0,0,1,0.8457356429058084,1,0.05119998240843415,2,3
stage1,iris_binary,2,29,iris_binary|2|29,leaf_enum_bruteforce,1,0,0,1,0.8457356429058084,1,0.03759999526664615,2,3
stage1,iris_binary,2,29,iris_binary|2|29,nearest_neighbor,1,0,0,1,2.125342034606145,4,0.009599985787644982,2,3
stage1,iris_binary,2,29,iris_binary|2|29,random_search,1,0,0,1,1.1975508818915364,4,0.3175000019837171,2,3
stage1,iris_binary,2,30,iris_binary|2|30,treesat_exact,0,1,1,1,1.1059606960495358,1,0.053300027502700686,2,3
stage1,iris_binary,2,30,iris_binary|2|30,leaf_enum_bruteforce,0,1,1,1,1.1059606960495358,1,0.03689998993650079,2,3
stage1,iris_binary,2,30,iris_binary|2|30,nearest_neighbor,0,1,1,1,3.0354987385784917,4,0.009099981980398297,2,3
stage1,iris_binary,2,30,iris_binary|2|30,random_search,0,1,1,1,1.2965360589030366,4,0.2818999928422272,2,3
stage1,iris_binary,2,31,iris_binary|2|31,treesat_exact,0,1,1,1,0.715621628258467,1,0.048999994760379195,2,3
stage1,iris_binary,2,31,iris_binary|2|31,leaf_enum_bruteforce,0,1,1,1,0.715621628258467,1,0.034500000765547156,2,3
stage1,iris_binary,2,31,iris_binary|2|31,nearest_neighbor,0,1,1,1,1.9776403152816553,4,0.008700008038431406,2,3
stage1,iris_binary,2,31,iris_binary|2|31,random_search,0,1,1,1,0.9040843892593277,4,0.2869000018108636,2,3
stage1,iris_binary,2,32,iris_binary|2|32,treesat_exact,1,0,0,1,0.19517052992069372,1,0.04959999932907522,2,3
stage1,iris_binary,2,32,iris_binary|2|32,leaf_enum_bruteforce,1,0,0,1,0.19517052992069372,1,0.03680001827888191,2,3
stage1,iris_binary,2,32,iris_binary|2|32,nearest_neighbor,1,0,0,1,2.1791748196786784,4,0.009100011084228754,2,3
stage1,iris_binary,2,32,iris_binary|2|32,random_search,1,0,0,1,0.2641624090692989,4,0.304899993352592,2,3
stage1,iris_binary,2,33,iris_binary|2|33,treesat_exact,1,0,0,1,0.7156226203087855,1,0.0515999854542315,2,3
stage1,iris_binary,2,33,iris_binary|2|33,leaf_enum_bruteforce,1,0,0,1,0.7156226203087855,1,0.037999998312443495,2,3
stage1,iris_binary,2,33,iris_binary|2|33,nearest_neighbor,1,0,0,1,2.3058738558510603,4,0.00990001717582345,2,3
stage1,iris_binary,2,33,iris_binary|2|33,random_search,1,0,0,1,1.1690056371084638,4,0.30499999411404133,2,3
stage1,iris_binary,2,34,iris_binary|2|34,treesat_exact,0,1,1,1,0.9758476734525128,1,0.05290002445690334,2,3
stage1,iris_binary,2,34,iris_binary|2|34,leaf_enum_bruteforce,0,1,1,1,0.9758476734525128,1,0.03740002284757793,2,3
stage1,iris_binary,2,34,iris_binary|2|34,nearest_neighbor,0,1,1,1,3.26455333966837,4,0.009000010322779417,2,3
stage1,iris_binary,2,34,iris_binary|2|34,random_search,0,1,1,1,1.2521880675197927,4,0.2830000012181699,2,3
stage1,iris_binary,2,35,iris_binary|2|35,treesat_exact,1,0,0,1,0.5855095977117625,1,0.04990000161342323,2,3
stage1,iris_binary,2,35,iris_binary|2|35,leaf_enum_bruteforce,1,0,0,1,0.5855095977117625,1,0.03619998460635543,2,3
stage1,iris_binary,2,35,iris_binary|2|35,nearest_neighbor,1,0,0,1,2.553503458929233,4,0.008700008038431406,2,3
stage1,iris_binary,2,35,iris_binary|2|35,random_search,1,0,0,1,0.7354581056360604,4,0.2886999864131212,2,3
stage1,iris_binary,2,36,iris_binary|2|36,treesat_exact,0,1,1,1,0.32528256046739806,1,0.049700000090524554,2,3
stage1,iris_binary,2,36,iris_binary|2|36,leaf_enum_bruteforce,0,1,1,1,0.32528256046739806,1,0.03649998689070344,2,3
stage1,iris_binary,2,36,iris_binary|2|36,nearest_neighbor,0,1,1,1,1.5743938406131737,4,0.008500006515532732,2,3
stage1,iris_binary,2,36,iris_binary|2|36,random_search,0,1,1,1,0.39216191175700166,4,0.301199994282797,2,3
stage1,iris_binary,2,37,iris_binary|2|37,treesat_exact,0,1,1,1,1.8866388316316736,1,0.04990000161342323,2,3
stage1,iris_binary,2,37,iris_binary|2|37,leaf_enum_bruteforce,0,1,1,1,1.8866388316316736,1,0.03519997699186206,2,3
stage1,iris_binary,2,37,iris_binary|2|37,nearest_neighbor,0,1,1,1,4.725408892104165,4,0.008599978173151612,2,3
stage1,iris_binary,2,37,iris_binary|2|37,random_search,0,1,1,1,2.621051436393668,4,0.2796000044327229,2,3
stage1,iris_binary,2,38,iris_binary|2|38,treesat_exact,0,1,1,1,1.6264127864376274,1,0.04949999856762588,2,3
stage1,iris_binary,2,38,iris_binary|2|38,leaf_enum_bruteforce,0,1,1,1,1.6264127864376274,1,0.03470000228844583,2,3
stage1,iris_binary,2,38,iris_binary|2|38,nearest_neighbor,0,1,1,1,3.395303786493761,4,0.008399976650252938,2,3
stage1,iris_binary,2,38,iris_binary|2|38,random_search,0,1,1,1,2.5161001564807006,4,0.27370001771487296,2,3
stage1,iris_binary,2,39,iris_binary|2|39,treesat_exact,1,0,0,1,0.7156226203087855,1,0.04770001396536827,2,3
stage1,iris_binary,2,39,iris_binary|2|39,leaf_enum_bruteforce,1,0,0,1,0.7156226203087855,1,0.035900011425837874,2,3
stage1,iris_binary,2,39,iris_binary|2|39,nearest_neighbor,1,0,0,1,2.4083395668950383,4,0.009899988071992993,2,3
stage1,iris_binary,2,39,iris_binary|2|39,random_search,1,0,0,1,0.9288981084534845,4,0.2826999989338219,2,3
stage1,iris_binary,2,40,iris_binary|2|40,treesat_exact,0,1,1,1,2.016751854228696,1,0.047600013203918934,2,3
stage1,iris_binary,2,40,iris_binary|2|40,leaf_enum_bruteforce,0,1,1,1,2.016751854228696,1,0.03440000000409782,2,3
stage1,iris_binary,2,40,iris_binary|2|40,nearest_neighbor,0,1,1,1,4.744172244150983,4,0.008300004992634058,2,3
stage1,iris_binary,2,40,iris_binary|2|40,random_search,0,1,1,1,2.4219299947759128,4,0.2756000030785799,2,3
stage1,iris_binary,2,41,iris_binary|2|41,treesat_exact,1,0,0,1,0.7156226203087855,1,0.0481999886687845,2,3
stage1,iris_binary,2,41,iris_binary|2|41,leaf_enum_bruteforce,1,0,0,1,0.7156226203087855,1,0.034500000765547156,2,3
stage1,iris_binary,2,41,iris_binary|2|41,nearest_neighbor,1,0,0,1,2.4644922659996786,4,0.008700008038431406,2,3
stage1,iris_binary,2,41,iris_binary|2|41,random_search,1,0,0,1,0.8673686125200761,4,0.28249999741092324,2,3
stage1,iris_binary,2,42,iris_binary|2|42,treesat_exact,0,1,1,1,1.3661867412435815,1,0.04779998562298715,2,3
stage1,iris_binary,2,42,iris_binary|2|42,leaf_enum_bruteforce,0,1,1,1,1.3661867412435815,1,0.03460000152699649,2,3
stage1,iris_binary,2,42,iris_binary|2|42,nearest_neighbor,0,1,1,1,3.9340152800722348,4,0.008400005754083395,2,3
stage1,iris_binary,2,42,iris_binary|2|42,random_search,0,1,1,1,1.6830054452610068,4,0.27310001314617693,2,3
stage1,iris_binary,2,43,iris_binary|2|43,treesat_exact,0,1,1,1,1.4962997638406046,1,0.04939999780617654,2,3
stage1,iris_binary,2,43,iris_binary|2|43,leaf_enum_bruteforce,0,1,1,1,1.4962997638406046,1,0.035200006095692515,2,3
stage1,iris_binary,2,43,iris_binary|2|43,nearest_neighbor,0,1,1,1,3.1582448887739982,4,0.008500006515532732,2,3
stage1,iris_binary,2,43,iris_binary|2|43,random_search,0,1,1,1,1.7481662120986134,4,0.49959999159909785,2,3
stage1,iris_binary,2,44,iris_binary|2|44,treesat_exact,0,1,1,1,0.5855086056614439,1,0.0816000101622194,2,3
stage1,iris_binary,2,44,iris_binary|2|44,leaf_enum_bruteforce,0,1,1,1,0.5855086056614439,1,0.04939999780617654,2,3
stage1,iris_binary,2,44,iris_binary|2|44,nearest_neighbor,0,1,1,1,2.351966049154907,4,0.013400014722719789,2,3
stage1,iris_binary,2,44,iris_binary|2|44,random_search,0,1,1,1,0.7940583495634465,4,0.5412999889813364,2,3
stage1,iris_binary,3,0,iris_binary|3|0,treesat_exact,0,1,1,1,0.8901959035975192,1,0.06750001921318471,2,3
stage1,iris_binary,3,0,iris_binary|3|0,leaf_enum_bruteforce,0,1,1,1,0.8901959035975192,1,0.04089999129064381,2,3
stage1,iris_binary,3,0,iris_binary|3|0,nearest_neighbor,0,1,1,1,2.533869107703888,4,0.013199984095990658,2,3
stage1,iris_binary,3,0,iris_binary|3|0,random_search,0,1,1,1,1.1138238802085447,4,0.3361999988555908,2,3
stage1,iris_binary,3,1,iris_binary|3|1,treesat_exact,1,0,0,1,0.6358552311757594,1,0.05630002124235034,2,3
stage1,iris_binary,3,1,iris_binary|3|1,leaf_enum_bruteforce,1,0,0,1,0.6358552311757594,1,0.03679998917505145,2,3
stage1,iris_binary,3,1,iris_binary|3|1,nearest_neighbor,1,0,0,1,2.7581354525656576,4,0.010799994925037026,2,3
stage1,iris_binary,3,1,iris_binary|3|1,random_search,1,0,0,1,0.7611505801186498,4,1.363199990009889,2,3
stage1,iris_binary,3,2,iris_binary|3|2,treesat_exact,0,1,1,1,0.8901959035975192,1,0.2364999963901937,2,3
stage1,iris_binary,3,2,iris_binary|3|2,leaf_enum_bruteforce,0,1,1,1,0.8901959035975192,1,0.16269998741336167,2,3
stage1,iris_binary,3,2,iris_binary|3|2,nearest_neighbor,0,1,1,1,3.0512534067162167,4,0.16060000052675605,2,3
stage1,iris_binary,3,2,iris_binary|3|2,random_search,0,1,1,1,1.02151937723945,4,1.1753999860957265,2,3
stage1,iris_binary,3,3,iris_binary|3|3,treesat_exact,0,1,1,1,1.5260501264197186,1,0.1962000096682459,2,3
stage1,iris_binary,3,3,iris_binary|3|3,leaf_enum_bruteforce,0,1,1,1,1.5260501264197186,1,0.14299998292699456,2,3
stage1,iris_binary,3,3,iris_binary|3|3,nearest_neighbor,0,1,1,1,4.482438206894607,4,0.03680001827888191,2,3
stage1,iris_binary,3,3,iris_binary|3|3,random_search,0,1,1,1,2.253349936083632,4,1.0377000144217163,2,3
stage1,iris_binary,3,4,iris_binary|3|4,treesat_exact,0,1,1,1,0.25434168077531977,1,0.1818000164348632,2,3
stage1,iris_binary,3,4,iris_binary|3|4,leaf_enum_bruteforce,0,1,1,1,0.25434168077531977,1,0.12470001820474863,2,3
stage1,iris_binary,3,4,iris_binary|3|4,nearest_neighbor,0,1,1,1,1.9434676972736116,4,0.03199998172931373,2,3
stage1,iris_binary,3,4,iris_binary|3|4,random_search,0,1,1,1,0.41958317206310775,4,1.000799995381385,2,3
stage1,iris_binary,3,5,iris_binary|3|5,treesat_exact,0,1,1,1,0.25434168077531977,1,0.15690000145696104,2,3
stage1,iris_binary,3,5,iris_binary|3|5,leaf_enum_bruteforce,0,1,1,1,0.25434168077531977,1,0.1373999984934926,2,3
stage1,iris_binary,3,5,iris_binary|3|5,nearest_neighbor,0,1,1,1,2.7480003610918335,4,0.028600014047697186,2,3
stage1,iris_binary,3,5,iris_binary|3|5,random_search,0,1,1,1,0.3222106451916764,4,0.850699987495318,2,3
stage1,iris_binary,3,6,iris_binary|3|6,treesat_exact,0,1,1,1,0.6358542144686394,1,0.1412999990861863,2,3
stage1,iris_binary,3,6,iris_binary|3|6,leaf_enum_bruteforce,0,1,1,1,0.6358542144686394,1,0.10150001617148519,2,3
stage1,iris_binary,3,6,iris_binary|3|6,nearest_neighbor,0,1,1,1,2.091630489183098,4,0.023500004317611456,2,3
stage1,iris_binary,3,6,iris_binary|3|6,random_search,0,1,1,1,0.6670056644510138,4,0.766399985877797,2,3
stage1,iris_binary,3,7,iris_binary|3|7,treesat_exact,0,1,1,1,0.7630250590330792,1,0.11920000542886555,2,3
stage1,iris_binary,3,7,iris_binary|3|7,leaf_enum_bruteforce,0,1,1,1,0.7630250590330792,1,0.149200001033023,2,3
stage1,iris_binary,3,7,iris_binary|3|7,nearest_neighbor,0,1,1,1,2.493290946801749,4,0.02440001117065549,2,3
stage1,iris_binary,3,7,iris_binary|3|7,random_search,0,1,1,1,0.8712568821405428,4,0.3772999916691333,2,3
stage1,iris_binary,3,8,iris_binary|3|8,treesat_exact,0,1,1,1,0.6358542144686394,1,0.06459999713115394,2,3
stage1,iris_binary,3,8,iris_binary|3|8,leaf_enum_bruteforce,0,1,1,1,0.6358542144686394,1,0.03819999983534217,2,3
stage1,iris_binary,3,8,iris_binary|3|8,nearest_neighbor,0,1,1,1,2.2550939447893388,4,0.009700015652924776,2,3
stage1,iris_binary,3,8,iris_binary|3|8,random_search,0,1,1,1,0.7881516006021392,4,0.29570001061074436,2,3
stage1,iris_binary,3,9,iris_binary|3|9,treesat_exact,0,1,1,1,0.7630250590330792,1,0.05210001836530864,2,3
stage1,iris_binary,3,9,iris_binary|3|9,leaf_enum_bruteforce,0,1,1,1,0.7630250590330792,1,0.036500015994533896,2,3
stage1,iris_binary,3,9,iris_binary|3|9,nearest_neighbor,0,1,1,1,3.144219467026807,4,0.009000010322779417,2,3
stage1,iris_binary,3,9,iris_binary|3|9,random_search,0,1,1,1,0.973931400569991,4,0.3063000040128827,2,3
stage1,iris_binary,3,10,iris_binary|3|10,treesat_exact,0,1,1,1,0.6358542144686394,1,0.05039997631683946,2,3
stage1,iris_binary,3,10,iris_binary|3|10,leaf_enum_bruteforce,0,1,1,1,0.6358542144686394,1,0.035500008380040526,2,3
stage1,iris_binary,3,10,iris_binary|3|10,nearest_neighbor,0,1,1,1,2.571930706088628,4,0.008700008038431406,2,3
stage1,iris_binary,3,10,iris_binary|3|10,random_search,0,1,1,1,0.781327922614998,4,0.3378000110387802,2,3
stage1,iris_binary,3,11,iris_binary|3|11,treesat_exact,1,0,0,1,0.7630260757401993,1,0.050799979362636805,2,3
stage1,iris_binary,3,11,iris_binary|3|11,leaf_enum_bruteforce,1,0,0,1,0.7630260757401993,1,0.035500008380040526,2,3
stage1,iris_binary,3,11,iris_binary|3|11,nearest_neighbor,1,0,0,1,2.0302812495162175,4,0.009299983503296971,2,3
stage1,iris_binary,3,11,iris_binary|3|11,random_search,1,0,0,1,0.8770419227503509,4,0.3406000032555312,2,3
stage1,iris_binary,3,12,iris_binary|3|12,treesat_exact,0,1,1,1,1.1445375927263988,1,0.05040000542066991,2,3
stage1,iris_binary,3,12,iris_binary|3|12,leaf_enum_bruteforce,0,1,1,1,1.1445375927263988,1,0.035500008380040526,2,3
stage1,iris_binary,3,12,iris_binary|3|12,nearest_neighbor,0,1,1,1,2.754608239965309,4,0.008799979696050286,2,3
stage1,iris_binary,3,12,iris_binary|3|12,random_search,0,1,1,1,1.7118625299987469,4,0.2806000120472163,2,3
stage1,iris_binary,3,13,iris_binary|3|13,treesat_exact,0,1,1,1,1.271708437290839,1,0.05370000144466758,2,3
stage1,iris_binary,3,13,iris_binary|3|13,leaf_enum_bruteforce,0,1,1,1,1.271708437290839,1,0.035900011425837874,2,3
stage1,iris_binary,3,13,iris_binary|3|13,nearest_neighbor,0,1,1,1,2.9082992248669797,4,0.009199982741847634,2,3
stage1,iris_binary,3,13,iris_binary|3|13,random_search,0,1,1,1,2.0608123746204936,4,0.28979999478906393,2,3
stage1,iris_binary,3,14,iris_binary|3|14,treesat_exact,1,0,0,1,0.7630260757401993,1,0.05370000144466758,2,3
stage1,iris_binary,3,14,iris_binary|3|14,leaf_enum_bruteforce,1,0,0,1,0.7630260757401993,1,0.04169999738223851,2,3
stage1,iris_binary,3,14,iris_binary|3|14,nearest_neighbor,1,0,0,1,2.3043396558489686,4,0.010599993402138352,2,3
stage1,iris_binary,3,14,iris_binary|3|14,random_search,1,0,0,1,0.9759860268370463,4,0.3030999796465039,2,3
stage1,iris_binary,3,15,iris_binary|3|15,treesat_exact,0,1,1,1,2.161904349241918,1,0.051000009989365935,2,3
stage1,iris_binary,3,15,iris_binary|3|15,leaf_enum_bruteforce,0,1,1,1,2.161904349241918,1,0.03510000533424318,2,3
stage1,iris_binary,3,15,iris_binary|3|15,nearest_neighbor,0,1,1,1,3.8856820582175287,4,0.008799979696050286,2,3
stage1,iris_binary,3,15,iris_binary|3|15,random_search,0,1,1,1,3.8031026865624944,4,0.27210000553168356,2,3
stage1,iris_binary,3,16,iris_binary|3|16,treesat_exact,1,0,0,1,0.7630260757401993,1,0.048699992476031184,2,3
stage1,iris_binary,3,16,iris_binary|3|16,leaf_enum_bruteforce,1,0,0,1,0.7630260757401993,1,0.03429999924264848,2,3
stage1,iris_binary,3,16,iris_binary|3|16,nearest_neighbor,1,0,0,1,2.288467974113254,4,0.00890000956133008,2,3
stage1,iris_binary,3,16,iris_binary|3|16,random_search,1,0,0,1,0.9554480255542459,4,0.29669998912140727,2,3
stage1,iris_binary,3,17,iris_binary|3|17,treesat_exact,0,1,1,1,0.6358542144686394,1,0.048600020818412304,2,3
stage1,iris_binary,3,17,iris_binary|3|17,leaf_enum_bruteforce,0,1,1,1,0.6358542144686394,1,0.034199998481199145,2,3
stage1,iris_binary,3,17,iris_binary|3|17,nearest_neighbor,0,1,1,1,2.3920524545975757,4,0.008500006515532732,2,3
stage1,iris_binary,3,17,iris_binary|3|17,random_search,0,1,1,1,0.7223001443310823,4,0.3223000094294548,2,3
stage1,iris_binary,3,18,iris_binary|3|18,treesat_exact,0,1,1,1,0.25434168077531977,1,0.05169998621568084,2,3
stage1,iris_binary,3,18,iris_binary|3|18,leaf_enum_bruteforce,0,1,1,1,0.25434168077531977,1,0.03789999755099416,2,3
stage1,iris_binary,3,18,iris_binary|3|18,nearest_neighbor,0,1,1,1,1.985870070580481,4,0.009099981980398297,2,3
stage1,iris_binary,3,18,iris_binary|3|18,random_search,0,1,1,1,0.3208107512848957,4,0.30670000705868006,2,3
stage1,iris_binary,3,19,iris_binary|3|19,treesat_exact,0,1,1,1,0.7630250590330792,1,0.04990000161342323,2,3
stage1,iris_binary,3,19,iris_binary|3|19,leaf_enum_bruteforce,0,1,1,1,0.7630250590330792,1,0.035200006095692515,2,3
stage1,iris_binary,3,19,iris_binary|3|19,nearest_neighbor,0,1,1,1,2.953877562459511,4,0.008700008038431406,2,3
stage1,iris_binary,3,19,iris_binary|3|19,random_search,0,1,1,1,0.9524971213166666,4,0.2899999963119626,2,3
stage1,iris_binary,3,20,iris_binary|3|20,treesat_exact,0,1,1,1,1.6532209709841585,1,0.04939999780617654,2,3
stage1,iris_binary,3,20,iris_binary|3|20,leaf_enum_bruteforce,0,1,1,1,1.6532209709841585,1,0.04230000195093453,2,3
stage1,iris_binary,3,20,iris_binary|3|20,nearest_neighbor,0,1,1,1,3.6580463185695553,4,0.011099997209385037,2,3
stage1,iris_binary,3,20,iris_binary|3|20,random_search,0,1,1,1,1.9072116118823477,4,0.31239999225363135,2,3
stage1,iris_binary,3,21,iris_binary|3|21,treesat_exact,1,0,0,1,0.3815135420468797,1,0.05420000525191426,2,3
stage1,iris_binary,3,21,iris_binary|3|21,leaf_enum_bruteforce,1,0,0,1,0.3815135420468797,1,0.03619998460635543,2,3
stage1,iris_binary,3,21,iris_binary|3|21,nearest_neighbor,1,0,0,1,1.9398891720325189,4,0.009800016414374113,2,3
stage1,iris_binary,3,21,iris_binary|3|21,random_search,1,0,0,1,0.5869824966962374,4,0.28879998717457056,2,3
stage1,iris_binary,3,22,iris_binary|3|22,treesat_exact,0,1,1,1,1.271708437290839,1,0.048200017772614956,2,3
stage1,iris_binary,3,22,iris_binary|3|22,leaf_enum_bruteforce,0,1,1,1,1.271708437290839,1,0.035200006095692515,2,3
stage1,iris_binary,3,22,iris_binary|3|22,nearest_neighbor,0,1,1,1,3.28487370190733,4,0.008600007276982069,2,3
stage1,iris_binary,3,22,iris_binary|3|22,random_search,0,1,1,1,1.864118312234642,4,0.28070001280866563,2,3
stage1,iris_binary,3,23,iris_binary|3|23,treesat_exact,0,1,1,1,1.5260501264197186,1,0.04889999399892986,2,3
stage1,iris_binary,3,23,iris_binary|3|23,leaf_enum_bruteforce,0,1,1,1,1.5260501264197186,1,0.035200006095692515,2,3
stage1,iris_binary,3,23,iris_binary|3|23,nearest_neighbor,0,1,1,1,3.18337291374092,4,0.00869997893460095,2,3
stage1,iris_binary,3,23,iris_binary|3|23,random_search,0,1,1,1,1.7963825346547744,4,0.2852999896276742,2,3
stage1,iris_binary,3,24,iris_binary|3|24,treesat_exact,1,0,0,1,0.7630260757401993,1,0.049700000090524554,2,3
stage1,iris_binary,3,24,iris_binary|3|24,leaf_enum_bruteforce,1,0,0,1,0.7630260757401993,1,0.03479997394606471,2,3
stage1,iris_binary,3,24,iris_binary|3|24,nearest_neighbor,1,0,0,1,2.3906713383947045,4,0.009099981980398297,2,3
stage1,iris_binary,3,24,iris_binary|3|24,random_search,1,0,0,1,1.0535995767097703,4,0.2789999998640269,2,3
stage1,iris_binary,3,25,iris_binary|3|25,treesat_exact,0,1,1,1,1.5260501264197186,1,0.09720001253299415,2,3
stage1,iris_binary,3,25,iris_binary|3|25,leaf_enum_bruteforce,0,1,1,1,1.5260501264197186,1,0.03689998993650079,2,3
stage1,iris_binary,3,25,iris_binary|3|25,nearest_neighbor,0,1,1,1,3.310156099146781,4,0.01069999416358769,2,3
stage1,iris_binary,3,25,iris_binary|3|25,random_search,0,1,1,1,1.6846384883934489,4,0.29880000511184335,2,3
stage1,iris_binary,3,26,iris_binary|3|26,treesat_exact,1,0,0,1,0.7630260757401993,1,0.05099998088553548,2,3
stage1,iris_binary,3,26,iris_binary|3|26,leaf_enum_bruteforce,1,0,0,1,0.7630260757401993,1,0.034900003811344504,2,3
stage1,iris_binary,3,26,iris_binary|3|26,nearest_neighbor,1,0,0,1,2.1440121522552857,4,0.009399984264746308,2,3
stage1,iris_binary,3,26,iris_binary|3|26,random_search,1,0,0,1,0.9897339562016536,4,0.28429998201318085,2,3
stage1,iris_binary,3,27,iris_binary|3|27,treesat_exact,0,1,1,1,1.5260501264197186,1,0.04839999019168317,2,3
stage1,iris_binary,3,27,iris_binary|3|27,leaf_enum_bruteforce,0,1,1,1,1.5260501264197186,1,0.034500000765547156,2,3
stage1,iris_binary,3,27,iris_binary|3|27,nearest_neighbor,0,1,1,1,4.715268775335294,4,0.009000010322779417,2,3
stage1,iris_binary,3,27,iris_binary|3|27,random_search,0,1,1,1,2.1648072929518,4,0.27099999715574086,2,3
stage1,iris_binary,3,28,iris_binary|3|28,treesat_exact,1,0,0,1,0.7630260757401993,1,0.048299989430233836,2,3
stage1,iris_binary,3,28,iris_binary|3|28,leaf_enum_bruteforce,1,0,0,1,0.7630260757401993,1,0.033899996196851134,2,3
stage1,iris_binary,3,28,iris_binary|3|28,nearest_neighbor,1,0,0,1,1.8945375165295901,4,0.008700008038431406,2,3
stage1,iris_binary,3,28,iris_binary|3|28,random_search,1,0,0,1,0.9492500286835763,4,0.28169999131932855,2,3
stage1,iris_binary,3,29,iris_binary|3|29,treesat_exact,1,0,0,1,0.5086843866113196,1,0.04730001091957092,2,3
stage1,iris_binary,3,29,iris_binary|3|29,leaf_enum_bruteforce,1,0,0,1,0.5086843866113196,1,0.0337999954354018,2,3
stage1,iris_binary,3,29,iris_binary|3|29,nearest_neighbor,1,0,0,1,2.5513988874254436,4,0.008500006515532732,2,3
stage1,iris_binary,3,29,iris_binary|3|29,random_search,1,0,0,1,0.5902342783494132,4,0.2905000001192093,2,3
stage1,iris_binary,3,30,iris_binary|3|30,treesat_exact,0,1,1,1,0.6358542144686394,1,0.04709998029284179,2,3
stage1,iris_binary,3,30,iris_binary|3|30,leaf_enum_bruteforce,0,1,1,1,0.6358542144686394,1,0.033899996196851134,2,3
stage1,iris_binary,3,30,iris_binary|3|30,nearest_neighbor,0,1,1,1,2.3518107918747617,4,0.00869997893460095,2,3
stage1,iris_binary,3,30,iris_binary|3|30,random_search,0,1,1,1,0.7556434268457707,4,0.28330000350251794,2,3
stage1,iris_binary,3,31,iris_binary|3|31,treesat_exact,0,1,1,1,0.6358542144686394,1,0.054800009820610285,2,3
stage1,iris_binary,3,31,iris_binary|3|31,leaf_enum_bruteforce,0,1,1,1,0.6358542144686394,1,0.034199998481199145,2,3
stage1,iris_binary,3,31,iris_binary|3|31,nearest_neighbor,0,1,1,1,1.942644949684466,4,0.008600007276982069,2,3
stage1,iris_binary,3,31,iris_binary|3|31,random_search,0,1,1,1,0.6877045492068076,4,0.28959999326616526,2,3
stage1,iris_binary,3,32,iris_binary|3|32,treesat_exact,1,0,0,1,0.7630260757401993,1,0.04740001168102026,2,3
stage1,iris_binary,3,32,iris_binary|3|32,leaf_enum_bruteforce,1,0,0,1,0.7630260757401993,1,0.033899996196851134,2,3
stage1,iris_binary,3,32,iris_binary|3|32,nearest_neighbor,1,0,0,1,2.609934234865524,4,0.008400005754083395,2,3
stage1,iris_binary,3,32,iris_binary|3|32,random_search,1,0,0,1,1.0031413516607992,4,0.2820999943651259,2,3
stage1,iris_binary,3,33,iris_binary|3|33,treesat_exact,0,1,1,1,1.3988792818552787,1,0.05190001684240997,2,3
stage1,iris_binary,3,33,iris_binary|3|33,leaf_enum_bruteforce,0,1,1,1,1.3988792818552787,1,0.035900011425837874,2,3
stage1,iris_binary,3,33,iris_binary|3|33,nearest_neighbor,0,1,1,1,3.1476249970963277,4,0.00890000956133008,2,3
stage1,iris_binary,3,33,iris_binary|3|33,random_search,0,1,1,1,1.7837906883648982,4,0.2830000012181699,2,3
stage1,iris_binary,3,34,iris_binary|3|34,treesat_exact,0,1,1,1,0.8901959035975192,1,0.04749998333863914,2,3
stage1,iris_binary,3,34,iris_binary|3|34,leaf_enum_bruteforce,0,1,1,1,0.8901959035975192,1,0.03440000000409782,2,3
stage1,iris_binary,3,34,iris_binary|3|34,nearest_neighbor,0,1,1,1,3.1594323974502516,4,0.008500006515532732,2,3
stage1,iris_binary,3,34,iris_binary|3|34,random_search,0,1,1,1,1.1400999136453864,4,0.2902999985963106,2,3
stage1,iris_binary,3,35,iris_binary|3|35,treesat_exact,1,0,0,1,0.6358552311757594,1,0.04900002386420965,2,3
stage1,iris_binary,3,35,iris_binary|3|35,leaf_enum_bruteforce,1,0,0,1,0.6358552311757594,1,0.26790000265464187,2,3
stage1,iris_binary,3,35,iris_binary|3|35,nearest_neighbor,1,0,0,1,1.5468969061428388,3,0.024599983589723706,2,3
stage1,iris_binary,3,35,iris_binary|3|35,random_search,1,0,0,1,0.7981906985065401,4,0.6118000019341707,2,3
stage1,iris_binary,3,36,iris_binary|3|36,treesat_exact,0,1,1,1,1.6532209709841585,1,0.07399998139590025,2,3
stage1,iris_binary,3,36,iris_binary|3|36,leaf_enum_bruteforce,0,1,1,1,1.6532209709841585,1,0.044599990360438824,2,3
stage1,iris_binary,3,36,iris_binary|3|36,nearest_neighbor,0,1,1,1,3.5553222996029774,4,0.013100012438371778,2,3
stage1,iris_binary,3,36,iris_binary|3|36,random_search,0,1,1,1,1.9278023631851053,4,0.33799998345784843,2,3
stage1,iris_binary,3,37,iris_binary|3|37,treesat_exact,1,0,0,1,0.5086843866113196,1,0.05549998604692519,2,3
stage1,iris_binary,3,37,iris_binary|3|37,leaf_enum_bruteforce,1,0,0,1,0.5086843866113196,1,0.03689998993650079,2,3
stage1,iris_binary,3,37,iris_binary|3|37,nearest_neighbor,1,0,0,1,2.72930692138697,4,0.010899995686486363,2,3
stage1,iris_binary,3,37,iris_binary|3|37,random_search,1,0,0,1,0.56805912323647,4,0.30079999123699963,2,3
stage1,iris_binary,3,38,iris_binary|3|38,treesat_exact,0,1,1,1,1.271708437290839,1,0.05259999306872487,2,3
stage1,iris_binary,3,38,iris_binary|3|38,leaf_enum_bruteforce,0,1,1,1,1.271708437290839,1,0.03549997927621007,2,3
stage1,iris_binary,3,38,iris_binary|3|38,nearest_neighbor,0,1,1,1,2.6705015135693957,4,0.009300012607127428,2,3
stage1,iris_binary,3,38,iris_binary|3|38,random_search,0,1,1,1,1.4888753226017066,4,0.4118999931961298,2,3
stage1,iris_binary,3,39,iris_binary|3|39,treesat_exact,0,1,1,1,0.8901959035975192,1,0.053099996875971556,2,3
stage1,iris_binary,3,39,iris_binary|3|39,leaf_enum_bruteforce,0,1,1,1,0.8901959035975192,1,0.0371999922208488,2,3
stage1,iris_binary,3,39,iris_binary|3|39,nearest_neighbor,0,1,1,1,3.3791420603623847,4,0.009199982741847634,2,3
stage1,iris_binary,3,39,iris_binary|3|39,random_search,0,1,1,1,0.9276256441918053,4,0.29150000773370266,2,3
stage1,iris_binary,3,40,iris_binary|3|40,treesat_exact,1,0,0,1,0.7630260757401993,1,0.051000009989365935,2,3
stage1,iris_binary,3,40,iris_binary|3|40,leaf_enum_bruteforce,1,0,0,1,0.7630260757401993,1,0.03519997699186206,2,3
stage1,iris_binary,3,40,iris_binary|3|40,nearest_neighbor,1,0,0,1,2.627989213603698,4,0.009199982741847634,2,3
stage1,iris_binary,3,40,iris_binary|3|40,random_search,1,0,0,1,0.8686325112540404,4,0.2844999835360795,2,3
stage1,iris_binary,3,41,iris_binary|3|41,treesat_exact,1,0,0,1,0.6358552311757594,1,0.050000002374872565,2,3
stage1,iris_binary,3,41,iris_binary|3|41,leaf_enum_bruteforce,1,0,0,1,0.6358552311757594,1,0.03500000457279384,2,3
stage1,iris_binary,3,41,iris_binary|3|41,nearest_neighbor,1,0,0,1,2.4909536692280465,4,0.008899980457499623,2,3
stage1,iris_binary,3,41,iris_binary|3|41,random_search,1,0,0,1,0.7313977210399968,4,0.2927999885287136,2,3
stage1,iris_binary,3,42,iris_binary|3|42,treesat_exact,1,0,0,1,0.7630260757401993,1,0.04990000161342323,2,3
stage1,iris_binary,3,42,iris_binary|3|42,leaf_enum_bruteforce,1,0,0,1,0.7630260757401993,1,0.03480000304989517,2,3
stage1,iris_binary,3,42,iris_binary|3|42,nearest_neighbor,1,0,0,1,2.264519683065883,4,0.009000010322779417,2,3
stage1,iris_binary,3,42,iris_binary|3|42,random_search,1,0,0,1,1.0538665257890893,4,0.34879997838288546,2,3
stage1,iris_binary,3,43,iris_binary|3|43,treesat_exact,0,1,1,1,0.38151252533975977,1,0.05069997860118747,2,3
stage1,iris_binary,3,43,iris_binary|3|43,leaf_enum_bruteforce,0,1,1,1,0.38151252533975977,1,0.035200006095692515,2,3
stage1,iris_binary,3,43,iris_binary|3|43,nearest_neighbor,0,1,1,1,2.213152116610484,4,0.008500006515532732,2,3
stage1,iris_binary,3,43,iris_binary|3|43,random_search,0,1,1,1,0.5848044492340974,4,0.2954999799840152,2,3
stage1,iris_binary,3,44,iris_binary|3|44,treesat_exact,0,1,1,1,0.6358542144686394,1,0.051499984692782164,2,3
stage1,iris_binary,3,44,iris_binary|3|44,leaf_enum_bruteforce,0,1,1,1,0.6358542144686394,1,0.038300000596791506,2,3
stage1,iris_binary,3,44,iris_binary|3|44,nearest_neighbor,0,1,1,1,2.627314273635231,4,0.009199982741847634,2,3
stage1,iris_binary,3,44,iris_binary|3|44,random_search,0,1,1,1,0.8232539025574458,4,0.29230001382529736,2,3
stage1,iris_binary,4,0,iris_binary|4|0,treesat_exact,0,1,1,1,0.9022935449685863,1,0.06829999620094895,2,3
stage1,iris_binary,4,0,iris_binary|4|0,leaf_enum_bruteforce,0,1,1,1,0.9022935449685863,1,0.04069998976774514,2,3
stage1,iris_binary,4,0,iris_binary|4|0,nearest_neighbor,0,1,1,1,2.3847722074940867,3,0.01300001167692244,2,3
stage1,iris_binary,4,0,iris_binary|4|0,random_search,0,1,1,1,1.2180846174762587,4,0.33129999064840376,2,3
stage1,iris_binary,4,1,iris_binary|4|1,treesat_exact,0,1,1,1,1.775480867748245,1,0.06049999501556158,2,3
stage1,iris_binary,4,1,iris_binary|4|1,leaf_enum_bruteforce,0,1,1,1,1.775480867748245,1,0.04360001184977591,2,3
stage1,iris_binary,4,1,iris_binary|4|1,nearest_neighbor,0,1,1,1,3.281621821026942,4,0.01170000177808106,2,3
stage1,iris_binary,4,1,iris_binary|4|1,random_search,0,1,1,1,1.986509218459702,4,0.31289999606087804,2,3
stage1,iris_binary,4,2,iris_binary|4|2,treesat_exact,1,0,0,1,0.6694446360347998,1,0.05310002597980201,2,3
stage1,iris_binary,4,2,iris_binary|4|2,leaf_enum_bruteforce,1,0,0,1,0.6694446360347998,1,0.037200021324679255,2,3
stage1,iris_binary,4,2,iris_binary|4|2,nearest_neighbor,1,0,0,1,2.415823113968128,4,0.010399991879239678,2,3
stage1,iris_binary,4,2,iris_binary|4|2,random_search,1,0,0,1,0.8684686360113517,4,0.294700002996251,2,3
stage1,iris_binary,4,3,iris_binary|4|3,treesat_exact,0,1,1,1,1.2515684740804496,1,0.05140001303516328,2,3
stage1,iris_binary,4,3,iris_binary|4|3,leaf_enum_bruteforce,0,1,1,1,1.2515684740804496,1,0.03560000914148986,2,3
stage1,iris_binary,4,3,iris_binary|4|3,nearest_neighbor,0,1,1,1,2.866658411703174,4,0.009000010322779417,2,3
stage1,iris_binary,4,3,iris_binary|4|3,random_search,0,1,1,1,1.3357762277404213,4,0.2924999862443656,2,3
stage1,iris_binary,4,4,iris_binary|4|4,treesat_exact,0,1,1,1,1.8336933559335555,1,0.05180001608096063,2,3
stage1,iris_binary,4,4,iris_binary|4|4,leaf_enum_bruteforce,0,1,1,1,1.8336933559335555,1,0.03630001447163522,2,3
stage1,iris_binary,4,4,iris_binary|4|4,nearest_neighbor,0,1,1,1,3.9435600632901386,4,0.00890000956133008,2,3
stage1,iris_binary,4,4,iris_binary|4|4,random_search,0,1,1,1,2.3089483518964165,4,0.28589999419637024,2,3
stage1,iris_binary,4,5,iris_binary|4|5,treesat_exact,1,0,0,1,0.6694446360347998,1,0.050799979362636805,2,3
stage1,iris_binary,4,5,iris_binary|4|5,leaf_enum_bruteforce,1,0,0,1,0.6694446360347998,1,0.035500008380040526,2,3
stage1,iris_binary,4,5,iris_binary|4|5,nearest_neighbor,1,0,0,1,2.4591311884446796,4,0.009200011845678091,2,3
stage1,iris_binary,4,5,iris_binary|4|5,random_search,1,0,0,1,0.7132757505860603,4,0.2930000191554427,2,3
stage1,iris_binary,4,6,iris_binary|4|6,treesat_exact,0,1,1,1,1.0187185213392076,1,0.05139998393133283,2,3
stage1,iris_binary,4,6,iris_binary|4|6,leaf_enum_bruteforce,0,1,1,1,1.0187185213392076,1,0.03709999145939946,2,3
stage1,iris_binary,4,6,iris_binary|4|6,nearest_neighbor,0,1,1,1,2.322213103747004,4,0.009400013368576765,2,3
stage1,iris_binary,4,6,iris_binary|4|6,random_search,0,1,1,1,1.3918589325656252,4,0.29180001001805067,2,3
stage1,iris_binary,4,7,iris_binary|4|7,treesat_exact,0,1,1,1,2.066543308674798,1,0.04949999856762588,2,3
stage1,iris_binary,4,7,iris_binary|4|7,leaf_enum_bruteforce,0,1,1,1,2.066543308674798,1,0.03580001066438854,2,3
stage1,iris_binary,4,7,iris_binary|4|7,nearest_neighbor,0,1,1,1,3.95302523485066,4,0.008799979696050286,2,3
stage1,iris_binary,4,7,iris_binary|4|7,random_search,0,1,1,1,3.3589495778652494,4,0.2776999899651855,2,3
stage1,iris_binary,4,8,iris_binary|4|8,treesat_exact,0,1,1,1,1.9501183323041766,1,0.05119998240843415,2,3
stage1,iris_binary,4,8,iris_binary|4|8,leaf_enum_bruteforce,0,1,1,1,1.9501183323041766,1,0.035299977753311396,2,3
stage1,iris_binary,4,8,iris_binary|4|8,nearest_neighbor,0,1,1,1,3.8119216121904707,4,0.009400013368576765,2,3
stage1,iris_binary,4,8,iris_binary|4|8,random_search,0,1,1,1,2.3617083196810156,4,0.2853000187315047,2,3
stage1,iris_binary,4,9,iris_binary|4|9,treesat_exact,1,0,0,1,0.7858696124054209,1,0.04980000085197389,2,3
stage1,iris_binary,4,9,iris_binary|4|9,leaf_enum_bruteforce,1,0,0,1,0.7858696124054209,1,0.03630001447163522,2,3
stage1,iris_binary,4,9,iris_binary|4|9,nearest_neighbor,1,0,0,1,2.2998625828684847,4,0.009399984264746308,2,3
stage1,iris_binary,4,9,iris_binary|4|9,random_search,1,0,0,1,1.2260400638863875,4,0.29739999445155263,2,3
stage1,iris_binary,4,10,iris_binary|4|10,treesat_exact,1,0,0,1,0.4365946832935571,1,0.04990000161342323,2,3
stage1,iris_binary,4,10,iris_binary|4|10,leaf_enum_bruteforce,1,0,0,1,0.4365946832935571,1,0.035200006095692515,2,3
stage1,iris_binary,4,10,iris_binary|4|10,nearest_neighbor,1,0,0,1,1.8928155485838567,4,0.009499985026195645,2,3
stage1,iris_binary,4,10,iris_binary|4|10,random_search,1,0,0,1,0.6731898596603512,4,0.2967999898828566,2,3
stage1,iris_binary,4,11,iris_binary|4|11,treesat_exact,0,1,1,1,2.008330820489488,1,0.05020000389777124,2,3
stage1,iris_binary,4,11,iris_binary|4|11,leaf_enum_bruteforce,0,1,1,1,2.008330820489488,1,0.03670001751743257,2,3
stage1,iris_binary,4,11,iris_binary|4|11,nearest_neighbor,0,1,1,1,3.9857315678874348,4,0.00869997893460095,2,3
stage1,iris_binary,4,11,iris_binary|4|11,random_search,0,1,1,1,2.736952948256175,4,0.2846000134013593,2,3
stage1,iris_binary,4,12,iris_binary|4|12,treesat_exact,1,0,0,1,0.8440821005907314,1,0.04859999171458185,2,3
stage1,iris_binary,4,12,iris_binary|4|12,leaf_enum_bruteforce,1,0,0,1,0.8440821005907314,1,0.4686000174842775,2,3
stage1,iris_binary,4,12,iris_binary|4|12,nearest_neighbor,1,0,0,1,2.9328669608930547,4,0.027400004910305142,2,3
stage1,iris_binary,4,12,iris_binary|4|12,random_search,1,0,0,1,1.0733381970034572,4,0.5466000002343208,2,3
stage1,iris_binary,4,13,iris_binary|4|13,treesat_exact,0,1,1,1,2.4158182377866613,1,0.07479998748749495,2,3
stage1,iris_binary,4,13,iris_binary|4|13,leaf_enum_bruteforce,0,1,1,1,2.4158182377866613,1,0.048299989430233836,2,3
stage1,iris_binary,4,13,iris_binary|4|13,nearest_neighbor,0,1,1,1,4.6873882552810615,4,0.01270000939257443,2,3
stage1,iris_binary,4,13,iris_binary|4|13,random_search,0,1,1,1,3.0975378832643954,4,0.3141000051982701,2,3
stage1,iris_binary,4,14,iris_binary|4|14,treesat_exact,0,1,1,1,1.3097809622657604,1,0.05630002124235034,2,3
stage1,iris_binary,4,14,iris_binary|4|14,leaf_enum_bruteforce,0,1,1,1,1.3097809622657604,1,0.03780002589337528,2,3
stage1,iris_binary,4,14,iris_binary|4|14,nearest_neighbor,0,1,1,1,3.0469567792443497,4,0.01069999416358769,2,3
stage1,iris_binary,4,14,iris_binary|4|14,random_search,0,1,1,1,1.6855674626343582,4,0.29079997329972684,2,3
stage1,iris_binary,4,15,iris_binary|4|15,treesat_exact,0,1,1,1,2.2411807732307296,1,0.05390000296756625,2,3
stage1,iris_binary,4,15,iris_binary|4|15,leaf_enum_bruteforce,0,1,1,1,2.2411807732307296,1,0.0371999922208488,2,3
stage1,iris_binary,4,15,iris_binary|4|15,nearest_neighbor,0,1,1,1,4.245000016498324,4,0.009299983503296971,2,3
stage1,iris_binary,4,15,iris_binary|4|15,random_search,0,1,-1,0,,-1,0.2768999838735908,2,3
stage1,iris_binary,4,16,iris_binary|4|16,treesat_exact,0,1,1,1,1.7172683795629347,1,0.053000025218352675,2,3
stage1,iris_binary,4,16,iris_binary|4|16,leaf_enum_bruteforce,0,1,1,1,1.7172683795629347,1,0.035900011425837874,2,3
stage1,iris_binary,4,16,iris_binary|4|16,nearest_neighbor,0,1,1,1,3.7389620311960647,4,0.009299983503296971,2,3
stage1,iris_binary,4,16,iris_binary|4|16,random_search,0,1,1,1,2.031180226175781,4,0.2798999776132405,2,3
stage1,iris_binary,4,17,iris_binary|4|17,treesat_exact,1,0,0,1,0.5530196596641784,1,0.05139998393133283,2,3
stage1,iris_binary,4,17,iris_binary|4|17,leaf_enum_bruteforce,1,0,0,1,0.5530196596641784,1,0.035500008380040526,2,3
stage1,iris_binary,4,17,iris_binary|4|17,nearest_neighbor,1,0,0,1,3.349030167462038,4,0.009899988071992993,2,3
stage1,iris_binary,4,17,iris_binary|4|17,random_search,1,0,0,1,0.8048415678061132,4,0.2871000033337623,2,3
stage1,iris_binary,4,18,iris_binary|4|18,treesat_exact,0,1,1,1,0.8440810567832756,1,0.0501000031363219,2,3
stage1,iris_binary,4,18,iris_binary|4|18,leaf_enum_bruteforce,0,1,1,1,0.8440810567832756,1,0.03560000914148986,2,3
stage1,iris_binary,4,18,iris_binary|4|18,nearest_neighbor,0,1,1,1,2.190329361788117,4,0.016000005416572094,2,3
stage1,iris_binary,4,18,iris_binary|4|18,random_search,0,1,1,1,0.9856838242494721,4,0.3192999865859747,2,3
stage1,iris_binary,4,19,iris_binary|4|19,treesat_exact,0,1,1,1,1.5426309150070026,1,0.05469997995533049,2,3
stage1,iris_binary,4,19,iris_binary|4|19,leaf_enum_bruteforce,0,1,1,1,1.5426309150070026,1,0.03759999526664615,2,3
stage1,iris_binary,4,19,iris_binary|4|19,nearest_neighbor,0,1,1,1,2.99814672333183,4,0.009199982741847634,2,3
stage1,iris_binary,4,19,iris_binary|4|19,random_search,0,1,1,1,2.013196104231644,4,0.28810001094825566,2,3
stage1,iris_binary,4,20,iris_binary|4|20,treesat_exact,0,1,1,1,1.9501183323041766,1,0.04949999856762588,2,3
stage1,iris_binary,4,20,iris_binary|4|20,leaf_enum_bruteforce,0,1,1,1,1.9501183323041766,1,0.03619998460635543,2,3
stage1,iris_binary,4,20,iris_binary|4|20,nearest_neighbor,0,1,1,1,4.013944789358084,4,0.009300012607127428,2,3
stage1,iris_binary,4,20,iris_binary|4|20,random_search,0,1,-1,0,,-1,0.2741999924182892,2,3
stage1,iris_binary,4,21,iris_binary|4|21,treesat_exact,0,1,1,1,1.3097809622657604,1,0.051000009989365935,2,3
stage1,iris_binary,4,21,iris_binary|4|21,leaf_enum_bruteforce,0,1,1,1,1.3097809622657604,1,0.034900003811344504,2,3
stage1,iris_binary,4,21,iris_binary|4|21,nearest_neighbor,0,1,1,1,2.9318255050128057,4,0.009799987310543656,2,3
stage1,iris_binary,4,21,iris_binary|4|21,random_search,0,1,1,1,1.6701440922757729,4,0.28709997422993183,2,3
stage1,iris_binary,4,22,iris_binary|4|22,treesat_exact,1,0,0,1,0.6112321478494892,1,0.04949999856762588,2,3
stage1,iris_binary,4,22,iris_binary|4|22,leaf_enum_bruteforce,1,0,0,1,0.6112321478494892,1,0.0363999861292541,2,3
stage1,iris_binary,4,22,iris_binary|4|22,nearest_neighbor,1,0,0,1,3.2459147802677726,4,0.009199982741847634,2,3
stage1,iris_binary,4,22,iris_binary|4|22,random_search,1,0,0,1,0.7994945764265927,4,0.2888999879360199,2,3
stage1,iris_binary,4,23,iris_binary|4|23,treesat_exact,0,1,1,1,0.9605060331538966,1,0.048900023102760315,2,3
stage1,iris_binary,4,23,iris_binary|4|23,leaf_enum_bruteforce,0,1,1,1,0.9605060331538966,1,0.034900003811344504,2,3
stage1,iris_binary,4,23,iris_binary|4|23,nearest_neighbor,0,1,1,1,2.149151674192151,4,0.008600007276982069,2,3
stage1,iris_binary,4,23,iris_binary|4|23,random_search,0,1,1,1,1.2352249384232035,4,0.287600007141009,2,3
stage1,iris_binary,4,24,iris_binary|4|24,treesat_exact,0,1,1,1,1.0187185213392076,1,0.0481999886687845,2,3
stage1,iris_binary,4,24,iris_binary|4|24,leaf_enum_bruteforce,0,1,1,1,1.0187185213392076,1,0.034900003811344504,2,3
stage1,iris_binary,4,24,iris_binary|4|24,nearest_neighbor,0,1,1,1,2.2679123985376872,4,0.008200004231184721,2,3
stage1,iris_binary,4,24,iris_binary|4|24,random_search,0,1,1,1,1.0552961437861652,4,0.2880000101868063,2,3
stage1,iris_binary,4,25,iris_binary|4|25,treesat_exact,1,0,0,1,0.6112321478494892,1,0.04939999780617654,2,3
stage1,iris_binary,4,25,iris_binary|4|25,leaf_enum_bruteforce,1,0,0,1,0.6112321478494892,1,0.034900003811344504,2,3
stage1,iris_binary,4,25,iris_binary|4|25,nearest_neighbor,1,0,0,1,2.4664676957831544,4,0.008800008799880743,2,3
stage1,iris_binary,4,25,iris_binary|4|25,random_search,1,0,0,1,0.7519032099413454,4,0.28470001416280866,2,3
stage1,iris_binary,4,26,iris_binary|4|26,treesat_exact,1,0,0,1,0.5530196596641784,1,0.04889999399892986,2,3
stage1,iris_binary,4,26,iris_binary|4|26,leaf_enum_bruteforce,1,0,0,1,0.5530196596641784,1,0.03470000228844583,2,3
stage1,iris_binary,4,26,iris_binary|4|26,nearest_neighbor,1,0,0,1,2.4084869838035026,4,0.008799979696050286,2,3
stage1,iris_binary,4,26,iris_binary|4|26,random_search,1,0,0,1,0.6751529197180131,4,0.2865999995265156,2,3
stage1,iris_binary,4,27,iris_binary|4|27,treesat_exact,0,1,1,1,0.9605060331538966,1,0.04810001701116562,2,3
stage1,iris_binary,4,27,iris_binary|4|27,leaf_enum_bruteforce,0,1,1,1,0.9605060331538966,1,0.03470000228844583,2,3
stage1,iris_binary,4,27,iris_binary|4|27,nearest_neighbor,0,1,1,1,2.2667700539074054,4,0.008200004231184721,2,3
stage1,iris_binary,4,27,iris_binary|4|27,random_search,0,1,1,1,1.1469733120375512,4,0.27359998784959316,2,3
stage1,iris_binary,4,28,iris_binary|4|28,treesat_exact,0,1,1,1,1.775480867748245,1,0.04909999552182853,2,3
stage1,iris_binary,4,28,iris_binary|4|28,leaf_enum_bruteforce,0,1,1,1,1.775480867748245,1,0.035299977753311396,2,3
stage1,iris_binary,4,28,iris_binary|4|28,nearest_neighbor,0,1,1,1,3.388175732934114,4,0.008400005754083395,2,3
stage1,iris_binary,4,28,iris_binary|4|28,random_search,0,1,1,1,2.9093229844985116,4,0.27730001602321863,2,3
stage1,iris_binary,4,29,iris_binary|4|29,treesat_exact,0,1,1,1,1.426205938636382,1,0.04879999323748052,2,3
stage1,iris_binary,4,29,iris_binary|4|29,leaf_enum_bruteforce,0,1,1,1,1.426205938636382,1,0.03519997699186206,2,3
stage1,iris_binary,4,29,iris_binary|4|29,nearest_neighbor,0,1,1,1,3.332330594974363,4,0.008500006515532732,2,3
stage1,iris_binary,4,29,iris_binary|4|29,random_search,0,1,1,1,1.7624151323846506,4,0.2800000074785203,2,3
stage1,iris_binary,4,30,iris_binary|4|30,treesat_exact,1,0,0,1,0.5530196596641784,1,0.04800001624971628,2,3
stage1,iris_binary,4,30,iris_binary|4|30,leaf_enum_bruteforce,1,0,0,1,0.5530196596641784,1,0.03510000533424318,2,3
stage1,iris_binary,4,30,iris_binary|4|30,nearest_neighbor,1,0,0,1,2.6534318057612905,4,0.008600007276982069,2,3
stage1,iris_binary,4,30,iris_binary|4|30,random_search,1,0,0,1,0.6425341687366676,4,0.28750000637955964,2,3
stage1,iris_binary,4,31,iris_binary|4|31,treesat_exact,0,1,1,1,1.8336933559335555,1,0.047600013203918934,2,3
stage1,iris_binary,4,31,iris_binary|4|31,leaf_enum_bruteforce,0,1,1,1,1.8336933559335555,1,0.034500000765547156,2,3
stage1,iris_binary,4,31,iris_binary|4|31,nearest_neighbor,0,1,1,1,3.255489961057909,4,0.008200004231184721,2,3
stage1,iris_binary,4,31,iris_binary|4|31,random_search,0,1,1,1,3.510386419617579,4,0.2702999918255955,2,3
stage1,iris_binary,4,32,iris_binary|4|32,treesat_exact,0,1,1,1,1.484418426821692,1,0.04839999019168317,2,3
stage1,iris_binary,4,32,iris_binary|4|32,leaf_enum_bruteforce,0,1,1,1,1.484418426821692,1,0.03460000152699649,2,3
stage1,iris_binary,4,32,iris_binary|4|32,nearest_neighbor,0,1,1,1,3.249557305631353,4,0.008300004992634058,2,3
stage1,iris_binary,4,32,iris_binary|4|32,random_search,0,1,1,1,1.910932569401726,4,0.2905000001192093,2,3
stage1,iris_binary,4,33,iris_binary|4|33,treesat_exact,0,1,1,1,1.1933559858951392,1,0.05040000542066991,2,3
stage1,iris_binary,4,33,iris_binary|4|33,leaf_enum_bruteforce,0,1,1,1,1.1933559858951392,1,0.03659998765215278,2,3
stage1,iris_binary,4,33,iris_binary|4|33,nearest_neighbor,0,1,1,1,2.6165106204962356,4,0.009800016414374113,2,3
stage1,iris_binary,4,33,iris_binary|4|33,random_search,0,1,1,1,1.6553998176672178,4,0.28639999800361693,2,3
stage1,iris_binary,4,34,iris_binary|4|34,treesat_exact,0,1,1,1,2.008330820489488,1,0.04879999323748052,2,3
stage1,iris_binary,4,34,iris_binary|4|34,leaf_enum_bruteforce,0,1,1,1,2.008330820489488,1,0.035500008380040526,2,3
stage1,iris_binary,4,34,iris_binary|4|34,nearest_neighbor,0,1,1,1,4.092811327372559,4,0.008500006515532732,2,3
stage1,iris_binary,4,34,iris_binary|4|34,random_search,0,1,1,1,2.5146012557348203,4,0.278900028206408,2,3
stage1,iris_binary,4,35,iris_binary|4|35,treesat_exact,0,1,1,1,0.9022935449685863,1,0.04789998638443649,2,3
stage1,iris_binary,4,35,iris_binary|4|35,leaf_enum_bruteforce,0,1,1,1,0.9022935449685863,1,0.03440000000409782,2,3
stage1,iris_binary,4,35,iris_binary|4|35,nearest_neighbor,0,1,1,1,2.4632735469277973,4,0.008300004992634058,2,3
stage1,iris_binary,4,35,iris_binary|4|35,random_search,0,1,1,1,1.183245114290525,4,0.3285999991931021,2,3
stage1,iris_binary,4,36,iris_binary|4|36,treesat_exact,1,0,0,1,0.5530196596641784,1,0.060699996538460255,2,3
stage1,iris_binary,4,36,iris_binary|4|36,leaf_enum_bruteforce,1,0,0,1,0.5530196596641784,1,0.04390001413412392,2,3
stage1,iris_binary,4,36,iris_binary|4|36,nearest_neighbor,1,0,0,1,2.673426426159034,4,0.012499978765845299,2,3
stage1,iris_binary,4,36,iris_binary|4|36,random_search,1,0,0,1,0.8216779997793685,4,0.3071000101044774,2,3
stage1,iris_binary,4,37,iris_binary|4|37,treesat_exact,1,0,0,1,0.5530196596641784,1,0.05040000542066991,2,3
stage1,iris_binary,4,37,iris_binary|4|37,leaf_enum_bruteforce,1,0,0,1,0.5530196596641784,1,0.035900011425837874,2,3
stage1,iris_binary,4,37,iris_binary|4|37,nearest_neighbor,1,0,0,1,2.343166190215712,4,0.008800008799880743,2,3
stage1,iris_binary,4,37,iris_binary|4|37,random_search,1,0,0,1,0.6903847988638145,4,0.2933000214397907,2,3
stage1,iris_binary,4,38,iris_binary|4|38,treesat_exact,1,0,0,1,0.3201697069229362,1,0.09980000322684646,2,3
stage1,iris_binary,4,38,iris_binary|4|38,leaf_enum_bruteforce,1,0,0,1,0.3201697069229362,1,0.10770000517368317,2,3
stage1,iris_binary,4,38,iris_binary|4|38,nearest_neighbor,1,0,0,1,2.61886268940544,4,0.021000014385208488,2,3
stage1,iris_binary,4,38,iris_binary|4|38,random_search,1,0,0,1,0.368295505327559,4,2.8722000133711845,2,3
stage1,iris_binary,4,39,iris_binary|4|39,treesat_exact,0,1,1,1,1.1933559858951392,1,0.3328000020701438,2,3
stage1,iris_binary,4,39,iris_binary|4|39,leaf_enum_bruteforce,0,1,1,1,1.1933559858951392,1,0.27840002439916134,2,3
stage1,iris_binary,4,39,iris_binary|4|39,nearest_neighbor,0,1,1,1,2.6943731562236986,4,0.06130000110715628,2,3
stage1,iris_binary,4,39,iris_binary|4|39,random_search,0,1,1,1,1.6778059161167413,4,1.8468000052962452,2,3
stage1,iris_binary,4,40,iris_binary|4|40,treesat_exact,1,0,0,1,0.6112321478494892,1,0.28039998142048717,2,3
stage1,iris_binary,4,40,iris_binary|4|40,leaf_enum_bruteforce,1,0,0,1,0.6112321478494892,1,0.17460001981817186,2,3
stage1,iris_binary,4,40,iris_binary|4|40,nearest_neighbor,1,0,0,1,2.393212165452317,4,0.0557999883312732,2,3
stage1,iris_binary,4,40,iris_binary|4|40,random_search,1,0,0,1,0.6913258595859169,4,1.434899982996285,2,3
stage1,iris_binary,4,41,iris_binary|4|41,treesat_exact,1,0,0,1,0.4948071714788679,1,0.3163000219501555,2,3
stage1,iris_binary,4,41,iris_binary|4|41,leaf_enum_bruteforce,1,0,0,1,0.4948071714788679,1,0.15510001685470343,2,3
stage1,iris_binary,4,41,iris_binary|4|41,nearest_neighbor,1,0,0,1,2.178443733390407,4,0.04369998350739479,2,3
stage1,iris_binary,4,41,iris_binary|4|41,random_search,1,0,0,1,0.6973052777213214,4,1.115400023991242,2,3
stage1,iris_binary,4,42,iris_binary|4|42,treesat_exact,0,1,1,1,1.7172683795629347,1,0.17220000154338777,2,3
stage1,iris_binary,4,42,iris_binary|4|42,leaf_enum_bruteforce,0,1,1,1,1.7172683795629347,1,0.12129999231547117,2,3
stage1,iris_binary,4,42,iris_binary|4|42,nearest_neighbor,0,1,1,1,3.499682524592769,3,0.031100003980100155,2,3
stage1,iris_binary,4,42,iris_binary|4|42,random_search,0,1,1,1,2.4826717461820973,4,0.8164999890141189,2,3
stage1,iris_binary,4,43,iris_binary|4|43,treesat_exact,0,1,1,1,0.785868568597965,1,0.148899998748675,2,3
stage1,iris_binary,4,43,iris_binary|4|43,leaf_enum_bruteforce,0,1,1,1,0.785868568597965,1,0.11890000314451754,2,3
stage1,iris_binary,4,43,iris_binary|4|43,nearest_neighbor,0,1,1,1,2.1863925503517345,4,0.026300025638192892,2,3
stage1,iris_binary,4,43,iris_binary|4|43,random_search,0,1,1,1,1.0914577373582093,4,1.1790000135079026,2,3
stage1,iris_binary,4,44,iris_binary|4|44,treesat_exact,0,1,1,1,2.4740307259719723,1,0.10629999451339245,2,3
stage1,iris_binary,4,44,iris_binary|4|44,leaf_enum_bruteforce,0,1,1,1,2.4740307259719723,1,0.04509999416768551,2,3
stage1,iris_binary,4,44,iris_binary|4|44,nearest_neighbor,0,1,1,1,4.854228773849808,4,0.013499986380338669,2,3
stage1,iris_binary,4,44,iris_binary|4|44,random_search,0,1,1,1,2.974244473229177,4,0.31289999606087804,2,3
stage1,digits_0_vs_1,0,0,digits_0_vs_1|0|0,treesat_exact,1,0,0,1,1.304588393021457,1,0.10999999358318746,4,7
stage1,digits_0_vs_1,0,0,digits_0_vs_1|0|0,leaf_enum_bruteforce,1,0,0,1,1.304588393021457,1,0.07609999738633633,4,7
stage1,digits_0_vs_1,0,0,digits_0_vs_1|0|0,nearest_neighbor,1,0,0,1,10.193256566049406,36,0.020800012862309813,4,7
stage1,digits_0_vs_1,0,0,digits_0_vs_1|0|0,random_search,1,0,0,1,2.714832302963604,64,0.7031999994069338,4,7
stage1,digits_0_vs_1,0,1,digits_0_vs_1|0|1,treesat_exact,0,1,1,1,0.11569910388582368,2,0.0633999879937619,4,7
stage1,digits_0_vs_1,0,1,digits_0_vs_1|0|1,leaf_enum_bruteforce,0,1,1,1,0.11569910388582368,2,0.07230002665892243,4,7
stage1,digits_0_vs_1,0,1,digits_0_vs_1|0|1,nearest_neighbor,0,1,1,1,8.880545312664315,40,0.01719998545013368,4,7
stage1,digits_0_vs_1,0,1,digits_0_vs_1|0|1,random_search,0,1,1,1,0.6751656163633573,64,0.6668999849352986,4,7
stage1,digits_0_vs_1,0,2,digits_0_vs_1|0|2,treesat_exact,1,0,0,1,1.0299382092499623,1,0.09720001253299415,4,7
stage1,digits_0_vs_1,0,2,digits_0_vs_1|0|2,leaf_enum_bruteforce,1,0,0,1,1.0299382092499623,1,0.07080001523718238,4,7
stage1,digits_0_vs_1,0,2,digits_0_vs_1|0|2,nearest_neighbor,1,0,0,1,8.569722194505268,33,0.01559997326694429,4,7
stage1,digits_0_vs_1,0,2,digits_0_vs_1|0|2,random_search,1,0,0,1,3.1190580345816326,64,0.6426999752875417,4,7
stage1,digits_0_vs_1,0,3,digits_0_vs_1|0|3,treesat_exact,0,1,1,1,0.21724455259561262,2,0.06360001862049103,4,7
stage1,digits_0_vs_1,0,3,digits_0_vs_1|0|3,leaf_enum_bruteforce,0,1,1,1,0.21724455259561262,2,0.07320000440813601,4,7
stage1,digits_0_vs_1,0,3,digits_0_vs_1|0|3,nearest_neighbor,0,1,1,1,10.796660429288437,42,0.02300000051036477,4,7
stage1,digits_0_vs_1,0,3,digits_0_vs_1|0|3,random_search,0,1,1,1,1.3348215901200993,64,0.6753999914508313,4,7
stage1,digits_0_vs_1,0,4,digits_0_vs_1|0|4,treesat_exact,0,1,1,1,0.09713305916101277,2,0.06589997792616487,4,7
stage1,digits_0_vs_1,0,4,digits_0_vs_1|0|4,leaf_enum_bruteforce,0,1,1,1,0.09713305916101277,2,0.07959999493323267,4,7
stage1,digits_0_vs_1,0,4,digits_0_vs_1|0|4,nearest_neighbor,0,1,1,1,11.027016153505901,42,0.016200006939470768,4,7
stage1,digits_0_vs_1,0,4,digits_0_vs_1|0|4,random_search,0,1,1,1,0.3399065582573413,64,0.9397999965585768,4,7
stage1,digits_0_vs_1,0,5,digits_0_vs_1|0|5,treesat_exact,0,1,1,1,0.06866352583601643,1,0.08250001701526344,4,7
stage1,digits_0_vs_1,0,5,digits_0_vs_1|0|5,leaf_enum_bruteforce,0,1,1,1,0.06866352583601643,1,0.0984000216703862,4,7
stage1,digits_0_vs_1,0,5,digits_0_vs_1|0|5,nearest_neighbor,0,1,1,1,7.829790957345812,35,0.021100015146657825,4,7
stage1,digits_0_vs_1,0,5,digits_0_vs_1|0|5,random_search,0,1,1,1,0.31496899199628936,64,0.9808999893721193,4,7
stage1,digits_0_vs_1,0,6,digits_0_vs_1|0|6,treesat_exact,1,0,0,1,0.27936129605342774,1,0.08540000999346375,4,7
stage1,digits_0_vs_1,0,6,digits_0_vs_1|0|6,leaf_enum_bruteforce,1,0,0,1,0.27936129605342774,1,0.09859999408945441,4,7
stage1,digits_0_vs_1,0,6,digits_0_vs_1|0|6,nearest_neighbor,1,0,0,1,3.9721228874809316,26,0.0219999928958714,4,7
stage1,digits_0_vs_1,0,6,digits_0_vs_1|0|6,random_search,1,0,0,1,1.102014040428524,64,1.0306999902240932,4,7
stage1,digits_0_vs_1,0,7,digits_0_vs_1|0|7,treesat_exact,0,1,1,1,0.11569910388582368,2,0.07070001447573304,4,7
stage1,digits_0_vs_1,0,7,digits_0_vs_1|0|7,leaf_enum_bruteforce,0,1,1,1,0.11569910388582368,2,0.08560001151636243,4,7
stage1,digits_0_vs_1,0,7,digits_0_vs_1|0|7,nearest_neighbor,0,1,1,1,9.724850569258685,41,0.018999999156221747,4,7
stage1,digits_0_vs_1,0,7,digits_0_vs_1|0|7,random_search,0,1,1,1,0.3488950821874008,64,0.754000007873401,4,7
stage1,digits_0_vs_1,0,8,digits_0_vs_1|0|8,treesat_exact,1,0,0,1,1.853888760564446,1,0.09799998952075839,4,7
stage1,digits_0_vs_1,0,8,digits_0_vs_1|0|8,leaf_enum_bruteforce,1,0,0,1,1.853888760564446,1,0.07810001261532307,4,7
stage1,digits_0_vs_1,0,8,digits_0_vs_1|0|8,nearest_neighbor,1,0,0,1,7.985809571133809,34,0.016699981642886996,4,7
stage1,digits_0_vs_1,0,8,digits_0_vs_1|0|8,random_search,1,0,0,1,6.675477816054813,64,0.7049999840091914,4,7
stage1,digits_0_vs_1,0,9,digits_0_vs_1|0|9,treesat_exact,1,0,0,1,2.128538944335941,1,0.10119998478330672,4,7
stage1,digits_0_vs_1,0,9,digits_0_vs_1|0|9,leaf_enum_bruteforce,1,0,0,1,2.128538944335941,1,0.0771000050008297,4,7
stage1,digits_0_vs_1,0,9,digits_0_vs_1|0|9,nearest_neighbor,1,0,0,1,8.919151423275554,28,0.01719998545013368,4,7
stage1,digits_0_vs_1,0,9,digits_0_vs_1|0|9,random_search,1,0,0,1,6.888882832379906,64,0.683599995682016,4,7
stage1,digits_0_vs_1,0,10,digits_0_vs_1|0|10,treesat_exact,1,0,0,1,2.128538944335941,1,0.40129999979399145,4,7
stage1,digits_0_vs_1,0,10,digits_0_vs_1|0|10,leaf_enum_bruteforce,1,0,0,1,2.128538944335941,1,0.19030002295039594,4,7
stage1,digits_0_vs_1,0,10,digits_0_vs_1|0|10,nearest_neighbor,1,0,0,1,8.737346778057573,37,0.06719998782500625,4,7
stage1,digits_0_vs_1,0,10,digits_0_vs_1|0|10,random_search,1,0,0,1,5.633785383394148,64,0.7142999966163188,4,7
stage1,digits_0_vs_1,0,11,digits_0_vs_1|0|11,treesat_exact,1,0,0,1,2.128538944335941,1,0.0982999918051064,4,7
stage1,digits_0_vs_1,0,11,digits_0_vs_1|0|11,leaf_enum_bruteforce,1,0,0,1,2.128538944335941,1,0.07429998368024826,4,7
stage1,digits_0_vs_1,0,11,digits_0_vs_1|0|11,nearest_neighbor,1,0,0,1,8.40527674214984,34,0.017799990018829703,4,7
stage1,digits_0_vs_1,0,11,digits_0_vs_1|0|11,random_search,1,0,0,1,6.946608702201257,64,0.6326000147964805,4,7
stage1,digits_0_vs_1,0,12,digits_0_vs_1|0|12,treesat_exact,1,0,0,1,2.128538944335941,1,0.09059999138116837,4,7
stage1,digits_0_vs_1,0,12,digits_0_vs_1|0|12,leaf_enum_bruteforce,1,0,0,1,2.128538944335941,1,0.06959997699595988,4,7
stage1,digits_0_vs_1,0,12,digits_0_vs_1|0|12,nearest_neighbor,1,0,0,1,8.671382776976188,30,0.01580000389367342,4,7
stage1,digits_0_vs_1,0,12,digits_0_vs_1|0|12,random_search,1,0,0,1,7.978657406720026,64,0.7115000043995678,4,7
stage1,digits_0_vs_1,0,13,digits_0_vs_1|0|13,treesat_exact,1,0,0,1,1.853888760564446,1,0.06120000034570694,4,7
stage1,digits_0_vs_1,0,13,digits_0_vs_1|0|13,leaf_enum_bruteforce,1,0,0,1,1.853888760564446,1,0.07219999679364264,4,7
stage1,digits_0_vs_1,0,13,digits_0_vs_1|0|13,nearest_neighbor,1,0,0,1,7.611580711188568,30,0.01680001150816679,4,7
stage1,digits_0_vs_1,0,13,digits_0_vs_1|0|13,random_search,1,0,0,1,5.949984848622414,64,0.7059999916236848,4,7
stage1,digits_0_vs_1,0,14,digits_0_vs_1|0|14,treesat_exact,1,0,0,1,1.853888760564446,1,0.0957000011112541,4,7
stage1,digits_0_vs_1,0,14,digits_0_vs_1|0|14,leaf_enum_bruteforce,1,0,0,1,1.853888760564446,1,0.0735999783501029,4,7
stage1,digits_0_vs_1,0,14,digits_0_vs_1|0|14,nearest_neighbor,1,0,0,1,9.901837904538885,41,0.01810002140700817,4,7
stage1,digits_0_vs_1,0,14,digits_0_vs_1|0|14,random_search,1,0,0,1,4.939365148854019,64,0.6458999996539205,4,7
stage1,digits_0_vs_1,0,15,digits_0_vs_1|0|15,treesat_exact,0,1,1,1,0.21724455259561262,2,0.05989999044686556,4,7
stage1,digits_0_vs_1,0,15,digits_0_vs_1|0|15,leaf_enum_bruteforce,0,1,1,1,0.21724455259561262,2,0.07129998994059861,4,7
stage1,digits_0_vs_1,0,15,digits_0_vs_1|0|15,nearest_neighbor,0,1,1,1,8.643411328897738,38,0.019099999917671084,4,7
stage1,digits_0_vs_1,0,15,digits_0_vs_1|0|15,random_search,0,1,1,1,0.7354114585127903,64,0.6634999881498516,4,7
stage1,digits_0_vs_1,0,16,digits_0_vs_1|0|16,treesat_exact,0,1,1,1,0.21724455259561262,2,0.0591999851167202,4,7
stage1,digits_0_vs_1,0,16,digits_0_vs_1|0|16,leaf_enum_bruteforce,0,1,1,1,0.21724455259561262,2,0.0788999896030873,4,7
stage1,digits_0_vs_1,0,16,digits_0_vs_1|0|16,nearest_neighbor,0,1,1,1,10.620225454839401,38,0.016600009985268116,4,7
stage1,digits_0_vs_1,0,16,digits_0_vs_1|0|16,random_search,0,1,1,1,0.7042952166178302,64,0.6660999788437039,4,7
stage1,digits_0_vs_1,0,17,digits_0_vs_1|0|17,treesat_exact,0,1,1,1,0.21724455259561262,2,0.059900019550696015,4,7
stage1,digits_0_vs_1,0,17,digits_0_vs_1|0|17,leaf_enum_bruteforce,0,1,1,1,0.21724455259561262,2,0.07330000516958535,4,7
stage1,digits_0_vs_1,0,17,digits_0_vs_1|0|17,nearest_neighbor,0,1,1,1,8.38715670068717,41,0.016000005416572094,4,7
stage1,digits_0_vs_1,0,17,digits_0_vs_1|0|17,random_search,0,1,1,1,0.6716621849796779,64,0.6661000079475343,4,7
stage1,digits_0_vs_1,0,18,digits_0_vs_1|0|18,treesat_exact,1,0,0,1,2.128538944335941,1,0.09129999671131372,4,7
stage1,digits_0_vs_1,0,18,digits_0_vs_1|0|18,leaf_enum_bruteforce,1,0,0,1,2.128538944335941,1,0.07270000060088933,4,7
stage1,digits_0_vs_1,0,18,digits_0_vs_1|0|18,nearest_neighbor,1,0,0,1,7.515844118083142,31,0.015600002370774746,4,7
stage1,digits_0_vs_1,0,18,digits_0_vs_1|0|18,random_search,1,0,0,1,7.798175492024384,64,0.6277000065892935,4,7
stage1,digits_0_vs_1,0,19,digits_0_vs_1|0|19,treesat_exact,0,1,1,1,0.06866352583601643,1,0.05840000812895596,4,7
stage1,digits_0_vs_1,0,19,digits_0_vs_1|0|19,leaf_enum_bruteforce,0,1,1,1,0.06866352583601643,1,0.07000000914558768,4,7
stage1,digits_0_vs_1,0,19,digits_0_vs_1|0|19,nearest_neighbor,0,1,1,1,7.59263771093243,39,0.015199999324977398,4,7
stage1,digits_0_vs_1,0,19,digits_0_vs_1|0|19,random_search,0,1,1,1,0.30929225875944405,64,0.6665999826509506,4,7
stage1,digits_0_vs_1,0,20,digits_0_vs_1|0|20,treesat_exact,0,1,1,1,0.21724455259561262,2,0.06229997961781919,4,7
stage1,digits_0_vs_1,0,20,digits_0_vs_1|0|20,leaf_enum_bruteforce,0,1,1,1,0.21724455259561262,2,0.07330000516958535,4,7
stage1,digits_0_vs_1,0,20,digits_0_vs_1|0|20,nearest_neighbor,0,1,1,1,9.70281719892891,38,0.015400000847876072,4,7
stage1,digits_0_vs_1,0,20,digits_0_vs_1|0|20,random_search,0,1,1,1,1.2500773983000275,64,0.6660999788437039,4,7
stage1,digits_0_vs_1,0,21,digits_0_vs_1|0|21,treesat_exact,0,1,1,1,0.21724455259561262,2,0.06019999273121357,4,7
stage1,digits_0_vs_1,0,21,digits_0_vs_1|0|21,leaf_enum_bruteforce,0,1,1,1,0.21724455259561262,2,0.06929997471161187,4,7
stage1,digits_0_vs_1,0,21,digits_0_vs_1|0|21,nearest_neighbor,0,1,1,1,7.91017413028828,41,0.015900004655122757,4,7
stage1,digits_0_vs_1,0,21,digits_0_vs_1|0|21,random_search,0,1,1,1,0.7850192997108657,64,0.6408000190276653,4,7
stage1,digits_0_vs_1,0,22,digits_0_vs_1|0|22,treesat_exact,1,0,0,1,2.128538944335941,1,0.08669999078847468,4,7
stage1,digits_0_vs_1,0,22,digits_0_vs_1|0|22,leaf_enum_bruteforce,1,0,0,1,2.128538944335941,1,0.06910000229254365,4,7
stage1,digits_0_vs_1,0,22,digits_0_vs_1|0|22,nearest_neighbor,1,0,0,1,10.02225729436359,29,0.015500001609325409,4,7
stage1,digits_0_vs_1,0,22,digits_0_vs_1|0|22,random_search,1,0,0,1,8.744273343904593,64,0.6179000192787498,4,7
stage1,digits_0_vs_1,0,23,digits_0_vs_1|0|23,treesat_exact,1,0,0,1,2.128538944335941,1,0.09270000737160444,4,7
stage1,digits_0_vs_1,0,23,digits_0_vs_1|0|23,leaf_enum_bruteforce,1,0,0,1,2.128538944335941,1,0.08179998258128762,4,7
stage1,digits_0_vs_1,0,23,digits_0_vs_1|0|23,nearest_neighbor,1,0,0,1,7.112275787979293,29,0.019700004486367106,4,7
stage1,digits_0_vs_1,0,23,digits_0_vs_1|0|23,random_search,1,0,0,1,8.186308629181791,64,0.6357999809551984,4,7
stage1,digits_0_vs_1,0,24,digits_0_vs_1|0|24,treesat_exact,0,1,1,1,0.21724455259561262,2,0.060399994254112244,4,7
stage1,digits_0_vs_1,0,24,digits_0_vs_1|0|24,leaf_enum_bruteforce,0,1,1,1,0.21724455259561262,2,0.07020001066848636,4,7
stage1,digits_0_vs_1,0,24,digits_0_vs_1|0|24,nearest_neighbor,0,1,1,1,7.748658155652367,37,0.015600002370774746,4,7
stage1,digits_0_vs_1,0,24,digits_0_vs_1|0|24,random_search,0,1,1,1,1.5045913366803794,64,0.7069999992381781,4,7
stage1,digits_0_vs_1,0,25,digits_0_vs_1|0|25,treesat_exact,1,0,0,1,2.128538944335941,1,0.12340000830590725,4,7
stage1,digits_0_vs_1,0,25,digits_0_vs_1|0|25,leaf_enum_bruteforce,1,0,0,1,2.128538944335941,1,0.5850000015925616,4,7
stage1,digits_0_vs_1,0,25,digits_0_vs_1|0|25,nearest_neighbor,1,0,0,1,8.88345265277502,36,0.1770000089891255,4,7
stage1,digits_0_vs_1,0,25,digits_0_vs_1|0|25,random_search,1,0,0,1,7.735197216154187,64,1.6868000093381852,4,7
stage1,digits_0_vs_1,0,26,digits_0_vs_1|0|26,treesat_exact,1,0,0,1,1.9912138524501937,1,0.07650000043213367,4,7
stage1,digits_0_vs_1,0,26,digits_0_vs_1|0|26,leaf_enum_bruteforce,1,0,0,1,1.9912138524501937,1,0.09319998207502067,4,7
stage1,digits_0_vs_1,0,26,digits_0_vs_1|0|26,nearest_neighbor,1,0,0,1,8.759842115731649,30,0.018200022168457508,4,7
stage1,digits_0_vs_1,0,26,digits_0_vs_1|0|26,random_search,1,0,0,1,7.223753334663636,64,0.6348000024445355,4,7
stage1,digits_0_vs_1,0,27,digits_0_vs_1|0|27,treesat_exact,0,1,1,1,0.21724455259561262,2,0.06329998723231256,4,7
stage1,digits_0_vs_1,0,27,digits_0_vs_1|0|27,leaf_enum_bruteforce,0,1,1,1,0.21724455259561262,2,0.07259999983943999,4,7
stage1,digits_0_vs_1,0,27,digits_0_vs_1|0|27,nearest_neighbor,0,1,1,1,8.670049656792374,40,0.020299979951232672,4,7
stage1,digits_0_vs_1,0,27,digits_0_vs_1|0|27,random_search,0,1,1,1,0.820064340578525,64,0.7648000027984381,4,7
stage1,digits_0_vs_1,0,28,digits_0_vs_1|0|28,treesat_exact,0,1,1,1,0.21724455259561262,2,0.06399999256245792,4,7
stage1,digits_0_vs_1,0,28,digits_0_vs_1|0|28,leaf_enum_bruteforce,0,1,1,1,0.21724455259561262,2,0.0887999776750803,4,7
stage1,digits_0_vs_1,0,28,digits_0_vs_1|0|28,nearest_neighbor,0,1,1,1,8.045886549469387,39,0.016600009985268116,4,7
stage1,digits_0_vs_1,0,28,digits_0_vs_1|0|28,random_search,0,1,1,1,0.6499297911301247,64,0.6661999796051532,4,7
stage1,digits_0_vs_1,0,29,digits_0_vs_1|0|29,treesat_exact,0,1,1,1,0.11569910388582368,2,0.05829997826367617,4,7
stage1,digits_0_vs_1,0,29,digits_0_vs_1|0|29,leaf_enum_bruteforce,0,1,1,1,0.11569910388582368,2,0.07029998232610524,4,7
stage1,digits_0_vs_1,0,29,digits_0_vs_1|0|29,nearest_neighbor,0,1,1,1,7.2450407767655545,34,0.01580000389367342,4,7
stage1,digits_0_vs_1,0,29,digits_0_vs_1|0|29,random_search,0,1,1,1,0.6204255511651343,64,0.6699000077787787,4,7
stage1,digits_0_vs_1,0,30,digits_0_vs_1|0|30,treesat_exact,1,0,0,1,2.128538944335941,1,0.09859999408945441,4,7
stage1,digits_0_vs_1,0,30,digits_0_vs_1|0|30,leaf_enum_bruteforce,1,0,0,1,2.128538944335941,1,0.09529999806545675,4,7
stage1,digits_0_vs_1,0,30,digits_0_vs_1|0|30,nearest_neighbor,1,0,0,1,8.013293830646642,31,0.018400023691356182,4,7
stage1,digits_0_vs_1,0,30,digits_0_vs_1|0|30,random_search,1,0,0,1,7.5287109829482395,64,0.6393000076059252,4,7
stage1,digits_0_vs_1,0,31,digits_0_vs_1|0|31,treesat_exact,1,0,0,1,1.0299382092499623,1,0.05800000508315861,4,7
stage1,digits_0_vs_1,0,31,digits_0_vs_1|0|31,leaf_enum_bruteforce,1,0,0,1,1.0299382092499623,1,0.06980000762268901,4,7
stage1,digits_0_vs_1,0,31,digits_0_vs_1|0|31,nearest_neighbor,1,0,0,1,6.762650053692521,31,0.014999997802078724,4,7
stage1,digits_0_vs_1,0,31,digits_0_vs_1|0|31,random_search,1,0,0,1,2.978621551580048,64,0.6649999995715916,4,7
stage1,digits_0_vs_1,0,32,digits_0_vs_1|0|32,treesat_exact,0,1,1,1,0.21724455259561262,2,0.05750000127591193,4,7
stage1,digits_0_vs_1,0,32,digits_0_vs_1|0|32,leaf_enum_bruteforce,0,1,1,1,0.21724455259561262,2,0.07159999222494662,4,7
stage1,digits_0_vs_1,0,32,digits_0_vs_1|0|32,nearest_neighbor,0,1,1,1,7.305741364821542,36,0.014800025383010507,4,7
stage1,digits_0_vs_1,0,32,digits_0_vs_1|0|32,random_search,0,1,1,1,1.3974520410224338,64,0.7094999891705811,4,7
stage1,digits_0_vs_1,0,33,digits_0_vs_1|0|33,treesat_exact,1,0,0,1,2.128538944335941,1,0.1036000030580908,4,7
stage1,digits_0_vs_1,0,33,digits_0_vs_1|0|33,leaf_enum_bruteforce,1,0,0,1,2.128538944335941,1,0.07930002175271511,4,7
stage1,digits_0_vs_1,0,33,digits_0_vs_1|0|33,nearest_neighbor,1,0,0,1,6.929296711437553,33,0.017499987734481692,4,7
stage1,digits_0_vs_1,0,33,digits_0_vs_1|0|33,random_search,1,0,0,1,6.9163655572400415,64,0.6744999845977873,4,7
stage1,digits_0_vs_1,0,34,digits_0_vs_1|0|34,treesat_exact,0,1,1,1,0.06866352583601643,1,0.06269998266361654,4,7
stage1,digits_0_vs_1,0,34,digits_0_vs_1|0|34,leaf_enum_bruteforce,0,1,1,1,0.06866352583601643,1,0.06990000838413835,4,7
stage1,digits_0_vs_1,0,34,digits_0_vs_1|0|34,nearest_neighbor,0,1,1,1,10.767594166285798,43,0.01580000389367342,4,7
stage1,digits_0_vs_1,0,34,digits_0_vs_1|0|34,random_search,0,1,1,1,0.3245851672403999,64,0.6840999994892627,4,7
stage1,digits_0_vs_1,0,35,digits_0_vs_1|0|35,treesat_exact,1,0,0,1,1.304588393021457,1,0.05690002581104636,4,7
stage1,digits_0_vs_1,0,35,digits_0_vs_1|0|35,leaf_enum_bruteforce,1,0,0,1,1.304588393021457,1,0.06739998934790492,4,7
stage1,digits_0_vs_1,0,35,digits_0_vs_1|0|35,nearest_neighbor,1,0,0,1,6.663133015740291,33,0.014600023860111833,4,7
stage1,digits_0_vs_1,0,35,digits_0_vs_1|0|35,random_search,1,0,0,1,5.064384529969542,64,0.6624000088777393,4,7
stage1,digits_0_vs_1,0,36,digits_0_vs_1|0|36,treesat_exact,0,1,1,1,0.06866352583601643,1,0.05740000051446259,4,7
stage1,digits_0_vs_1,0,36,digits_0_vs_1|0|36,leaf_enum_bruteforce,0,1,1,1,0.06866352583601643,1,0.06930000381544232,4,7
stage1,digits_0_vs_1,0,36,digits_0_vs_1|0|36,nearest_neighbor,0,1,1,1,8.760562207746014,38,0.014899997040629387,4,7
stage1,digits_0_vs_1,0,36,digits_0_vs_1|0|36,random_search,0,1,1,1,0.3137533095981875,64,0.6796999950893223,4,7
stage1,digits_0_vs_1,0,37,digits_0_vs_1|0|37,treesat_exact,0,1,1,1,0.21724455259561262,2,0.06590000702999532,4,7
stage1,digits_0_vs_1,0,37,digits_0_vs_1|0|37,leaf_enum_bruteforce,0,1,1,1,0.21724455259561262,2,0.08009999874047935,4,7
stage1,digits_0_vs_1,0,37,digits_0_vs_1|0|37,nearest_neighbor,0,1,1,1,8.544158081208778,41,0.08140000863932073,4,7
stage1,digits_0_vs_1,0,37,digits_0_vs_1|0|37,random_search,0,1,1,1,0.7090314064434504,64,0.9880999859888107,4,7
stage1,digits_0_vs_1,0,38,digits_0_vs_1|0|38,treesat_exact,0,1,1,1,0.21724455259561262,2,0.07819998427294195,4,7
stage1,digits_0_vs_1,0,38,digits_0_vs_1|0|38,leaf_enum_bruteforce,0,1,1,1,0.21724455259561262,2,0.07959999493323267,4,7
stage1,digits_0_vs_1,0,38,digits_0_vs_1|0|38,nearest_neighbor,0,1,1,1,8.476218310048155,36,0.041399995097890496,4,7
stage1,digits_0_vs_1,0,38,digits_0_vs_1|0|38,random_search,0,1,1,1,0.8286708013731998,64,0.6905999907758087,4,7
stage1,digits_0_vs_1,0,39,digits_0_vs_1|0|39,treesat_exact,0,1,1,1,0.21724455259561262,2,0.06079999729990959,4,7
stage1,digits_0_vs_1,0,39,digits_0_vs_1|0|39,leaf_enum_bruteforce,0,1,1,1,0.21724455259561262,2,0.12149999383836985,4,7
stage1,digits_0_vs_1,0,39,digits_0_vs_1|0|39,nearest_neighbor,0,1,1,1,8.229683421587268,39,0.033199990866705775,4,7
stage1,digits_0_vs_1,0,39,digits_0_vs_1|0|39,random_search,0,1,1,1,1.3107207950643822,64,1.4457000070251524,4,7
stage1,digits_0_vs_1,0,40,digits_0_vs_1|0|40,treesat_exact,1,0,0,1,1.0299382092499623,1,0.1275999820791185,4,7
stage1,digits_0_vs_1,0,40,digits_0_vs_1|0|40,leaf_enum_bruteforce,1,0,0,1,1.0299382092499623,1,0.15169999096542597,4,7
stage1,digits_0_vs_1,0,40,digits_0_vs_1|0|40,nearest_neighbor,1,0,0,1,7.201746182962642,31,0.03370002377778292,4,7
stage1,digits_0_vs_1,0,40,digits_0_vs_1|0|40,random_search,1,0,0,1,4.2086140295419545,64,1.1512000055518001,4,7
stage1,digits_0_vs_1,0,41,digits_0_vs_1|0|41,treesat_exact,0,1,1,1,0.21724455259561262,2,0.09970000246539712,4,7
stage1,digits_0_vs_1,0,41,digits_0_vs_1|0|41,leaf_enum_bruteforce,0,1,1,1,0.21724455259561262,2,0.11870000162161887,4,7
stage1,digits_0_vs_1,0,41,digits_0_vs_1|0|41,nearest_neighbor,0,1,1,1,9.232186799505996,40,0.02680000034160912,4,7
stage1,digits_0_vs_1,0,41,digits_0_vs_1|0|41,random_search,0,1,1,1,0.6544005421177141,64,1.1180000146850944,4,7
stage1,digits_0_vs_1,0,42,digits_0_vs_1|0|42,treesat_exact,1,0,0,1,0.8926131173642149,1,0.15070001245476305,4,7
stage1,digits_0_vs_1,0,42,digits_0_vs_1|0|42,leaf_enum_bruteforce,1,0,0,1,0.8926131173642149,1,0.1351999817416072,4,7
stage1,digits_0_vs_1,0,42,digits_0_vs_1|0|42,nearest_neighbor,1,0,0,1,8.819418025906502,38,0.026699999580159783,4,7
stage1,digits_0_vs_1,0,42,digits_0_vs_1|0|42,random_search,1,0,0,1,2.470491601976489,64,0.9291000023949891,4,7
stage1,digits_0_vs_1,0,43,digits_0_vs_1|0|43,treesat_exact,1,0,0,1,1.5792385767929515,1,0.12139999307692051,4,7
stage1,digits_0_vs_1,0,43,digits_0_vs_1|0|43,leaf_enum_bruteforce,1,0,0,1,1.5792385767929515,1,0.09529999806545675,4,7
stage1,digits_0_vs_1,0,43,digits_0_vs_1|0|43,nearest_neighbor,1,0,0,1,7.723438707302296,38,0.021799991372972727,4,7
stage1,digits_0_vs_1,0,43,digits_0_vs_1|0|43,random_search,1,0,0,1,5.5857188163653175,64,0.884100008988753,4,7
stage1,digits_0_vs_1,0,44,digits_0_vs_1|0|44,treesat_exact,0,1,1,1,0.06866352583601643,1,0.08229998638853431,4,7
stage1,digits_0_vs_1,0,44,digits_0_vs_1|0|44,leaf_enum_bruteforce,0,1,1,1,0.06866352583601643,1,0.10209999163635075,4,7
stage1,digits_0_vs_1,0,44,digits_0_vs_1|0|44,nearest_neighbor,0,1,1,1,8.300596984143164,40,0.024699984351173043,4,7
stage1,digits_0_vs_1,0,44,digits_0_vs_1|0|44,random_search,0,1,1,1,0.5627371589587962,64,0.884100008988753,4,7
stage1,digits_0_vs_1,0,45,digits_0_vs_1|0|45,treesat_exact,0,1,1,1,0.21724455259561262,2,0.07300000288523734,4,7
stage1,digits_0_vs_1,0,45,digits_0_vs_1|0|45,leaf_enum_bruteforce,0,1,1,1,0.21724455259561262,2,0.08329999400302768,4,7
stage1,digits_0_vs_1,0,45,digits_0_vs_1|0|45,nearest_neighbor,0,1,1,1,9.034301566120545,39,0.021000014385208488,4,7
stage1,digits_0_vs_1,0,45,digits_0_vs_1|0|45,random_search,0,1,1,1,1.3434579821304002,64,0.7248000183608383,4,7
stage1,digits_0_vs_1,0,46,digits_0_vs_1|0|46,treesat_exact,1,0,0,1,2.128538944335941,1,0.12989999959245324,4,7
stage1,digits_0_vs_1,0,46,digits_0_vs_1|0|46,leaf_enum_bruteforce,1,0,0,1,2.128538944335941,1,0.08060000254772604,4,7
stage1,digits_0_vs_1,0,46,digits_0_vs_1|0|46,nearest_neighbor,1,0,0,1,9.20216550209017,33,0.020099978428333998,4,7
stage1,digits_0_vs_1,0,46,digits_0_vs_1|0|46,random_search,1,0,0,1,5.704585587513491,64,0.7425999792758375,4,7
stage1,digits_0_vs_1,0,47,digits_0_vs_1|0|47,treesat_exact,1,0,0,1,1.853888760564446,1,0.09410001803189516,4,7
stage1,digits_0_vs_1,0,47,digits_0_vs_1|0|47,leaf_enum_bruteforce,1,0,0,1,1.853888760564446,1,0.07050001295283437,4,7
stage1,digits_0_vs_1,0,47,digits_0_vs_1|0|47,nearest_neighbor,1,0,0,1,7.2224642942812025,30,0.015999976312741637,4,7
stage1,digits_0_vs_1,0,47,digits_0_vs_1|0|47,random_search,1,0,0,1,5.643426487828636,64,1.000799995381385,4,7
stage1,digits_0_vs_1,0,48,digits_0_vs_1|0|48,treesat_exact,1,0,0,1,2.128538944335941,1,0.10230002226307988,4,7
stage1,digits_0_vs_1,0,48,digits_0_vs_1|0|48,leaf_enum_bruteforce,1,0,0,1,2.128538944335941,1,0.3813000221271068,4,7
stage1,digits_0_vs_1,0,48,digits_0_vs_1|0|48,nearest_neighbor,1,0,0,1,7.719082935818574,33,0.037299992982298136,4,7
stage1,digits_0_vs_1,0,48,digits_0_vs_1|0|48,random_search,1,0,0,1,8.020858714854446,64,1.0785000049509108,4,7
stage1,digits_0_vs_1,0,49,digits_0_vs_1|0|49,treesat_exact,1,0,0,1,1.853888760564446,1,0.11019999510608613,4,7
stage1,digits_0_vs_1,0,49,digits_0_vs_1|0|49,leaf_enum_bruteforce,1,0,0,1,1.853888760564446,1,0.11330001871101558,4,7
stage1,digits_0_vs_1,0,49,digits_0_vs_1|0|49,nearest_neighbor,1,0,0,1,8.8971246403451,30,0.018799997633323073,4,7
stage1,digits_0_vs_1,0,49,digits_0_vs_1|0|49,random_search,1,0,0,1,7.755553421899285,64,0.6618999759666622,4,7
stage1,digits_0_vs_1,0,50,digits_0_vs_1|0|50,treesat_exact,0,1,1,1,0.21724455259561262,2,0.06280001252889633,4,7
stage1,digits_0_vs_1,0,50,digits_0_vs_1|0|50,leaf_enum_bruteforce,0,1,1,1,0.21724455259561262,2,0.07239999831654131,4,7
stage1,digits_0_vs_1,0,50,digits_0_vs_1|0|50,nearest_neighbor,0,1,1,1,8.944985669044952,40,0.018999999156221747,4,7
stage1,digits_0_vs_1,0,50,digits_0_vs_1|0|50,random_search,0,1,1,1,0.7924054945157241,64,0.6903000175952911,4,7
stage1,digits_0_vs_1,0,51,digits_0_vs_1|0|51,treesat_exact,1,0,0,1,2.128538944335941,1,0.09329998283647001,4,7
stage1,digits_0_vs_1,0,51,digits_0_vs_1|0|51,leaf_enum_bruteforce,1,0,0,1,2.128538944335941,1,0.07280000136233866,4,7
stage1,digits_0_vs_1,0,51,digits_0_vs_1|0|51,nearest_neighbor,1,0,0,1,8.282049698407093,29,0.01719998545013368,4,7
stage1,digits_0_vs_1,0,51,digits_0_vs_1|0|51,random_search,1,0,0,1,5.676574408525158,64,0.7577000069431961,4,7
stage1,digits_0_vs_1,0,52,digits_0_vs_1|0|52,treesat_exact,1,0,0,1,2.128538944335941,1,0.10050000855699182,4,7
stage1,digits_0_vs_1,0,52,digits_0_vs_1|0|52,leaf_enum_bruteforce,1,0,0,1,2.128538944335941,1,0.08410000009462237,4,7
stage1,digits_0_vs_1,0,52,digits_0_vs_1|0|52,nearest_neighbor,1,0,0,1,9.09302580586551,31,0.016600009985268116,4,7
stage1,digits_0_vs_1,0,52,digits_0_vs_1|0|52,random_search,1,0,0,1,6.277424148004142,64,0.7440999906975776,4,7
stage1,digits_0_vs_1,0,53,digits_0_vs_1|0|53,treesat_exact,1,0,0,1,1.853888760564446,1,0.06859999848529696,4,7
stage1,digits_0_vs_1,0,53,digits_0_vs_1|0|53,leaf_enum_bruteforce,1,0,0,1,1.853888760564446,1,0.07530002039857209,4,7
stage1,digits_0_vs_1,0,53,digits_0_vs_1|0|53,nearest_neighbor,1,0,0,1,7.964073834077675,28,0.016200006939470768,4,7
stage1,digits_0_vs_1,0,53,digits_0_vs_1|0|53,random_search,1,0,0,1,5.448735007309163,64,0.7375999994110316,4,7
stage1,digits_0_vs_1,0,54,digits_0_vs_1|0|54,treesat_exact,1,0,0,1,1.0299382092499623,1,0.09119999594986439,4,7
stage1,digits_0_vs_1,0,54,digits_0_vs_1|0|54,leaf_enum_bruteforce,1,0,0,1,1.0299382092499623,1,0.07249999907799065,4,7
stage1,digits_0_vs_1,0,54,digits_0_vs_1|0|54,nearest_neighbor,1,0,0,1,10.189412681717219,40,0.016700010746717453,4,7
stage1,digits_0_vs_1,0,54,digits_0_vs_1|0|54,random_search,1,0,0,1,4.496234270901065,64,0.6408000190276653,4,7
stage1,digits_0_vs_1,0,55,digits_0_vs_1|0|55,treesat_exact,1,0,0,1,2.128538944335941,1,0.08659999002702534,4,7
stage1,digits_0_vs_1,0,55,digits_0_vs_1|0|55,leaf_enum_bruteforce,1,0,0,1,2.128538944335941,1,0.07049998384900391,4,7
stage1,digits_0_vs_1,0,55,digits_0_vs_1|0|55,nearest_neighbor,1,0,0,1,7.201769457629034,36,0.015400000847876072,4,7
stage1,digits_0_vs_1,0,55,digits_0_vs_1|0|55,random_search,1,0,0,1,8.67733799164311,64,0.6288999866228551,4,7
stage1,digits_0_vs_1,0,56,digits_0_vs_1|0|56,treesat_exact,1,0,0,1,2.128538944335941,1,0.08629998774267733,4,7
stage1,digits_0_vs_1,0,56,digits_0_vs_1|0|56,leaf_enum_bruteforce,1,0,0,1,2.128538944335941,1,0.06730001769028604,4,7
stage1,digits_0_vs_1,0,56,digits_0_vs_1|0|56,nearest_neighbor,1,0,0,1,7.679980984225835,30,0.015100027667358518,4,7
stage1,digits_0_vs_1,0,56,digits_0_vs_1|0|56,random_search,1,0,0,1,6.033772089947789,64,0.6359000108204782,4,7
stage1,digits_0_vs_1,0,57,digits_0_vs_1|0|57,treesat_exact,0,1,1,1,0.06866352583601643,1,0.05889998283237219,4,7
stage1,digits_0_vs_1,0,57,digits_0_vs_1|0|57,leaf_enum_bruteforce,0,1,1,1,0.06866352583601643,1,0.07040001219138503,4,7
stage1,digits_0_vs_1,0,57,digits_0_vs_1|0|57,nearest_neighbor,0,1,1,1,9.034976593034285,41,0.01920000067912042,4,7
stage1,digits_0_vs_1,0,57,digits_0_vs_1|0|57,random_search,0,1,1,1,0.29518360128827636,64,0.6644999957643449,4,7
stage1,digits_0_vs_1,0,58,digits_0_vs_1|0|58,treesat_exact,1,0,0,1,1.853888760564446,1,0.055599986808374524,4,7
stage1,digits_0_vs_1,0,58,digits_0_vs_1|0|58,leaf_enum_bruteforce,1,0,0,1,1.853888760564446,1,0.06890000076964498,4,7
stage1,digits_0_vs_1,0,58,digits_0_vs_1|0|58,nearest_neighbor,1,0,0,1,10.700756360911472,39,0.015199999324977398,4,7
stage1,digits_0_vs_1,0,58,digits_0_vs_1|0|58,random_search,1,0,0,1,7.255753774806969,64,0.6509000086225569,4,7
stage1,digits_0_vs_1,0,59,digits_0_vs_1|0|59,treesat_exact,1,0,0,1,2.128538944335941,1,0.08620001608505845,4,7
stage1,digits_0_vs_1,0,59,digits_0_vs_1|0|59,leaf_enum_bruteforce,1,0,0,1,2.128538944335941,1,0.0680000230204314,4,7
stage1,digits_0_vs_1,0,59,digits_0_vs_1|0|59,nearest_neighbor,1,0,0,1,6.501826160499787,30,0.015400000847876072,4,7
stage1,digits_0_vs_1,0,59,digits_0_vs_1|0|59,random_search,1,0,0,1,7.870360700927115,64,0.6393999792635441,4,7
stage1,digits_0_vs_1,1,0,digits_0_vs_1|1|0,treesat_exact,0,1,1,1,0.0967624497266831,2,0.18699999782256782,4,7
stage1,digits_0_vs_1,1,0,digits_0_vs_1|1|0,leaf_enum_bruteforce,0,1,1,1,0.0967624497266831,2,0.13440000475384295,4,7
stage1,digits_0_vs_1,1,0,digits_0_vs_1|1|0,nearest_neighbor,0,1,1,1,7.693011782923396,37,0.036200013710185885,4,7
stage1,digits_0_vs_1,1,0,digits_0_vs_1|1|0,random_search,0,1,1,1,0.34965500336789557,64,1.138899999205023,4,7
stage1,digits_0_vs_1,1,1,digits_0_vs_1|1|1,treesat_exact,0,1,1,1,0.0967624497266831,2,0.10639999527484179,4,7
stage1,digits_0_vs_1,1,1,digits_0_vs_1|1|1,leaf_enum_bruteforce,0,1,1,1,0.0967624497266831,2,0.11150000500492752,4,7
stage1,digits_0_vs_1,1,1,digits_0_vs_1|1|1,nearest_neighbor,0,1,1,1,8.34749866952056,37,0.027400004910305142,4,7
stage1,digits_0_vs_1,1,1,digits_0_vs_1|1|1,random_search,0,1,1,1,0.3986743730324858,64,0.8990999776870012,4,7
stage1,digits_0_vs_1,1,2,digits_0_vs_1|1|2,treesat_exact,1,0,0,1,1.7403680444906247,2,0.07979999645613134,4,7
stage1,digits_0_vs_1,1,2,digits_0_vs_1|1|2,leaf_enum_bruteforce,1,0,0,1,1.7403680444906247,2,0.09130002581514418,4,7
stage1,digits_0_vs_1,1,2,digits_0_vs_1|1|2,nearest_neighbor,1,0,0,1,10.011325335952211,41,0.023800006601959467,4,7
stage1,digits_0_vs_1,1,2,digits_0_vs_1|1|2,random_search,1,0,0,1,8.767953915510837,64,0.8711999980732799,4,7
stage1,digits_0_vs_1,1,3,digits_0_vs_1|1|3,treesat_exact,1,0,0,1,2.1301640049868458,1,0.06640001083724201,4,7
stage1,digits_0_vs_1,1,3,digits_0_vs_1|1|3,leaf_enum_bruteforce,1,0,0,1,2.1301640049868458,1,0.07049998384900391,4,7
stage1,digits_0_vs_1,1,3,digits_0_vs_1|1|3,nearest_neighbor,1,0,0,1,8.97475611290668,36,0.0171000137925148,4,7
stage1,digits_0_vs_1,1,3,digits_0_vs_1|1|3,random_search,1,0,0,1,5.668776335307205,64,0.6862000154796988,4,7
stage1,digits_0_vs_1,1,4,digits_0_vs_1|1|4,treesat_exact,1,0,0,1,2.1118601569259847,2,0.05940001574344933,4,7
stage1,digits_0_vs_1,1,4,digits_0_vs_1|1|4,leaf_enum_bruteforce,1,0,0,1,2.1118601569259847,2,0.07020001066848636,4,7
stage1,digits_0_vs_1,1,4,digits_0_vs_1|1|4,nearest_neighbor,1,0,0,1,7.870985157665968,34,0.017000013031065464,4,7
stage1,digits_0_vs_1,1,4,digits_0_vs_1|1|4,random_search,1,0,0,1,8.885090767312775,64,0.6473000103142112,4,7
stage1,digits_0_vs_1,1,5,digits_0_vs_1|1|5,treesat_exact,1,0,0,1,1.305584393750535,1,0.06299998494796455,4,7
stage1,digits_0_vs_1,1,5,digits_0_vs_1|1|5,leaf_enum_bruteforce,1,0,0,1,1.305584393750535,1,0.0720999960321933,4,7
stage1,digits_0_vs_1,1,5,digits_0_vs_1|1|5,nearest_neighbor,1,0,0,1,9.787457383185764,40,0.017399986973032355,4,7
stage1,digits_0_vs_1,1,5,digits_0_vs_1|1|5,random_search,1,0,0,1,5.544229691647426,64,0.6521999894175678,4,7
stage1,digits_0_vs_1,1,6,digits_0_vs_1|1|6,treesat_exact,0,1,1,1,0.0967624497266831,2,0.0585000088904053,4,7
stage1,digits_0_vs_1,1,6,digits_0_vs_1|1|6,leaf_enum_bruteforce,0,1,1,1,0.0967624497266831,2,0.06880000000819564,4,7
stage1,digits_0_vs_1,1,6,digits_0_vs_1|1|6,nearest_neighbor,0,1,1,1,8.672922371742628,40,0.018799997633323073,4,7
stage1,digits_0_vs_1,1,6,digits_0_vs_1|1|6,random_search,0,1,1,1,0.6800881124630932,64,0.7662999851163477,4,7
stage1,digits_0_vs_1,1,7,digits_0_vs_1|1|7,treesat_exact,1,0,0,1,1.5668639835193305,1,0.05900001269765198,4,7
stage1,digits_0_vs_1,1,7,digits_0_vs_1|1|7,leaf_enum_bruteforce,1,0,0,1,1.5668639835193305,1,0.06990000838413835,4,7
stage1,digits_0_vs_1,1,7,digits_0_vs_1|1|7,nearest_neighbor,1,0,0,1,8.89940649905143,32,0.01689998316578567,4,7
stage1,digits_0_vs_1,1,7,digits_0_vs_1|1|7,random_search,1,0,0,1,7.009402856252324,64,0.6604999944102019,4,7
stage1,digits_0_vs_1,1,8,digits_0_vs_1|1|8,treesat_exact,0,1,1,1,0.0967624497266831,2,0.0577000027988106,4,7
stage1,digits_0_vs_1,1,8,digits_0_vs_1|1|8,leaf_enum_bruteforce,0,1,1,1,0.0967624497266831,2,0.06970000686123967,4,7
stage1,digits_0_vs_1,1,8,digits_0_vs_1|1|8,nearest_neighbor,0,1,1,1,8.83439034607873,38,0.017699989257380366,4,7
stage1,digits_0_vs_1,1,8,digits_0_vs_1|1|8,random_search,0,1,1,1,0.5252008518759006,64,0.6593999860342592,4,7
stage1,digits_0_vs_1,1,9,digits_0_vs_1|1|9,treesat_exact,1,0,0,1,2.1301640049868458,1,0.055599986808374524,4,7
stage1,digits_0_vs_1,1,9,digits_0_vs_1|1|9,leaf_enum_bruteforce,1,0,0,1,2.1301640049868458,1,0.0686999992467463,4,7
stage1,digits_0_vs_1,1,9,digits_0_vs_1|1|9,nearest_neighbor,1,0,0,1,11.261934214666041,38,0.015699974028393626,4,7
stage1,digits_0_vs_1,1,9,digits_0_vs_1|1|9,random_search,1,0,0,1,7.134814711553231,64,0.6194000015966594,4,7
stage1,digits_0_vs_1,1,10,digits_0_vs_1|1|10,treesat_exact,1,0,0,1,0.4810047825142242,1,0.05699999746866524,4,7
stage1,digits_0_vs_1,1,10,digits_0_vs_1|1|10,leaf_enum_bruteforce,1,0,0,1,0.4810047825142242,1,0.06920000305399299,4,7
stage1,digits_0_vs_1,1,10,digits_0_vs_1|1|10,nearest_neighbor,1,0,0,1,9.30520234668485,41,0.01479999627918005,4,7
stage1,digits_0_vs_1,1,10,digits_0_vs_1|1|10,random_search,1,0,0,1,1.5208054516984255,64,0.7043000077828765,4,7
stage1,digits_0_vs_1,1,11,digits_0_vs_1|1|11,treesat_exact,1,0,0,1,2.1301640049868458,1,0.05679999594576657,4,7
stage1,digits_0_vs_1,1,11,digits_0_vs_1|1|11,leaf_enum_bruteforce,1,0,0,1,2.1301640049868458,1,0.07169999298639596,4,7
stage1,digits_0_vs_1,1,11,digits_0_vs_1|1|11,nearest_neighbor,1,0,0,1,7.133826535804401,32,0.014899997040629387,4,7
stage1,digits_0_vs_1,1,11,digits_0_vs_1|1|11,random_search,1,0,0,1,8.39225003574301,64,1.500300015322864,4,7
stage1,digits_0_vs_1,1,12,digits_0_vs_1|1|12,treesat_exact,0,1,1,1,0.0967624497266831,2,0.07259999983943999,4,7
stage1,digits_0_vs_1,1,12,digits_0_vs_1|1|12,leaf_enum_bruteforce,0,1,1,1,0.0967624497266831,2,0.07639999967068434,4,7
stage1,digits_0_vs_1,1,12,digits_0_vs_1|1|12,nearest_neighbor,0,1,1,1,8.594837595146972,41,0.022599997464567423,4,7
stage1,digits_0_vs_1,1,12,digits_0_vs_1|1|12,random_search,0,1,1,1,0.3602601123486474,64,0.678699987474829,4,7
stage1,digits_0_vs_1,1,13,digits_0_vs_1|1|13,treesat_exact,0,1,1,1,0.0967624497266831,2,0.10790000669658184,4,7
stage1,digits_0_vs_1,1,13,digits_0_vs_1|1|13,leaf_enum_bruteforce,0,1,1,1,0.0967624497266831,2,0.07330000516958535,4,7
stage1,digits_0_vs_1,1,13,digits_0_vs_1|1|13,nearest_neighbor,0,1,1,1,8.877768103480657,40,0.01819999306462705,4,7
stage1,digits_0_vs_1,1,13,digits_0_vs_1|1|13,random_search,0,1,1,1,0.4162108923794491,64,0.7301000005099922,4,7
stage1,digits_0_vs_1,1,14,digits_0_vs_1|1|14,treesat_exact,0,1,1,1,0.0967624497266831,2,0.058399979025125504,4,7
stage1,digits_0_vs_1,1,14,digits_0_vs_1|1|14,leaf_enum_bruteforce,0,1,1,1,0.0967624497266831,2,0.07189999450929463,4,7
stage1,digits_0_vs_1,1,14,digits_0_vs_1|1|14,nearest_neighbor,0,1,1,1,9.724918425785077,36,0.016499980119988322,4,7
stage1,digits_0_vs_1,1,14,digits_0_vs_1|1|14,random_search,0,1,1,1,0.6675517502620943,64,0.6631000142078847,4,7
stage1,digits_0_vs_1,1,15,digits_0_vs_1|1|15,treesat_exact,1,0,0,1,1.7403680444906247,2,0.06059999577701092,4,7
stage1,digits_0_vs_1,1,15,digits_0_vs_1|1|15,leaf_enum_bruteforce,1,0,0,1,1.7403680444906247,2,0.0816000101622194,4,7
stage1,digits_0_vs_1,1,15,digits_0_vs_1|1|15,nearest_neighbor,1,0,0,1,9.79894277490866,36,0.018799997633323073,4,7
stage1,digits_0_vs_1,1,15,digits_0_vs_1|1|15,random_search,1,0,0,1,6.0453640505407105,64,0.6596000166609883,4,7
stage1,digits_0_vs_1,1,16,digits_0_vs_1|1|16,treesat_exact,0,1,1,1,0.06871595830998312,1,0.0591999851167202,4,7
stage1,digits_0_vs_1,1,16,digits_0_vs_1|1|16,leaf_enum_bruteforce,0,1,1,1,0.06871595830998312,1,0.07280000136233866,4,7
stage1,digits_0_vs_1,1,16,digits_0_vs_1|1|16,nearest_neighbor,0,1,1,1,8.017961421877294,38,0.015700003132224083,4,7
stage1,digits_0_vs_1,1,16,digits_0_vs_1|1|16,random_search,0,1,1,1,0.3320877428501993,64,0.680800003465265,4,7
stage1,digits_0_vs_1,1,17,digits_0_vs_1|1|17,treesat_exact,1,0,0,1,2.1301640049868458,1,0.05570001667365432,4,7
stage1,digits_0_vs_1,1,17,digits_0_vs_1|1|17,leaf_enum_bruteforce,1,0,0,1,2.1301640049868458,1,0.07810001261532307,4,7
stage1,digits_0_vs_1,1,17,digits_0_vs_1|1|17,nearest_neighbor,1,0,0,1,8.568260580055744,33,0.01650000922381878,4,7
stage1,digits_0_vs_1,1,17,digits_0_vs_1|1|17,random_search,1,0,0,1,8.693694840113656,64,0.6174000154715031,4,7
stage1,digits_0_vs_1,1,18,digits_0_vs_1|1|18,treesat_exact,0,1,1,1,0.0967624497266831,2,0.06089999806135893,4,7
stage1,digits_0_vs_1,1,18,digits_0_vs_1|1|18,leaf_enum_bruteforce,0,1,1,1,0.0967624497266831,2,0.07139999070204794,4,7
stage1,digits_0_vs_1,1,18,digits_0_vs_1|1|18,nearest_neighbor,0,1,1,1,7.992337837674142,35,0.016200006939470768,4,7
stage1,digits_0_vs_1,1,18,digits_0_vs_1|1|18,random_search,0,1,1,1,0.6551101951200351,64,0.6813000072725117,4,7
stage1,digits_0_vs_1,1,19,digits_0_vs_1|1|19,treesat_exact,0,1,1,1,0.0967624497266831,2,0.05549998604692519,4,7
stage1,digits_0_vs_1,1,19,digits_0_vs_1|1|19,leaf_enum_bruteforce,0,1,1,1,0.0967624497266831,2,0.12240000069141388,4,7
stage1,digits_0_vs_1,1,19,digits_0_vs_1|1|19,nearest_neighbor,0,1,1,1,7.706898933513487,36,0.016600009985268116,4,7
stage1,digits_0_vs_1,1,19,digits_0_vs_1|1|19,random_search,0,1,1,1,0.6368796658723765,64,0.6652000010944903,4,7
stage1,digits_0_vs_1,1,20,digits_0_vs_1|1|20,treesat_exact,1,0,0,1,1.305584393750535,1,0.0557999883312732,4,7
stage1,digits_0_vs_1,1,20,digits_0_vs_1|1|20,leaf_enum_bruteforce,1,0,0,1,1.305584393750535,1,0.0709999876562506,4,7
stage1,digits_0_vs_1,1,20,digits_0_vs_1|1|20,nearest_neighbor,1,0,0,1,7.64156362426191,32,0.016000005416572094,4,7
stage1,digits_0_vs_1,1,20,digits_0_vs_1|1|20,random_search,1,0,0,1,5.420917870918541,64,0.6231000006664544,4,7
stage1,digits_0_vs_1,1,21,digits_0_vs_1|1|21,treesat_exact,1,0,0,1,2.111860156925741,1,0.054800009820610285,4,7
stage1,digits_0_vs_1,1,21,digits_0_vs_1|1|21,leaf_enum_bruteforce,1,0,0,1,2.111860156925741,1,0.06770002073608339,4,7
stage1,digits_0_vs_1,1,21,digits_0_vs_1|1|21,nearest_neighbor,1,0,0,1,9.851199175684368,40,0.014800025383010507,4,7
stage1,digits_0_vs_1,1,21,digits_0_vs_1|1|21,random_search,1,0,0,1,7.9115325812439625,64,0.6056000129319727,4,7
stage1,digits_0_vs_1,1,22,digits_0_vs_1|1|22,treesat_exact,0,1,1,1,0.0967624497266831,2,0.053499999921768904,4,7
stage1,digits_0_vs_1,1,22,digits_0_vs_1|1|22,leaf_enum_bruteforce,0,1,1,1,0.0967624497266831,2,0.06829999620094895,4,7
stage1,digits_0_vs_1,1,22,digits_0_vs_1|1|22,nearest_neighbor,0,1,1,1,8.036890171026958,38,0.018099992303177714,4,7
stage1,digits_0_vs_1,1,22,digits_0_vs_1|1|22,random_search,0,1,1,1,0.5593345959696312,64,0.6816000095568597,4,7
stage1,digits_0_vs_1,1,23,digits_0_vs_1|1|23,treesat_exact,1,0,0,1,1.7178741993686906,1,0.05830000736750662,4,7
stage1,digits_0_vs_1,1,23,digits_0_vs_1|1|23,leaf_enum_bruteforce,1,0,0,1,1.7178741993686906,1,0.06890000076964498,4,7
stage1,digits_0_vs_1,1,23,digits_0_vs_1|1|23,nearest_neighbor,1,0,0,1,9.02371261688204,39,0.015199999324977398,4,7
stage1,digits_0_vs_1,1,23,digits_0_vs_1|1|23,random_search,1,0,0,1,6.2741439048094945,64,0.6276000058278441,4,7
stage1,digits_0_vs_1,1,24,digits_0_vs_1|1|24,treesat_exact,0,1,1,1,0.06871595830998312,1,0.056599994422867894,4,7
stage1,digits_0_vs_1,1,24,digits_0_vs_1|1|24,leaf_enum_bruteforce,0,1,1,1,0.06871595830998312,1,0.06910000229254365,4,7
stage1,digits_0_vs_1,1,24,digits_0_vs_1|1|24,nearest_neighbor,0,1,1,1,7.703122546089045,31,0.014999997802078724,4,7
stage1,digits_0_vs_1,1,24,digits_0_vs_1|1|24,random_search,0,1,1,1,0.3351935155808739,64,0.679599994327873,4,7
stage1,digits_0_vs_1,1,25,digits_0_vs_1|1|25,treesat_exact,1,0,0,1,2.1118601569259847,2,0.05569998756982386,4,7
stage1,digits_0_vs_1,1,25,digits_0_vs_1|1|25,leaf_enum_bruteforce,1,0,0,1,2.1118601569259847,2,0.06920000305399299,4,7
stage1,digits_0_vs_1,1,25,digits_0_vs_1|1|25,nearest_neighbor,1,0,0,1,7.360540742345488,32,0.015900004655122757,4,7
stage1,digits_0_vs_1,1,25,digits_0_vs_1|1|25,random_search,1,0,0,1,7.989573619278471,64,0.72900002123788,4,7
stage1,digits_0_vs_1,1,26,digits_0_vs_1|1|26,treesat_exact,1,0,0,1,2.111860156925741,1,0.0934000127017498,4,7
stage1,digits_0_vs_1,1,26,digits_0_vs_1|1|26,leaf_enum_bruteforce,1,0,0,1,2.111860156925741,1,0.09020001743920147,4,7
stage1,digits_0_vs_1,1,26,digits_0_vs_1|1|26,nearest_neighbor,1,0,0,1,8.05829611510357,36,0.027400004910305142,4,7
stage1,digits_0_vs_1,1,26,digits_0_vs_1|1|26,random_search,1,0,0,1,5.433396110893663,64,1.0129000002052635,4,7
stage1,digits_0_vs_1,1,27,digits_0_vs_1|1|27,treesat_exact,1,0,0,1,1.992734069780794,1,0.07870001718401909,4,7
stage1,digits_0_vs_1,1,27,digits_0_vs_1|1|27,leaf_enum_bruteforce,1,0,0,1,1.992734069780794,1,0.08229998638853431,4,7
stage1,digits_0_vs_1,1,27,digits_0_vs_1|1|27,nearest_neighbor,1,0,0,1,9.616255817779559,41,0.021299987565726042,4,7
stage1,digits_0_vs_1,1,27,digits_0_vs_1|1|27,random_search,1,0,0,1,7.6893745952742245,64,0.6954999989829957,4,7
stage1,digits_0_vs_1,1,28,digits_0_vs_1|1|28,treesat_exact,0,1,1,1,0.06871595830998312,1,0.06590000702999532,4,7
stage1,digits_0_vs_1,1,28,digits_0_vs_1|1|28,leaf_enum_bruteforce,0,1,1,1,0.06871595830998312,1,0.07320000440813601,4,7
stage1,digits_0_vs_1,1,28,digits_0_vs_1|1|28,nearest_neighbor,0,1,1,1,8.666727126025378,38,0.020799983758479357,4,7
stage1,digits_0_vs_1,1,28,digits_0_vs_1|1|28,random_search,0,1,1,1,0.3409378121524555,64,0.7295999967027456,4,7
stage1,digits_0_vs_1,1,29,digits_0_vs_1|1|29,treesat_exact,0,1,1,1,0.06871595830998312,1,0.06260001100599766,4,7
stage1,digits_0_vs_1,1,29,digits_0_vs_1|1|29,leaf_enum_bruteforce,0,1,1,1,0.06871595830998312,1,0.07510001887567341,4,7
stage1,digits_0_vs_1,1,29,digits_0_vs_1|1|29,nearest_neighbor,0,1,1,1,7.751653076358142,37,0.01659998088143766,4,7
stage1,digits_0_vs_1,1,29,digits_0_vs_1|1|29,random_search,0,1,1,1,0.3203431232555227,64,0.8406999986618757,4,7
stage1,digits_0_vs_1,1,30,digits_0_vs_1|1|30,treesat_exact,1,0,0,1,2.111860156925741,1,0.08399999933317304,4,7
stage1,digits_0_vs_1,1,30,digits_0_vs_1|1|30,leaf_enum_bruteforce,1,0,0,1,2.111860156925741,1,0.08910000906325877,4,7
stage1,digits_0_vs_1,1,30,digits_0_vs_1|1|30,nearest_neighbor,1,0,0,1,10.320456141638548,41,0.022899999748915434,4,7
stage1,digits_0_vs_1,1,30,digits_0_vs_1|1|30,random_search,1,0,0,1,8.876511052452194,64,0.6751000182703137,4,7
stage1,digits_0_vs_1,1,31,digits_0_vs_1|1|31,treesat_exact,0,1,1,1,0.0967624497266831,2,0.06309998570941389,4,7
stage1,digits_0_vs_1,1,31,digits_0_vs_1|1|31,leaf_enum_bruteforce,0,1,1,1,0.0967624497266831,2,0.07360000745393336,4,7
stage1,digits_0_vs_1,1,31,digits_0_vs_1|1|31,nearest_neighbor,0,1,1,1,7.698137810942772,38,0.019400002202019095,4,7
stage1,digits_0_vs_1,1,31,digits_0_vs_1|1|31,random_search,0,1,1,1,0.53842452824726,64,0.6997000018600374,4,7
stage1,digits_0_vs_1,1,32,digits_0_vs_1|1|32,treesat_exact,1,0,0,1,1.7178741993686906,1,0.060399994254112244,4,7
stage1,digits_0_vs_1,1,32,digits_0_vs_1|1|32,leaf_enum_bruteforce,1,0,0,1,1.7178741993686906,1,0.07399998139590025,4,7
stage1,digits_0_vs_1,1,32,digits_0_vs_1|1|32,nearest_neighbor,1,0,0,1,8.299024370908509,35,0.017399986973032355,4,7
stage1,digits_0_vs_1,1,32,digits_0_vs_1|1|32,random_search,1,0,0,1,5.388640931490658,64,0.6324000132735819,4,7
stage1,digits_0_vs_1,1,33,digits_0_vs_1|1|33,treesat_exact,1,0,0,1,2.111860156925741,1,0.059999991208314896,4,7
stage1,digits_0_vs_1,1,33,digits_0_vs_1|1|33,leaf_enum_bruteforce,1,0,0,1,2.111860156925741,1,0.07239999831654131,4,7
stage1,digits_0_vs_1,1,33,digits_0_vs_1|1|33,nearest_neighbor,1,0,0,1,7.416008001220977,33,0.015300000086426735,4,7
stage1,digits_0_vs_1,1,33,digits_0_vs_1|1|33,random_search,1,0,0,1,5.981962233095873,64,0.6562000198755413,4,7
stage1,digits_0_vs_1,1,34,digits_0_vs_1|1|34,treesat_exact,1,0,0,1,2.111860156925741,1,0.06479999865405262,4,7
stage1,digits_0_vs_1,1,34,digits_0_vs_1|1|34,leaf_enum_bruteforce,1,0,0,1,2.111860156925741,1,0.07539999205619097,4,7
stage1,digits_0_vs_1,1,34,digits_0_vs_1|1|34,nearest_neighbor,1,0,0,1,7.77294126235995,30,0.017200014553964138,4,7
stage1,digits_0_vs_1,1,34,digits_0_vs_1|1|34,random_search,1,0,0,1,10.244369147751168,64,0.6670000148005784,4,7
stage1,digits_0_vs_1,1,35,digits_0_vs_1|1|35,treesat_exact,1,0,0,1,2.111860156925741,1,0.0619000056758523,4,7
stage1,digits_0_vs_1,1,35,digits_0_vs_1|1|35,leaf_enum_bruteforce,1,0,0,1,2.111860156925741,1,0.07300000288523734,4,7
stage1,digits_0_vs_1,1,35,digits_0_vs_1|1|35,nearest_neighbor,1,0,0,1,7.927129658688284,32,0.01829999382607639,4,7
stage1,digits_0_vs_1,1,35,digits_0_vs_1|1|35,random_search,1,0,0,1,7.97976192801546,64,0.6714999908581376,4,7
stage1,digits_0_vs_1,1,36,digits_0_vs_1|1|36,treesat_exact,0,1,1,1,0.0967624497266831,2,0.06439999560825527,4,7
stage1,digits_0_vs_1,1,36,digits_0_vs_1|1|36,leaf_enum_bruteforce,0,1,1,1,0.0967624497266831,2,0.07490001735277474,4,7
stage1,digits_0_vs_1,1,36,digits_0_vs_1|1|36,nearest_neighbor,0,1,1,1,8.317158583749476,41,0.02069998299703002,4,7
stage1,digits_0_vs_1,1,36,digits_0_vs_1|1|36,random_search,0,1,1,1,0.4541829243252185,64,0.6680999940726906,4,7
stage1,digits_0_vs_1,1,37,digits_0_vs_1|1|37,treesat_exact,1,0,0,1,1.7178741993686906,1,0.06379999103955925,4,7
stage1,digits_0_vs_1,1,37,digits_0_vs_1|1|37,leaf_enum_bruteforce,1,0,0,1,1.7178741993686906,1,0.07040001219138503,4,7
stage1,digits_0_vs_1,1,37,digits_0_vs_1|1|37,nearest_neighbor,1,0,0,1,8.331439064295482,29,0.018999999156221747,4,7
stage1,digits_0_vs_1,1,37,digits_0_vs_1|1|37,random_search,1,0,0,1,5.047150022991246,64,0.6438999844249338,4,7
stage1,digits_0_vs_1,1,38,digits_0_vs_1|1|38,treesat_exact,0,1,1,1,0.0967624497266831,2,0.060699996538460255,4,7
stage1,digits_0_vs_1,1,38,digits_0_vs_1|1|38,leaf_enum_bruteforce,0,1,1,1,0.0967624497266831,2,0.07389998063445091,4,7
stage1,digits_0_vs_1,1,38,digits_0_vs_1|1|38,nearest_neighbor,0,1,1,1,8.61437709359745,35,0.016200006939470768,4,7
stage1,digits_0_vs_1,1,38,digits_0_vs_1|1|38,random_search,0,1,1,1,0.40842884929450585,64,0.6502000032924116,4,7
stage1,digits_0_vs_1,1,39,digits_0_vs_1|1|39,treesat_exact,0,1,1,1,0.0967624497266831,2,0.056599994422867894,4,7
stage1,digits_0_vs_1,1,39,digits_0_vs_1|1|39,leaf_enum_bruteforce,0,1,1,1,0.0967624497266831,2,0.06969997775740921,4,7
stage1,digits_0_vs_1,1,39,digits_0_vs_1|1|39,nearest_neighbor,0,1,1,1,8.322938850864388,39,0.014999997802078724,4,7
stage1,digits_0_vs_1,1,39,digits_0_vs_1|1|39,random_search,0,1,1,1,0.6682822850551638,64,0.6588000105693936,4,7
stage1,digits_0_vs_1,1,40,digits_0_vs_1|1|40,treesat_exact,0,1,1,1,0.0967624497266831,2,0.05830000736750662,4,7
stage1,digits_0_vs_1,1,40,digits_0_vs_1|1|40,leaf_enum_bruteforce,0,1,1,1,0.0967624497266831,2,0.07190002361312509,4,7
stage1,digits_0_vs_1,1,40,digits_0_vs_1|1|40,nearest_neighbor,0,1,1,1,10.043730795556097,37,0.08950001210905612,4,7
stage1,digits_0_vs_1,1,40,digits_0_vs_1|1|40,random_search,0,1,1,1,0.7017490684917413,64,1.040700008161366,4,7
stage1,digits_0_vs_1,1,41,digits_0_vs_1|1|41,treesat_exact,0,1,1,1,0.0967624497266831,2,0.1044000091496855,4,7
stage1,digits_0_vs_1,1,41,digits_0_vs_1|1|41,leaf_enum_bruteforce,0,1,1,1,0.0967624497266831,2,0.18020000425167382,4,7
stage1,digits_0_vs_1,1,41,digits_0_vs_1|1|41,nearest_neighbor,0,1,1,1,9.408093910439424,40,0.030199997127056122,4,7
stage1,digits_0_vs_1,1,41,digits_0_vs_1|1|41,random_search,0,1,1,1,0.6177364076649511,64,0.8858000219333917,4,7
stage1,digits_0_vs_1,1,42,digits_0_vs_1|1|42,treesat_exact,1,0,0,1,2.1301640049868458,1,0.07389998063445091,4,7
stage1,digits_0_vs_1,1,42,digits_0_vs_1|1|42,leaf_enum_bruteforce,1,0,0,1,2.1301640049868458,1,0.07989999721758068,4,7
stage1,digits_0_vs_1,1,42,digits_0_vs_1|1|42,nearest_neighbor,1,0,0,1,9.10355771433962,35,0.022099993657320738,4,7
stage1,digits_0_vs_1,1,42,digits_0_vs_1|1|42,random_search,1,0,0,1,7.89589837658372,64,0.6557999877259135,4,7
stage1,digits_0_vs_1,1,43,digits_0_vs_1|1|43,treesat_exact,1,0,0,1,1.305584393750535,1,0.07169999298639596,4,7
stage1,digits_0_vs_1,1,43,digits_0_vs_1|1|43,leaf_enum_bruteforce,1,0,0,1,1.305584393750535,1,0.07270000060088933,4,7
stage1,digits_0_vs_1,1,43,digits_0_vs_1|1|43,nearest_neighbor,1,0,0,1,7.455916953797435,32,0.01759998849593103,4,7
stage1,digits_0_vs_1,1,43,digits_0_vs_1|1|43,random_search,1,0,0,1,5.511796215938698,64,0.6775000074412674,4,7
stage1,digits_0_vs_1,1,44,digits_0_vs_1|1|44,treesat_exact,1,0,0,1,1.305584393750535,1,0.062700011767447,4,7
stage1,digits_0_vs_1,1,44,digits_0_vs_1|1|44,leaf_enum_bruteforce,1,0,0,1,1.305584393750535,1,0.07799998275004327,4,7
stage1,digits_0_vs_1,1,44,digits_0_vs_1|1|44,nearest_neighbor,1,0,0,1,11.053157966711213,37,0.01810002140700817,4,7
stage1,digits_0_vs_1,1,44,digits_0_vs_1|1|44,random_search,1,0,0,1,5.297266966073326,64,0.676199997542426,4,7
stage1,digits_0_vs_1,1,45,digits_0_vs_1|1|45,treesat_exact,1,0,0,1,2.1301640049868458,1,0.07520001963712275,4,7
stage1,digits_0_vs_1,1,45,digits_0_vs_1|1|45,leaf_enum_bruteforce,1,0,0,1,2.1301640049868458,1,0.07760000880807638,4,7
stage1,digits_0_vs_1,1,45,digits_0_vs_1|1|45,nearest_neighbor,1,0,0,1,8.030874325165225,32,0.019700004486367106,4,7
stage1,digits_0_vs_1,1,45,digits_0_vs_1|1|45,random_search,1,0,0,1,7.011299459115834,64,0.7096000190358609,4,7
stage1,digits_0_vs_1,1,46,digits_0_vs_1|1|46,treesat_exact,0,1,1,1,0.06871595830998312,1,0.06620000931434333,4,7
stage1,digits_0_vs_1,1,46,digits_0_vs_1|1|46,leaf_enum_bruteforce,0,1,1,1,0.06871595830998312,1,0.07529999129474163,4,7
stage1,digits_0_vs_1,1,46,digits_0_vs_1|1|46,nearest_neighbor,0,1,1,1,7.959183687382594,39,0.020499981474131346,4,7
stage1,digits_0_vs_1,1,46,digits_0_vs_1|1|46,random_search,0,1,1,1,0.3320820885150245,64,0.7304999744519591,4,7
stage1,digits_0_vs_1,1,47,digits_0_vs_1|1|47,treesat_exact,0,1,1,1,0.0967624497266831,2,0.06329998723231256,4,7
stage1,digits_0_vs_1,1,47,digits_0_vs_1|1|47,leaf_enum_bruteforce,0,1,1,1,0.0967624497266831,2,0.07280000136233866,4,7
stage1,digits_0_vs_1,1,47,digits_0_vs_1|1|47,nearest_neighbor,0,1,1,1,6.792292458345192,34,0.016700010746717453,4,7
stage1,digits_0_vs_1,1,47,digits_0_vs_1|1|47,random_search,0,1,1,1,0.6393580732849701,64,0.6702000100631267,4,7
stage1,digits_0_vs_1,1,48,digits_0_vs_1|1|48,treesat_exact,0,1,1,1,0.0967624497266831,2,0.057900004321709275,4,7
stage1,digits_0_vs_1,1,48,digits_0_vs_1|1|48,leaf_enum_bruteforce,0,1,1,1,0.0967624497266831,2,0.06940000457689166,4,7
stage1,digits_0_vs_1,1,48,digits_0_vs_1|1|48,nearest_neighbor,0,1,1,1,8.530334206081873,40,0.015900004655122757,4,7
stage1,digits_0_vs_1,1,48,digits_0_vs_1|1|48,random_search,0,1,1,1,0.6194882398232243,64,0.6597999890800565,4,7
stage1,digits_0_vs_1,1,49,digits_0_vs_1|1|49,treesat_exact,1,0,0,1,1.5804442641626386,1,0.056599994422867894,4,7
stage1,digits_0_vs_1,1,49,digits_0_vs_1|1|49,leaf_enum_bruteforce,1,0,0,1,1.5804442641626386,1,0.07090001599863172,4,7
stage1,digits_0_vs_1,1,49,digits_0_vs_1|1|49,nearest_neighbor,1,0,0,1,9.926259942248356,39,0.015900004655122757,4,7
stage1,digits_0_vs_1,1,49,digits_0_vs_1|1|49,random_search,1,0,0,1,5.70223233933125,64,0.6526999932248145,4,7
stage1,digits_0_vs_1,1,50,digits_0_vs_1|1|50,treesat_exact,1,0,0,1,1.4430143289565869,1,0.05599998985417187,4,7
stage1,digits_0_vs_1,1,50,digits_0_vs_1|1|50,leaf_enum_bruteforce,1,0,0,1,1.4430143289565869,1,0.06909997318871319,4,7
stage1,digits_0_vs_1,1,50,digits_0_vs_1|1|50,nearest_neighbor,1,0,0,1,10.862385430912243,37,0.015400000847876072,4,7
stage1,digits_0_vs_1,1,50,digits_0_vs_1|1|50,random_search,1,0,0,1,5.372864673258017,64,0.617499987129122,4,7
stage1,digits_0_vs_1,1,51,digits_0_vs_1|1|51,treesat_exact,1,0,0,1,2.111860156925741,1,0.06409999332390726,4,7
stage1,digits_0_vs_1,1,51,digits_0_vs_1|1|51,leaf_enum_bruteforce,1,0,0,1,2.111860156925741,1,0.06900000153109431,4,7
stage1,digits_0_vs_1,1,51,digits_0_vs_1|1|51,nearest_neighbor,1,0,0,1,6.3801755051737,31,0.015400000847876072,4,7
stage1,digits_0_vs_1,1,51,digits_0_vs_1|1|51,random_search,1,0,0,1,8.318677144942892,64,0.6093999836593866,4,7
stage1,digits_0_vs_1,1,52,digits_0_vs_1|1|52,treesat_exact,0,1,1,1,0.0967624497266831,2,0.05530001362785697,4,7
stage1,digits_0_vs_1,1,52,digits_0_vs_1|1|52,leaf_enum_bruteforce,0,1,1,1,0.0967624497266831,2,0.07050001295283437,4,7
stage1,digits_0_vs_1,1,52,digits_0_vs_1|1|52,nearest_neighbor,0,1,1,1,8.878534659404432,40,0.016000005416572094,4,7
stage1,digits_0_vs_1,1,52,digits_0_vs_1|1|52,random_search,0,1,1,1,0.30592108053106026,64,0.6711000169161707,4,7
stage1,digits_0_vs_1,1,53,digits_0_vs_1|1|53,treesat_exact,1,0,0,1,2.111860156925741,1,0.05599998985417187,4,7
stage1,digits_0_vs_1,1,53,digits_0_vs_1|1|53,leaf_enum_bruteforce,1,0,0,1,2.111860156925741,1,0.07860001642256975,4,7
stage1,digits_0_vs_1,1,53,digits_0_vs_1|1|53,nearest_neighbor,1,0,0,1,8.72969456010808,35,0.015600002370774746,4,7
stage1,digits_0_vs_1,1,53,digits_0_vs_1|1|53,random_search,1,0,0,1,6.88181836404049,64,0.6163000070955604,4,7
stage1,digits_0_vs_1,1,54,digits_0_vs_1|1|54,treesat_exact,0,1,1,1,0.0967624497266831,2,0.05529998452402651,4,7
stage1,digits_0_vs_1,1,54,digits_0_vs_1|1|54,leaf_enum_bruteforce,0,1,1,1,0.0967624497266831,2,0.06910000229254365,4,7
stage1,digits_0_vs_1,1,54,digits_0_vs_1|1|54,nearest_neighbor,0,1,1,1,8.618680374160462,40,0.015199999324977398,4,7
stage1,digits_0_vs_1,1,54,digits_0_vs_1|1|54,random_search,0,1,1,1,0.6902127742549337,64,1.2780000106431544,4,7
stage1,digits_0_vs_1,1,55,digits_0_vs_1|1|55,treesat_exact,0,1,1,1,0.06812553669990085,1,0.06729998858645558,4,7
stage1,digits_0_vs_1,1,55,digits_0_vs_1|1|55,leaf_enum_bruteforce,0,1,1,1,0.06812553669990085,1,0.15810001059435308,4,7
stage1,digits_0_vs_1,1,55,digits_0_vs_1|1|55,nearest_neighbor,0,1,1,1,6.278341186455502,35,0.03060000017285347,4,7
stage1,digits_0_vs_1,1,55,digits_0_vs_1|1|55,random_search,0,1,1,1,0.3376760381207541,64,0.7573999755550176,4,7
stage1,digits_0_vs_1,1,56,digits_0_vs_1|1|56,treesat_exact,0,1,1,1,0.0967624497266831,2,0.06799999391660094,4,7
stage1,digits_0_vs_1,1,56,digits_0_vs_1|1|56,leaf_enum_bruteforce,0,1,1,1,0.0967624497266831,2,0.07459998596459627,4,7
stage1,digits_0_vs_1,1,56,digits_0_vs_1|1|56,nearest_neighbor,0,1,1,1,10.674838484080906,43,0.01729998621158302,4,7
stage1,digits_0_vs_1,1,56,digits_0_vs_1|1|56,random_search,0,1,1,1,0.6829945095408487,64,0.683899997966364,4,7
stage1,digits_0_vs_1,1,57,digits_0_vs_1|1|57,treesat_exact,0,1,1,1,0.06812553669990085,1,0.0641999940853566,4,7
stage1,digits_0_vs_1,1,57,digits_0_vs_1|1|57,leaf_enum_bruteforce,0,1,1,1,0.06812553669990085,1,0.07619999814778566,4,7
stage1,digits_0_vs_1,1,57,digits_0_vs_1|1|57,nearest_neighbor,0,1,1,1,5.9520229059434975,32,0.017000013031065464,4,7
stage1,digits_0_vs_1,1,57,digits_0_vs_1|1|57,random_search,0,1,1,1,0.31615474127034954,64,0.7164999842643738,4,7
stage1,digits_0_vs_1,1,58,digits_0_vs_1|1|58,treesat_exact,0,1,1,1,0.0967624497266831,2,0.07039998308755457,4,7
stage1,digits_0_vs_1,1,58,digits_0_vs_1|1|58,leaf_enum_bruteforce,0,1,1,1,0.0967624497266831,2,0.08080000407062471,4,7
stage1,digits_0_vs_1,1,58,digits_0_vs_1|1|58,nearest_neighbor,0,1,1,1,7.63994552264329,38,0.0185999961104244,4,7
stage1,digits_0_vs_1,1,58,digits_0_vs_1|1|58,random_search,0,1,1,1,0.35791217301503114,64,0.7618000090587884,4,7
stage1,digits_0_vs_1,1,59,digits_0_vs_1|1|59,treesat_exact,0,1,1,1,0.0967624497266831,2,0.06880000000819564,4,7
stage1,digits_0_vs_1,1,59,digits_0_vs_1|1|59,leaf_enum_bruteforce,0,1,1,1,0.0967624497266831,2,0.07790001109242439,4,7
stage1,digits_0_vs_1,1,59,digits_0_vs_1|1|59,nearest_neighbor,0,1,1,1,6.809761726159888,38,0.02030000905506313,4,7
stage1,digits_0_vs_1,1,59,digits_0_vs_1|1|59,random_search,0,1,1,1,0.7692198292010017,64,0.6900000153109431,4,7
stage1,digits_0_vs_1,2,0,digits_0_vs_1|2|0,treesat_exact,0,1,1,1,0.06979071272730464,1,0.08289999095723033,4,7
stage1,digits_0_vs_1,2,0,digits_0_vs_1|2|0,leaf_enum_bruteforce,0,1,1,1,0.06979071272730464,1,0.07750000804662704,4,7
stage1,digits_0_vs_1,2,0,digits_0_vs_1|2|0,nearest_neighbor,0,1,1,1,8.964832457994676,41,0.02269999822601676,4,7
stage1,digits_0_vs_1,2,0,digits_0_vs_1|2|0,random_search,0,1,1,1,0.3300901285340576,64,0.6892000092193484,4,7
stage1,digits_0_vs_1,2,1,digits_0_vs_1|2|1,treesat_exact,0,1,1,1,0.06979071272730464,1,0.058600009651854634,4,7
stage1,digits_0_vs_1,2,1,digits_0_vs_1|2|1,leaf_enum_bruteforce,0,1,1,1,0.06979071272730464,1,0.06990000838413835,4,7
stage1,digits_0_vs_1,2,1,digits_0_vs_1|2|1,nearest_neighbor,0,1,1,1,7.868484878987934,42,0.015600002370774746,4,7
stage1,digits_0_vs_1,2,1,digits_0_vs_1|2|1,random_search,0,1,1,1,0.3125652905736569,64,0.6601999921258539,4,7
stage1,digits_0_vs_1,2,2,digits_0_vs_1|2|2,treesat_exact,1,0,0,1,2.1195930755103616,1,0.059399986639618874,4,7
stage1,digits_0_vs_1,2,2,digits_0_vs_1|2|2,leaf_enum_bruteforce,1,0,0,1,2.1195930755103616,1,0.07020001066848636,4,7
stage1,digits_0_vs_1,2,2,digits_0_vs_1|2|2,nearest_neighbor,1,0,0,1,8.338661089559832,29,0.016399979358538985,4,7
stage1,digits_0_vs_1,2,2,digits_0_vs_1|2|2,random_search,1,0,0,1,7.570347446183638,64,0.6141000194475055,4,7
stage1,digits_0_vs_1,2,3,digits_0_vs_1|2|3,treesat_exact,0,1,1,1,0.06979071272730464,1,0.05679999594576657,4,7
stage1,digits_0_vs_1,2,3,digits_0_vs_1|2|3,leaf_enum_bruteforce,0,1,1,1,0.06979071272730464,1,0.06900000153109431,4,7
stage1,digits_0_vs_1,2,3,digits_0_vs_1|2|3,nearest_neighbor,0,1,1,1,9.420694071857298,41,0.015400000847876072,4,7
stage1,digits_0_vs_1,2,3,digits_0_vs_1|2|3,random_search,0,1,1,1,0.28810960374610023,64,0.6513999833259732,4,7
stage1,digits_0_vs_1,2,4,digits_0_vs_1|2|4,treesat_exact,0,1,1,1,0.06979071272730464,1,0.056199991377070546,4,7
stage1,digits_0_vs_1,2,4,digits_0_vs_1|2|4,leaf_enum_bruteforce,0,1,1,1,0.06979071272730464,1,0.06799999391660094,4,7
stage1,digits_0_vs_1,2,4,digits_0_vs_1|2|4,nearest_neighbor,0,1,1,1,7.276723078693751,34,0.014299992471933365,4,7
stage1,digits_0_vs_1,2,4,digits_0_vs_1|2|4,random_search,0,1,1,1,0.3433157540106545,64,0.6571999983862042,4,7
stage1,digits_0_vs_1,2,5,digits_0_vs_1|2|5,treesat_exact,1,0,0,1,2.1195930755103616,1,0.05670002428814769,4,7
stage1,digits_0_vs_1,2,5,digits_0_vs_1|2|5,leaf_enum_bruteforce,1,0,0,1,2.1195930755103616,1,0.06819999543949962,4,7
stage1,digits_0_vs_1,2,5,digits_0_vs_1|2|5,nearest_neighbor,1,0,0,1,8.044984734807816,29,0.014699995517730713,4,7
stage1,digits_0_vs_1,2,5,digits_0_vs_1|2|5,random_search,1,0,0,1,5.835915676946893,64,0.6100000173319131,4,7
stage1,digits_0_vs_1,2,6,digits_0_vs_1|2|6,treesat_exact,1,0,0,1,0.6281072716745261,1,0.05560001591220498,4,7
stage1,digits_0_vs_1,2,6,digits_0_vs_1|2|6,leaf_enum_bruteforce,1,0,0,1,0.6281072716745261,1,0.06730001769028604,4,7
stage1,digits_0_vs_1,2,6,digits_0_vs_1|2|6,nearest_neighbor,1,0,0,1,7.246917663152196,30,0.014599994756281376,4,7
stage1,digits_0_vs_1,2,6,digits_0_vs_1|2|6,random_search,1,0,0,1,3.186151030987795,64,0.9811999916564673,4,7
stage1,digits_0_vs_1,2,7,digits_0_vs_1|2|7,treesat_exact,1,0,0,1,1.5726013160448695,1,0.15199999324977398,4,7
stage1,digits_0_vs_1,2,7,digits_0_vs_1|2|7,leaf_enum_bruteforce,1,0,0,1,1.5726013160448695,1,0.10250002378597856,4,7
stage1,digits_0_vs_1,2,7,digits_0_vs_1|2|7,nearest_neighbor,1,0,0,1,8.202709544776347,28,0.03950000973418355,4,7
stage1,digits_0_vs_1,2,7,digits_0_vs_1|2|7,random_search,1,0,0,1,5.564125817413555,64,0.6493999972008169,4,7
stage1,digits_0_vs_1,2,8,digits_0_vs_1|2|8,treesat_exact,0,1,1,1,0.06979071272730464,1,0.06520000169984996,4,7
stage1,digits_0_vs_1,2,8,digits_0_vs_1|2|8,leaf_enum_bruteforce,0,1,1,1,0.06979071272730464,1,0.06970000686123967,4,7
stage1,digits_0_vs_1,2,8,digits_0_vs_1|2|8,nearest_neighbor,0,1,1,1,9.347303536313161,36,0.020400009816512465,4,7
stage1,digits_0_vs_1,2,8,digits_0_vs_1|2|8,random_search,0,1,1,1,0.3089682282133057,64,0.6884000031277537,4,7
stage1,digits_0_vs_1,2,9,digits_0_vs_1|2|9,treesat_exact,0,1,1,1,0.06979071272730464,1,0.06299998494796455,4,7
stage1,digits_0_vs_1,2,9,digits_0_vs_1|2|9,leaf_enum_bruteforce,0,1,1,1,0.06979071272730464,1,0.07550002192147076,4,7
stage1,digits_0_vs_1,2,9,digits_0_vs_1|2|9,nearest_neighbor,0,1,1,1,9.21867125368099,41,0.01689998316578567,4,7
stage1,digits_0_vs_1,2,9,digits_0_vs_1|2|9,random_search,0,1,1,1,0.33761181416340436,64,0.7161999819800258,4,7
stage1,digits_0_vs_1,2,10,digits_0_vs_1|2|10,treesat_exact,0,1,1,1,0.06979071272730464,1,0.06649998249486089,4,7
stage1,digits_0_vs_1,2,10,digits_0_vs_1|2|10,leaf_enum_bruteforce,0,1,1,1,0.06979071272730464,1,0.07159999222494662,4,7
stage1,digits_0_vs_1,2,10,digits_0_vs_1|2|10,nearest_neighbor,0,1,1,1,8.468026334750043,40,0.01610000617802143,4,7
stage1,digits_0_vs_1,2,10,digits_0_vs_1|2|10,random_search,0,1,1,1,0.3273941465263173,64,0.6812999781686813,4,7
stage1,digits_0_vs_1,2,11,digits_0_vs_1|2|11,treesat_exact,0,1,1,1,0.06979071272730464,1,0.06299998494796455,4,7
stage1,digits_0_vs_1,2,11,digits_0_vs_1|2|11,leaf_enum_bruteforce,0,1,1,1,0.06979071272730464,1,0.07460001506842673,4,7
stage1,digits_0_vs_1,2,11,digits_0_vs_1|2|11,nearest_neighbor,0,1,1,1,7.293242452958953,33,0.016099977074190974,4,7
stage1,digits_0_vs_1,2,11,digits_0_vs_1|2|11,random_search,0,1,1,1,0.4146635420525163,64,0.6699000077787787,4,7
stage1,digits_0_vs_1,2,12,digits_0_vs_1|2|12,treesat_exact,1,0,0,1,2.1195930755103616,1,0.061799975810572505,4,7
stage1,digits_0_vs_1,2,12,digits_0_vs_1|2|12,leaf_enum_bruteforce,1,0,0,1,2.1195930755103616,1,0.06900000153109431,4,7
stage1,digits_0_vs_1,2,12,digits_0_vs_1|2|12,nearest_neighbor,1,0,0,1,9.077344386619396,35,0.017999991541728377,4,7
stage1,digits_0_vs_1,2,12,digits_0_vs_1|2|12,random_search,1,0,0,1,8.310709702981363,64,0.6276000058278441,4,7
stage1,digits_0_vs_1,2,13,digits_0_vs_1|2|13,treesat_exact,0,1,1,1,0.06979071272730464,1,0.05840000812895596,4,7
stage1,digits_0_vs_1,2,13,digits_0_vs_1|2|13,leaf_enum_bruteforce,0,1,1,1,0.06979071272730464,1,0.07330000516958535,4,7
stage1,digits_0_vs_1,2,13,digits_0_vs_1|2|13,nearest_neighbor,0,1,1,1,8.892076207581635,38,0.01580000389367342,4,7
stage1,digits_0_vs_1,2,13,digits_0_vs_1|2|13,random_search,0,1,1,1,0.3478672117715792,64,0.6693000032100827,4,7
stage1,digits_0_vs_1,2,14,digits_0_vs_1|2|14,treesat_exact,0,1,1,1,0.06979071272730464,1,0.06019999273121357,4,7
stage1,digits_0_vs_1,2,14,digits_0_vs_1|2|14,leaf_enum_bruteforce,0,1,1,1,0.06979071272730464,1,0.07199999527074397,4,7
stage1,digits_0_vs_1,2,14,digits_0_vs_1|2|14,nearest_neighbor,0,1,1,1,8.006943376903084,38,0.015400000847876072,4,7
stage1,digits_0_vs_1,2,14,digits_0_vs_1|2|14,random_search,0,1,1,1,0.3153588848653193,64,0.679899996612221,4,7
stage1,digits_0_vs_1,2,15,digits_0_vs_1|2|15,treesat_exact,1,0,0,1,2.1195930755103616,1,0.059900019550696015,4,7
stage1,digits_0_vs_1,2,15,digits_0_vs_1|2|15,leaf_enum_bruteforce,1,0,0,1,2.1195930755103616,1,0.0720999960321933,4,7
stage1,digits_0_vs_1,2,15,digits_0_vs_1|2|15,nearest_neighbor,1,0,0,1,9.094709156187603,31,0.01719998545013368,4,7
stage1,digits_0_vs_1,2,15,digits_0_vs_1|2|15,random_search,1,0,0,1,6.433249024186696,64,0.6233000021893531,4,7
stage1,digits_0_vs_1,2,16,digits_0_vs_1|2|16,treesat_exact,1,0,0,1,1.1623574964457504,1,0.0577000027988106,4,7
stage1,digits_0_vs_1,2,16,digits_0_vs_1|2|16,leaf_enum_bruteforce,1,0,0,1,1.1623574964457504,1,0.06799999391660094,4,7
stage1,digits_0_vs_1,2,16,digits_0_vs_1|2|16,nearest_neighbor,1,0,0,1,11.409108413365605,41,0.014499993994832039,4,7
stage1,digits_0_vs_1,2,16,digits_0_vs_1|2|16,random_search,1,0,0,1,4.889478787696367,64,0.6407999899238348,4,7
stage1,digits_0_vs_1,2,17,digits_0_vs_1|2|17,treesat_exact,0,1,1,1,0.06979071272730464,1,0.060200021835044026,4,7
stage1,digits_0_vs_1,2,17,digits_0_vs_1|2|17,leaf_enum_bruteforce,0,1,1,1,0.06979071272730464,1,0.06910000229254365,4,7
stage1,digits_0_vs_1,2,17,digits_0_vs_1|2|17,nearest_neighbor,0,1,1,1,9.703551581824977,39,0.015400000847876072,4,7
stage1,digits_0_vs_1,2,17,digits_0_vs_1|2|17,random_search,0,1,1,1,0.31010254362830403,64,0.6487999926321208,4,7
stage1,digits_0_vs_1,2,18,digits_0_vs_1|2|18,treesat_exact,1,0,0,1,1.4358533761784966,1,0.05570001667365432,4,7
stage1,digits_0_vs_1,2,18,digits_0_vs_1|2|18,leaf_enum_bruteforce,1,0,0,1,1.4358533761784966,1,0.06630001007579267,4,7
stage1,digits_0_vs_1,2,18,digits_0_vs_1|2|18,nearest_neighbor,1,0,0,1,11.039362279131325,42,0.01409999094903469,4,7
stage1,digits_0_vs_1,2,18,digits_0_vs_1|2|18,random_search,1,0,0,1,5.488921686455295,64,0.6219999922905117,4,7
stage1,digits_0_vs_1,2,19,digits_0_vs_1|2|19,treesat_exact,1,0,0,1,2.1195930755103616,1,0.06019999273121357,4,7
stage1,digits_0_vs_1,2,19,digits_0_vs_1|2|19,leaf_enum_bruteforce,1,0,0,1,2.1195930755103616,1,0.07320000440813601,4,7
stage1,digits_0_vs_1,2,19,digits_0_vs_1|2|19,nearest_neighbor,1,0,0,1,8.377297435971235,30,0.01580000389367342,4,7
stage1,digits_0_vs_1,2,19,digits_0_vs_1|2|19,random_search,1,0,0,1,7.7276090579875,64,0.6267999997362494,4,7
stage1,digits_0_vs_1,2,20,digits_0_vs_1|2|20,treesat_exact,1,0,0,1,1.8843218435978215,1,0.06030002259649336,4,7
stage1,digits_0_vs_1,2,20,digits_0_vs_1|2|20,leaf_enum_bruteforce,1,0,0,1,1.8843218435978215,1,0.06930000381544232,4,7
stage1,digits_0_vs_1,2,20,digits_0_vs_1|2|20,nearest_neighbor,1,0,0,1,8.900415629871796,30,0.01479999627918005,4,7
stage1,digits_0_vs_1,2,20,digits_0_vs_1|2|20,random_search,1,0,0,1,5.652035915666133,64,0.6090999813750386,4,7
stage1,digits_0_vs_1,2,21,digits_0_vs_1|2|21,treesat_exact,0,1,1,1,0.0977030145879279,2,0.055899989092722535,4,7
stage1,digits_0_vs_1,2,21,digits_0_vs_1|2|21,leaf_enum_bruteforce,0,1,1,1,0.0977030145879279,2,0.06770002073608339,4,7
stage1,digits_0_vs_1,2,21,digits_0_vs_1|2|21,nearest_neighbor,0,1,1,1,7.854978054547822,37,0.015799974789842963,4,7
stage1,digits_0_vs_1,2,21,digits_0_vs_1|2|21,random_search,0,1,1,1,0.363806973818225,64,0.6466000049840659,4,7
stage1,digits_0_vs_1,2,22,digits_0_vs_1|2|22,treesat_exact,0,1,1,1,0.06979071272730464,1,0.11480000102892518,4,7
stage1,digits_0_vs_1,2,22,digits_0_vs_1|2|22,leaf_enum_bruteforce,0,1,1,1,0.06979071272730464,1,0.28089998522773385,4,7
stage1,digits_0_vs_1,2,22,digits_0_vs_1|2|22,nearest_neighbor,0,1,1,1,11.401182895390678,41,0.07320000440813601,4,7
stage1,digits_0_vs_1,2,22,digits_0_vs_1|2|22,random_search,0,1,1,1,0.3161198865612919,64,2.134300011675805,4,7
stage1,digits_0_vs_1,2,23,digits_0_vs_1|2|23,treesat_exact,1,0,0,1,2.1195930755103616,1,0.19079999765381217,4,7
stage1,digits_0_vs_1,2,23,digits_0_vs_1|2|23,leaf_enum_bruteforce,1,0,0,1,2.1195930755103616,1,0.23460001102648675,4,7
stage1,digits_0_vs_1,2,23,digits_0_vs_1|2|23,nearest_neighbor,1,0,0,1,8.86061804480486,30,0.042100000428035855,4,7
stage1,digits_0_vs_1,2,23,digits_0_vs_1|2|23,random_search,1,0,0,1,7.752728376575915,64,0.6870999932289124,4,7
stage1,digits_0_vs_1,2,24,digits_0_vs_1|2|24,treesat_exact,1,0,0,1,1.0468454623156245,1,0.07720000576227903,4,7
stage1,digits_0_vs_1,2,24,digits_0_vs_1|2|24,leaf_enum_bruteforce,1,0,0,1,1.0468454623156245,1,0.08689999231137335,4,7
stage1,digits_0_vs_1,2,24,digits_0_vs_1|2|24,nearest_neighbor,1,0,0,1,7.1543502897614815,31,0.02020000829361379,4,7
stage1,digits_0_vs_1,2,24,digits_0_vs_1|2|24,random_search,1,0,0,1,5.559340643947612,64,0.680199998896569,4,7
stage1,digits_0_vs_1,2,25,digits_0_vs_1|2|25,treesat_exact,0,1,1,1,0.06979071272730464,1,0.06479999865405262,4,7
stage1,digits_0_vs_1,2,25,digits_0_vs_1|2|25,leaf_enum_bruteforce,0,1,1,1,0.06979071272730464,1,0.07490001735277474,4,7
stage1,digits_0_vs_1,2,25,digits_0_vs_1|2|25,nearest_neighbor,0,1,1,1,8.302368519428352,37,0.018499995348975062,4,7
stage1,digits_0_vs_1,2,25,digits_0_vs_1|2|25,random_search,0,1,1,1,0.3067422203104464,64,0.6793999928049743,4,7
stage1,digits_0_vs_1,2,26,digits_0_vs_1|2|26,treesat_exact,1,0,0,1,2.1195930755103616,1,0.05870001041330397,4,7
stage1,digits_0_vs_1,2,26,digits_0_vs_1|2|26,leaf_enum_bruteforce,1,0,0,1,2.1195930755103616,1,0.06990000838413835,4,7
stage1,digits_0_vs_1,2,26,digits_0_vs_1|2|26,nearest_neighbor,1,0,0,1,10.792645394331704,38,0.014999997802078724,4,7
stage1,digits_0_vs_1,2,26,digits_0_vs_1|2|26,random_search,1,0,0,1,7.645275509727553,64,0.6137000164017081,4,7
stage1,digits_0_vs_1,2,27,digits_0_vs_1|2|27,treesat_exact,1,0,0,1,1.4358533761784966,1,0.06799999391660094,4,7
stage1,digits_0_vs_1,2,27,digits_0_vs_1|2|27,leaf_enum_bruteforce,1,0,0,1,1.4358533761784966,1,0.07079998613335192,4,7
stage1,digits_0_vs_1,2,27,digits_0_vs_1|2|27,nearest_neighbor,1,0,0,1,8.526132550961057,28,0.015700003132224083,4,7
stage1,digits_0_vs_1,2,27,digits_0_vs_1|2|27,random_search,1,0,0,1,5.210059399000426,64,0.6199000054039061,4,7
stage1,digits_0_vs_1,2,28,digits_0_vs_1|2|28,treesat_exact,0,1,1,1,0.06979071272730464,1,0.05529998452402651,4,7
stage1,digits_0_vs_1,2,28,digits_0_vs_1|2|28,leaf_enum_bruteforce,0,1,1,1,0.06979071272730464,1,0.06749999010935426,4,7
stage1,digits_0_vs_1,2,28,digits_0_vs_1|2|28,nearest_neighbor,0,1,1,1,8.75538536135246,39,0.01610000617802143,4,7
stage1,digits_0_vs_1,2,28,digits_0_vs_1|2|28,random_search,0,1,1,1,0.30841600049077367,64,0.6500999734271318,4,7
stage1,digits_0_vs_1,2,29,digits_0_vs_1|2|29,treesat_exact,1,0,0,1,2.1195930755103616,1,0.05699999746866524,4,7
stage1,digits_0_vs_1,2,29,digits_0_vs_1|2|29,leaf_enum_bruteforce,1,0,0,1,2.1195930755103616,1,0.0782000133767724,4,7
stage1,digits_0_vs_1,2,29,digits_0_vs_1|2|29,nearest_neighbor,1,0,0,1,8.035406345226784,38,0.01610000617802143,4,7
stage1,digits_0_vs_1,2,29,digits_0_vs_1|2|29,random_search,1,0,0,1,8.163671215975866,64,0.6084000051487237,4,7
stage1,digits_0_vs_1,2,30,digits_0_vs_1|2|30,treesat_exact,0,1,1,1,0.06979071272730464,1,0.056899996707215905,4,7
stage1,digits_0_vs_1,2,30,digits_0_vs_1|2|30,leaf_enum_bruteforce,0,1,1,1,0.06979071272730464,1,0.06829999620094895,4,7
stage1,digits_0_vs_1,2,30,digits_0_vs_1|2|30,nearest_neighbor,0,1,1,1,7.90774561055721,37,0.015900004655122757,4,7
stage1,digits_0_vs_1,2,30,digits_0_vs_1|2|30,random_search,0,1,1,1,0.33409484400590894,64,0.6604999944102019,4,7
stage1,digits_0_vs_1,2,31,digits_0_vs_1|2|31,treesat_exact,1,0,0,1,2.1195930755103616,1,0.05660002352669835,4,7
stage1,digits_0_vs_1,2,31,digits_0_vs_1|2|31,leaf_enum_bruteforce,1,0,0,1,2.1195930755103616,1,0.06799999391660094,4,7
stage1,digits_0_vs_1,2,31,digits_0_vs_1|2|31,nearest_neighbor,1,0,0,1,6.53291381240022,31,0.014499993994832039,4,7
stage1,digits_0_vs_1,2,31,digits_0_vs_1|2|31,random_search,1,0,0,1,8.326323051901625,64,0.6145999941509217,4,7
stage1,digits_0_vs_1,2,32,digits_0_vs_1|2|32,treesat_exact,1,0,0,1,2.1195930755103616,1,0.055899989092722535,4,7
stage1,digits_0_vs_1,2,32,digits_0_vs_1|2|32,leaf_enum_bruteforce,1,0,0,1,2.1195930755103616,1,0.06750001921318471,4,7
stage1,digits_0_vs_1,2,32,digits_0_vs_1|2|32,nearest_neighbor,1,0,0,1,10.232817406610273,30,0.014999997802078724,4,7
stage1,digits_0_vs_1,2,32,digits_0_vs_1|2|32,random_search,1,0,0,1,7.468422108181926,64,0.604200002271682,4,7
stage1,digits_0_vs_1,2,33,digits_0_vs_1|2|33,treesat_exact,0,1,1,1,0.06979071273427227,2,0.054899981478229165,4,7
stage1,digits_0_vs_1,2,33,digits_0_vs_1|2|33,leaf_enum_bruteforce,0,1,1,1,0.06979071273427227,2,0.06729998858645558,4,7
stage1,digits_0_vs_1,2,33,digits_0_vs_1|2|33,nearest_neighbor,0,1,1,1,9.228631124449967,39,0.01500002690590918,4,7
stage1,digits_0_vs_1,2,33,digits_0_vs_1|2|33,random_search,0,1,1,1,0.4146434074446718,64,0.6759999960195273,4,7
stage1,digits_0_vs_1,2,34,digits_0_vs_1|2|34,treesat_exact,1,0,0,1,2.1195930755103616,1,0.055899989092722535,4,7
stage1,digits_0_vs_1,2,34,digits_0_vs_1|2|34,leaf_enum_bruteforce,1,0,0,1,2.1195930755103616,1,0.06749999010935426,4,7
stage1,digits_0_vs_1,2,34,digits_0_vs_1|2|34,nearest_neighbor,1,0,0,1,8.92283195757362,36,0.014299992471933365,4,7
stage1,digits_0_vs_1,2,34,digits_0_vs_1|2|34,random_search,1,0,0,1,8.057970889906057,64,0.8626999915577471,4,7
stage1,digits_0_vs_1,2,35,digits_0_vs_1|2|35,treesat_exact,1,0,0,1,1.8843218435978215,1,0.15330000314861536,4,7
stage1,digits_0_vs_1,2,35,digits_0_vs_1|2|35,leaf_enum_bruteforce,1,0,0,1,1.8843218435978215,1,0.08759999764151871,4,7
stage1,digits_0_vs_1,2,35,digits_0_vs_1|2|35,nearest_neighbor,1,0,0,1,11.003643366032229,42,0.02649999805726111,4,7
stage1,digits_0_vs_1,2,35,digits_0_vs_1|2|35,random_search,1,0,0,1,8.239923975863794,64,0.9126999939326197,4,7
stage1,digits_0_vs_1,2,36,digits_0_vs_1|2|36,treesat_exact,0,1,1,1,0.06979071272730464,1,0.07690000347793102,4,7
stage1,digits_0_vs_1,2,36,digits_0_vs_1|2|36,leaf_enum_bruteforce,0,1,1,1,0.06979071272730464,1,0.08229998638853431,4,7
stage1,digits_0_vs_1,2,36,digits_0_vs_1|2|36,nearest_neighbor,0,1,1,1,8.727148218327882,40,0.04499999340623617,4,7
stage1,digits_0_vs_1,2,36,digits_0_vs_1|2|36,random_search,0,1,1,1,0.31942276690466076,64,1.0513000015635043,4,7
stage1,digits_0_vs_1,2,37,digits_0_vs_1|2|37,treesat_exact,1,0,0,1,2.1195930755103616,1,0.16500000492669642,4,7
stage1,digits_0_vs_1,2,37,digits_0_vs_1|2|37,leaf_enum_bruteforce,1,0,0,1,2.1195930755103616,1,0.08270001853816211,4,7
stage1,digits_0_vs_1,2,37,digits_0_vs_1|2|37,nearest_neighbor,1,0,0,1,6.399244367405902,31,0.025399989681318402,4,7
stage1,digits_0_vs_1,2,37,digits_0_vs_1|2|37,random_search,1,0,0,1,8.60214036784261,64,0.6549000099767,4,7
stage1,digits_0_vs_1,2,38,digits_0_vs_1|2|38,treesat_exact,1,0,0,1,1.2991054363121235,1,0.0737000082153827,4,7
stage1,digits_0_vs_1,2,38,digits_0_vs_1|2|38,leaf_enum_bruteforce,1,0,0,1,1.2991054363121235,1,0.07639999967068434,4,7
stage1,digits_0_vs_1,2,38,digits_0_vs_1|2|38,nearest_neighbor,1,0,0,1,8.300084546781354,34,0.018200022168457508,4,7
stage1,digits_0_vs_1,2,38,digits_0_vs_1|2|38,random_search,1,0,0,1,5.478738020443457,64,0.6772999768145382,4,7
stage1,digits_0_vs_1,2,39,digits_0_vs_1|2|39,treesat_exact,1,0,0,1,0.06978968415306153,1,0.06500000017695129,4,7
stage1,digits_0_vs_1,2,39,digits_0_vs_1|2|39,leaf_enum_bruteforce,1,0,0,1,0.06978968415306153,1,0.07460001506842673,4,7
stage1,digits_0_vs_1,2,39,digits_0_vs_1|2|39,nearest_neighbor,1,0,0,1,3.8607776124856423,31,0.017600017599761486,4,7
stage1,digits_0_vs_1,2,39,digits_0_vs_1|2|39,random_search,1,0,0,1,0.3747700771701079,64,0.758999987738207,4,7
stage1,digits_0_vs_1,2,40,digits_0_vs_1|2|40,treesat_exact,0,1,1,1,0.06979071272730464,1,0.06590000702999532,4,7
stage1,digits_0_vs_1,2,40,digits_0_vs_1|2|40,leaf_enum_bruteforce,0,1,1,1,0.06979071272730464,1,0.07509998977184296,4,7
stage1,digits_0_vs_1,2,40,digits_0_vs_1|2|40,nearest_neighbor,0,1,1,1,8.34491936128148,36,0.01990000600926578,4,7
stage1,digits_0_vs_1,2,40,digits_0_vs_1|2|40,random_search,0,1,1,1,0.3340762044727654,64,0.7322999881580472,4,7
stage1,digits_0_vs_1,2,41,digits_0_vs_1|2|41,treesat_exact,0,1,1,1,0.06979071272730464,1,0.06459999713115394,4,7
stage1,digits_0_vs_1,2,41,digits_0_vs_1|2|41,leaf_enum_bruteforce,0,1,1,1,0.06979071272730464,1,0.07680000271648169,4,7
stage1,digits_0_vs_1,2,41,digits_0_vs_1|2|41,nearest_neighbor,0,1,1,1,9.044176065362679,38,0.018200022168457508,4,7
stage1,digits_0_vs_1,2,41,digits_0_vs_1|2|41,random_search,0,1,1,1,0.371175102900196,64,0.6927000067662448,4,7
stage1,digits_0_vs_1,2,42,digits_0_vs_1|2|42,treesat_exact,1,0,0,1,1.465583652956723,1,0.06120000034570694,4,7
stage1,digits_0_vs_1,2,42,digits_0_vs_1|2|42,leaf_enum_bruteforce,1,0,0,1,1.465583652956723,1,0.07350000669248402,4,7
stage1,digits_0_vs_1,2,42,digits_0_vs_1|2|42,nearest_neighbor,1,0,0,1,8.11623220404363,27,0.018699996871873736,4,7
stage1,digits_0_vs_1,2,42,digits_0_vs_1|2|42,random_search,1,0,0,1,4.728224965963605,64,0.6814999796915799,4,7
stage1,digits_0_vs_1,2,43,digits_0_vs_1|2|43,treesat_exact,1,0,0,1,2.1195930755103616,1,0.060999998822808266,4,7
stage1,digits_0_vs_1,2,43,digits_0_vs_1|2|43,leaf_enum_bruteforce,1,0,0,1,2.1195930755103616,1,0.07229999755509198,4,7
stage1,digits_0_vs_1,2,43,digits_0_vs_1|2|43,nearest_neighbor,1,0,0,1,8.140514021123737,35,0.017900019884109497,4,7
stage1,digits_0_vs_1,2,43,digits_0_vs_1|2|43,random_search,1,0,0,1,5.9023512454631195,64,0.6927000067662448,4,7
stage1,digits_0_vs_1,2,44,digits_0_vs_1|2|44,treesat_exact,0,1,1,1,0.06979071272730464,1,0.06029999349266291,4,7
stage1,digits_0_vs_1,2,44,digits_0_vs_1|2|44,leaf_enum_bruteforce,0,1,1,1,0.06979071272730464,1,0.06900000153109431,4,7
stage1,digits_0_vs_1,2,44,digits_0_vs_1|2|44,nearest_neighbor,0,1,1,1,8.326703982977842,40,0.01780001912266016,4,7
stage1,digits_0_vs_1,2,44,digits_0_vs_1|2|44,random_search,0,1,1,1,0.27330259894857356,64,0.679899996612221,4,7
stage1,digits_0_vs_1,2,45,digits_0_vs_1|2|45,treesat_exact,1,0,0,1,2.1195930755103616,1,0.05859998054802418,4,7
stage1,digits_0_vs_1,2,45,digits_0_vs_1|2|45,leaf_enum_bruteforce,1,0,0,1,2.1195930755103616,1,0.07039998308755457,4,7
stage1,digits_0_vs_1,2,45,digits_0_vs_1|2|45,nearest_neighbor,1,0,0,1,6.713286067982672,39,0.017300015315413475,4,7
stage1,digits_0_vs_1,2,45,digits_0_vs_1|2|45,random_search,1,0,0,1,8.83560953971272,64,0.6235000037122518,4,7
stage1,digits_0_vs_1,2,46,digits_0_vs_1|2|46,treesat_exact,1,0,0,1,1.0256095565793775,1,0.060699996538460255,4,7
stage1,digits_0_vs_1,2,46,digits_0_vs_1|2|46,leaf_enum_bruteforce,1,0,0,1,1.0256095565793775,1,0.07189999450929463,4,7
stage1,digits_0_vs_1,2,46,digits_0_vs_1|2|46,nearest_neighbor,1,0,0,1,7.585602451704834,32,0.014999997802078724,4,7
stage1,digits_0_vs_1,2,46,digits_0_vs_1|2|46,random_search,1,0,0,1,3.454044506350036,64,0.6465000042226166,4,7
stage1,digits_0_vs_1,2,47,digits_0_vs_1|2|47,treesat_exact,0,1,1,1,0.06979071272730464,1,0.0577000027988106,4,7
stage1,digits_0_vs_1,2,47,digits_0_vs_1|2|47,leaf_enum_bruteforce,0,1,1,1,0.06979071272730464,1,0.07239999831654131,4,7
stage1,digits_0_vs_1,2,47,digits_0_vs_1|2|47,nearest_neighbor,0,1,1,1,8.571397061367009,38,0.016400008462369442,4,7
stage1,digits_0_vs_1,2,47,digits_0_vs_1|2|47,random_search,0,1,1,1,0.34179985429133203,64,0.6652000010944903,4,7
stage1,digits_0_vs_1,2,48,digits_0_vs_1|2|48,treesat_exact,1,0,0,1,2.1195930755103616,1,0.05709999823011458,4,7
stage1,digits_0_vs_1,2,48,digits_0_vs_1|2|48,leaf_enum_bruteforce,1,0,0,1,2.1195930755103616,1,0.07100001676008105,4,7
stage1,digits_0_vs_1,2,48,digits_0_vs_1|2|48,nearest_neighbor,1,0,0,1,8.95448380357931,28,0.017099984688684344,4,7
stage1,digits_0_vs_1,2,48,digits_0_vs_1|2|48,random_search,1,0,0,1,8.447496794190808,64,1.11420001485385,4,7
stage1,digits_0_vs_1,2,49,digits_0_vs_1|2|49,treesat_exact,0,1,1,1,0.06979071272730464,1,0.1112000027205795,4,7
stage1,digits_0_vs_1,2,49,digits_0_vs_1|2|49,leaf_enum_bruteforce,0,1,1,1,0.06979071272730464,1,0.09139999747276306,4,7
stage1,digits_0_vs_1,2,49,digits_0_vs_1|2|49,nearest_neighbor,0,1,1,1,6.952083103771614,36,0.029699993319809437,4,7
stage1,digits_0_vs_1,2,49,digits_0_vs_1|2|49,random_search,0,1,1,1,0.36949734973235243,64,0.8240999886766076,4,7
stage1,digits_0_vs_1,2,50,digits_0_vs_1|2|50,treesat_exact,1,0,0,1,1.2991054363121235,1,0.07239999831654131,4,7
stage1,digits_0_vs_1,2,50,digits_0_vs_1|2|50,leaf_enum_bruteforce,1,0,0,1,1.2991054363121235,1,0.08009999874047935,4,7
stage1,digits_0_vs_1,2,50,digits_0_vs_1|2|50,nearest_neighbor,1,0,0,1,10.075901044925905,39,0.02120001590810716,4,7
stage1,digits_0_vs_1,2,50,digits_0_vs_1|2|50,random_search,1,0,0,1,4.762578911365071,64,0.6807000027038157,4,7
stage1,digits_0_vs_1,2,51,digits_0_vs_1|2|51,treesat_exact,1,0,0,1,2.1195930755103616,1,0.07219999679364264,4,7
stage1,digits_0_vs_1,2,51,digits_0_vs_1|2|51,leaf_enum_bruteforce,1,0,0,1,2.1195930755103616,1,0.07959999493323267,4,7
stage1,digits_0_vs_1,2,51,digits_0_vs_1|2|51,nearest_neighbor,1,0,0,1,7.408196320348182,30,0.017099984688684344,4,7
stage1,digits_0_vs_1,2,51,digits_0_vs_1|2|51,random_search,1,0,0,1,7.900284518480594,64,0.7038000039756298,4,7
stage1,digits_0_vs_1,2,52,digits_0_vs_1|2|52,treesat_exact,1,0,0,1,2.1195930755103616,1,0.07139999070204794,4,7
stage1,digits_0_vs_1,2,52,digits_0_vs_1|2|52,leaf_enum_bruteforce,1,0,0,1,2.1195930755103616,1,0.0847000046633184,4,7
stage1,digits_0_vs_1,2,52,digits_0_vs_1|2|52,nearest_neighbor,1,0,0,1,8.401066945328445,36,0.018699996871873736,4,7
stage1,digits_0_vs_1,2,52,digits_0_vs_1|2|52,random_search,1,0,0,1,7.837261335065874,64,0.6819999834988266,4,7
stage1,digits_0_vs_1,2,53,digits_0_vs_1|2|53,treesat_exact,0,1,1,1,0.06979071272730464,1,0.0644999963697046,4,7
stage1,digits_0_vs_1,2,53,digits_0_vs_1|2|53,leaf_enum_bruteforce,0,1,1,1,0.06979071272730464,1,0.07410001126118004,4,7
stage1,digits_0_vs_1,2,53,digits_0_vs_1|2|53,nearest_neighbor,0,1,1,1,10.354411179723405,40,0.019899976905435324,4,7
stage1,digits_0_vs_1,2,53,digits_0_vs_1|2|53,random_search,0,1,1,1,0.3104252007096596,64,0.7059999916236848,4,7
stage1,digits_0_vs_1,2,54,digits_0_vs_1|2|54,treesat_exact,1,0,0,1,2.1195930755103616,1,0.06440002471208572,4,7
stage1,digits_0_vs_1,2,54,digits_0_vs_1|2|54,leaf_enum_bruteforce,1,0,0,1,2.1195930755103616,1,0.07619999814778566,4,7
stage1,digits_0_vs_1,2,54,digits_0_vs_1|2|54,nearest_neighbor,1,0,0,1,8.031585793950468,35,0.01780001912266016,4,7
stage1,digits_0_vs_1,2,54,digits_0_vs_1|2|54,random_search,1,0,0,1,8.177504156990528,64,0.6458999996539205,4,7
stage1,digits_0_vs_1,2,55,digits_0_vs_1|2|55,treesat_exact,0,1,1,1,0.06979071272730464,1,0.058999983593821526,4,7
stage1,digits_0_vs_1,2,55,digits_0_vs_1|2|55,leaf_enum_bruteforce,0,1,1,1,0.06979071272730464,1,0.07160002132877707,4,7
stage1,digits_0_vs_1,2,55,digits_0_vs_1|2|55,nearest_neighbor,0,1,1,1,11.022802151903834,42,0.017000013031065464,4,7
stage1,digits_0_vs_1,2,55,digits_0_vs_1|2|55,random_search,0,1,1,1,0.3521006260873223,64,0.6702000100631267,4,7
stage1,digits_0_vs_1,2,56,digits_0_vs_1|2|56,treesat_exact,0,1,1,1,0.06979071272730464,1,0.061400001868605614,4,7
stage1,digits_0_vs_1,2,56,digits_0_vs_1|2|56,leaf_enum_bruteforce,0,1,1,1,0.06979071272730464,1,0.07069998537190259,4,7
stage1,digits_0_vs_1,2,56,digits_0_vs_1|2|56,nearest_neighbor,0,1,1,1,9.117920376968815,39,0.05870001041330397,4,7
stage1,digits_0_vs_1,2,56,digits_0_vs_1|2|56,random_search,0,1,1,1,0.3404528101738326,64,0.7941000221762806,4,7
stage1,digits_0_vs_1,2,57,digits_0_vs_1|2|57,treesat_exact,1,0,0,1,1.7447424467174553,1,0.07289997301995754,4,7
stage1,digits_0_vs_1,2,57,digits_0_vs_1|2|57,leaf_enum_bruteforce,1,0,0,1,1.7447424467174553,1,0.07950002327561378,4,7
stage1,digits_0_vs_1,2,57,digits_0_vs_1|2|57,nearest_neighbor,1,0,0,1,8.665475542256694,32,0.02120001590810716,4,7
stage1,digits_0_vs_1,2,57,digits_0_vs_1|2|57,random_search,1,0,0,1,6.253215530794882,64,0.696599978255108,4,7
stage1,digits_0_vs_1,2,58,digits_0_vs_1|2|58,treesat_exact,0,1,1,1,0.06979071272730464,1,0.06839999696239829,4,7
stage1,digits_0_vs_1,2,58,digits_0_vs_1|2|58,leaf_enum_bruteforce,0,1,1,1,0.06979071272730464,1,0.07780001033097506,4,7
stage1,digits_0_vs_1,2,58,digits_0_vs_1|2|58,nearest_neighbor,0,1,1,1,18.260530524118657,45,0.021099986042827368,4,7
stage1,digits_0_vs_1,2,58,digits_0_vs_1|2|58,random_search,0,1,1,1,0.31852782769551774,64,0.687599997036159,4,7
stage1,digits_0_vs_1,2,59,digits_0_vs_1|2|59,treesat_exact,1,0,0,1,2.1195930755103616,1,0.06450002547353506,4,7
stage1,digits_0_vs_1,2,59,digits_0_vs_1|2|59,leaf_enum_bruteforce,1,0,0,1,2.1195930755103616,1,0.07390000973828137,4,7
stage1,digits_0_vs_1,2,59,digits_0_vs_1|2|59,nearest_neighbor,1,0,0,1,8.411624975462166,26,0.015699974028393626,4,7
stage1,digits_0_vs_1,2,59,digits_0_vs_1|2|59,random_search,1,0,0,1,7.138566169615837,64,0.7132000173442066,4,7
stage1,digits_0_vs_1,3,0,digits_0_vs_1|3|0,treesat_exact,0,1,1,1,0.4836271966921141,1,0.0881000014487654,5,9
stage1,digits_0_vs_1,3,0,digits_0_vs_1|3|0,leaf_enum_bruteforce,0,1,1,1,0.4836271966921141,1,0.14990000636316836,5,9
stage1,digits_0_vs_1,3,0,digits_0_vs_1|3|0,nearest_neighbor,0,1,1,1,9.292772456580652,37,0.02340000355616212,5,9
stage1,digits_0_vs_1,3,0,digits_0_vs_1|3|0,random_search,0,1,1,1,2.3330612277827933,64,0.683599995682016,5,9
stage1,digits_0_vs_1,3,1,digits_0_vs_1|3|1,treesat_exact,1,0,0,1,1.7272363949092686,1,0.056899996707215905,5,9
stage1,digits_0_vs_1,3,1,digits_0_vs_1|3|1,leaf_enum_bruteforce,1,0,0,1,1.7272363949092686,1,0.5332000146154314,5,9
stage1,digits_0_vs_1,3,1,digits_0_vs_1|3|1,nearest_neighbor,1,0,0,1,9.991972012065935,40,0.06349998875521123,5,9
stage1,digits_0_vs_1,3,1,digits_0_vs_1|3|1,random_search,1,0,0,1,6.02965334494015,64,0.7254999945871532,5,9
stage1,digits_0_vs_1,3,2,digits_0_vs_1|3|2,treesat_exact,0,1,1,1,0.4836271966921141,1,0.07509998977184296,5,9
stage1,digits_0_vs_1,3,2,digits_0_vs_1|3|2,leaf_enum_bruteforce,0,1,1,1,0.4836271966921141,1,0.14380001812241971,5,9
stage1,digits_0_vs_1,3,2,digits_0_vs_1|3|2,nearest_neighbor,0,1,1,1,10.828704277690965,43,0.024200009647756815,5,9
stage1,digits_0_vs_1,3,2,digits_0_vs_1|3|2,random_search,0,1,1,1,1.6012310383274622,64,0.6948999944142997,5,9
stage1,digits_0_vs_1,3,3,digits_0_vs_1|3|3,treesat_exact,1,0,0,1,0.8078406739482951,2,0.06379999103955925,5,9
stage1,digits_0_vs_1,3,3,digits_0_vs_1|3|3,leaf_enum_bruteforce,1,0,0,1,0.8078406739482951,2,0.03899997682310641,5,9
stage1,digits_0_vs_1,3,3,digits_0_vs_1|3|3,nearest_neighbor,1,0,0,1,8.703269706323002,32,0.018999999156221747,5,9
stage1,digits_0_vs_1,3,3,digits_0_vs_1|3|3,random_search,1,0,0,1,5.503488897398116,64,0.7172999903559685,5,9
stage1,digits_0_vs_1,3,4,digits_0_vs_1|3|4,treesat_exact,0,1,1,1,0.4836271966921141,1,0.06769999163225293,5,9
stage1,digits_0_vs_1,3,4,digits_0_vs_1|3|4,leaf_enum_bruteforce,0,1,1,1,0.4836271966921141,1,0.1440000196453184,5,9
stage1,digits_0_vs_1,3,4,digits_0_vs_1|3|4,nearest_neighbor,0,1,1,1,8.637719107451652,39,0.0185999961104244,5,9
stage1,digits_0_vs_1,3,4,digits_0_vs_1|3|4,random_search,0,1,1,1,1.4467520767988953,64,0.7406000222545117,5,9
stage1,digits_0_vs_1,3,5,digits_0_vs_1|3|5,treesat_exact,0,1,1,1,0.4836271966921141,1,0.0701999815646559,5,9
stage1,digits_0_vs_1,3,5,digits_0_vs_1|3|5,leaf_enum_bruteforce,0,1,1,1,0.4836271966921141,1,0.2185999765060842,5,9
stage1,digits_0_vs_1,3,5,digits_0_vs_1|3|5,nearest_neighbor,0,1,1,1,9.086583228238794,38,0.020599982235580683,5,9
stage1,digits_0_vs_1,3,5,digits_0_vs_1|3|5,random_search,0,1,1,1,2.5359505074844844,64,0.6744999845977873,5,9
stage1,digits_0_vs_1,3,6,digits_0_vs_1|3|6,treesat_exact,1,0,0,1,1.7296480820813127,2,0.07770000956952572,5,9
stage1,digits_0_vs_1,3,6,digits_0_vs_1|3|6,leaf_enum_bruteforce,1,0,0,1,1.7296480820813127,2,0.03850000211969018,5,9
stage1,digits_0_vs_1,3,6,digits_0_vs_1|3|6,nearest_neighbor,1,0,0,1,7.228705078069626,29,0.018999999156221747,5,9
stage1,digits_0_vs_1,3,6,digits_0_vs_1|3|6,random_search,1,0,0,1,5.485399526337558,64,0.6589999829884619,5,9
stage1,digits_0_vs_1,3,7,digits_0_vs_1|3|7,treesat_exact,0,1,1,1,0.4836271966921141,1,0.07309997454285622,5,9
stage1,digits_0_vs_1,3,7,digits_0_vs_1|3|7,leaf_enum_bruteforce,0,1,1,1,0.4836271966921141,1,0.13460000627674162,5,9
stage1,digits_0_vs_1,3,7,digits_0_vs_1|3|7,nearest_neighbor,0,1,1,1,10.174560547343049,40,0.017200014553964138,5,9
stage1,digits_0_vs_1,3,7,digits_0_vs_1|3|7,random_search,0,1,1,1,1.4951931710153268,64,0.682099984260276,5,9
stage1,digits_0_vs_1,3,8,digits_0_vs_1|3|8,treesat_exact,1,0,0,1,1.3409739938123872,3,0.056599994422867894,5,9
stage1,digits_0_vs_1,3,8,digits_0_vs_1|3|8,leaf_enum_bruteforce,1,0,0,1,1.3409739938123872,3,0.03780002589337528,5,9
stage1,digits_0_vs_1,3,8,digits_0_vs_1|3|8,nearest_neighbor,1,0,0,1,8.797725960259136,32,0.016300007700920105,5,9
stage1,digits_0_vs_1,3,8,digits_0_vs_1|3|8,random_search,1,0,0,1,8.556485912885375,64,0.6314999773167074,5,9
stage1,digits_0_vs_1,3,9,digits_0_vs_1|3|9,treesat_exact,0,1,1,1,0.4836271966921141,1,0.07029998232610524,5,9
stage1,digits_0_vs_1,3,9,digits_0_vs_1|3|9,leaf_enum_bruteforce,0,1,1,1,0.4836271966921141,1,0.14050002209842205,5,9
stage1,digits_0_vs_1,3,9,digits_0_vs_1|3|9,nearest_neighbor,0,1,1,1,8.43117474884698,37,0.01610000617802143,5,9
stage1,digits_0_vs_1,3,9,digits_0_vs_1|3|9,random_search,0,1,1,1,1.4646209455320884,64,0.6824999873060733,5,9
stage1,digits_0_vs_1,3,10,digits_0_vs_1|3|10,treesat_exact,1,0,0,1,1.7272363949092686,1,0.058200006606057286,5,9
stage1,digits_0_vs_1,3,10,digits_0_vs_1|3|10,leaf_enum_bruteforce,1,0,0,1,1.7272363949092686,1,0.03819999983534217,5,9
stage1,digits_0_vs_1,3,10,digits_0_vs_1|3|10,nearest_neighbor,1,0,0,1,7.830433330591707,33,0.01650000922381878,5,9
stage1,digits_0_vs_1,3,10,digits_0_vs_1|3|10,random_search,1,0,0,1,5.92975890457907,64,0.6722999969497323,5,9
stage1,digits_0_vs_1,3,11,digits_0_vs_1|3|11,treesat_exact,1,0,0,1,1.7587296211108125,3,0.2880999818444252,5,9
stage1,digits_0_vs_1,3,11,digits_0_vs_1|3|11,leaf_enum_bruteforce,1,0,0,1,1.7587296211108125,3,0.05949998740106821,5,9
stage1,digits_0_vs_1,3,11,digits_0_vs_1|3|11,nearest_neighbor,1,0,0,1,8.746190380395435,31,0.02710000262595713,5,9
stage1,digits_0_vs_1,3,11,digits_0_vs_1|3|11,random_search,1,0,-1,0,,-1,0.7093999884091318,5,9
stage1,digits_0_vs_1,3,12,digits_0_vs_1|3|12,treesat_exact,0,1,1,1,0.4836271966921141,1,0.08300002082251012,5,9
stage1,digits_0_vs_1,3,12,digits_0_vs_1|3|12,leaf_enum_bruteforce,0,1,1,1,0.4836271966921141,1,0.1677999971434474,5,9
stage1,digits_0_vs_1,3,12,digits_0_vs_1|3|12,nearest_neighbor,0,1,1,1,7.646878590701806,39,0.03409999771974981,5,9
stage1,digits_0_vs_1,3,12,digits_0_vs_1|3|12,random_search,0,1,1,1,1.5476279593622444,64,0.7934000168461353,5,9
stage1,digits_0_vs_1,3,13,digits_0_vs_1|3|13,treesat_exact,0,1,1,1,0.4836271966921141,1,0.08460000390186906,5,9
stage1,digits_0_vs_1,3,13,digits_0_vs_1|3|13,leaf_enum_bruteforce,0,1,1,1,0.4836271966921141,1,0.1475999888498336,5,9
stage1,digits_0_vs_1,3,13,digits_0_vs_1|3|13,nearest_neighbor,0,1,1,1,9.01533629778968,40,0.023100001271814108,5,9
stage1,digits_0_vs_1,3,13,digits_0_vs_1|3|13,random_search,0,1,1,1,2.5054201729196763,64,0.7139999943319708,5,9
stage1,digits_0_vs_1,3,14,digits_0_vs_1|3|14,treesat_exact,0,1,1,1,0.4836271966921141,1,0.07179999374784529,5,9
stage1,digits_0_vs_1,3,14,digits_0_vs_1|3|14,leaf_enum_bruteforce,0,1,1,1,0.4836271966921141,1,0.6251000158954412,5,9
stage1,digits_0_vs_1,3,14,digits_0_vs_1|3|14,nearest_neighbor,0,1,1,1,6.7206965124574864,35,0.0850000069476664,5,9
stage1,digits_0_vs_1,3,14,digits_0_vs_1|3|14,random_search,0,1,1,1,1.5291646166589883,64,0.999599986243993,5,9
stage1,digits_0_vs_1,3,15,digits_0_vs_1|3|15,treesat_exact,0,1,1,1,0.4836271966921141,1,0.08120000711642206,5,9
stage1,digits_0_vs_1,3,15,digits_0_vs_1|3|15,leaf_enum_bruteforce,0,1,1,1,0.4836271966921141,1,0.14519999967887998,5,9
stage1,digits_0_vs_1,3,15,digits_0_vs_1|3|15,nearest_neighbor,0,1,1,1,8.490858302169972,39,0.021899992134422064,5,9
stage1,digits_0_vs_1,3,15,digits_0_vs_1|3|15,random_search,0,1,1,1,2.478380574438295,64,0.7209999894257635,5,9
stage1,digits_0_vs_1,3,16,digits_0_vs_1|3|16,treesat_exact,0,1,1,1,0.4836271966921141,1,0.07960002403706312,5,9
stage1,digits_0_vs_1,3,16,digits_0_vs_1|3|16,leaf_enum_bruteforce,0,1,1,1,0.4836271966921141,1,0.14710001414641738,5,9
stage1,digits_0_vs_1,3,16,digits_0_vs_1|3|16,nearest_neighbor,0,1,1,1,7.657648994803081,35,0.01960000372491777,5,9
stage1,digits_0_vs_1,3,16,digits_0_vs_1|3|16,random_search,0,1,1,1,2.548247928994246,64,0.7313000096473843,5,9
stage1,digits_0_vs_1,3,17,digits_0_vs_1|3|17,treesat_exact,1,0,0,1,1.7272363949092686,1,0.06350001785904169,5,9
stage1,digits_0_vs_1,3,17,digits_0_vs_1|3|17,leaf_enum_bruteforce,1,0,0,1,1.7272363949092686,1,0.041799998143687844,5,9
stage1,digits_0_vs_1,3,17,digits_0_vs_1|3|17,nearest_neighbor,1,0,0,1,10.301120859632416,32,0.02090001362375915,5,9
stage1,digits_0_vs_1,3,17,digits_0_vs_1|3|17,random_search,1,0,0,1,6.574613437042535,64,0.672800000756979,5,9
stage1,digits_0_vs_1,3,18,digits_0_vs_1|3|18,treesat_exact,0,1,1,1,0.4836271966921141,1,0.06780002149753273,5,9
stage1,digits_0_vs_1,3,18,digits_0_vs_1|3|18,leaf_enum_bruteforce,0,1,1,1,0.4836271966921141,1,0.1416000013705343,5,9
stage1,digits_0_vs_1,3,18,digits_0_vs_1|3|18,nearest_neighbor,0,1,1,1,7.020201906594863,35,0.018799997633323073,5,9
stage1,digits_0_vs_1,3,18,digits_0_vs_1|3|18,random_search,0,1,1,1,1.7705656850184701,64,0.7689000049140304,5,9
stage1,digits_0_vs_1,3,19,digits_0_vs_1|3|19,treesat_exact,1,0,0,1,1.7296480820813127,2,0.06120000034570694,5,9
stage1,digits_0_vs_1,3,19,digits_0_vs_1|3|19,leaf_enum_bruteforce,1,0,0,1,1.7296480820813127,2,0.040799990529194474,5,9
stage1,digits_0_vs_1,3,19,digits_0_vs_1|3|19,nearest_neighbor,1,0,0,1,8.263273318394427,28,0.018699996871873736,5,9
stage1,digits_0_vs_1,3,19,digits_0_vs_1|3|19,random_search,1,0,0,1,6.391902628713178,64,0.7661999843548983,5,9
stage1,digits_0_vs_1,3,20,digits_0_vs_1|3|20,treesat_exact,1,0,0,1,1.7296480820813127,2,0.05810000584460795,5,9
stage1,digits_0_vs_1,3,20,digits_0_vs_1|3|20,leaf_enum_bruteforce,1,0,0,1,1.7296480820813127,2,0.039000005926936865,5,9
stage1,digits_0_vs_1,3,20,digits_0_vs_1|3|20,nearest_neighbor,1,0,0,1,7.846276217160544,30,0.01789999078027904,5,9
stage1,digits_0_vs_1,3,20,digits_0_vs_1|3|20,random_search,1,0,0,1,5.890801905341665,64,0.6427000043913722,5,9
stage1,digits_0_vs_1,3,21,digits_0_vs_1|3|21,treesat_exact,0,1,1,1,0.4836271966921141,1,0.06280001252889633,5,9
stage1,digits_0_vs_1,3,21,digits_0_vs_1|3|21,leaf_enum_bruteforce,0,1,1,1,0.4836271966921141,1,0.13110000872984529,5,9
stage1,digits_0_vs_1,3,21,digits_0_vs_1|3|21,nearest_neighbor,0,1,1,1,8.625999213445462,38,0.01920000067912042,5,9
stage1,digits_0_vs_1,3,21,digits_0_vs_1|3|21,random_search,0,1,1,1,2.542724010842022,64,0.6417999975383282,5,9
stage1,digits_0_vs_1,3,22,digits_0_vs_1|3|22,treesat_exact,1,0,0,1,1.3409739938116458,2,0.05250002141110599,5,9
stage1,digits_0_vs_1,3,22,digits_0_vs_1|3|22,leaf_enum_bruteforce,1,0,0,1,1.3409739938116458,2,0.03600001218728721,5,9
stage1,digits_0_vs_1,3,22,digits_0_vs_1|3|22,nearest_neighbor,1,0,0,1,17.958901432431237,37,0.014999997802078724,5,9
stage1,digits_0_vs_1,3,22,digits_0_vs_1|3|22,random_search,1,0,0,1,7.822808235158555,64,0.672800000756979,5,9
stage1,digits_0_vs_1,3,23,digits_0_vs_1|3|23,treesat_exact,0,1,1,1,0.4836271966921141,1,0.06150000263005495,5,9
stage1,digits_0_vs_1,3,23,digits_0_vs_1|3|23,leaf_enum_bruteforce,0,1,1,1,0.4836271966921141,1,0.1320999872405082,5,9
stage1,digits_0_vs_1,3,23,digits_0_vs_1|3|23,nearest_neighbor,0,1,1,1,8.556873493544817,34,0.017600017599761486,5,9
stage1,digits_0_vs_1,3,23,digits_0_vs_1|3|23,random_search,0,1,1,1,2.333492207984526,64,0.6360999832395464,5,9
stage1,digits_0_vs_1,3,24,digits_0_vs_1|3|24,treesat_exact,1,0,0,1,1.071930621086888,2,0.053000025218352675,5,9
stage1,digits_0_vs_1,3,24,digits_0_vs_1|3|24,leaf_enum_bruteforce,1,0,0,1,1.071930621086888,2,0.036699988413602114,5,9
stage1,digits_0_vs_1,3,24,digits_0_vs_1|3|24,nearest_neighbor,1,0,0,1,8.294238055055558,36,0.015600002370774746,5,9
stage1,digits_0_vs_1,3,24,digits_0_vs_1|3|24,random_search,1,0,0,1,5.281340233809478,64,0.6392000068444759,5,9
stage1,digits_0_vs_1,3,25,digits_0_vs_1|3|25,treesat_exact,0,1,1,1,0.4836271966921141,1,0.060999998822808266,5,9
stage1,digits_0_vs_1,3,25,digits_0_vs_1|3|25,leaf_enum_bruteforce,0,1,1,1,0.4836271966921141,1,0.13309999485500157,5,9
stage1,digits_0_vs_1,3,25,digits_0_vs_1|3|25,nearest_neighbor,0,1,1,1,7.329195032441754,34,0.016400008462369442,5,9
stage1,digits_0_vs_1,3,25,digits_0_vs_1|3|25,random_search,0,1,1,1,1.4317761165692442,64,0.6454999966081232,5,9
stage1,digits_0_vs_1,3,26,digits_0_vs_1|3|26,treesat_exact,1,0,0,1,1.4765092228126204,2,0.05400000372901559,5,9
stage1,digits_0_vs_1,3,26,digits_0_vs_1|3|26,leaf_enum_bruteforce,1,0,0,1,1.4765092228126204,2,0.036299985367804766,5,9
stage1,digits_0_vs_1,3,26,digits_0_vs_1|3|26,nearest_neighbor,1,0,0,1,7.851844149830641,32,0.015700003132224083,5,9
stage1,digits_0_vs_1,3,26,digits_0_vs_1|3|26,random_search,1,0,0,1,7.3003291065701434,64,0.6151999987196177,5,9
stage1,digits_0_vs_1,3,27,digits_0_vs_1|3|27,treesat_exact,0,1,1,1,0.4836271966921141,1,0.05810000584460795,5,9
stage1,digits_0_vs_1,3,27,digits_0_vs_1|3|27,leaf_enum_bruteforce,0,1,1,1,0.4836271966921141,1,0.1734999823383987,5,9
stage1,digits_0_vs_1,3,27,digits_0_vs_1|3|27,nearest_neighbor,0,1,1,1,8.471291612853761,33,0.017099984688684344,5,9
stage1,digits_0_vs_1,3,27,digits_0_vs_1|3|27,random_search,0,1,1,1,2.628711254292652,64,0.9915000118780881,5,9
stage1,digits_0_vs_1,3,28,digits_0_vs_1|3|28,treesat_exact,1,0,0,1,1.7670196229775872,2,0.16429999959655106,5,9
stage1,digits_0_vs_1,3,28,digits_0_vs_1|3|28,leaf_enum_bruteforce,1,0,0,1,1.7670196229775872,2,0.05780000356025994,5,9
stage1,digits_0_vs_1,3,28,digits_0_vs_1|3|28,nearest_neighbor,1,0,0,1,8.292390181123592,28,0.030099996365606785,5,9
stage1,digits_0_vs_1,3,28,digits_0_vs_1|3|28,random_search,1,0,0,1,7.493177588019951,64,0.6802999996580184,5,9
stage1,digits_0_vs_1,3,29,digits_0_vs_1|3|29,treesat_exact,0,1,1,1,0.4836271966921141,1,0.07650000043213367,5,9
stage1,digits_0_vs_1,3,29,digits_0_vs_1|3|29,leaf_enum_bruteforce,0,1,1,1,0.4836271966921141,1,0.1391999830957502,5,9
stage1,digits_0_vs_1,3,29,digits_0_vs_1|3|29,nearest_neighbor,0,1,1,1,8.819338750321462,39,0.019099999917671084,5,9
stage1,digits_0_vs_1,3,29,digits_0_vs_1|3|29,random_search,0,1,1,1,2.5559650133643377,64,0.651800015475601,5,9
stage1,digits_0_vs_1,3,30,digits_0_vs_1|3|30,treesat_exact,0,1,1,1,0.34544828471702776,1,0.06059999577701092,5,9
stage1,digits_0_vs_1,3,30,digits_0_vs_1|3|30,leaf_enum_bruteforce,0,1,1,1,0.34544828471702776,1,0.13329999637790024,5,9
stage1,digits_0_vs_1,3,30,digits_0_vs_1|3|30,nearest_neighbor,0,1,1,1,6.2219046629327694,33,0.015400000847876072,5,9
stage1,digits_0_vs_1,3,30,digits_0_vs_1|3|30,random_search,0,1,1,1,1.4104239522572355,64,0.901699997484684,5,9
stage1,digits_0_vs_1,3,31,digits_0_vs_1|3|31,treesat_exact,0,1,1,1,0.4836271966921141,1,0.07179999374784529,5,9
stage1,digits_0_vs_1,3,31,digits_0_vs_1|3|31,leaf_enum_bruteforce,0,1,1,1,0.4836271966921141,1,0.14200000441633165,5,9
stage1,digits_0_vs_1,3,31,digits_0_vs_1|3|31,nearest_neighbor,0,1,1,1,9.026024212223213,40,0.02039998071268201,5,9
stage1,digits_0_vs_1,3,31,digits_0_vs_1|3|31,random_search,0,1,1,1,1.5025194188742859,64,0.6810000049881637,5,9
stage1,digits_0_vs_1,3,32,digits_0_vs_1|3|32,treesat_exact,1,0,0,1,1.7670196229775872,2,0.05660002352669835,5,9
stage1,digits_0_vs_1,3,32,digits_0_vs_1|3|32,leaf_enum_bruteforce,1,0,0,1,1.7670196229775872,2,0.03949998063035309,5,9
stage1,digits_0_vs_1,3,32,digits_0_vs_1|3|32,nearest_neighbor,1,0,0,1,8.960476340297635,37,0.016300007700920105,5,9
stage1,digits_0_vs_1,3,32,digits_0_vs_1|3|32,random_search,1,0,0,1,8.978391861655638,64,0.6157999741844833,5,9
stage1,digits_0_vs_1,3,33,digits_0_vs_1|3|33,treesat_exact,1,0,0,1,1.7488214377922031,2,0.05479998071677983,5,9
stage1,digits_0_vs_1,3,33,digits_0_vs_1|3|33,leaf_enum_bruteforce,1,0,0,1,1.7488214377922031,2,0.037200021324679255,5,9
stage1,digits_0_vs_1,3,33,digits_0_vs_1|3|33,nearest_neighbor,1,0,0,1,9.197307480573693,37,0.015500001609325409,5,9
stage1,digits_0_vs_1,3,33,digits_0_vs_1|3|33,random_search,1,0,0,1,6.38698110753193,64,0.6210000137798488,5,9
stage1,digits_0_vs_1,3,34,digits_0_vs_1|3|34,treesat_exact,0,1,1,1,0.4836271966921141,1,0.060999998822808266,5,9
stage1,digits_0_vs_1,3,34,digits_0_vs_1|3|34,leaf_enum_bruteforce,0,1,1,1,0.4836271966921141,1,0.13569998554885387,5,9
stage1,digits_0_vs_1,3,34,digits_0_vs_1|3|34,nearest_neighbor,0,1,1,1,21.414999318677012,41,0.01650000922381878,5,9
stage1,digits_0_vs_1,3,34,digits_0_vs_1|3|34,random_search,0,1,1,1,2.4268933297217314,64,0.7144999981392175,5,9
stage1,digits_0_vs_1,3,35,digits_0_vs_1|3|35,treesat_exact,0,1,1,1,0.4836271966921141,1,0.06520000169984996,5,9
stage1,digits_0_vs_1,3,35,digits_0_vs_1|3|35,leaf_enum_bruteforce,0,1,1,1,0.4836271966921141,1,0.13929998385719955,5,9
stage1,digits_0_vs_1,3,35,digits_0_vs_1|3|35,nearest_neighbor,0,1,1,1,10.448486640282061,41,0.016400008462369442,5,9
stage1,digits_0_vs_1,3,35,digits_0_vs_1|3|35,random_search,0,1,1,1,2.620243371906863,64,0.6908999930601567,5,9
stage1,digits_0_vs_1,3,36,digits_0_vs_1|3|36,treesat_exact,0,1,1,1,0.4836271966921141,1,0.06540000322274864,5,9
stage1,digits_0_vs_1,3,36,digits_0_vs_1|3|36,leaf_enum_bruteforce,0,1,1,1,0.4836271966921141,1,0.15049998182803392,5,9
stage1,digits_0_vs_1,3,36,digits_0_vs_1|3|36,nearest_neighbor,0,1,1,1,11.096553789337861,42,0.017600017599761486,5,9
stage1,digits_0_vs_1,3,36,digits_0_vs_1|3|36,random_search,0,1,1,1,1.7007816174451076,64,0.7488999981433153,5,9
stage1,digits_0_vs_1,3,37,digits_0_vs_1|3|37,treesat_exact,1,0,0,1,1.4508785709597807,2,0.05940001574344933,5,9
stage1,digits_0_vs_1,3,37,digits_0_vs_1|3|37,leaf_enum_bruteforce,1,0,0,1,1.4508785709597807,2,0.0405999890062958,5,9
stage1,digits_0_vs_1,3,37,digits_0_vs_1|3|37,nearest_neighbor,1,0,0,1,11.21039340126868,39,0.018399994587525725,5,9
stage1,digits_0_vs_1,3,37,digits_0_vs_1|3|37,random_search,1,0,0,1,6.110225142967162,64,0.6809000042267144,5,9
stage1,digits_0_vs_1,3,38,digits_0_vs_1|3|38,treesat_exact,0,1,1,1,0.4836271966921141,1,0.07040001219138503,5,9
stage1,digits_0_vs_1,3,38,digits_0_vs_1|3|38,leaf_enum_bruteforce,0,1,1,1,0.4836271966921141,1,0.13800000306218863,5,9
stage1,digits_0_vs_1,3,38,digits_0_vs_1|3|38,nearest_neighbor,0,1,1,1,8.41196442645498,36,0.03989998367615044,5,9
stage1,digits_0_vs_1,3,38,digits_0_vs_1|3|38,random_search,0,1,1,1,1.5192086278203574,64,0.6972999835852534,5,9
stage1,digits_0_vs_1,3,39,digits_0_vs_1|3|39,treesat_exact,1,0,0,1,1.7272363949092686,1,0.057900004321709275,5,9
stage1,digits_0_vs_1,3,39,digits_0_vs_1|3|39,leaf_enum_bruteforce,1,0,0,1,1.7272363949092686,1,0.03819999983534217,5,9
stage1,digits_0_vs_1,3,39,digits_0_vs_1|3|39,nearest_neighbor,1,0,0,1,8.894079906756966,37,0.016499980119988322,5,9
stage1,digits_0_vs_1,3,39,digits_0_vs_1|3|39,random_search,1,0,0,1,6.145923225545511,64,0.6812000065110624,5,9
stage1,digits_0_vs_1,3,40,digits_0_vs_1|3|40,treesat_exact,1,0,0,1,1.7272363949092686,1,0.05979998968541622,5,9
stage1,digits_0_vs_1,3,40,digits_0_vs_1|3|40,leaf_enum_bruteforce,1,0,0,1,1.7272363949092686,1,0.05360000068321824,5,9
stage1,digits_0_vs_1,3,40,digits_0_vs_1|3|40,nearest_neighbor,1,0,0,1,8.29480952081086,35,0.016200006939470768,5,9
stage1,digits_0_vs_1,3,40,digits_0_vs_1|3|40,random_search,1,0,0,1,6.042091200481097,64,0.6464000034611672,5,9
stage1,digits_0_vs_1,3,41,digits_0_vs_1|3|41,treesat_exact,1,0,0,1,1.769377085851473,3,0.05639999289996922,5,9
stage1,digits_0_vs_1,3,41,digits_0_vs_1|3|41,leaf_enum_bruteforce,1,0,0,1,1.769377085851473,3,0.03710002056322992,5,9
stage1,digits_0_vs_1,3,41,digits_0_vs_1|3|41,nearest_neighbor,1,0,0,1,9.074617601765244,28,0.015300000086426735,5,9
stage1,digits_0_vs_1,3,41,digits_0_vs_1|3|41,random_search,1,0,-1,0,,-1,0.694699992891401,5,9
stage1,digits_0_vs_1,3,42,digits_0_vs_1|3|42,treesat_exact,1,0,0,1,1.769377085851473,3,0.34630001755431294,5,9
stage1,digits_0_vs_1,3,42,digits_0_vs_1|3|42,leaf_enum_bruteforce,1,0,0,1,1.769377085851473,3,0.06900000153109431,5,9
stage1,digits_0_vs_1,3,42,digits_0_vs_1|3|42,nearest_neighbor,1,0,0,1,8.927790242107214,25,0.053499999921768904,5,9
stage1,digits_0_vs_1,3,42,digits_0_vs_1|3|42,random_search,1,0,-1,0,,-1,0.7932999869808555,5,9
stage1,digits_0_vs_1,3,43,digits_0_vs_1|3|43,treesat_exact,0,1,1,1,0.4836271966921141,1,0.08060000254772604,5,9
stage1,digits_0_vs_1,3,43,digits_0_vs_1|3|43,leaf_enum_bruteforce,0,1,1,1,0.4836271966921141,1,0.14260000898502767,5,9
stage1,digits_0_vs_1,3,43,digits_0_vs_1|3|43,nearest_neighbor,0,1,1,1,8.751474774350324,39,0.021899992134422064,5,9
stage1,digits_0_vs_1,3,43,digits_0_vs_1|3|43,random_search,0,1,1,1,2.5834330272545967,64,0.6551999831572175,5,9
stage1,digits_0_vs_1,3,44,digits_0_vs_1|3|44,treesat_exact,0,1,1,1,0.4836271966921141,1,0.07450001430697739,5,9
stage1,digits_0_vs_1,3,44,digits_0_vs_1|3|44,leaf_enum_bruteforce,0,1,1,1,0.4836271966921141,1,0.13409997336566448,5,9
stage1,digits_0_vs_1,3,44,digits_0_vs_1|3|44,nearest_neighbor,0,1,1,1,8.778102188125658,37,0.037600024370476604,5,9
stage1,digits_0_vs_1,3,44,digits_0_vs_1|3|44,random_search,0,1,1,1,1.5356854327520386,64,0.6460000004153699,5,9
stage1,digits_0_vs_1,3,45,digits_0_vs_1|3|45,treesat_exact,0,1,1,1,0.4836271966921141,1,0.05879998207092285,5,9
stage1,digits_0_vs_1,3,45,digits_0_vs_1|3|45,leaf_enum_bruteforce,0,1,1,1,0.4836271966921141,1,0.16259998665191233,5,9
stage1,digits_0_vs_1,3,45,digits_0_vs_1|3|45,nearest_neighbor,0,1,1,1,10.024264641178663,36,0.01729998621158302,5,9
stage1,digits_0_vs_1,3,45,digits_0_vs_1|3|45,random_search,0,1,1,1,2.668711493864277,64,0.7099999929778278,5,9
stage1,digits_0_vs_1,3,46,digits_0_vs_1|3|46,treesat_exact,1,0,0,1,0.6218050991085771,1,0.05900001269765198,5,9
stage1,digits_0_vs_1,3,46,digits_0_vs_1|3|46,leaf_enum_bruteforce,1,0,0,1,0.6218050991085771,1,0.037299992982298136,5,9
stage1,digits_0_vs_1,3,46,digits_0_vs_1|3|46,nearest_neighbor,1,0,0,1,10.758328858143962,43,0.01719998545013368,5,9
stage1,digits_0_vs_1,3,46,digits_0_vs_1|3|46,random_search,1,0,0,1,2.6281181990528837,64,0.7190000033006072,5,9
stage1,digits_0_vs_1,3,47,digits_0_vs_1|3|47,treesat_exact,0,1,1,1,0.4836271966921141,1,0.06230000872164965,5,9
stage1,digits_0_vs_1,3,47,digits_0_vs_1|3|47,leaf_enum_bruteforce,0,1,1,1,0.4836271966921141,1,0.15430001076310873,5,9
stage1,digits_0_vs_1,3,47,digits_0_vs_1|3|47,nearest_neighbor,0,1,1,1,7.937075392367383,31,0.021299987565726042,5,9
stage1,digits_0_vs_1,3,47,digits_0_vs_1|3|47,random_search,0,1,1,1,1.5889899990595129,64,0.7343000033870339,5,9
stage1,digits_0_vs_1,3,48,digits_0_vs_1|3|48,treesat_exact,0,1,1,1,0.4836271966921141,1,0.06910000229254365,5,9
stage1,digits_0_vs_1,3,48,digits_0_vs_1|3|48,leaf_enum_bruteforce,0,1,1,1,0.4836271966921141,1,0.14449999434873462,5,9
stage1,digits_0_vs_1,3,48,digits_0_vs_1|3|48,nearest_neighbor,0,1,1,1,8.241102060935523,37,0.030099996365606785,5,9
stage1,digits_0_vs_1,3,48,digits_0_vs_1|3|48,random_search,0,1,1,1,2.4164040082209888,64,0.6322000117506832,5,9
stage1,digits_0_vs_1,3,49,digits_0_vs_1|3|49,treesat_exact,0,1,1,1,0.4836271966921141,1,0.0591999851167202,5,9
stage1,digits_0_vs_1,3,49,digits_0_vs_1|3|49,leaf_enum_bruteforce,0,1,1,1,0.4836271966921141,1,0.1289999927394092,5,9
stage1,digits_0_vs_1,3,49,digits_0_vs_1|3|49,nearest_neighbor,0,1,1,1,8.816600919196356,38,0.014899997040629387,5,9
stage1,digits_0_vs_1,3,49,digits_0_vs_1|3|49,random_search,0,1,1,1,1.5430135838872947,64,0.6990999972913414,5,9
stage1,digits_0_vs_1,3,50,digits_0_vs_1|3|50,treesat_exact,0,1,1,1,0.06909046076685493,1,0.063000014051795,5,9
stage1,digits_0_vs_1,3,50,digits_0_vs_1|3|50,leaf_enum_bruteforce,0,1,1,1,0.06909046076685493,1,0.14930000179447234,5,9
stage1,digits_0_vs_1,3,50,digits_0_vs_1|3|50,nearest_neighbor,0,1,1,1,4.369157856318325,21,0.018499995348975062,5,9
stage1,digits_0_vs_1,3,50,digits_0_vs_1|3|50,random_search,0,1,1,1,0.3502495584366356,64,0.6882000016048551,5,9
stage1,digits_0_vs_1,3,51,digits_0_vs_1|3|51,treesat_exact,1,0,0,1,1.5890574829341821,1,0.0543000060133636,5,9
stage1,digits_0_vs_1,3,51,digits_0_vs_1|3|51,leaf_enum_bruteforce,1,0,0,1,1.5890574829341821,1,0.03479997394606471,5,9
stage1,digits_0_vs_1,3,51,digits_0_vs_1|3|51,nearest_neighbor,1,0,0,1,9.135213081556786,30,0.0185999961104244,5,9
stage1,digits_0_vs_1,3,51,digits_0_vs_1|3|51,random_search,1,0,0,1,6.664636706158944,64,0.6314000056590885,5,9
stage1,digits_0_vs_1,3,52,digits_0_vs_1|3|52,treesat_exact,1,0,0,1,1.2322790955149265,2,0.053099996875971556,5,9
stage1,digits_0_vs_1,3,52,digits_0_vs_1|3|52,leaf_enum_bruteforce,1,0,0,1,1.2322790955149265,2,0.039000005926936865,5,9
stage1,digits_0_vs_1,3,52,digits_0_vs_1|3|52,nearest_neighbor,1,0,0,1,10.257352214355741,39,0.01479999627918005,5,9
stage1,digits_0_vs_1,3,52,digits_0_vs_1|3|52,random_search,1,0,0,1,5.0659500458255,64,0.6094000127632171,5,9
stage1,digits_0_vs_1,3,53,digits_0_vs_1|3|53,treesat_exact,0,1,1,1,0.4836271966921141,1,0.05930001498199999,5,9
stage1,digits_0_vs_1,3,53,digits_0_vs_1|3|53,leaf_enum_bruteforce,0,1,1,1,0.4836271966921141,1,0.12849998893216252,5,9
stage1,digits_0_vs_1,3,53,digits_0_vs_1|3|53,nearest_neighbor,0,1,1,1,10.768163957235013,38,0.015300000086426735,5,9
stage1,digits_0_vs_1,3,53,digits_0_vs_1|3|53,random_search,0,1,1,1,2.553941486533304,64,0.671599991619587,5,9
stage1,digits_0_vs_1,3,54,digits_0_vs_1|3|54,treesat_exact,1,0,0,1,1.7488214377922031,2,0.05599998985417187,5,9
stage1,digits_0_vs_1,3,54,digits_0_vs_1|3|54,leaf_enum_bruteforce,1,0,0,1,1.7488214377922031,2,0.03840000135824084,5,9
stage1,digits_0_vs_1,3,54,digits_0_vs_1|3|54,nearest_neighbor,1,0,0,1,8.210060091095297,31,0.016200006939470768,5,9
stage1,digits_0_vs_1,3,54,digits_0_vs_1|3|54,random_search,1,0,-1,0,,-1,0.604200002271682,5,9
stage1,digits_0_vs_1,3,55,digits_0_vs_1|3|55,treesat_exact,0,1,1,1,0.4836271966921141,1,0.06130000110715628,5,9
stage1,digits_0_vs_1,3,55,digits_0_vs_1|3|55,leaf_enum_bruteforce,0,1,1,1,0.4836271966921141,1,0.13420000323094428,5,9
stage1,digits_0_vs_1,3,55,digits_0_vs_1|3|55,nearest_neighbor,0,1,1,1,9.879832445843313,39,0.015500001609325409,5,9
stage1,digits_0_vs_1,3,55,digits_0_vs_1|3|55,random_search,0,1,1,1,1.5327138021427569,64,0.6463000026997179,5,9
stage1,digits_0_vs_1,3,56,digits_0_vs_1|3|56,treesat_exact,1,0,0,1,0.09130675740818273,1,0.1770000089891255,5,9
stage1,digits_0_vs_1,3,56,digits_0_vs_1|3|56,leaf_enum_bruteforce,1,0,0,1,0.09130675740818273,1,0.08719999459572136,5,9
stage1,digits_0_vs_1,3,56,digits_0_vs_1|3|56,nearest_neighbor,1,0,0,1,33.32030441242681,36,0.03029999788850546,5,9
stage1,digits_0_vs_1,3,56,digits_0_vs_1|3|56,random_search,1,0,0,1,0.32213612039699874,64,0.8974000229500234,5,9
stage1,digits_0_vs_1,3,57,digits_0_vs_1|3|57,treesat_exact,1,0,0,1,1.6232338095119059,3,0.06219997885636985,5,9
stage1,digits_0_vs_1,3,57,digits_0_vs_1|3|57,leaf_enum_bruteforce,1,0,0,1,1.6232338095119059,3,0.041700026486068964,5,9
stage1,digits_0_vs_1,3,57,digits_0_vs_1|3|57,nearest_neighbor,1,0,0,1,8.853536075038743,27,0.04089999129064381,5,9
stage1,digits_0_vs_1,3,57,digits_0_vs_1|3|57,random_search,1,0,-1,0,,-1,0.7000000041443855,5,9
stage1,digits_0_vs_1,3,58,digits_0_vs_1|3|58,treesat_exact,1,0,0,1,1.4765092228126204,2,0.05849997978657484,5,9
stage1,digits_0_vs_1,3,58,digits_0_vs_1|3|58,leaf_enum_bruteforce,1,0,0,1,1.4765092228126204,2,0.040399987483397126,5,9
stage1,digits_0_vs_1,3,58,digits_0_vs_1|3|58,nearest_neighbor,1,0,0,1,7.315855439488625,30,0.017300015315413475,5,9
stage1,digits_0_vs_1,3,58,digits_0_vs_1|3|58,random_search,1,0,0,1,6.079277378610978,64,0.658900011330843,5,9
stage1,digits_0_vs_1,3,59,digits_0_vs_1|3|59,treesat_exact,0,1,1,1,0.4565271086256105,1,0.06560000474564731,5,9
stage1,digits_0_vs_1,3,59,digits_0_vs_1|3|59,leaf_enum_bruteforce,0,1,1,1,0.4565271086256105,1,0.1422999775968492,5,9
stage1,digits_0_vs_1,3,59,digits_0_vs_1|3|59,nearest_neighbor,0,1,1,1,9.721569024398205,37,0.01990000600926578,5,9
stage1,digits_0_vs_1,3,59,digits_0_vs_1|3|59,random_search,0,1,1,1,1.4415935280563321,64,0.6980000180192292,5,9
stage1,digits_0_vs_1,4,0,digits_0_vs_1|4|0,treesat_exact,1,0,0,1,1.758917935598336,2,0.079699995694682,4,7
stage1,digits_0_vs_1,4,0,digits_0_vs_1|4|0,leaf_enum_bruteforce,1,0,0,1,1.758917935598336,2,0.04539999645203352,4,7
stage1,digits_0_vs_1,4,0,digits_0_vs_1|4|0,nearest_neighbor,1,0,0,1,6.316660790172161,35,0.024900014977902174,4,7
stage1,digits_0_vs_1,4,0,digits_0_vs_1|4|0,random_search,1,0,0,1,8.428445234819229,64,0.6969999813009053,4,7
stage1,digits_0_vs_1,4,1,digits_0_vs_1|4|1,treesat_exact,1,0,0,1,1.586236845962265,1,0.05830000736750662,4,7
stage1,digits_0_vs_1,4,1,digits_0_vs_1|4|1,leaf_enum_bruteforce,1,0,0,1,1.586236845962265,1,0.039700011257082224,4,7
stage1,digits_0_vs_1,4,1,digits_0_vs_1|4|1,nearest_neighbor,1,0,0,1,7.56657039090579,30,0.017000013031065464,4,7
stage1,digits_0_vs_1,4,1,digits_0_vs_1|4|1,random_search,1,0,0,1,5.608891332525226,64,0.6588000105693936,4,7
stage1,digits_0_vs_1,4,2,digits_0_vs_1|4|2,treesat_exact,0,1,1,1,0.4827687219952597,1,0.06370001938194036,4,7
stage1,digits_0_vs_1,4,2,digits_0_vs_1|4|2,leaf_enum_bruteforce,0,1,1,1,0.4827687219952597,1,0.1427999814040959,4,7
stage1,digits_0_vs_1,4,2,digits_0_vs_1|4|2,nearest_neighbor,0,1,1,1,8.2090444036065,38,0.019099999917671084,4,7
stage1,digits_0_vs_1,4,2,digits_0_vs_1|4|2,random_search,0,1,1,1,2.53792755616194,64,0.6799999973736703,4,7
stage1,digits_0_vs_1,4,3,digits_0_vs_1|4|3,treesat_exact,1,0,0,1,1.7329227276753691,2,0.05590001819655299,4,7
stage1,digits_0_vs_1,4,3,digits_0_vs_1|4|3,leaf_enum_bruteforce,1,0,0,1,1.7329227276753691,2,0.036999990697950125,4,7
stage1,digits_0_vs_1,4,3,digits_0_vs_1|4|3,nearest_neighbor,1,0,0,1,8.127951243119714,25,0.015099998563528061,4,7
stage1,digits_0_vs_1,4,3,digits_0_vs_1|4|3,random_search,1,0,-1,0,,-1,0.7727999764028937,4,7
stage1,digits_0_vs_1,4,4,digits_0_vs_1|4|4,treesat_exact,1,0,0,1,1.7241704838261,1,0.062000006437301636,4,7
stage1,digits_0_vs_1,4,4,digits_0_vs_1|4|4,leaf_enum_bruteforce,1,0,0,1,1.7241704838261,1,0.03860000288113952,4,7
stage1,digits_0_vs_1,4,4,digits_0_vs_1|4|4,nearest_neighbor,1,0,0,1,7.857673655029879,33,0.016600009985268116,4,7
stage1,digits_0_vs_1,4,4,digits_0_vs_1|4|4,random_search,1,0,0,1,6.120524149690663,64,0.6237000052351505,4,7
stage1,digits_0_vs_1,4,5,digits_0_vs_1|4|5,treesat_exact,0,1,1,1,0.4827687219952597,1,0.0610999995842576,4,7
stage1,digits_0_vs_1,4,5,digits_0_vs_1|4|5,leaf_enum_bruteforce,0,1,1,1,0.4827687219952597,1,0.10470001143403351,4,7
stage1,digits_0_vs_1,4,5,digits_0_vs_1|4|5,nearest_neighbor,0,1,1,1,8.740139085707508,40,0.016600009985268116,4,7
stage1,digits_0_vs_1,4,5,digits_0_vs_1|4|5,random_search,0,1,1,1,2.348603718839912,64,0.6540000031236559,4,7
stage1,digits_0_vs_1,4,6,digits_0_vs_1|4|6,treesat_exact,0,1,1,1,0.4827687219952597,1,0.05740000051446259,4,7
stage1,digits_0_vs_1,4,6,digits_0_vs_1|4|6,leaf_enum_bruteforce,0,1,1,1,0.4827687219952597,1,0.09739998495206237,4,7
stage1,digits_0_vs_1,4,6,digits_0_vs_1|4|6,nearest_neighbor,0,1,1,1,8.952869411768734,39,0.014500023098662496,4,7
stage1,digits_0_vs_1,4,6,digits_0_vs_1|4|6,random_search,0,1,1,1,2.641415040881276,64,0.6689000001642853,4,7
stage1,digits_0_vs_1,4,7,digits_0_vs_1|4|7,treesat_exact,0,1,1,1,0.4827687219952597,1,0.05810000584460795,4,7
stage1,digits_0_vs_1,4,7,digits_0_vs_1|4|7,leaf_enum_bruteforce,0,1,1,1,0.4827687219952597,1,0.1010000123642385,4,7
stage1,digits_0_vs_1,4,7,digits_0_vs_1|4|7,nearest_neighbor,0,1,1,1,9.035304225688652,37,0.014699995517730713,4,7
stage1,digits_0_vs_1,4,7,digits_0_vs_1|4|7,random_search,0,1,1,1,1.3877520293115733,64,0.692599976900965,4,7
stage1,digits_0_vs_1,4,8,digits_0_vs_1|4|8,treesat_exact,0,1,1,1,0.20690144626758972,1,0.05759997293353081,4,7
stage1,digits_0_vs_1,4,8,digits_0_vs_1|4|8,leaf_enum_bruteforce,0,1,1,1,0.20690144626758972,1,0.10090001160278916,4,7
stage1,digits_0_vs_1,4,8,digits_0_vs_1|4|8,nearest_neighbor,0,1,1,1,8.091173102520674,38,0.014699995517730713,4,7
stage1,digits_0_vs_1,4,8,digits_0_vs_1|4|8,random_search,0,1,1,1,0.7134160959407042,64,0.8758000039961189,4,7
stage1,digits_0_vs_1,4,9,digits_0_vs_1|4|9,treesat_exact,1,0,0,1,1.7241704838261,1,0.07259999983943999,4,7
stage1,digits_0_vs_1,4,9,digits_0_vs_1|4|9,leaf_enum_bruteforce,1,0,0,1,1.7241704838261,1,0.045599997974932194,4,7
stage1,digits_0_vs_1,4,9,digits_0_vs_1|4|9,nearest_neighbor,1,0,0,1,7.5778926825290815,31,0.019800005247816443,4,7
stage1,digits_0_vs_1,4,9,digits_0_vs_1|4|9,random_search,1,0,0,1,8.008232050073316,64,0.662600010400638,4,7
stage1,digits_0_vs_1,4,10,digits_0_vs_1|4|10,treesat_exact,1,0,0,1,0.3478914297196529,1,0.05780000356025994,4,7
stage1,digits_0_vs_1,4,10,digits_0_vs_1|4|10,leaf_enum_bruteforce,1,0,0,1,0.3478914297196529,1,0.04010001430287957,4,7
stage1,digits_0_vs_1,4,10,digits_0_vs_1|4|10,nearest_neighbor,1,0,0,1,9.399828418432756,41,0.016999983927235007,4,7
stage1,digits_0_vs_1,4,10,digits_0_vs_1|4|10,random_search,1,0,0,1,1.4245348551155863,64,0.6463000026997179,4,7
stage1,digits_0_vs_1,4,11,digits_0_vs_1|4|11,treesat_exact,0,1,1,1,0.4827687219952597,1,0.06130000110715628,4,7
stage1,digits_0_vs_1,4,11,digits_0_vs_1|4|11,leaf_enum_bruteforce,0,1,1,1,0.4827687219952597,1,0.10209999163635075,4,7
stage1,digits_0_vs_1,4,11,digits_0_vs_1|4|11,nearest_neighbor,0,1,1,1,8.48410718644362,36,0.01689998316578567,4,7
stage1,digits_0_vs_1,4,11,digits_0_vs_1|4|11,random_search,0,1,1,1,2.694680691821694,64,1.0864999785553664,4,7
stage1,digits_0_vs_1,4,12,digits_0_vs_1|4|12,treesat_exact,0,1,1,1,0.4827687219952597,1,0.12009998317807913,4,7
stage1,digits_0_vs_1,4,12,digits_0_vs_1|4|12,leaf_enum_bruteforce,0,1,1,1,0.4827687219952597,1,0.2237000153400004,4,7
stage1,digits_0_vs_1,4,12,digits_0_vs_1|4|12,nearest_neighbor,0,1,1,1,6.926473335642267,36,0.031400006264448166,4,7
stage1,digits_0_vs_1,4,12,digits_0_vs_1|4|12,random_search,0,1,1,1,2.5662642447377193,64,1.2454999960027635,4,7
stage1,digits_0_vs_1,4,13,digits_0_vs_1|4|13,treesat_exact,0,1,1,1,0.4827687219952597,1,0.09240000508725643,4,7
stage1,digits_0_vs_1,4,13,digits_0_vs_1|4|13,leaf_enum_bruteforce,0,1,1,1,0.4827687219952597,1,0.16510000568814576,4,7
stage1,digits_0_vs_1,4,13,digits_0_vs_1|4|13,nearest_neighbor,0,1,1,1,8.989683778664837,40,0.024200009647756815,4,7
stage1,digits_0_vs_1,4,13,digits_0_vs_1|4|13,random_search,0,1,1,1,2.448140725890978,64,0.9929999941959977,4,7
stage1,digits_0_vs_1,4,14,digits_0_vs_1|4|14,treesat_exact,1,0,0,1,1.7241704838261,1,0.08969998452812433,4,7
stage1,digits_0_vs_1,4,14,digits_0_vs_1|4|14,leaf_enum_bruteforce,1,0,0,1,1.7241704838261,1,0.06729998858645558,4,7
stage1,digits_0_vs_1,4,14,digits_0_vs_1|4|14,nearest_neighbor,1,0,0,1,8.116327959125687,35,0.024100008886307478,4,7
stage1,digits_0_vs_1,4,14,digits_0_vs_1|4|14,random_search,1,0,0,1,6.048487610097221,64,0.8774999878369272,4,7
stage1,digits_0_vs_1,4,15,digits_0_vs_1|4|15,treesat_exact,0,1,1,1,0.4827687219952597,1,0.07729997741989791,4,7
stage1,digits_0_vs_1,4,15,digits_0_vs_1|4|15,leaf_enum_bruteforce,0,1,1,1,0.4827687219952597,1,0.1340000017080456,4,7
stage1,digits_0_vs_1,4,15,digits_0_vs_1|4|15,nearest_neighbor,0,1,1,1,8.789204958788192,39,0.019800005247816443,4,7
stage1,digits_0_vs_1,4,15,digits_0_vs_1|4|15,random_search,0,1,1,1,1.6578448485281492,64,0.8433999901171774,4,7
stage1,digits_0_vs_1,4,16,digits_0_vs_1|4|16,treesat_exact,1,0,0,1,0.2069004673239152,1,0.07339997682720423,4,7
stage1,digits_0_vs_1,4,16,digits_0_vs_1|4|16,leaf_enum_bruteforce,1,0,0,1,0.2069004673239152,1,0.04900002386420965,4,7
stage1,digits_0_vs_1,4,16,digits_0_vs_1|4|16,nearest_neighbor,1,0,0,1,10.610439284302151,38,0.018099992303177714,4,7
stage1,digits_0_vs_1,4,16,digits_0_vs_1|4|16,random_search,1,0,0,1,0.8817450646481589,64,0.7329999934881926,4,7
stage1,digits_0_vs_1,4,17,digits_0_vs_1|4|17,treesat_exact,0,1,1,1,0.4827687219952597,1,0.06609997944906354,4,7
stage1,digits_0_vs_1,4,17,digits_0_vs_1|4|17,leaf_enum_bruteforce,0,1,1,1,0.4827687219952597,1,0.11500000255182385,4,7
stage1,digits_0_vs_1,4,17,digits_0_vs_1|4|17,nearest_neighbor,0,1,1,1,6.529167206575425,31,0.017099984688684344,4,7
stage1,digits_0_vs_1,4,17,digits_0_vs_1|4|17,random_search,0,1,1,1,2.2712333236296325,64,0.7156999781727791,4,7
stage1,digits_0_vs_1,4,18,digits_0_vs_1|4|18,treesat_exact,0,1,1,1,0.4827687219952597,1,0.05949998740106821,4,7
stage1,digits_0_vs_1,4,18,digits_0_vs_1|4|18,leaf_enum_bruteforce,0,1,1,1,0.4827687219952597,1,0.10079998173750937,4,7
stage1,digits_0_vs_1,4,18,digits_0_vs_1|4|18,nearest_neighbor,0,1,1,1,9.016543612900744,40,0.015600002370774746,4,7
stage1,digits_0_vs_1,4,18,digits_0_vs_1|4|18,random_search,0,1,1,1,2.807362999760519,64,0.7403999916277826,4,7
stage1,digits_0_vs_1,4,19,digits_0_vs_1|4|19,treesat_exact,0,1,1,1,0.3448350841314248,1,0.06689998554065824,4,7
stage1,digits_0_vs_1,4,19,digits_0_vs_1|4|19,leaf_enum_bruteforce,0,1,1,1,0.3448350841314248,1,0.10879998444579542,4,7
stage1,digits_0_vs_1,4,19,digits_0_vs_1|4|19,nearest_neighbor,0,1,1,1,8.915711737344544,38,0.01990000600926578,4,7
stage1,digits_0_vs_1,4,19,digits_0_vs_1|4|19,random_search,0,1,1,1,1.2927811801564224,64,0.7146999996621162,4,7
stage1,digits_0_vs_1,4,20,digits_0_vs_1|4|20,treesat_exact,0,1,1,1,0.4827687219952597,1,0.061700004152953625,4,7
stage1,digits_0_vs_1,4,20,digits_0_vs_1|4|20,leaf_enum_bruteforce,0,1,1,1,0.4827687219952597,1,0.10320000001229346,4,7
stage1,digits_0_vs_1,4,20,digits_0_vs_1|4|20,nearest_neighbor,0,1,1,1,9.696880372945724,39,0.015400000847876072,4,7
stage1,digits_0_vs_1,4,20,digits_0_vs_1|4|20,random_search,0,1,1,1,2.661476508615376,64,0.6341999978758395,4,7
stage1,digits_0_vs_1,4,21,digits_0_vs_1|4|21,treesat_exact,1,0,0,1,1.7329227276753691,2,0.2851999888662249,4,7
stage1,digits_0_vs_1,4,21,digits_0_vs_1|4|21,leaf_enum_bruteforce,1,0,0,1,1.7329227276753691,2,0.044899992644786835,4,7
stage1,digits_0_vs_1,4,21,digits_0_vs_1|4|21,nearest_neighbor,1,0,0,1,10.276931657041748,32,0.02400000812485814,4,7
stage1,digits_0_vs_1,4,21,digits_0_vs_1|4|21,random_search,1,0,0,1,9.49061926725624,64,0.6402999861165881,4,7
stage1,digits_0_vs_1,4,22,digits_0_vs_1|4|22,treesat_exact,0,1,1,1,0.4827687219952597,1,0.06500000017695129,4,7
stage1,digits_0_vs_1,4,22,digits_0_vs_1|4|22,leaf_enum_bruteforce,0,1,1,1,0.4827687219952597,1,0.10340000153519213,4,7
stage1,digits_0_vs_1,4,22,digits_0_vs_1|4|22,nearest_neighbor,0,1,1,1,6.224245327541372,33,0.016700010746717453,4,7
stage1,digits_0_vs_1,4,22,digits_0_vs_1|4|22,random_search,0,1,1,1,2.460242983285718,64,0.6241000082809478,4,7
stage1,digits_0_vs_1,4,23,digits_0_vs_1|4|23,treesat_exact,1,0,0,1,1.7329227276753691,2,0.05360000068321824,4,7
stage1,digits_0_vs_1,4,23,digits_0_vs_1|4|23,leaf_enum_bruteforce,1,0,0,1,1.7329227276753691,2,0.04529999569058418,4,7
stage1,digits_0_vs_1,4,23,digits_0_vs_1|4|23,nearest_neighbor,1,0,0,1,8.430848418675835,29,0.015300000086426735,4,7
stage1,digits_0_vs_1,4,23,digits_0_vs_1|4|23,random_search,1,0,0,1,8.283951036116688,64,0.6019000138621777,4,7
stage1,digits_0_vs_1,4,24,digits_0_vs_1|4|24,treesat_exact,0,1,1,1,0.4827687219952597,1,0.05740000051446259,4,7
stage1,digits_0_vs_1,4,24,digits_0_vs_1|4|24,leaf_enum_bruteforce,0,1,1,1,0.4827687219952597,1,0.10080001084133983,4,7
stage1,digits_0_vs_1,4,24,digits_0_vs_1|4|24,nearest_neighbor,0,1,1,1,8.716910408133923,36,0.01479999627918005,4,7
stage1,digits_0_vs_1,4,24,digits_0_vs_1|4|24,random_search,0,1,1,1,2.539922614438027,64,0.6192000000737607,4,7
stage1,digits_0_vs_1,4,25,digits_0_vs_1|4|25,treesat_exact,0,1,1,1,0.4827687219952597,1,0.056899996707215905,4,7
stage1,digits_0_vs_1,4,25,digits_0_vs_1|4|25,leaf_enum_bruteforce,0,1,1,1,0.4827687219952597,1,0.0990999978967011,4,7
stage1,digits_0_vs_1,4,25,digits_0_vs_1|4|25,nearest_neighbor,0,1,1,1,10.11141276350283,37,0.01479999627918005,4,7
stage1,digits_0_vs_1,4,25,digits_0_vs_1|4|25,random_search,0,1,1,1,2.544964637012914,64,0.645000021904707,4,7
stage1,digits_0_vs_1,4,26,digits_0_vs_1|4|26,treesat_exact,1,0,0,1,1.758917935598336,2,0.055199983762577176,4,7
stage1,digits_0_vs_1,4,26,digits_0_vs_1|4|26,leaf_enum_bruteforce,1,0,0,1,1.758917935598336,2,0.03739999374374747,4,7
stage1,digits_0_vs_1,4,26,digits_0_vs_1|4|26,nearest_neighbor,1,0,0,1,8.067281767550243,37,0.014299992471933365,4,7
stage1,digits_0_vs_1,4,26,digits_0_vs_1|4|26,random_search,1,0,-1,0,,-1,0.6073000258766115,4,7
stage1,digits_0_vs_1,4,27,digits_0_vs_1|4|27,treesat_exact,1,0,0,1,1.586236845962265,1,0.055599986808374524,4,7
stage1,digits_0_vs_1,4,27,digits_0_vs_1|4|27,leaf_enum_bruteforce,1,0,0,1,1.586236845962265,1,0.036200013710185885,4,7
stage1,digits_0_vs_1,4,27,digits_0_vs_1|4|27,nearest_neighbor,1,0,0,1,7.467850781625289,31,0.014899997040629387,4,7
stage1,digits_0_vs_1,4,27,digits_0_vs_1|4|27,random_search,1,0,0,1,5.4619885550168785,64,0.6732000038027763,4,7
stage1,digits_0_vs_1,4,28,digits_0_vs_1|4|28,treesat_exact,0,1,1,1,0.4827687219952597,1,0.058999983593821526,4,7
stage1,digits_0_vs_1,4,28,digits_0_vs_1|4|28,leaf_enum_bruteforce,0,1,1,1,0.4827687219952597,1,0.10289999772794545,4,7
stage1,digits_0_vs_1,4,28,digits_0_vs_1|4|28,nearest_neighbor,0,1,1,1,9.299593658357564,36,0.015199999324977398,4,7
stage1,digits_0_vs_1,4,28,digits_0_vs_1|4|28,random_search,0,1,1,1,1.5109601706332847,64,0.6389000045601279,4,7
stage1,digits_0_vs_1,4,29,digits_0_vs_1|4|29,treesat_exact,1,0,0,1,1.7241704838261,1,0.053800002206116915,4,7
stage1,digits_0_vs_1,4,29,digits_0_vs_1|4|29,leaf_enum_bruteforce,1,0,0,1,1.7241704838261,1,0.03660001675598323,4,7
stage1,digits_0_vs_1,4,29,digits_0_vs_1|4|29,nearest_neighbor,1,0,0,1,6.903567153129515,31,0.014999997802078724,4,7
stage1,digits_0_vs_1,4,29,digits_0_vs_1|4|29,random_search,1,0,0,1,6.0756268605057775,64,0.6487999926321208,4,7
stage1,digits_0_vs_1,4,30,digits_0_vs_1|4|30,treesat_exact,1,0,0,1,1.758917935598336,2,0.05940001574344933,4,7
stage1,digits_0_vs_1,4,30,digits_0_vs_1|4|30,leaf_enum_bruteforce,1,0,0,1,1.758917935598336,2,0.03659998765215278,4,7
stage1,digits_0_vs_1,4,30,digits_0_vs_1|4|30,nearest_neighbor,1,0,0,1,6.434889816002016,34,0.014599994756281376,4,7
stage1,digits_0_vs_1,4,30,digits_0_vs_1|4|30,random_search,1,0,-1,0,,-1,0.6107999943196774,4,7
stage1,digits_0_vs_1,4,31,digits_0_vs_1|4|31,treesat_exact,1,0,0,1,1.758917935598336,2,0.054800009820610285,4,7
stage1,digits_0_vs_1,4,31,digits_0_vs_1|4|31,leaf_enum_bruteforce,1,0,0,1,1.758917935598336,2,0.03640001523308456,4,7
stage1,digits_0_vs_1,4,31,digits_0_vs_1|4|31,nearest_neighbor,1,0,0,1,8.693543315621783,36,0.014199991710484028,4,7
stage1,digits_0_vs_1,4,31,digits_0_vs_1|4|31,random_search,1,0,0,1,6.181759658295172,64,0.6322000117506832,4,7
stage1,digits_0_vs_1,4,32,digits_0_vs_1|4|32,treesat_exact,1,0,0,1,1.7241704838261,1,0.056199991377070546,4,7
stage1,digits_0_vs_1,4,32,digits_0_vs_1|4|32,leaf_enum_bruteforce,1,0,0,1,1.7241704838261,1,0.03860000288113952,4,7
stage1,digits_0_vs_1,4,32,digits_0_vs_1|4|32,nearest_neighbor,1,0,0,1,8.620797651360151,31,0.015300000086426735,4,7
stage1,digits_0_vs_1,4,32,digits_0_vs_1|4|32,random_search,1,0,0,1,6.3299079511627365,64,0.611299998126924,4,7
stage1,digits_0_vs_1,4,33,digits_0_vs_1|4|33,treesat_exact,0,1,1,1,0.4827687219952597,1,0.059200014220550656,4,7
stage1,digits_0_vs_1,4,33,digits_0_vs_1|4|33,leaf_enum_bruteforce,0,1,1,1,0.4827687219952597,1,0.09929999941959977,4,7
stage1,digits_0_vs_1,4,33,digits_0_vs_1|4|33,nearest_neighbor,0,1,1,1,7.3325272336646545,40,0.014600023860111833,4,7
stage1,digits_0_vs_1,4,33,digits_0_vs_1|4|33,random_search,0,1,1,1,1.4267180821727046,64,0.6244000105652958,4,7
stage1,digits_0_vs_1,4,34,digits_0_vs_1|4|34,treesat_exact,0,1,1,1,0.4827687219952597,1,0.057199998991563916,4,7
stage1,digits_0_vs_1,4,34,digits_0_vs_1|4|34,leaf_enum_bruteforce,0,1,1,1,0.4827687219952597,1,0.16339999274350703,4,7
stage1,digits_0_vs_1,4,34,digits_0_vs_1|4|34,nearest_neighbor,0,1,1,1,9.448979287409465,41,0.016999983927235007,4,7
stage1,digits_0_vs_1,4,34,digits_0_vs_1|4|34,random_search,0,1,1,1,1.5629546749343235,64,0.6489000224974006,4,7
stage1,digits_0_vs_1,4,35,digits_0_vs_1|4|35,treesat_exact,1,0,0,1,1.758917935598336,2,0.05400000372901559,4,7
stage1,digits_0_vs_1,4,35,digits_0_vs_1|4|35,leaf_enum_bruteforce,1,0,0,1,1.758917935598336,2,0.035999983083456755,4,7
stage1,digits_0_vs_1,4,35,digits_0_vs_1|4|35,nearest_neighbor,1,0,0,1,9.30484513564015,40,0.01470002462156117,4,7
stage1,digits_0_vs_1,4,35,digits_0_vs_1|4|35,random_search,1,0,0,1,6.558104026441809,64,0.5975000094622374,4,7
stage1,digits_0_vs_1,4,36,digits_0_vs_1|4|36,treesat_exact,1,0,0,1,0.0689668294600802,1,0.05189998773857951,4,7
stage1,digits_0_vs_1,4,36,digits_0_vs_1|4|36,leaf_enum_bruteforce,1,0,0,1,0.0689668294600802,1,0.034999975468963385,4,7
stage1,digits_0_vs_1,4,36,digits_0_vs_1|4|36,nearest_neighbor,1,0,0,1,3.958969591432133,27,0.014600023860111833,4,7
stage1,digits_0_vs_1,4,36,digits_0_vs_1|4|36,random_search,1,0,0,1,0.36499116782917823,64,0.6388000037986785,4,7
stage1,digits_0_vs_1,4,37,digits_0_vs_1|4|37,treesat_exact,1,0,0,1,1.7241704838261,1,0.05189998773857951,4,7
stage1,digits_0_vs_1,4,37,digits_0_vs_1|4|37,leaf_enum_bruteforce,1,0,0,1,1.7241704838261,1,0.035200006095692515,4,7
stage1,digits_0_vs_1,4,37,digits_0_vs_1|4|37,nearest_neighbor,1,0,0,1,7.696478489350156,28,0.013900018529966474,4,7
stage1,digits_0_vs_1,4,37,digits_0_vs_1|4|37,random_search,1,0,0,1,5.997745938428677,64,0.8667000220157206,4,7
stage1,digits_0_vs_1,4,38,digits_0_vs_1|4|38,treesat_exact,0,1,1,1,0.4827687219952597,1,0.13100000796839595,4,7
stage1,digits_0_vs_1,4,38,digits_0_vs_1|4|38,leaf_enum_bruteforce,0,1,1,1,0.4827687219952597,1,0.12420001439750195,4,7
stage1,digits_0_vs_1,4,38,digits_0_vs_1|4|38,nearest_neighbor,0,1,1,1,6.8855772510304885,37,0.06199997733347118,4,7
stage1,digits_0_vs_1,4,38,digits_0_vs_1|4|38,random_search,0,1,1,1,1.2924965551029706,64,0.7108999998308718,4,7
stage1,digits_0_vs_1,4,39,digits_0_vs_1|4|39,treesat_exact,0,1,1,1,0.4827687219952597,1,0.0619000056758523,4,7
stage1,digits_0_vs_1,4,39,digits_0_vs_1|4|39,leaf_enum_bruteforce,0,1,1,1,0.4827687219952597,1,0.1078000059351325,4,7
stage1,digits_0_vs_1,4,39,digits_0_vs_1|4|39,nearest_neighbor,0,1,1,1,10.650885316472914,38,0.20100001711398363,4,7
stage1,digits_0_vs_1,4,39,digits_0_vs_1|4|39,random_search,0,1,1,1,2.499603134131381,64,5.336300004273653,4,7
stage1,digits_0_vs_1,4,40,digits_0_vs_1|4|40,treesat_exact,0,1,1,1,0.4827687219952597,1,0.3556000010576099,4,7
stage1,digits_0_vs_1,4,40,digits_0_vs_1|4|40,leaf_enum_bruteforce,0,1,1,1,0.4827687219952597,1,0.5470000032801181,4,7
stage1,digits_0_vs_1,4,40,digits_0_vs_1|4|40,nearest_neighbor,0,1,1,1,6.840024545592324,34,0.08089997572824359,4,7
stage1,digits_0_vs_1,4,40,digits_0_vs_1|4|40,random_search,0,1,1,1,2.988109977124626,64,3.4970999986398965,4,7
stage1,digits_0_vs_1,4,41,digits_0_vs_1|4|41,treesat_exact,1,0,0,1,1.4895001273785071,2,0.22829999215900898,4,7
stage1,digits_0_vs_1,4,41,digits_0_vs_1|4|41,leaf_enum_bruteforce,1,0,0,1,1.4895001273785071,2,0.15259999781847,4,7
stage1,digits_0_vs_1,4,41,digits_0_vs_1|4|41,nearest_neighbor,1,0,0,1,7.977619831668077,34,0.063000014051795,4,7
stage1,digits_0_vs_1,4,41,digits_0_vs_1|4|41,random_search,1,0,0,1,7.706042568918434,64,2.144600002793595,4,7
stage1,digits_0_vs_1,4,42,digits_0_vs_1|4|42,treesat_exact,0,1,1,1,0.4827687219952597,1,0.09140002657659352,4,7
stage1,digits_0_vs_1,4,42,digits_0_vs_1|4|42,leaf_enum_bruteforce,0,1,1,1,0.4827687219952597,1,0.6260000227484852,4,7
stage1,digits_0_vs_1,4,42,digits_0_vs_1|4|42,nearest_neighbor,0,1,1,1,9.130529109653972,37,0.07460001506842673,4,7
stage1,digits_0_vs_1,4,42,digits_0_vs_1|4|42,random_search,0,1,1,1,2.42445668635553,64,1.5146999794524163,4,7
stage1,digits_0_vs_1,4,43,digits_0_vs_1|4|43,treesat_exact,1,0,0,1,1.758917935598336,2,0.07239999831654131,4,7
stage1,digits_0_vs_1,4,43,digits_0_vs_1|4|43,leaf_enum_bruteforce,1,0,0,1,1.758917935598336,2,0.050000002374872565,4,7
stage1,digits_0_vs_1,4,43,digits_0_vs_1|4|43,nearest_neighbor,1,0,0,1,8.45857376762731,36,0.023500004317611456,4,7
stage1,digits_0_vs_1,4,43,digits_0_vs_1|4|43,random_search,1,0,0,1,8.762752400742084,64,0.7301000005099922,4,7
stage1,digits_0_vs_1,4,44,digits_0_vs_1|4|44,treesat_exact,1,0,0,1,1.758917935598336,2,0.06500000017695129,4,7
stage1,digits_0_vs_1,4,44,digits_0_vs_1|4|44,leaf_enum_bruteforce,1,0,0,1,1.758917935598336,2,0.04040001658722758,4,7
stage1,digits_0_vs_1,4,44,digits_0_vs_1|4|44,nearest_neighbor,1,0,0,1,6.849837518187714,25,0.01650000922381878,4,7
stage1,digits_0_vs_1,4,44,digits_0_vs_1|4|44,random_search,1,0,0,1,5.559332493680313,64,0.6641999934799969,4,7
stage1,digits_0_vs_1,4,45,digits_0_vs_1|4|45,treesat_exact,0,1,1,1,0.4827687219952597,1,0.07020001066848636,4,7
stage1,digits_0_vs_1,4,45,digits_0_vs_1|4|45,leaf_enum_bruteforce,0,1,1,1,0.4827687219952597,1,0.10930001735687256,4,7
stage1,digits_0_vs_1,4,45,digits_0_vs_1|4|45,nearest_neighbor,0,1,1,1,8.318904887415426,36,0.01960000372491777,4,7
stage1,digits_0_vs_1,4,45,digits_0_vs_1|4|45,random_search,0,1,1,1,2.4082839540397707,64,0.6886000046506524,4,7
stage1,digits_0_vs_1,4,46,digits_0_vs_1|4|46,treesat_exact,1,0,0,1,1.7241704838261,1,0.06409999332390726,4,7
stage1,digits_0_vs_1,4,46,digits_0_vs_1|4|46,leaf_enum_bruteforce,1,0,0,1,1.7241704838261,1,0.03950000973418355,4,7
stage1,digits_0_vs_1,4,46,digits_0_vs_1|4|46,nearest_neighbor,1,0,0,1,7.872142397511497,38,0.015600002370774746,4,7
stage1,digits_0_vs_1,4,46,digits_0_vs_1|4|46,random_search,1,0,0,1,8.240278922972983,64,0.6609999982174486,4,7
stage1,digits_0_vs_1,4,47,digits_0_vs_1|4|47,treesat_exact,0,1,1,1,0.4827687219952597,1,0.07419998291879892,4,7
stage1,digits_0_vs_1,4,47,digits_0_vs_1|4|47,leaf_enum_bruteforce,0,1,1,1,0.4827687219952597,1,0.11010002344846725,4,7
stage1,digits_0_vs_1,4,47,digits_0_vs_1|4|47,nearest_neighbor,0,1,1,1,17.801697139023577,42,0.016299978597089648,4,7
stage1,digits_0_vs_1,4,47,digits_0_vs_1|4|47,random_search,0,1,1,1,1.3668506612979887,64,0.6816000095568597,4,7
stage1,digits_0_vs_1,4,48,digits_0_vs_1|4|48,treesat_exact,1,0,0,1,0.3448341051877502,1,0.05810000584460795,4,7
stage1,digits_0_vs_1,4,48,digits_0_vs_1|4|48,leaf_enum_bruteforce,1,0,0,1,0.3448341051877502,1,0.037299992982298136,4,7
stage1,digits_0_vs_1,4,48,digits_0_vs_1|4|48,nearest_neighbor,1,0,0,1,10.244678431394222,43,0.015300000086426735,4,7
stage1,digits_0_vs_1,4,48,digits_0_vs_1|4|48,random_search,1,0,0,1,1.3269082619861605,64,0.6643999950028956,4,7
stage1,digits_0_vs_1,4,49,digits_0_vs_1|4|49,treesat_exact,1,0,0,1,1.7241704838261,1,0.05640002200379968,4,7
stage1,digits_0_vs_1,4,49,digits_0_vs_1|4|49,leaf_enum_bruteforce,1,0,0,1,1.7241704838261,1,0.039300008211284876,4,7
stage1,digits_0_vs_1,4,49,digits_0_vs_1|4|49,nearest_neighbor,1,0,0,1,7.766151243353856,30,0.016300007700920105,4,7
stage1,digits_0_vs_1,4,49,digits_0_vs_1|4|49,random_search,1,0,0,1,5.663953014009079,64,0.7112000021152198,4,7
stage1,digits_0_vs_1,4,50,digits_0_vs_1|4|50,treesat_exact,0,1,1,1,0.20690144626758972,1,0.06620000931434333,4,7
stage1,digits_0_vs_1,4,50,digits_0_vs_1|4|50,leaf_enum_bruteforce,0,1,1,1,0.20690144626758972,1,0.10320000001229346,4,7
stage1,digits_0_vs_1,4,50,digits_0_vs_1|4|50,nearest_neighbor,0,1,1,1,9.223297901723736,38,0.01580000389367342,4,7
stage1,digits_0_vs_1,4,50,digits_0_vs_1|4|50,random_search,0,1,1,1,0.8252278198779992,64,0.6642999942414463,4,7
stage1,digits_0_vs_1,4,51,digits_0_vs_1|4|51,treesat_exact,1,0,0,1,1.758917935598336,2,0.05679999594576657,4,7
stage1,digits_0_vs_1,4,51,digits_0_vs_1|4|51,leaf_enum_bruteforce,1,0,0,1,1.758917935598336,2,0.04199999966658652,4,7
stage1,digits_0_vs_1,4,51,digits_0_vs_1|4|51,nearest_neighbor,1,0,0,1,7.788131683601706,38,0.015700003132224083,4,7
stage1,digits_0_vs_1,4,51,digits_0_vs_1|4|51,random_search,1,0,0,1,9.269329229010651,64,0.6278000073507428,4,7
stage1,digits_0_vs_1,4,52,digits_0_vs_1|4|52,treesat_exact,1,0,0,1,0.9616983950008337,2,0.05400000372901559,4,7
stage1,digits_0_vs_1,4,52,digits_0_vs_1|4|52,leaf_enum_bruteforce,1,0,0,1,0.9616983950008337,2,0.03679998917505145,4,7
stage1,digits_0_vs_1,4,52,digits_0_vs_1|4|52,nearest_neighbor,1,0,0,1,8.5061930424391,37,0.01479999627918005,4,7
stage1,digits_0_vs_1,4,52,digits_0_vs_1|4|52,random_search,1,0,0,1,4.448937391757137,64,0.6259999936446548,4,7
stage1,digits_0_vs_1,4,53,digits_0_vs_1|4|53,treesat_exact,0,1,1,1,0.4827687219952597,1,0.058900011936202645,4,7
stage1,digits_0_vs_1,4,53,digits_0_vs_1|4|53,leaf_enum_bruteforce,0,1,1,1,0.4827687219952597,1,0.10250002378597856,4,7
stage1,digits_0_vs_1,4,53,digits_0_vs_1|4|53,nearest_neighbor,0,1,1,1,9.888343632720742,36,0.020500010577961802,4,7
stage1,digits_0_vs_1,4,53,digits_0_vs_1|4|53,random_search,0,1,1,1,1.407132320386317,64,0.6420999998226762,4,7
stage1,digits_0_vs_1,4,54,digits_0_vs_1|4|54,treesat_exact,0,1,1,1,0.4827687219952597,1,0.05699999746866524,4,7
stage1,digits_0_vs_1,4,54,digits_0_vs_1|4|54,leaf_enum_bruteforce,0,1,1,1,0.4827687219952597,1,0.10320000001229346,4,7
stage1,digits_0_vs_1,4,54,digits_0_vs_1|4|54,nearest_neighbor,0,1,1,1,8.609227721135795,37,0.014599994756281376,4,7
stage1,digits_0_vs_1,4,54,digits_0_vs_1|4|54,random_search,0,1,1,1,2.493808495035034,64,1.1341999925207347,4,7
stage1,digits_0_vs_1,4,55,digits_0_vs_1|4|55,treesat_exact,0,1,1,1,0.4827687219952597,1,0.10269999620504677,4,7
stage1,digits_0_vs_1,4,55,digits_0_vs_1|4|55,leaf_enum_bruteforce,0,1,1,1,0.4827687219952597,1,0.1269000058528036,4,7
stage1,digits_0_vs_1,4,55,digits_0_vs_1|4|55,nearest_neighbor,0,1,1,1,9.227726280414732,37,0.026299996534362435,4,7
stage1,digits_0_vs_1,4,55,digits_0_vs_1|4|55,random_search,0,1,1,1,2.643864780368866,64,1.0509999992791563,4,7
stage1,digits_0_vs_1,4,56,digits_0_vs_1|4|56,treesat_exact,1,0,0,1,1.7241704838261,1,0.32110000029206276,4,7
stage1,digits_0_vs_1,4,56,digits_0_vs_1|4|56,leaf_enum_bruteforce,1,0,0,1,1.7241704838261,1,0.06680001388303936,4,7
stage1,digits_0_vs_1,4,56,digits_0_vs_1|4|56,nearest_neighbor,1,0,0,1,8.254720064017969,34,0.02989999484270811,4,7
stage1,digits_0_vs_1,4,56,digits_0_vs_1|4|56,random_search,1,0,0,1,5.903112163437598,64,1.1557999823708087,4,7
stage1,digits_0_vs_1,4,57,digits_0_vs_1|4|57,treesat_exact,1,0,0,1,1.586236845962265,1,0.12539999443106353,4,7
stage1,digits_0_vs_1,4,57,digits_0_vs_1|4|57,leaf_enum_bruteforce,1,0,0,1,1.586236845962265,1,0.05470000905916095,4,7
stage1,digits_0_vs_1,4,57,digits_0_vs_1|4|57,nearest_neighbor,1,0,0,1,7.4299321425148,25,0.0633999879937619,4,7
stage1,digits_0_vs_1,4,57,digits_0_vs_1|4|57,random_search,1,0,0,1,7.751262978320441,64,0.9599000040907413,4,7
stage1,digits_0_vs_1,4,58,digits_0_vs_1|4|58,treesat_exact,1,0,0,1,1.6239383542366068,2,0.069500005338341,4,7
stage1,digits_0_vs_1,4,58,digits_0_vs_1|4|58,leaf_enum_bruteforce,1,0,0,1,1.6239383542366068,2,0.04430001717992127,4,7
stage1,digits_0_vs_1,4,58,digits_0_vs_1|4|58,nearest_neighbor,1,0,0,1,7.842454313395839,36,0.0281000102404505,4,7
stage1,digits_0_vs_1,4,58,digits_0_vs_1|4|58,random_search,1,0,0,1,8.315464937064085,64,0.7264000014401972,4,7
stage1,digits_0_vs_1,4,59,digits_0_vs_1|4|59,treesat_exact,0,1,1,1,0.4827687219952597,1,0.07249999907799065,4,7
stage1,digits_0_vs_1,4,59,digits_0_vs_1|4|59,leaf_enum_bruteforce,0,1,1,1,0.4827687219952597,1,0.11650001397356391,4,7
stage1,digits_0_vs_1,4,59,digits_0_vs_1|4|59,nearest_neighbor,0,1,1,1,8.376383239562532,39,0.021199986804276705,4,7
stage1,digits_0_vs_1,4,59,digits_0_vs_1|4|59,random_search,0,1,1,1,1.3197408784680604,64,0.8413000032305717,4,7
stage1,synthetic_20,0,0,synthetic_20|0|0,treesat_exact,1,0,0,1,0.2722864915624028,2,0.14069999451749027,43,85
stage1,synthetic_20,0,0,synthetic_20|0|0,leaf_enum_bruteforce,1,0,0,1,0.2722864915624028,2,0.7796999998390675,43,85
stage1,synthetic_20,0,0,synthetic_20|0|0,nearest_neighbor,1,0,0,1,4.2624606824884985,20,0.04449998959898949,43,85
stage1,synthetic_20,0,0,synthetic_20|0|0,random_search,1,0,0,1,1.1510712117537982,20,0.530999997863546,43,85
stage1,synthetic_20,0,1,synthetic_20|0|1,treesat_exact,1,0,0,1,0.496793838226235,3,0.07999999797903001,43,85
stage1,synthetic_20,0,1,synthetic_20|0|1,leaf_enum_bruteforce,1,0,0,1,0.496793838226235,3,0.7459000044036657,43,85
stage1,synthetic_20,0,1,synthetic_20|0|1,nearest_neighbor,1,0,0,1,3.9346769647468505,20,0.03060000017285347,43,85
stage1,synthetic_20,0,1,synthetic_20|0|1,random_search,1,0,0,1,1.8161476394335385,20,0.4607000155374408,43,85
stage1,synthetic_20,0,2,synthetic_20|0|2,treesat_exact,1,0,0,1,1.5250933139983576,2,0.0790000194683671,43,85
stage1,synthetic_20,0,2,synthetic_20|0|2,leaf_enum_bruteforce,1,0,0,1,1.5250933139983576,2,0.7139999943319708,43,85
stage1,synthetic_20,0,2,synthetic_20|0|2,nearest_neighbor,1,0,0,1,4.541522805301279,20,0.02649999805726111,43,85
stage1,synthetic_20,0,2,synthetic_20|0|2,random_search,1,0,0,1,3.425113245319889,20,0.39629999082535505,43,85
stage1,synthetic_20,0,3,synthetic_20|0|3,treesat_exact,1,0,0,1,0.44376634974601253,2,0.07479998748749495,43,85
stage1,synthetic_20,0,3,synthetic_20|0|3,leaf_enum_bruteforce,1,0,0,1,0.44376634974601253,2,0.7187000010162592,43,85
stage1,synthetic_20,0,3,synthetic_20|0|3,nearest_neighbor,1,0,0,1,2.302454518331949,20,0.0261999957729131,43,85
stage1,synthetic_20,0,3,synthetic_20|0|3,random_search,1,0,0,1,1.9800509113128482,20,0.4072000156156719,43,85
stage1,synthetic_20,0,4,synthetic_20|0|4,treesat_exact,1,0,0,1,0.8871213096781798,1,0.07690000347793102,43,85
stage1,synthetic_20,0,4,synthetic_20|0|4,leaf_enum_bruteforce,1,0,0,1,0.8871213096781798,1,0.7577000069431961,43,85
stage1,synthetic_20,0,4,synthetic_20|0|4,nearest_neighbor,1,0,0,1,3.9157971366173685,20,0.026399997295811772,43,85
stage1,synthetic_20,0,4,synthetic_20|0|4,random_search,1,0,0,1,2.6136456169861084,20,0.41599999531172216,43,85
stage1,synthetic_20,0,5,synthetic_20|0|5,treesat_exact,0,1,1,1,1.184114347721156,3,0.1058999914675951,43,85
stage1,synthetic_20,0,5,synthetic_20|0|5,leaf_enum_bruteforce,0,1,1,1,1.184114347721156,3,0.6720999954268336,43,85
stage1,synthetic_20,0,5,synthetic_20|0|5,nearest_neighbor,0,1,1,1,3.7926698585618124,20,0.03279998782090843,43,85
stage1,synthetic_20,0,5,synthetic_20|0|5,random_search,0,1,1,1,3.374801965793259,20,0.5398000066634268,43,85
stage1,synthetic_20,0,6,synthetic_20|0|6,treesat_exact,1,0,0,1,0.04269999286985916,1,0.10159998782910407,43,85
stage1,synthetic_20,0,6,synthetic_20|0|6,leaf_enum_bruteforce,1,0,0,1,0.04269999286985916,1,0.9315999923273921,43,85
stage1,synthetic_20,0,6,synthetic_20|0|6,nearest_neighbor,1,0,0,1,3.628271688163828,20,0.042400002712383866,43,85
stage1,synthetic_20,0,6,synthetic_20|0|6,random_search,1,0,0,1,0.18314401352640933,20,0.48859999515116215,43,85
stage1,synthetic_20,0,7,synthetic_20|0|7,treesat_exact,1,0,0,1,0.727611898790304,1,0.07949999417178333,43,85
stage1,synthetic_20,0,7,synthetic_20|0|7,leaf_enum_bruteforce,1,0,0,1,0.727611898790304,1,0.6978000164963305,43,85
stage1,synthetic_20,0,7,synthetic_20|0|7,nearest_neighbor,1,0,0,1,3.6091063426585417,20,0.026399997295811772,43,85
stage1,synthetic_20,0,7,synthetic_20|0|7,random_search,1,0,0,1,1.728299549957863,20,0.41290000081062317,43,85
stage1,synthetic_20,0,8,synthetic_20|0|8,treesat_exact,1,0,0,1,0.127900647092703,1,0.07639999967068434,43,85
stage1,synthetic_20,0,8,synthetic_20|0|8,leaf_enum_bruteforce,1,0,0,1,0.127900647092703,1,0.6818000110797584,43,85
stage1,synthetic_20,0,8,synthetic_20|0|8,nearest_neighbor,1,0,0,1,2.8805960686127627,20,0.027900008717551827,43,85
stage1,synthetic_20,0,8,synthetic_20|0|8,random_search,1,0,0,1,0.22192281637799288,20,0.4408999811857939,43,85
stage1,synthetic_20,0,9,synthetic_20|0|9,treesat_exact,1,0,0,1,0.07764434819157896,1,0.07229999755509198,43,85
stage1,synthetic_20,0,9,synthetic_20|0|9,leaf_enum_bruteforce,1,0,0,1,0.07764434819157896,1,0.6736000068485737,43,85
stage1,synthetic_20,0,9,synthetic_20|0|9,nearest_neighbor,1,0,0,1,2.3629230316870284,20,0.02519998815841973,43,85
stage1,synthetic_20,0,9,synthetic_20|0|9,random_search,1,0,0,1,0.1816113702996073,20,0.42150000808760524,43,85
stage1,synthetic_20,0,10,synthetic_20|0|10,treesat_exact,1,0,0,1,1.1618814820881411,3,0.10050000855699182,43,85
stage1,synthetic_20,0,10,synthetic_20|0|10,leaf_enum_bruteforce,1,0,0,1,1.1618814820881411,3,0.6837999972049147,43,85
stage1,synthetic_20,0,10,synthetic_20|0|10,nearest_neighbor,1,0,0,1,4.080952567578442,20,0.02269999822601676,43,85
stage1,synthetic_20,0,10,synthetic_20|0|10,random_search,1,0,0,1,3.3947817699027882,20,0.3884000179823488,43,85
stage1,synthetic_20,0,11,synthetic_20|0|11,treesat_exact,0,1,1,1,0.5968318168232847,2,0.07239999831654131,43,85
stage1,synthetic_20,0,11,synthetic_20|0|11,leaf_enum_bruteforce,0,1,1,1,0.5968318168232847,2,0.6456999981310219,43,85
stage1,synthetic_20,0,11,synthetic_20|0|11,nearest_neighbor,0,1,1,1,2.496527435046177,20,0.026299996534362435,43,85
stage1,synthetic_20,0,11,synthetic_20|0|11,random_search,0,1,1,1,3.663084363780174,20,0.4008999967481941,43,85
stage1,synthetic_20,0,12,synthetic_20|0|12,treesat_exact,0,1,1,1,0.1670927946421996,1,0.0703000114299357,43,85
stage1,synthetic_20,0,12,synthetic_20|0|12,leaf_enum_bruteforce,0,1,1,1,0.1670927946421996,1,0.683599995682016,43,85
stage1,synthetic_20,0,12,synthetic_20|0|12,nearest_neighbor,0,1,1,1,4.760746149458085,20,0.023999979021027684,43,85
stage1,synthetic_20,0,12,synthetic_20|0|12,random_search,0,1,1,1,0.8305619454322025,20,0.4026999813504517,43,85
stage1,synthetic_20,0,13,synthetic_20|0|13,treesat_exact,1,0,0,1,0.39927984659039906,1,0.07510001887567341,43,85
stage1,synthetic_20,0,13,synthetic_20|0|13,leaf_enum_bruteforce,1,0,0,1,0.39927984659039906,1,0.7476999890059233,43,85
stage1,synthetic_20,0,13,synthetic_20|0|13,nearest_neighbor,1,0,0,1,3.3655224616126107,20,0.026900001103058457,43,85
stage1,synthetic_20,0,13,synthetic_20|0|13,random_search,1,0,0,1,0.6802857792090613,20,0.42180001037195325,43,85
stage1,synthetic_20,0,14,synthetic_20|0|14,treesat_exact,0,1,1,1,1.3950977637649338,1,0.0740000104997307,43,85
stage1,synthetic_20,0,14,synthetic_20|0|14,leaf_enum_bruteforce,0,1,1,1,1.3950977637649338,1,0.7184000278357416,43,85
stage1,synthetic_20,0,14,synthetic_20|0|14,nearest_neighbor,0,1,1,1,4.6965596833362975,20,0.029700022423639894,43,85
stage1,synthetic_20,0,14,synthetic_20|0|14,random_search,0,1,1,1,3.4700336299411316,20,0.4079999926034361,43,85
stage1,synthetic_20,0,15,synthetic_20|0|15,treesat_exact,0,1,1,1,0.32863232790743746,1,0.07340000593103468,43,85
stage1,synthetic_20,0,15,synthetic_20|0|15,leaf_enum_bruteforce,0,1,1,1,0.32863232790743746,1,0.6449000211432576,43,85
stage1,synthetic_20,0,15,synthetic_20|0|15,nearest_neighbor,0,1,1,1,4.199566897435295,20,0.023600005079060793,43,85
stage1,synthetic_20,0,15,synthetic_20|0|15,random_search,0,1,1,1,0.44832779514007987,20,0.43119999463669956,43,85
stage1,synthetic_20,0,16,synthetic_20|0|16,treesat_exact,1,0,0,1,0.3613867630654082,1,0.07680000271648169,43,85
stage1,synthetic_20,0,16,synthetic_20|0|16,leaf_enum_bruteforce,1,0,0,1,0.3613867630654082,1,0.6812000065110624,43,85
stage1,synthetic_20,0,16,synthetic_20|0|16,nearest_neighbor,1,0,0,1,4.843409196648834,20,0.024100008886307478,43,85
stage1,synthetic_20,0,16,synthetic_20|0|16,random_search,1,0,0,1,0.8196566841326597,20,0.826900009997189,43,85
stage1,synthetic_20,0,17,synthetic_20|0|17,treesat_exact,0,1,1,1,0.3985787234979867,4,0.17859999206848443,43,85
stage1,synthetic_20,0,17,synthetic_20|0|17,leaf_enum_bruteforce,0,1,1,1,0.3985787234979867,4,0.7182999979704618,43,85
stage1,synthetic_20,0,17,synthetic_20|0|17,nearest_neighbor,0,1,1,1,3.288369056706,20,0.07360000745393336,43,85
stage1,synthetic_20,0,17,synthetic_20|0|17,random_search,0,1,1,1,0.3620529730520163,20,0.5030999891459942,43,85
stage1,synthetic_20,0,18,synthetic_20|0|18,treesat_exact,1,0,0,1,0.11223515296904152,1,0.08340002386830747,43,85
stage1,synthetic_20,0,18,synthetic_20|0|18,leaf_enum_bruteforce,1,0,0,1,0.11223515296904152,1,0.6982000195421278,43,85
stage1,synthetic_20,0,18,synthetic_20|0|18,nearest_neighbor,1,0,0,1,3.038648869685574,20,0.024900014977902174,43,85
stage1,synthetic_20,0,18,synthetic_20|0|18,random_search,1,0,0,1,0.23114179758520104,20,0.4310999938752502,43,85
stage1,synthetic_20,0,19,synthetic_20|0|19,treesat_exact,1,0,0,1,0.27889497411105535,1,0.07270000060088933,43,85
stage1,synthetic_20,0,19,synthetic_20|0|19,leaf_enum_bruteforce,1,0,0,1,0.27889497411105535,1,0.6853000086266547,43,85
stage1,synthetic_20,0,19,synthetic_20|0|19,nearest_neighbor,1,0,0,1,2.826612457640182,20,0.023299973690882325,43,85
stage1,synthetic_20,0,19,synthetic_20|0|19,random_search,1,0,0,1,0.7238977512912901,20,0.41119998786598444,43,85
stage1,synthetic_20,0,20,synthetic_20|0|20,treesat_exact,0,1,1,1,0.15106397996412513,1,0.0714000198058784,43,85
stage1,synthetic_20,0,20,synthetic_20|0|20,leaf_enum_bruteforce,0,1,1,1,0.15106397996412513,1,0.6375999946612865,43,85
stage1,synthetic_20,0,20,synthetic_20|0|20,nearest_neighbor,0,1,1,1,4.574919493905388,20,0.02340000355616212,43,85
stage1,synthetic_20,0,20,synthetic_20|0|20,random_search,0,1,1,1,0.427109109509099,20,0.41390000842511654,43,85
stage1,synthetic_20,0,21,synthetic_20|0|21,treesat_exact,1,0,0,1,0.2804423840853471,1,0.0720999960321933,43,85
stage1,synthetic_20,0,21,synthetic_20|0|21,leaf_enum_bruteforce,1,0,0,1,0.2804423840853471,1,0.6701999809592962,43,85
stage1,synthetic_20,0,21,synthetic_20|0|21,nearest_neighbor,1,0,0,1,3.379841454059032,20,0.022599997464567423,43,85
stage1,synthetic_20,0,21,synthetic_20|0|21,random_search,1,0,0,1,0.8034008303593216,20,0.3997999883722514,43,85
stage1,synthetic_20,0,22,synthetic_20|0|22,treesat_exact,1,0,0,1,0.4263805879112714,2,0.1005999802146107,43,85
stage1,synthetic_20,0,22,synthetic_20|0|22,leaf_enum_bruteforce,1,0,0,1,0.4263805879112714,2,0.675899995258078,43,85
stage1,synthetic_20,0,22,synthetic_20|0|22,nearest_neighbor,1,0,0,1,2.6295019351313695,20,0.022599997464567423,43,85
stage1,synthetic_20,0,22,synthetic_20|0|22,random_search,1,0,0,1,0.8543577348668785,20,0.41089998558163643,43,85
stage1,synthetic_20,0,23,synthetic_20|0|23,treesat_exact,0,1,1,1,0.03417996691531178,1,0.07169999298639596,43,85
stage1,synthetic_20,0,23,synthetic_20|0|23,leaf_enum_bruteforce,0,1,1,1,0.03417996691531178,1,0.7111999730113894,43,85
stage1,synthetic_20,0,23,synthetic_20|0|23,nearest_neighbor,0,1,1,1,2.6861081922879073,20,0.023699976736679673,43,85
stage1,synthetic_20,0,23,synthetic_20|0|23,random_search,0,1,1,1,0.17593060144609965,20,0.43379998533055186,43,85
stage1,synthetic_20,0,24,synthetic_20|0|24,treesat_exact,0,1,1,1,1.3663837894552981,1,0.07109998841769993,43,85
stage1,synthetic_20,0,24,synthetic_20|0|24,leaf_enum_bruteforce,0,1,1,1,1.3663837894552981,1,0.6437999836634845,43,85
stage1,synthetic_20,0,24,synthetic_20|0|24,nearest_neighbor,0,1,1,1,4.899955207254192,20,0.023100001271814108,43,85
stage1,synthetic_20,0,24,synthetic_20|0|24,random_search,0,1,1,1,3.517777794864893,20,0.3876000118907541,43,85
stage1,synthetic_20,0,25,synthetic_20|0|25,treesat_exact,1,0,0,1,1.1049748720000412,2,0.07190002361312509,43,85
stage1,synthetic_20,0,25,synthetic_20|0|25,leaf_enum_bruteforce,1,0,0,1,1.1049748720000412,2,0.6776000082027167,43,85
stage1,synthetic_20,0,25,synthetic_20|0|25,nearest_neighbor,1,0,0,1,3.734529172686139,20,0.022499996703118086,43,85
stage1,synthetic_20,0,25,synthetic_20|0|25,random_search,1,0,0,1,3.0230773403908335,20,0.3842000151053071,43,85
stage1,synthetic_20,0,26,synthetic_20|0|26,treesat_exact,0,1,1,1,1.2649103426318937,1,0.06840002606622875,43,85
stage1,synthetic_20,0,26,synthetic_20|0|26,leaf_enum_bruteforce,0,1,1,1,1.2649103426318937,1,0.6398000114131719,43,85
stage1,synthetic_20,0,26,synthetic_20|0|26,nearest_neighbor,0,1,1,1,4.581816299389844,20,0.022499996703118086,43,85
stage1,synthetic_20,0,26,synthetic_20|0|26,random_search,0,1,1,1,4.463201851511735,20,0.3813000221271068,43,85
stage1,synthetic_20,0,27,synthetic_20|0|27,treesat_exact,1,0,0,1,0.19788538500150088,1,0.07210002513602376,43,85
stage1,synthetic_20,0,27,synthetic_20|0|27,leaf_enum_bruteforce,1,0,0,1,0.19788538500150088,1,0.6759000243619084,43,85
stage1,synthetic_20,0,27,synthetic_20|0|27,nearest_neighbor,1,0,0,1,2.576211137711712,20,0.021799991372972727,43,85
stage1,synthetic_20,0,27,synthetic_20|0|27,random_search,1,0,0,1,0.529578029491215,20,0.913399999262765,43,85
stage1,synthetic_20,0,28,synthetic_20|0|28,treesat_exact,1,0,0,1,0.6081801167110035,3,0.08900000830180943,43,85
stage1,synthetic_20,0,28,synthetic_20|0|28,leaf_enum_bruteforce,1,0,0,1,0.6081801167110035,3,0.7037999748717993,43,85
stage1,synthetic_20,0,28,synthetic_20|0|28,nearest_neighbor,1,0,0,1,3.6774733099722874,20,0.03409999771974981,43,85
stage1,synthetic_20,0,28,synthetic_20|0|28,random_search,1,0,0,1,1.6962876434477072,20,0.440500007243827,43,85
stage1,synthetic_20,0,29,synthetic_20|0|29,treesat_exact,1,0,0,1,0.24234247400642334,3,0.07680000271648169,43,85
stage1,synthetic_20,0,29,synthetic_20|0|29,leaf_enum_bruteforce,1,0,0,1,0.24234247400642334,3,2.0667000208050013,43,85
stage1,synthetic_20,0,29,synthetic_20|0|29,nearest_neighbor,1,0,0,1,3.3871581360817467,20,0.07850001566112041,43,85
stage1,synthetic_20,0,29,synthetic_20|0|29,random_search,1,0,0,1,1.1011921573336998,20,1.065399992512539,43,85
stage1,synthetic_20,0,30,synthetic_20|0|30,treesat_exact,0,1,1,1,0.2529989170768695,1,0.17860002117231488,43,85
stage1,synthetic_20,0,30,synthetic_20|0|30,leaf_enum_bruteforce,0,1,1,1,0.2529989170768695,1,1.4499000099021941,43,85
stage1,synthetic_20,0,30,synthetic_20|0|30,nearest_neighbor,0,1,1,1,3.6669704414195614,20,0.11319998884573579,43,85
stage1,synthetic_20,0,30,synthetic_20|0|30,random_search,0,1,1,1,0.9852133232524628,20,0.860599975567311,43,85
stage1,synthetic_20,0,31,synthetic_20|0|31,treesat_exact,1,0,0,1,1.0348932540309124,3,0.2500999835319817,43,85
stage1,synthetic_20,0,31,synthetic_20|0|31,leaf_enum_bruteforce,1,0,0,1,1.0348932540309124,3,1.323700009379536,43,85
stage1,synthetic_20,0,31,synthetic_20|0|31,nearest_neighbor,1,0,0,1,4.233362043202575,20,0.04499999340623617,43,85
stage1,synthetic_20,0,31,synthetic_20|0|31,random_search,1,0,0,1,1.759428444693034,20,0.7684999727644026,43,85
stage1,synthetic_20,0,32,synthetic_20|0|32,treesat_exact,1,0,0,1,1.1171678532117897,2,0.25179999647662044,43,85
stage1,synthetic_20,0,32,synthetic_20|0|32,leaf_enum_bruteforce,1,0,0,1,1.1171678532117897,2,1.455600024200976,43,85
stage1,synthetic_20,0,32,synthetic_20|0|32,nearest_neighbor,1,0,0,1,5.080374796049331,20,0.054500007536262274,43,85
stage1,synthetic_20,0,32,synthetic_20|0|32,random_search,1,0,0,1,0.5611023375876036,20,0.9455000108573586,43,85
stage1,synthetic_20,0,33,synthetic_20|0|33,treesat_exact,1,0,0,1,0.08678758071850318,1,0.23849998251534998,43,85
stage1,synthetic_20,0,33,synthetic_20|0|33,leaf_enum_bruteforce,1,0,0,1,0.08678758071850318,1,1.4264000055845827,43,85
stage1,synthetic_20,0,33,synthetic_20|0|33,nearest_neighbor,1,0,0,1,4.042766876819877,20,0.04870002157986164,43,85
stage1,synthetic_20,0,33,synthetic_20|0|33,random_search,1,0,0,1,0.2129318468138015,20,0.5195000267121941,43,85
stage1,synthetic_20,0,34,synthetic_20|0|34,treesat_exact,1,0,0,1,0.6119179046272212,1,0.09929999941959977,43,85
stage1,synthetic_20,0,34,synthetic_20|0|34,leaf_enum_bruteforce,1,0,0,1,0.6119179046272212,1,0.7323000172618777,43,85
stage1,synthetic_20,0,34,synthetic_20|0|34,nearest_neighbor,1,0,0,1,3.4819406337943692,20,0.02680000034160912,43,85
stage1,synthetic_20,0,34,synthetic_20|0|34,random_search,1,0,0,1,1.8627193081641165,20,0.41149999015033245,43,85
stage1,synthetic_20,0,35,synthetic_20|0|35,treesat_exact,0,1,1,1,1.343949684982193,2,0.08800000068731606,43,85
stage1,synthetic_20,0,35,synthetic_20|0|35,leaf_enum_bruteforce,0,1,1,1,1.343949684982193,2,0.6733999762218446,43,85
stage1,synthetic_20,0,35,synthetic_20|0|35,nearest_neighbor,0,1,1,1,4.320494017908671,20,0.03480000304989517,43,85
stage1,synthetic_20,0,35,synthetic_20|0|35,random_search,0,1,1,1,2.8403272196889375,20,0.46759998076595366,43,85
stage1,synthetic_20,0,36,synthetic_20|0|36,treesat_exact,1,0,0,1,0.36376302020802936,2,0.07849998655728996,43,85
stage1,synthetic_20,0,36,synthetic_20|0|36,leaf_enum_bruteforce,1,0,0,1,0.36376302020802936,2,0.7101999945007265,43,85
stage1,synthetic_20,0,36,synthetic_20|0|36,nearest_neighbor,1,0,0,1,4.178847205937712,20,0.02540001878514886,43,85
stage1,synthetic_20,0,36,synthetic_20|0|36,random_search,1,0,0,1,0.9514863890597256,20,0.4223999858368188,43,85
stage1,synthetic_20,0,37,synthetic_20|0|37,treesat_exact,0,1,1,1,0.38017598667234126,2,0.07509998977184296,43,85
stage1,synthetic_20,0,37,synthetic_20|0|37,leaf_enum_bruteforce,0,1,1,1,0.38017598667234126,2,0.6785000150557607,43,85
stage1,synthetic_20,0,37,synthetic_20|0|37,nearest_neighbor,0,1,1,1,4.342336614800936,20,0.025500019546598196,43,85
stage1,synthetic_20,0,37,synthetic_20|0|37,random_search,0,1,1,1,1.5962031054406676,20,0.4194000212009996,43,85
stage1,synthetic_20,0,38,synthetic_20|0|38,treesat_exact,0,1,1,1,0.10465313745680349,1,0.08239998714998364,43,85
stage1,synthetic_20,0,38,synthetic_20|0|38,leaf_enum_bruteforce,0,1,1,1,0.10465313745680349,1,0.68450000253506,43,85
stage1,synthetic_20,0,38,synthetic_20|0|38,nearest_neighbor,0,1,1,1,3.728094072650212,20,0.030499999411404133,43,85
stage1,synthetic_20,0,38,synthetic_20|0|38,random_search,0,1,1,1,0.22857198387733724,20,0.43650000588968396,43,85
stage1,synthetic_20,0,39,synthetic_20|0|39,treesat_exact,0,1,1,1,0.1152932077599095,1,0.07239999831654131,43,85
stage1,synthetic_20,0,39,synthetic_20|0|39,leaf_enum_bruteforce,0,1,1,1,0.1152932077599095,1,0.6696000054944307,43,85
stage1,synthetic_20,0,39,synthetic_20|0|39,nearest_neighbor,0,1,1,1,2.626406705691676,20,0.02500001573935151,43,85
stage1,synthetic_20,0,39,synthetic_20|0|39,random_search,0,1,1,1,0.22255418558500914,20,0.42559998109936714,43,85
stage1,synthetic_20,0,40,synthetic_20|0|40,treesat_exact,0,1,1,1,0.28794712005463946,2,0.13729999773204327,43,85
stage1,synthetic_20,0,40,synthetic_20|0|40,leaf_enum_bruteforce,0,1,1,1,0.28794712005463946,2,0.683899997966364,43,85
stage1,synthetic_20,0,40,synthetic_20|0|40,nearest_neighbor,0,1,1,1,3.222966187367308,20,0.02579999272711575,43,85
stage1,synthetic_20,0,40,synthetic_20|0|40,random_search,0,1,1,1,0.8400144733982213,20,0.42440000106580555,43,85
stage1,synthetic_20,0,41,synthetic_20|0|41,treesat_exact,1,0,0,1,0.9365640737301038,2,0.10130001464858651,43,85
stage1,synthetic_20,0,41,synthetic_20|0|41,leaf_enum_bruteforce,1,0,0,1,0.9365640737301038,2,0.7344000041484833,43,85
stage1,synthetic_20,0,41,synthetic_20|0|41,nearest_neighbor,1,0,0,1,4.20378233425984,20,0.02720000338740647,43,85
stage1,synthetic_20,0,41,synthetic_20|0|41,random_search,1,0,0,1,1.8303822503219465,20,0.4078999918419868,43,85
stage1,synthetic_20,0,42,synthetic_20|0|42,treesat_exact,0,1,1,1,0.8850335058332527,1,0.07249999907799065,43,85
stage1,synthetic_20,0,42,synthetic_20|0|42,leaf_enum_bruteforce,0,1,1,1,0.8850335058332527,1,0.7104999967850745,43,85
stage1,synthetic_20,0,42,synthetic_20|0|42,nearest_neighbor,0,1,1,1,3.0061877497495777,20,0.02759997732937336,43,85
stage1,synthetic_20,0,42,synthetic_20|0|42,random_search,0,1,1,1,2.2408661409978867,20,0.4375999851617962,43,85
stage1,synthetic_20,0,43,synthetic_20|0|43,treesat_exact,0,1,1,1,0.5704067793141874,1,0.076299998909235,43,85
stage1,synthetic_20,0,43,synthetic_20|0|43,leaf_enum_bruteforce,0,1,1,1,0.5704067793141874,1,0.6486999918706715,43,85
stage1,synthetic_20,0,43,synthetic_20|0|43,nearest_neighbor,0,1,1,1,3.9434540581310316,20,0.024600012693554163,43,85
stage1,synthetic_20,0,43,synthetic_20|0|43,random_search,0,1,1,1,1.1377812476283298,20,0.40469999657943845,43,85
stage1,synthetic_20,0,44,synthetic_20|0|44,treesat_exact,0,1,1,1,0.8881080076901727,1,0.07130001904442906,43,85
stage1,synthetic_20,0,44,synthetic_20|0|44,leaf_enum_bruteforce,0,1,1,1,0.8881080076901727,1,1.097600004868582,43,85
stage1,synthetic_20,0,44,synthetic_20|0|44,nearest_neighbor,0,1,1,1,3.88973372790155,20,0.04470002022571862,43,85
stage1,synthetic_20,0,44,synthetic_20|0|44,random_search,0,1,1,1,3.072276265717583,20,0.42490000487305224,43,85
stage1,synthetic_20,0,45,synthetic_20|0|45,treesat_exact,0,1,1,1,0.6032821378296505,2,0.0813000078778714,43,85
stage1,synthetic_20,0,45,synthetic_20|0|45,leaf_enum_bruteforce,0,1,1,1,0.6032821378296505,2,0.6643999950028956,43,85
stage1,synthetic_20,0,45,synthetic_20|0|45,nearest_neighbor,0,1,1,1,3.5953010103466116,20,0.024900014977902174,43,85
stage1,synthetic_20,0,45,synthetic_20|0|45,random_search,0,1,1,1,1.6278704019970183,20,0.40079999598674476,43,85
stage1,synthetic_20,0,46,synthetic_20|0|46,treesat_exact,0,1,1,1,0.7630338324161262,1,0.10039997869171202,43,85
stage1,synthetic_20,0,46,synthetic_20|0|46,leaf_enum_bruteforce,0,1,1,1,0.7630338324161262,1,2.1066000044811517,43,85
stage1,synthetic_20,0,46,synthetic_20|0|46,nearest_neighbor,0,1,1,1,2.7670539415648263,20,0.09859999408945441,43,85
stage1,synthetic_20,0,46,synthetic_20|0|46,random_search,0,1,1,1,1.2617093944933908,20,1.3501000066753477,43,85
stage1,synthetic_20,0,47,synthetic_20|0|47,treesat_exact,1,0,0,1,0.03020246930475723,1,0.2345999819226563,43,85
stage1,synthetic_20,0,47,synthetic_20|0|47,leaf_enum_bruteforce,1,0,0,1,0.03020246930475723,1,2.0078000088687986,43,85
stage1,synthetic_20,0,47,synthetic_20|0|47,nearest_neighbor,1,0,0,1,2.8305779449946824,20,0.06719998782500625,43,85
stage1,synthetic_20,0,47,synthetic_20|0|47,random_search,1,0,0,1,0.15360570253930028,20,1.364099996862933,43,85
stage1,synthetic_20,0,48,synthetic_20|0|48,treesat_exact,1,0,0,1,0.8513232749727525,1,0.28249999741092324,43,85
stage1,synthetic_20,0,48,synthetic_20|0|48,leaf_enum_bruteforce,1,0,0,1,0.8513232749727525,1,1.8579000025056303,43,85
stage1,synthetic_20,0,48,synthetic_20|0|48,nearest_neighbor,1,0,0,1,4.428614159053068,20,0.054500007536262274,43,85
stage1,synthetic_20,0,48,synthetic_20|0|48,random_search,1,0,0,1,1.5120364941491227,20,0.9417999826837331,43,85
stage1,synthetic_20,0,49,synthetic_20|0|49,treesat_exact,1,0,0,1,0.3657194520661531,1,0.16649998724460602,43,85
stage1,synthetic_20,0,49,synthetic_20|0|49,leaf_enum_bruteforce,1,0,0,1,0.3657194520661531,1,1.5736999921500683,43,85
stage1,synthetic_20,0,49,synthetic_20|0|49,nearest_neighbor,1,0,0,1,4.021968175015451,20,0.05540001438930631,43,85
stage1,synthetic_20,0,49,synthetic_20|0|49,random_search,1,0,0,1,0.827411341932883,20,0.6398000114131719,43,85
stage1,synthetic_20,0,50,synthetic_20|0|50,treesat_exact,0,1,1,1,0.6533351939478922,1,0.11369999265298247,43,85
stage1,synthetic_20,0,50,synthetic_20|0|50,leaf_enum_bruteforce,0,1,1,1,0.6533351939478922,1,0.8914000063668936,43,85
stage1,synthetic_20,0,50,synthetic_20|0|50,nearest_neighbor,0,1,1,1,3.706498122910322,20,0.04400001489557326,43,85
stage1,synthetic_20,0,50,synthetic_20|0|50,random_search,0,1,1,1,1.6374990446670101,20,0.5834000185132027,43,85
stage1,synthetic_20,0,51,synthetic_20|0|51,treesat_exact,0,1,1,1,1.298562518325319,1,0.1120000088121742,43,85
stage1,synthetic_20,0,51,synthetic_20|0|51,leaf_enum_bruteforce,0,1,1,1,1.298562518325319,1,0.9482000023126602,43,85
stage1,synthetic_20,0,51,synthetic_20|0|51,nearest_neighbor,0,1,1,1,3.9269561533639625,20,0.03530000685714185,43,85
stage1,synthetic_20,0,51,synthetic_20|0|51,random_search,0,1,1,1,3.412982674469636,20,0.4661999992094934,43,85
stage1,synthetic_20,0,52,synthetic_20|0|52,treesat_exact,0,1,1,1,0.3112255610019147,1,0.08099997648969293,43,85
stage1,synthetic_20,0,52,synthetic_20|0|52,leaf_enum_bruteforce,0,1,1,1,0.3112255610019147,1,0.7393000123556703,43,85
stage1,synthetic_20,0,52,synthetic_20|0|52,nearest_neighbor,0,1,1,1,4.939877140856546,20,0.026900001103058457,43,85
stage1,synthetic_20,0,52,synthetic_20|0|52,random_search,0,1,1,1,0.8566211254981171,20,0.5658000009134412,43,85
stage1,synthetic_20,0,53,synthetic_20|0|53,treesat_exact,0,1,1,1,1.175708324165917,1,0.0940999889280647,43,85
stage1,synthetic_20,0,53,synthetic_20|0|53,leaf_enum_bruteforce,0,1,1,1,1.175708324165917,1,0.8602000016253442,43,85
stage1,synthetic_20,0,53,synthetic_20|0|53,nearest_neighbor,0,1,1,1,4.401456650910966,20,0.05609999061562121,43,85
stage1,synthetic_20,0,53,synthetic_20|0|53,random_search,0,1,1,1,2.9701938014634433,20,1.4094000216573477,43,85
stage1,synthetic_20,0,54,synthetic_20|0|54,treesat_exact,1,0,0,1,0.33049083057886497,2,0.225800002226606,43,85
stage1,synthetic_20,0,54,synthetic_20|0|54,leaf_enum_bruteforce,1,0,0,1,0.33049083057886497,2,1.423100009560585,43,85
stage1,synthetic_20,0,54,synthetic_20|0|54,nearest_neighbor,1,0,0,1,4.424188918032543,20,0.04169999738223851,43,85
stage1,synthetic_20,0,54,synthetic_20|0|54,random_search,1,0,0,1,1.3868737283572257,20,0.4592000041157007,43,85
stage1,synthetic_20,0,55,synthetic_20|0|55,treesat_exact,0,1,1,1,0.4914426131318854,1,0.07879998884163797,43,85
stage1,synthetic_20,0,55,synthetic_20|0|55,leaf_enum_bruteforce,0,1,1,1,0.4914426131318854,1,0.6613000005017966,43,85
stage1,synthetic_20,0,55,synthetic_20|0|55,nearest_neighbor,0,1,1,1,3.6087905603032993,20,0.0315000070258975,43,85
stage1,synthetic_20,0,55,synthetic_20|0|55,random_search,0,1,1,1,1.7712431029021654,20,0.41259999852627516,43,85
stage1,synthetic_20,0,56,synthetic_20|0|56,treesat_exact,0,1,1,1,0.3381270325762019,1,0.07230002665892243,43,85
stage1,synthetic_20,0,56,synthetic_20|0|56,leaf_enum_bruteforce,0,1,1,1,0.3381270325762019,1,0.6674999895039946,43,85
stage1,synthetic_20,0,56,synthetic_20|0|56,nearest_neighbor,0,1,1,1,4.805725834930046,20,0.0261999957729131,43,85
stage1,synthetic_20,0,56,synthetic_20|0|56,random_search,0,1,1,1,0.7879461141801545,20,0.5938000103924423,43,85
stage1,synthetic_20,0,57,synthetic_20|0|57,treesat_exact,1,0,0,1,0.9315597299954163,2,0.6085000059101731,43,85
stage1,synthetic_20,0,57,synthetic_20|0|57,leaf_enum_bruteforce,1,0,0,1,0.9315597299954163,2,0.8836000051815063,43,85
stage1,synthetic_20,0,57,synthetic_20|0|57,nearest_neighbor,1,0,0,1,4.098455572408195,20,0.04800001624971628,43,85
stage1,synthetic_20,0,57,synthetic_20|0|57,random_search,1,0,0,1,0.42584502963250237,20,0.47309999354183674,43,85
stage1,synthetic_20,0,58,synthetic_20|0|58,treesat_exact,0,1,1,1,0.8470447926630418,1,0.08329999400302768,43,85
stage1,synthetic_20,0,58,synthetic_20|0|58,leaf_enum_bruteforce,0,1,1,1,0.8470447926630418,1,0.6757999944966286,43,85
stage1,synthetic_20,0,58,synthetic_20|0|58,nearest_neighbor,0,1,1,1,3.099418021660336,20,0.03539997851476073,43,85
stage1,synthetic_20,0,58,synthetic_20|0|58,random_search,0,1,1,1,2.0108838388514987,20,0.40889999945648015,43,85
stage1,synthetic_20,0,59,synthetic_20|0|59,treesat_exact,0,1,1,1,0.24484105644876553,1,0.07540002116002142,43,85
stage1,synthetic_20,0,59,synthetic_20|0|59,leaf_enum_bruteforce,0,1,1,1,0.24484105644876553,1,0.674999988405034,43,85
stage1,synthetic_20,0,59,synthetic_20|0|59,nearest_neighbor,0,1,1,1,2.97273343462969,20,0.02479998511262238,43,85
stage1,synthetic_20,0,59,synthetic_20|0|59,random_search,0,1,1,1,0.7523652329251391,20,0.4326000052969903,43,85
stage1,synthetic_20,1,0,synthetic_20|1|0,treesat_exact,0,1,1,1,0.5351258809140159,1,0.13219998800195754,42,83
stage1,synthetic_20,1,0,synthetic_20|1|0,leaf_enum_bruteforce,0,1,1,1,0.5351258809140159,1,1.4381000073626637,42,83
stage1,synthetic_20,1,0,synthetic_20|1|0,nearest_neighbor,0,1,1,1,3.1570420273746254,20,0.0686999992467463,42,83
stage1,synthetic_20,1,0,synthetic_20|1|0,random_search,0,1,1,1,1.443866665272333,20,0.9413000079803169,42,83
stage1,synthetic_20,1,1,synthetic_20|1|1,treesat_exact,0,1,1,1,0.5328576631201803,1,0.15639999764971435,42,83
stage1,synthetic_20,1,1,synthetic_20|1|1,leaf_enum_bruteforce,0,1,1,1,0.5328576631201803,1,1.447799993911758,42,83
stage1,synthetic_20,1,1,synthetic_20|1|1,nearest_neighbor,0,1,1,1,2.574094605425633,20,0.04569999873638153,42,83
stage1,synthetic_20,1,1,synthetic_20|1|1,random_search,0,1,1,1,0.9909202123895063,20,0.767299992730841,42,83
stage1,synthetic_20,1,2,synthetic_20|1|2,treesat_exact,0,1,1,1,0.1831181190132945,1,0.1340000017080456,42,83
stage1,synthetic_20,1,2,synthetic_20|1|2,leaf_enum_bruteforce,0,1,1,1,0.1831181190132945,1,1.2143999920226634,42,83
stage1,synthetic_20,1,2,synthetic_20|1|2,nearest_neighbor,0,1,1,1,3.0896494813181725,20,0.04089999129064381,42,83
stage1,synthetic_20,1,2,synthetic_20|1|2,random_search,0,1,1,1,0.4535337538909612,20,0.6858999840915203,42,83
stage1,synthetic_20,1,3,synthetic_20|1|3,treesat_exact,0,1,1,1,0.31926720714258733,2,0.14200000441633165,42,83
stage1,synthetic_20,1,3,synthetic_20|1|3,leaf_enum_bruteforce,0,1,1,1,0.31926720714258733,2,1.13489999785088,42,83
stage1,synthetic_20,1,3,synthetic_20|1|3,nearest_neighbor,0,1,1,1,3.3227200088138846,20,0.03190001007169485,42,83
stage1,synthetic_20,1,3,synthetic_20|1|3,random_search,0,1,1,1,0.9313399575132112,20,0.5513000069186091,42,83
stage1,synthetic_20,1,4,synthetic_20|1|4,treesat_exact,1,0,0,1,1.1552835760508233,2,0.12770001194439828,42,83
stage1,synthetic_20,1,4,synthetic_20|1|4,leaf_enum_bruteforce,1,0,0,1,1.1552835760508233,2,0.7716999971307814,42,83
stage1,synthetic_20,1,4,synthetic_20|1|4,nearest_neighbor,1,0,0,1,3.7755593075796288,20,0.03350002225488424,42,83
stage1,synthetic_20,1,4,synthetic_20|1|4,random_search,1,0,0,1,3.2567907878067044,20,0.551999983144924,42,83
stage1,synthetic_20,1,5,synthetic_20|1|5,treesat_exact,1,0,0,1,0.6167384123836855,3,0.07469998672604561,42,83
stage1,synthetic_20,1,5,synthetic_20|1|5,leaf_enum_bruteforce,1,0,0,1,0.6167384123836855,3,0.6345000001601875,42,83
stage1,synthetic_20,1,5,synthetic_20|1|5,nearest_neighbor,1,0,0,1,4.125100966838662,20,0.025600020308047533,42,83
stage1,synthetic_20,1,5,synthetic_20|1|5,random_search,1,0,0,1,2.9651890203777316,20,0.41969999438151717,42,83
stage1,synthetic_20,1,6,synthetic_20|1|6,treesat_exact,1,0,0,1,0.0021620870260994907,1,0.07149999146349728,42,83
stage1,synthetic_20,1,6,synthetic_20|1|6,leaf_enum_bruteforce,1,0,0,1,0.0021620870260994907,1,0.8082000131253153,42,83
stage1,synthetic_20,1,6,synthetic_20|1|6,nearest_neighbor,1,0,0,1,2.465641757541822,20,0.0399000127799809,42,83
stage1,synthetic_20,1,6,synthetic_20|1|6,random_search,1,0,0,1,0.15008459433555732,20,4.115999996429309,42,83
stage1,synthetic_20,1,7,synthetic_20|1|7,treesat_exact,0,1,1,1,0.5063357798362975,2,0.0926000066101551,42,83
stage1,synthetic_20,1,7,synthetic_20|1|7,leaf_enum_bruteforce,0,1,1,1,0.5063357798362975,2,0.7425999792758375,42,83
stage1,synthetic_20,1,7,synthetic_20|1|7,nearest_neighbor,0,1,1,1,3.895280848983696,20,0.03099997411482036,42,83
stage1,synthetic_20,1,7,synthetic_20|1|7,random_search,0,1,1,1,1.5302298767876477,20,0.5157999985385686,42,83
stage1,synthetic_20,1,8,synthetic_20|1|8,treesat_exact,0,1,1,1,1.064631139184201,1,0.07999999797903001,42,83
stage1,synthetic_20,1,8,synthetic_20|1|8,leaf_enum_bruteforce,0,1,1,1,1.064631139184201,1,0.7621000113431364,42,83
stage1,synthetic_20,1,8,synthetic_20|1|8,nearest_neighbor,0,1,1,1,4.209233703693321,20,0.02820001100189984,42,83
stage1,synthetic_20,1,8,synthetic_20|1|8,random_search,0,1,1,1,3.7432990938845077,20,0.39939998532645404,42,83
stage1,synthetic_20,1,9,synthetic_20|1|9,treesat_exact,1,0,0,1,0.18743470334496104,1,0.07450001430697739,42,83
stage1,synthetic_20,1,9,synthetic_20|1|9,leaf_enum_bruteforce,1,0,0,1,0.18743470334496104,1,0.6083999760448933,42,83
stage1,synthetic_20,1,9,synthetic_20|1|9,nearest_neighbor,1,0,0,1,2.7345780592571662,20,0.025699991965666413,42,83
stage1,synthetic_20,1,9,synthetic_20|1|9,random_search,1,0,0,1,0.5301478177111021,20,0.4220999835524708,42,83
stage1,synthetic_20,1,10,synthetic_20|1|10,treesat_exact,1,0,0,1,0.8858169570791493,3,0.09879999561235309,42,83
stage1,synthetic_20,1,10,synthetic_20|1|10,leaf_enum_bruteforce,1,0,0,1,0.8858169570791493,3,0.5880999960936606,42,83
stage1,synthetic_20,1,10,synthetic_20|1|10,nearest_neighbor,1,0,0,1,5.479662596173021,20,0.023600005079060793,42,83
stage1,synthetic_20,1,10,synthetic_20|1|10,random_search,1,0,0,1,1.656839104460591,20,0.3945999778807163,42,83
stage1,synthetic_20,1,11,synthetic_20|1|11,treesat_exact,0,1,1,1,0.8095744952190442,2,0.0838999985717237,42,83
stage1,synthetic_20,1,11,synthetic_20|1|11,leaf_enum_bruteforce,0,1,1,1,0.8095744952190442,2,0.7616000075358897,42,83
stage1,synthetic_20,1,11,synthetic_20|1|11,nearest_neighbor,0,1,1,1,3.9875408419525167,20,0.02720000338740647,42,83
stage1,synthetic_20,1,11,synthetic_20|1|11,random_search,0,1,1,1,3.060689841905308,20,0.3929999948013574,42,83
stage1,synthetic_20,1,12,synthetic_20|1|12,treesat_exact,0,1,1,1,0.17075232393720313,1,0.07300000288523734,42,83
stage1,synthetic_20,1,12,synthetic_20|1|12,leaf_enum_bruteforce,0,1,1,1,0.17075232393720313,1,0.7232000061776489,42,83
stage1,synthetic_20,1,12,synthetic_20|1|12,nearest_neighbor,0,1,1,1,3.0963945947939213,20,0.026399997295811772,42,83
stage1,synthetic_20,1,12,synthetic_20|1|12,random_search,0,1,1,1,0.4025381216191616,20,0.4157999937888235,42,83
stage1,synthetic_20,1,13,synthetic_20|1|13,treesat_exact,0,1,1,1,1.2093907594119397,2,0.07390000973828137,42,83
stage1,synthetic_20,1,13,synthetic_20|1|13,leaf_enum_bruteforce,0,1,1,1,1.2093907594119397,2,0.6987999950069934,42,83
stage1,synthetic_20,1,13,synthetic_20|1|13,nearest_neighbor,0,1,1,1,5.203102712586416,20,0.02449998282827437,42,83
stage1,synthetic_20,1,13,synthetic_20|1|13,random_search,0,1,1,1,3.372281867385702,20,0.38919999497011304,42,83
stage1,synthetic_20,1,14,synthetic_20|1|14,treesat_exact,0,1,1,1,0.12625684584017735,1,0.07429998368024826,42,83
stage1,synthetic_20,1,14,synthetic_20|1|14,leaf_enum_bruteforce,0,1,1,1,0.12625684584017735,1,1.7475000058766454,42,83
stage1,synthetic_20,1,14,synthetic_20|1|14,nearest_neighbor,0,1,1,1,2.631697898559723,20,0.09620000491850078,42,83
stage1,synthetic_20,1,14,synthetic_20|1|14,random_search,0,1,1,1,0.3451340087296776,20,0.9067999781109393,42,83
stage1,synthetic_20,1,15,synthetic_20|1|15,treesat_exact,1,0,0,1,0.029996853042404625,1,0.08860000525601208,42,83
stage1,synthetic_20,1,15,synthetic_20|1|15,leaf_enum_bruteforce,1,0,0,1,0.029996853042404625,1,0.6081000028643757,42,83
stage1,synthetic_20,1,15,synthetic_20|1|15,nearest_neighbor,1,0,0,1,3.5405165353243038,20,0.03579998156055808,42,83
stage1,synthetic_20,1,15,synthetic_20|1|15,random_search,1,0,0,1,0.18265749180002244,20,0.4585999995470047,42,83
stage1,synthetic_20,1,16,synthetic_20|1|16,treesat_exact,1,0,0,1,0.8620193657106962,1,0.0777999812271446,42,83
stage1,synthetic_20,1,16,synthetic_20|1|16,leaf_enum_bruteforce,1,0,0,1,0.8620193657106962,1,0.609499984420836,42,83
stage1,synthetic_20,1,16,synthetic_20|1|16,nearest_neighbor,1,0,0,1,5.349045992981371,20,0.024800014216452837,42,83
stage1,synthetic_20,1,16,synthetic_20|1|16,random_search,1,0,0,1,1.673354202410226,20,0.4007000243291259,42,83
stage1,synthetic_20,1,17,synthetic_20|1|17,treesat_exact,1,0,0,1,0.72992903176459,2,0.08570001227781177,42,83
stage1,synthetic_20,1,17,synthetic_20|1|17,leaf_enum_bruteforce,1,0,0,1,0.72992903176459,2,0.6139999895822257,42,83
stage1,synthetic_20,1,17,synthetic_20|1|17,nearest_neighbor,1,0,0,1,3.7976929997687012,20,0.026599998818710446,42,83
stage1,synthetic_20,1,17,synthetic_20|1|17,random_search,1,0,0,1,1.561782714464275,20,0.4031999851576984,42,83
stage1,synthetic_20,1,18,synthetic_20|1|18,treesat_exact,0,1,1,1,1.0686800987783902,2,0.07769998046569526,42,83
stage1,synthetic_20,1,18,synthetic_20|1|18,leaf_enum_bruteforce,0,1,1,1,1.0686800987783902,2,0.7037000032141805,42,83
stage1,synthetic_20,1,18,synthetic_20|1|18,nearest_neighbor,0,1,1,1,3.908364890013777,20,0.025100016500800848,42,83
stage1,synthetic_20,1,18,synthetic_20|1|18,random_search,0,1,1,1,3.971615743168404,20,0.3958999877795577,42,83
stage1,synthetic_20,1,19,synthetic_20|1|19,treesat_exact,0,1,1,1,0.2190561622132964,1,0.07380000897683203,42,83
stage1,synthetic_20,1,19,synthetic_20|1|19,leaf_enum_bruteforce,0,1,1,1,0.2190561622132964,1,0.750000006519258,42,83
stage1,synthetic_20,1,19,synthetic_20|1|19,nearest_neighbor,0,1,1,1,2.5121778413962295,20,0.02680000034160912,42,83
stage1,synthetic_20,1,19,synthetic_20|1|19,random_search,0,1,1,1,0.6653797799399074,20,0.4420999903231859,42,83
stage1,synthetic_20,1,20,synthetic_20|1|20,treesat_exact,1,0,0,1,0.8376310369127928,3,0.0756000226829201,42,83
stage1,synthetic_20,1,20,synthetic_20|1|20,leaf_enum_bruteforce,1,0,0,1,0.8376310369127928,3,0.658900011330843,42,83
stage1,synthetic_20,1,20,synthetic_20|1|20,nearest_neighbor,1,0,0,1,5.116891238785377,20,0.027300004148855805,42,83
stage1,synthetic_20,1,20,synthetic_20|1|20,random_search,1,0,0,1,2.0954587408824463,20,0.4428999964147806,42,83
stage1,synthetic_20,1,21,synthetic_20|1|21,treesat_exact,0,1,1,1,1.6999922183367768,2,0.10969999129883945,42,83
stage1,synthetic_20,1,21,synthetic_20|1|21,leaf_enum_bruteforce,0,1,1,1,1.6999922183367768,2,0.7513999880757183,42,83
stage1,synthetic_20,1,21,synthetic_20|1|21,nearest_neighbor,0,1,1,1,4.3292880102359135,20,0.02609999501146376,42,83
stage1,synthetic_20,1,21,synthetic_20|1|21,random_search,0,1,1,1,4.1330259775931095,20,0.4189999890513718,42,83
stage1,synthetic_20,1,22,synthetic_20|1|22,treesat_exact,1,0,0,1,1.4184253860153546,2,0.0740000104997307,42,83
stage1,synthetic_20,1,22,synthetic_20|1|22,leaf_enum_bruteforce,1,0,0,1,1.4184253860153546,2,0.5975000094622374,42,83
stage1,synthetic_20,1,22,synthetic_20|1|22,nearest_neighbor,1,0,0,1,3.5535573108623635,20,0.024600012693554163,42,83
stage1,synthetic_20,1,22,synthetic_20|1|22,random_search,1,0,0,1,3.324995281726738,20,0.3865000035148114,42,83
stage1,synthetic_20,1,23,synthetic_20|1|23,treesat_exact,0,1,1,1,0.23257227344694686,2,0.1194999786093831,42,83
stage1,synthetic_20,1,23,synthetic_20|1|23,leaf_enum_bruteforce,0,1,1,1,0.23257227344694686,2,0.7218999962788075,42,83
stage1,synthetic_20,1,23,synthetic_20|1|23,nearest_neighbor,0,1,1,1,2.4091258079547573,20,0.02720000338740647,42,83
stage1,synthetic_20,1,23,synthetic_20|1|23,random_search,0,1,1,1,0.5865429765633263,20,0.4214000073261559,42,83
stage1,synthetic_20,1,24,synthetic_20|1|24,treesat_exact,1,0,0,1,0.027520338788680043,1,0.0701999815646559,42,83
stage1,synthetic_20,1,24,synthetic_20|1|24,leaf_enum_bruteforce,1,0,0,1,0.027520338788680043,1,0.8801000076346099,42,83
stage1,synthetic_20,1,24,synthetic_20|1|24,nearest_neighbor,1,0,0,1,3.651270284680027,20,0.05140001303516328,42,83
stage1,synthetic_20,1,24,synthetic_20|1|24,random_search,1,0,0,1,0.16214228368563113,20,0.6331999902613461,42,83
stage1,synthetic_20,1,25,synthetic_20|1|25,treesat_exact,1,0,0,1,0.38462492579450336,2,0.08360002539120615,42,83
stage1,synthetic_20,1,25,synthetic_20|1|25,leaf_enum_bruteforce,1,0,0,1,0.38462492579450336,2,0.6126000080257654,42,83
stage1,synthetic_20,1,25,synthetic_20|1|25,nearest_neighbor,1,0,0,1,4.125935383276561,20,0.03440000000409782,42,83
stage1,synthetic_20,1,25,synthetic_20|1|25,random_search,1,0,0,1,1.270280094741778,20,0.42520000715740025,42,83
stage1,synthetic_20,1,26,synthetic_20|1|26,treesat_exact,0,1,1,1,1.7806143029576609,2,0.10569998994469643,42,83
stage1,synthetic_20,1,26,synthetic_20|1|26,leaf_enum_bruteforce,0,1,1,1,1.7806143029576609,2,0.7197000086307526,42,83
stage1,synthetic_20,1,26,synthetic_20|1|26,nearest_neighbor,0,1,1,1,4.273588138065605,20,0.030499999411404133,42,83
stage1,synthetic_20,1,26,synthetic_20|1|26,random_search,0,1,1,1,1.382545299764395,20,0.40859999717213213,42,83
stage1,synthetic_20,1,27,synthetic_20|1|27,treesat_exact,0,1,1,1,0.36818982436563796,1,0.07739997818134725,42,83
stage1,synthetic_20,1,27,synthetic_20|1|27,leaf_enum_bruteforce,0,1,1,1,0.36818982436563796,1,0.7177999941632152,42,83
stage1,synthetic_20,1,27,synthetic_20|1|27,nearest_neighbor,0,1,1,1,3.1073208837733697,20,0.025900022592395544,42,83
stage1,synthetic_20,1,27,synthetic_20|1|27,random_search,0,1,1,1,0.8932415772588667,20,0.42400002712383866,42,83
stage1,synthetic_20,1,28,synthetic_20|1|28,treesat_exact,1,0,0,1,0.07231548202062815,1,0.07360000745393336,42,83
stage1,synthetic_20,1,28,synthetic_20|1|28,leaf_enum_bruteforce,1,0,0,1,0.07231548202062815,1,0.6229999999050051,42,83
stage1,synthetic_20,1,28,synthetic_20|1|28,nearest_neighbor,1,0,0,1,3.561186354745836,20,0.03069997183047235,42,83
stage1,synthetic_20,1,28,synthetic_20|1|28,random_search,1,0,0,1,0.18753868905644008,20,0.46859998838044703,42,83
stage1,synthetic_20,1,29,synthetic_20|1|29,treesat_exact,0,1,1,1,0.1049886458594599,1,0.08840000373311341,42,83
stage1,synthetic_20,1,29,synthetic_20|1|29,leaf_enum_bruteforce,0,1,1,1,0.1049886458594599,1,0.7621999830007553,42,83
stage1,synthetic_20,1,29,synthetic_20|1|29,nearest_neighbor,0,1,1,1,3.2468124942170333,20,0.03290001768618822,42,83
stage1,synthetic_20,1,29,synthetic_20|1|29,random_search,0,1,1,1,0.19993319295862538,20,0.4393999988678843,42,83
stage1,synthetic_20,1,30,synthetic_20|1|30,treesat_exact,1,0,0,1,0.7188179423602372,2,0.10040000779554248,42,83
stage1,synthetic_20,1,30,synthetic_20|1|30,leaf_enum_bruteforce,1,0,0,1,0.7188179423602372,2,0.5817000055685639,42,83
stage1,synthetic_20,1,30,synthetic_20|1|30,nearest_neighbor,1,0,0,1,3.6096548907326866,20,0.024800014216452837,42,83
stage1,synthetic_20,1,30,synthetic_20|1|30,random_search,1,0,0,1,2.9721038812860217,20,0.4737999988719821,42,83
stage1,synthetic_20,1,31,synthetic_20|1|31,treesat_exact,0,1,1,1,0.577403607534351,1,0.07809998351149261,42,83
stage1,synthetic_20,1,31,synthetic_20|1|31,leaf_enum_bruteforce,0,1,1,1,0.577403607534351,1,0.8369999995920807,42,83
stage1,synthetic_20,1,31,synthetic_20|1|31,nearest_neighbor,0,1,1,1,3.2358936133486216,20,0.03460000152699649,42,83
stage1,synthetic_20,1,31,synthetic_20|1|31,random_search,0,1,1,1,1.376967118202529,20,0.4202999989502132,42,83
stage1,synthetic_20,1,32,synthetic_20|1|32,treesat_exact,0,1,1,1,0.7168288442642071,3,0.07600002572871745,42,83
stage1,synthetic_20,1,32,synthetic_20|1|32,leaf_enum_bruteforce,0,1,1,1,0.7168288442642071,3,0.7195000071078539,42,83
stage1,synthetic_20,1,32,synthetic_20|1|32,nearest_neighbor,0,1,1,1,3.9679049593896387,20,0.0261999957729131,42,83
stage1,synthetic_20,1,32,synthetic_20|1|32,random_search,0,1,1,1,3.0813836461844235,20,0.39109998033382,42,83
stage1,synthetic_20,1,33,synthetic_20|1|33,treesat_exact,0,1,1,1,0.9392908077274666,2,0.07270000060088933,42,83
stage1,synthetic_20,1,33,synthetic_20|1|33,leaf_enum_bruteforce,0,1,1,1,0.9392908077274666,2,0.6924000044818968,42,83
stage1,synthetic_20,1,33,synthetic_20|1|33,nearest_neighbor,0,1,1,1,4.24540060087886,20,0.02449998282827437,42,83
stage1,synthetic_20,1,33,synthetic_20|1|33,random_search,0,1,1,1,2.965650910912612,20,0.38529999437741935,42,83
stage1,synthetic_20,1,34,synthetic_20|1|34,treesat_exact,1,0,0,1,0.08740015881057239,1,0.07760000880807638,42,83
stage1,synthetic_20,1,34,synthetic_20|1|34,leaf_enum_bruteforce,1,0,0,1,0.08740015881057239,1,0.5748000112362206,42,83
stage1,synthetic_20,1,34,synthetic_20|1|34,nearest_neighbor,1,0,0,1,4.373284418138906,20,0.025399989681318402,42,83
stage1,synthetic_20,1,34,synthetic_20|1|34,random_search,1,0,0,1,0.2255456379248678,20,0.41599999531172216,42,83
stage1,synthetic_20,1,35,synthetic_20|1|35,treesat_exact,1,0,0,1,0.02425841893685078,1,0.22079999325796962,42,83
stage1,synthetic_20,1,35,synthetic_20|1|35,leaf_enum_bruteforce,1,0,0,1,0.02425841893685078,1,2.656800003023818,42,83
stage1,synthetic_20,1,35,synthetic_20|1|35,nearest_neighbor,1,0,0,1,2.639561832671222,20,0.11379999341443181,42,83
stage1,synthetic_20,1,35,synthetic_20|1|35,random_search,1,0,0,1,0.11599511684317057,20,1.6173000039998442,42,83
stage1,synthetic_20,1,36,synthetic_20|1|36,treesat_exact,0,1,1,1,1.5579417245248415,2,0.3632000007200986,42,83
stage1,synthetic_20,1,36,synthetic_20|1|36,leaf_enum_bruteforce,0,1,1,1,1.5579417245248415,2,2.1514999971259385,42,83
stage1,synthetic_20,1,36,synthetic_20|1|36,nearest_neighbor,0,1,1,1,4.188187938748374,20,0.056199991377070546,42,83
stage1,synthetic_20,1,36,synthetic_20|1|36,random_search,0,1,1,1,3.172185415290503,20,0.7931999862194061,42,83
stage1,synthetic_20,1,37,synthetic_20|1|37,treesat_exact,1,0,0,1,0.5368337124618551,2,0.18620002083480358,42,83
stage1,synthetic_20,1,37,synthetic_20|1|37,leaf_enum_bruteforce,1,0,0,1,0.5368337124618551,2,0.9874000097624958,42,83
stage1,synthetic_20,1,37,synthetic_20|1|37,nearest_neighbor,1,0,0,1,3.4640581483239745,20,0.04420001641847193,42,83
stage1,synthetic_20,1,37,synthetic_20|1|37,random_search,1,0,0,1,1.9507582907324577,20,0.8626000199001282,42,83
stage1,synthetic_20,1,38,synthetic_20|1|38,treesat_exact,1,0,0,1,0.3913659371805082,1,0.11610001092776656,42,83
stage1,synthetic_20,1,38,synthetic_20|1|38,leaf_enum_bruteforce,1,0,0,1,0.3913659371805082,1,0.8957000100053847,42,83
stage1,synthetic_20,1,38,synthetic_20|1|38,nearest_neighbor,1,0,0,1,3.3123705534922117,20,0.03559998003765941,42,83
stage1,synthetic_20,1,38,synthetic_20|1|38,random_search,1,0,0,1,1.613561284897555,20,0.5607999919448048,42,83
stage1,synthetic_20,1,39,synthetic_20|1|39,treesat_exact,1,0,0,1,0.06686881292823871,1,0.09859999408945441,42,83
stage1,synthetic_20,1,39,synthetic_20|1|39,leaf_enum_bruteforce,1,0,0,1,0.06686881292823871,1,0.8453000045847148,42,83
stage1,synthetic_20,1,39,synthetic_20|1|39,nearest_neighbor,1,0,0,1,2.474853556703601,20,0.029600021662190557,42,83
stage1,synthetic_20,1,39,synthetic_20|1|39,random_search,1,0,0,1,0.17522859153410283,20,0.5601999873761088,42,83
stage1,synthetic_20,1,40,synthetic_20|1|40,treesat_exact,1,0,0,1,0.6148692240344882,3,0.08730002446100116,42,83
stage1,synthetic_20,1,40,synthetic_20|1|40,leaf_enum_bruteforce,1,0,0,1,0.6148692240344882,3,0.8760999771766365,42,83
stage1,synthetic_20,1,40,synthetic_20|1|40,nearest_neighbor,1,0,0,1,3.255868685290032,20,0.09599997429177165,42,83
stage1,synthetic_20,1,40,synthetic_20|1|40,random_search,1,0,0,1,2.397855713004407,20,0.6195000023581088,42,83
stage1,synthetic_20,1,41,synthetic_20|1|41,treesat_exact,1,0,0,1,0.5111590037723049,1,0.09200000204145908,42,83
stage1,synthetic_20,1,41,synthetic_20|1|41,leaf_enum_bruteforce,1,0,0,1,0.5111590037723049,1,0.7131999882403761,42,83
stage1,synthetic_20,1,41,synthetic_20|1|41,nearest_neighbor,1,0,0,1,4.178989918229043,20,0.03359999391250312,42,83
stage1,synthetic_20,1,41,synthetic_20|1|41,random_search,1,0,0,1,0.9519459603625322,20,0.4461999924387783,42,83
stage1,synthetic_20,1,42,synthetic_20|1|42,treesat_exact,0,1,1,1,0.47481527527424006,1,0.0805000017862767,42,83
stage1,synthetic_20,1,42,synthetic_20|1|42,leaf_enum_bruteforce,0,1,1,1,0.47481527527424006,1,0.777499983087182,42,83
stage1,synthetic_20,1,42,synthetic_20|1|42,nearest_neighbor,0,1,1,1,2.6415505706146285,20,0.03510000533424318,42,83
stage1,synthetic_20,1,42,synthetic_20|1|42,random_search,0,1,1,1,1.3367966903685486,20,0.4310999938752502,42,83
stage1,synthetic_20,1,43,synthetic_20|1|43,treesat_exact,0,1,1,1,0.35148198961711774,3,0.11140000424347818,42,83
stage1,synthetic_20,1,43,synthetic_20|1|43,leaf_enum_bruteforce,0,1,1,1,0.35148198961711774,3,0.8207000209949911,42,83
stage1,synthetic_20,1,43,synthetic_20|1|43,nearest_neighbor,0,1,1,1,1.992779806446644,20,0.03330002073198557,42,83
stage1,synthetic_20,1,43,synthetic_20|1|43,random_search,0,1,1,1,0.49357812597414746,20,0.47640001866966486,42,83
stage1,synthetic_20,1,44,synthetic_20|1|44,treesat_exact,1,0,0,1,0.8755345042911643,2,0.08150000940077007,42,83
stage1,synthetic_20,1,44,synthetic_20|1|44,leaf_enum_bruteforce,1,0,0,1,0.8755345042911643,2,0.6451999943237752,42,83
stage1,synthetic_20,1,44,synthetic_20|1|44,nearest_neighbor,1,0,0,1,2.8726868945777966,20,0.03029999788850546,42,83
stage1,synthetic_20,1,44,synthetic_20|1|44,random_search,1,0,0,1,1.7594825599661783,20,0.4385999927762896,42,83
stage1,synthetic_20,1,45,synthetic_20|1|45,treesat_exact,1,0,0,1,0.03878002111752804,1,0.16369999502785504,42,83
stage1,synthetic_20,1,45,synthetic_20|1|45,leaf_enum_bruteforce,1,0,0,1,0.03878002111752804,1,0.68450000253506,42,83
stage1,synthetic_20,1,45,synthetic_20|1|45,nearest_neighbor,1,0,0,1,3.8921953436511276,20,0.03500000457279384,42,83
stage1,synthetic_20,1,45,synthetic_20|1|45,random_search,1,0,0,1,0.15562483826876694,20,0.4631000047083944,42,83
stage1,synthetic_20,1,46,synthetic_20|1|46,treesat_exact,1,0,0,1,0.4259289126405514,1,0.07499998901039362,42,83
stage1,synthetic_20,1,46,synthetic_20|1|46,leaf_enum_bruteforce,1,0,0,1,0.4259289126405514,1,0.606999994488433,42,83
stage1,synthetic_20,1,46,synthetic_20|1|46,nearest_neighbor,1,0,0,1,2.122702958440135,20,0.02789997961372137,42,83
stage1,synthetic_20,1,46,synthetic_20|1|46,random_search,1,0,0,1,1.2407284557979912,20,0.4222000134177506,42,83
stage1,synthetic_20,1,47,synthetic_20|1|47,treesat_exact,1,0,0,1,0.35549197730036675,1,0.07389998063445091,42,83
stage1,synthetic_20,1,47,synthetic_20|1|47,leaf_enum_bruteforce,1,0,0,1,0.35549197730036675,1,0.6103000196162611,42,83
stage1,synthetic_20,1,47,synthetic_20|1|47,nearest_neighbor,1,0,0,1,2.826048312386923,20,0.026599998818710446,42,83
stage1,synthetic_20,1,47,synthetic_20|1|47,random_search,1,0,0,1,0.8488410181229332,20,0.4112000169698149,42,83
stage1,synthetic_20,1,48,synthetic_20|1|48,treesat_exact,1,0,0,1,0.8497642015473708,1,0.0686999992467463,42,83
stage1,synthetic_20,1,48,synthetic_20|1|48,leaf_enum_bruteforce,1,0,0,1,0.8497642015473708,1,0.6412999937310815,42,83
stage1,synthetic_20,1,48,synthetic_20|1|48,nearest_neighbor,1,0,0,1,3.641962382080683,20,0.02680000034160912,42,83
stage1,synthetic_20,1,48,synthetic_20|1|48,random_search,1,0,0,1,1.6025969601721008,20,0.42440000106580555,42,83
stage1,synthetic_20,1,49,synthetic_20|1|49,treesat_exact,1,0,0,1,1.257926986669356,2,0.07210002513602376,42,83
stage1,synthetic_20,1,49,synthetic_20|1|49,leaf_enum_bruteforce,1,0,0,1,1.257926986669356,2,0.5882999976165593,42,83
stage1,synthetic_20,1,49,synthetic_20|1|49,nearest_neighbor,1,0,0,1,5.604700639157437,20,0.02720000338740647,42,83
stage1,synthetic_20,1,49,synthetic_20|1|49,random_search,1,0,0,1,4.2069634738696395,20,0.38579999818466604,42,83
stage1,synthetic_20,1,50,synthetic_20|1|50,treesat_exact,0,1,1,1,0.47846062222606806,1,0.07760000880807638,42,83
stage1,synthetic_20,1,50,synthetic_20|1|50,leaf_enum_bruteforce,0,1,1,1,0.47846062222606806,1,1.472600008128211,42,83
stage1,synthetic_20,1,50,synthetic_20|1|50,nearest_neighbor,0,1,1,1,3.69970263299866,20,0.06369999027810991,42,83
stage1,synthetic_20,1,50,synthetic_20|1|50,random_search,0,1,1,1,1.0871323767123455,20,0.6040000007487833,42,83
stage1,synthetic_20,1,51,synthetic_20|1|51,treesat_exact,1,0,0,1,0.6662852279061537,2,0.10070001007989049,42,83
stage1,synthetic_20,1,51,synthetic_20|1|51,leaf_enum_bruteforce,1,0,0,1,0.6662852279061537,2,0.7588999869767576,42,83
stage1,synthetic_20,1,51,synthetic_20|1|51,nearest_neighbor,1,0,0,1,4.315701211250782,20,0.04630000330507755,42,83
stage1,synthetic_20,1,51,synthetic_20|1|51,random_search,1,0,0,1,1.5501102018880513,20,0.4199999966658652,42,83
stage1,synthetic_20,1,52,synthetic_20|1|52,treesat_exact,0,1,1,1,0.09520045675594706,2,0.079699995694682,42,83
stage1,synthetic_20,1,52,synthetic_20|1|52,leaf_enum_bruteforce,0,1,1,1,0.09520045675594706,2,0.7290999928954989,42,83
stage1,synthetic_20,1,52,synthetic_20|1|52,nearest_neighbor,0,1,1,1,3.5766039430728505,20,0.031000003218650818,42,83
stage1,synthetic_20,1,52,synthetic_20|1|52,random_search,0,1,1,1,0.36677689709277095,20,0.43700000969693065,42,83
stage1,synthetic_20,1,53,synthetic_20|1|53,treesat_exact,1,0,0,1,0.44540622636862726,1,0.11250001261942089,42,83
stage1,synthetic_20,1,53,synthetic_20|1|53,leaf_enum_bruteforce,1,0,0,1,0.44540622636862726,1,0.6205000099726021,42,83
stage1,synthetic_20,1,53,synthetic_20|1|53,nearest_neighbor,1,0,0,1,3.7109446330177533,20,0.028699985705316067,42,83
stage1,synthetic_20,1,53,synthetic_20|1|53,random_search,1,0,0,1,1.0441714797689892,20,0.4369000089354813,42,83
stage1,synthetic_20,1,54,synthetic_20|1|54,treesat_exact,1,0,0,1,0.673486062626371,2,0.07069998537190259,42,83
stage1,synthetic_20,1,54,synthetic_20|1|54,leaf_enum_bruteforce,1,0,0,1,0.673486062626371,2,0.6017999839968979,42,83
stage1,synthetic_20,1,54,synthetic_20|1|54,nearest_neighbor,1,0,0,1,4.025892862890895,20,0.025299988919869065,42,83
stage1,synthetic_20,1,54,synthetic_20|1|54,random_search,1,0,0,1,1.7288711291894272,20,0.41760000749491155,42,83
stage1,synthetic_20,1,55,synthetic_20|1|55,treesat_exact,1,0,0,1,0.3475113418808293,1,0.07300000288523734,42,83
stage1,synthetic_20,1,55,synthetic_20|1|55,leaf_enum_bruteforce,1,0,0,1,0.3475113418808293,1,0.6357000092975795,42,83
stage1,synthetic_20,1,55,synthetic_20|1|55,nearest_neighbor,1,0,0,1,2.7979429580150783,20,0.0261999957729131,42,83
stage1,synthetic_20,1,55,synthetic_20|1|55,random_search,1,0,0,1,0.849950244987808,20,0.41470001451671124,42,83
stage1,synthetic_20,1,56,synthetic_20|1|56,treesat_exact,1,0,0,1,0.6668827007520634,2,0.07909999112598598,42,83
stage1,synthetic_20,1,56,synthetic_20|1|56,leaf_enum_bruteforce,1,0,0,1,0.6668827007520634,2,0.6147999956738204,42,83
stage1,synthetic_20,1,56,synthetic_20|1|56,nearest_neighbor,1,0,0,1,4.4510766250287,20,0.027799978852272034,42,83
stage1,synthetic_20,1,56,synthetic_20|1|56,random_search,1,0,0,1,1.7830894056537732,20,0.39930001366883516,42,83
stage1,synthetic_20,1,57,synthetic_20|1|57,treesat_exact,0,1,1,1,0.4427092358675884,3,0.07530002039857209,42,83
stage1,synthetic_20,1,57,synthetic_20|1|57,leaf_enum_bruteforce,0,1,1,1,0.4427092358675884,3,0.7501000072807074,42,83
stage1,synthetic_20,1,57,synthetic_20|1|57,nearest_neighbor,0,1,1,1,3.1111426878876904,20,0.03399999695830047,42,83
stage1,synthetic_20,1,57,synthetic_20|1|57,random_search,0,1,1,1,1.5349027543897125,20,0.4070999857503921,42,83
stage1,synthetic_20,1,58,synthetic_20|1|58,treesat_exact,0,1,1,1,1.4212397894593145,2,0.07639999967068434,42,83
stage1,synthetic_20,1,58,synthetic_20|1|58,leaf_enum_bruteforce,0,1,1,1,1.4212397894593145,2,0.7210999901872128,42,83
stage1,synthetic_20,1,58,synthetic_20|1|58,nearest_neighbor,0,1,1,1,4.101523585091265,20,0.027400004910305142,42,83
stage1,synthetic_20,1,58,synthetic_20|1|58,random_search,0,1,1,1,3.339651508905142,20,0.4985999839846045,42,83
stage1,synthetic_20,1,59,synthetic_20|1|59,treesat_exact,0,1,1,1,1.6562899947518293,2,0.18870001076720655,42,83
stage1,synthetic_20,1,59,synthetic_20|1|59,leaf_enum_bruteforce,0,1,1,1,1.6562899947518293,2,0.9054999973159283,42,83
stage1,synthetic_20,1,59,synthetic_20|1|59,nearest_neighbor,0,1,1,1,4.9119410079074814,20,0.08359999628737569,42,83
stage1,synthetic_20,1,59,synthetic_20|1|59,random_search,0,1,1,1,3.631293916650124,20,0.461199990240857,42,83
stage1,synthetic_20,2,0,synthetic_20|2|0,treesat_exact,0,1,1,1,1.025576999955112,5,0.12250000145286322,41,81
stage1,synthetic_20,2,0,synthetic_20|2|0,leaf_enum_bruteforce,0,1,1,1,1.025576999955112,5,0.7235999801196158,41,81
stage1,synthetic_20,2,0,synthetic_20|2|0,nearest_neighbor,0,1,1,1,4.851792604381425,20,0.037299992982298136,41,81
stage1,synthetic_20,2,0,synthetic_20|2|0,random_search,0,1,1,1,4.715393746167373,20,0.4352999967522919,41,81
stage1,synthetic_20,2,1,synthetic_20|2|1,treesat_exact,0,1,1,1,0.09278195958987978,1,0.07919999188743532,41,81
stage1,synthetic_20,2,1,synthetic_20|2|1,leaf_enum_bruteforce,0,1,1,1,0.09278195958987978,1,0.6926999776624143,41,81
stage1,synthetic_20,2,1,synthetic_20|2|1,nearest_neighbor,0,1,1,1,2.9876009925488427,20,0.02609999501146376,41,81
stage1,synthetic_20,2,1,synthetic_20|2|1,random_search,0,1,1,1,0.22195877119610952,20,0.8041999826673418,41,81
stage1,synthetic_20,2,2,synthetic_20|2|2,treesat_exact,0,1,1,1,0.3963493638217136,2,0.17129999469034374,41,81
stage1,synthetic_20,2,2,synthetic_20|2|2,leaf_enum_bruteforce,0,1,1,1,0.3963493638217136,2,0.9238999919034541,41,81
stage1,synthetic_20,2,2,synthetic_20|2|2,nearest_neighbor,0,1,1,1,3.4279743835958874,20,0.043800013372674584,41,81
stage1,synthetic_20,2,2,synthetic_20|2|2,random_search,0,1,1,1,0.8192226410443342,20,0.4634000069927424,41,81
stage1,synthetic_20,2,3,synthetic_20|2|3,treesat_exact,0,1,1,1,0.5756029899454636,1,0.08179998258128762,41,81
stage1,synthetic_20,2,3,synthetic_20|2|3,leaf_enum_bruteforce,0,1,1,1,0.5756029899454636,1,0.6933000113349408,41,81
stage1,synthetic_20,2,3,synthetic_20|2|3,nearest_neighbor,0,1,1,1,3.674012458522527,20,0.024900014977902174,41,81
stage1,synthetic_20,2,3,synthetic_20|2|3,random_search,0,1,1,1,1.5204608724816753,20,0.4159000236541033,41,81
stage1,synthetic_20,2,4,synthetic_20|2|4,treesat_exact,0,1,1,1,0.5292134637957857,1,0.07529999129474163,41,81
stage1,synthetic_20,2,4,synthetic_20|2|4,leaf_enum_bruteforce,0,1,1,1,0.5292134637957857,1,0.8562000002712011,41,81
stage1,synthetic_20,2,4,synthetic_20|2|4,nearest_neighbor,0,1,1,1,2.9347801967509253,20,0.04640000406652689,41,81
stage1,synthetic_20,2,4,synthetic_20|2|4,random_search,0,1,1,1,1.1513526975737773,20,0.4561999812722206,41,81
stage1,synthetic_20,2,5,synthetic_20|2|5,treesat_exact,0,1,1,1,0.3594994310770012,1,0.08229998638853431,41,81
stage1,synthetic_20,2,5,synthetic_20|2|5,leaf_enum_bruteforce,0,1,1,1,0.3594994310770012,1,0.7124999829102308,41,81
stage1,synthetic_20,2,5,synthetic_20|2|5,nearest_neighbor,0,1,1,1,3.4349317420765173,20,0.02720000338740647,41,81
stage1,synthetic_20,2,5,synthetic_20|2|5,random_search,0,1,1,1,1.017263848916753,20,0.42970001231878996,41,81
stage1,synthetic_20,2,6,synthetic_20|2|6,treesat_exact,1,0,0,1,0.06238367025487698,1,0.07709997589699924,41,81
stage1,synthetic_20,2,6,synthetic_20|2|6,leaf_enum_bruteforce,1,0,0,1,0.06238367025487698,1,0.6080000021029264,41,81
stage1,synthetic_20,2,6,synthetic_20|2|6,nearest_neighbor,1,0,0,1,3.502505967643092,20,0.0337999954354018,41,81
stage1,synthetic_20,2,6,synthetic_20|2|6,random_search,1,0,0,1,0.19010366598515113,20,0.45190000673756003,41,81
stage1,synthetic_20,2,7,synthetic_20|2|7,treesat_exact,0,1,1,1,0.6839891122627982,2,0.07840001489967108,41,81
stage1,synthetic_20,2,7,synthetic_20|2|7,leaf_enum_bruteforce,0,1,1,1,0.6839891122627982,2,0.7246000168379396,41,81
stage1,synthetic_20,2,7,synthetic_20|2|7,nearest_neighbor,0,1,1,1,3.5934802633753145,20,0.02780000795610249,41,81
stage1,synthetic_20,2,7,synthetic_20|2|7,random_search,0,1,1,1,1.8617800848828674,20,0.40550000267103314,41,81
stage1,synthetic_20,2,8,synthetic_20|2|8,treesat_exact,0,1,1,1,0.4055802986774093,1,0.07639999967068434,41,81
stage1,synthetic_20,2,8,synthetic_20|2|8,leaf_enum_bruteforce,0,1,1,1,0.4055802986774093,1,0.6915999983903021,41,81
stage1,synthetic_20,2,8,synthetic_20|2|8,nearest_neighbor,0,1,1,1,2.930129493193073,20,0.024300010409206152,41,81
stage1,synthetic_20,2,8,synthetic_20|2|8,random_search,0,1,1,1,0.7951172969705306,20,0.4093999741598964,41,81
stage1,synthetic_20,2,9,synthetic_20|2|9,treesat_exact,1,0,0,1,0.38804424075483246,1,0.07350000669248402,41,81
stage1,synthetic_20,2,9,synthetic_20|2|9,leaf_enum_bruteforce,1,0,0,1,0.38804424075483246,1,0.5935000081080943,41,81
stage1,synthetic_20,2,9,synthetic_20|2|9,nearest_neighbor,1,0,0,1,2.9485821368627283,20,0.02649999805726111,41,81
stage1,synthetic_20,2,9,synthetic_20|2|9,random_search,1,0,0,1,0.8456745568292128,20,0.42830000165849924,41,81
stage1,synthetic_20,2,10,synthetic_20|2|10,treesat_exact,0,1,1,1,0.11698096892037396,1,0.0777999812271446,41,81
stage1,synthetic_20,2,10,synthetic_20|2|10,leaf_enum_bruteforce,0,1,1,1,0.11698096892037396,1,0.829099997645244,41,81
stage1,synthetic_20,2,10,synthetic_20|2|10,nearest_neighbor,0,1,1,1,3.5882471080060525,20,0.03060000017285347,41,81
stage1,synthetic_20,2,10,synthetic_20|2|10,random_search,0,1,1,1,0.24851162001410448,20,0.5307999963406473,41,81
stage1,synthetic_20,2,11,synthetic_20|2|11,treesat_exact,0,1,1,1,0.33607088760034287,1,0.09099999442696571,41,81
stage1,synthetic_20,2,11,synthetic_20|2|11,leaf_enum_bruteforce,0,1,1,1,0.33607088760034287,1,0.8268000092357397,41,81
stage1,synthetic_20,2,11,synthetic_20|2|11,nearest_neighbor,0,1,1,1,4.051614866532354,20,0.028300011763349175,41,81
stage1,synthetic_20,2,11,synthetic_20|2|11,random_search,0,1,1,1,0.7997592585386801,20,1.0714000090956688,41,81
stage1,synthetic_20,2,12,synthetic_20|2|12,treesat_exact,1,0,0,1,0.1612471262123732,1,0.11979998089373112,41,81
stage1,synthetic_20,2,12,synthetic_20|2|12,leaf_enum_bruteforce,1,0,0,1,0.1612471262123732,1,0.981699995463714,41,81
stage1,synthetic_20,2,12,synthetic_20|2|12,nearest_neighbor,1,0,0,1,2.2358834669946543,20,0.05370000144466758,41,81
stage1,synthetic_20,2,12,synthetic_20|2|12,random_search,1,0,0,1,0.2517904872899267,20,0.5785000103060156,41,81
stage1,synthetic_20,2,13,synthetic_20|2|13,treesat_exact,1,0,0,1,0.1950031245280519,1,0.0832000223454088,41,81
stage1,synthetic_20,2,13,synthetic_20|2|13,leaf_enum_bruteforce,1,0,0,1,0.1950031245280519,1,0.6078000005800277,41,81
stage1,synthetic_20,2,13,synthetic_20|2|13,nearest_neighbor,1,0,0,1,2.7017435039727,20,0.03609998384490609,41,81
stage1,synthetic_20,2,13,synthetic_20|2|13,random_search,1,0,0,1,0.3986116624136188,20,0.4668000037781894,41,81
stage1,synthetic_20,2,14,synthetic_20|2|14,treesat_exact,1,0,0,1,0.22448245733419325,1,0.08009999874047935,41,81
stage1,synthetic_20,2,14,synthetic_20|2|14,leaf_enum_bruteforce,1,0,0,1,0.22448245733419325,1,0.6021000153850764,41,81
stage1,synthetic_20,2,14,synthetic_20|2|14,nearest_neighbor,1,0,0,1,2.675599120549,20,0.027000001864507794,41,81
stage1,synthetic_20,2,14,synthetic_20|2|14,random_search,1,0,0,1,0.5375183657299318,20,0.4344999906606972,41,81
stage1,synthetic_20,2,15,synthetic_20|2|15,treesat_exact,0,1,1,1,1.2361311494850808,2,0.08420000085607171,41,81
stage1,synthetic_20,2,15,synthetic_20|2|15,leaf_enum_bruteforce,0,1,1,1,1.2361311494850808,2,0.6988999957684427,41,81
stage1,synthetic_20,2,15,synthetic_20|2|15,nearest_neighbor,0,1,1,1,3.7962761068499993,20,0.03239998477511108,41,81
stage1,synthetic_20,2,15,synthetic_20|2|15,random_search,0,1,1,1,4.100320043999045,20,0.4026000096928328,41,81
stage1,synthetic_20,2,16,synthetic_20|2|16,treesat_exact,1,0,0,1,1.166075907041221,1,0.07169999298639596,41,81
stage1,synthetic_20,2,16,synthetic_20|2|16,leaf_enum_bruteforce,1,0,0,1,1.166075907041221,1,0.5958000256214291,41,81
stage1,synthetic_20,2,16,synthetic_20|2|16,nearest_neighbor,1,0,0,1,3.7288407568376374,20,0.023600005079060793,41,81
stage1,synthetic_20,2,16,synthetic_20|2|16,random_search,1,0,0,1,3.1973211492415,20,0.4006999952252954,41,81
stage1,synthetic_20,2,17,synthetic_20|2|17,treesat_exact,1,0,0,1,0.6173754117248195,2,0.07310000364668667,41,81
stage1,synthetic_20,2,17,synthetic_20|2|17,leaf_enum_bruteforce,1,0,0,1,0.6173754117248195,2,0.6170000124257058,41,81
stage1,synthetic_20,2,17,synthetic_20|2|17,nearest_neighbor,1,0,0,1,3.744011197239776,20,0.027000001864507794,41,81
stage1,synthetic_20,2,17,synthetic_20|2|17,random_search,1,0,0,1,1.6774438157163996,20,0.39969998761080205,41,81
stage1,synthetic_20,2,18,synthetic_20|2|18,treesat_exact,0,1,1,1,0.4744685261560399,2,0.07270000060088933,41,81
stage1,synthetic_20,2,18,synthetic_20|2|18,leaf_enum_bruteforce,0,1,1,1,0.4744685261560399,2,0.7456000021193177,41,81
stage1,synthetic_20,2,18,synthetic_20|2|18,nearest_neighbor,0,1,1,1,3.8303498515219068,20,0.03300001844763756,41,81
stage1,synthetic_20,2,18,synthetic_20|2|18,random_search,0,1,1,1,1.5510971707376322,20,0.44150001485832036,41,81
stage1,synthetic_20,2,19,synthetic_20|2|19,treesat_exact,1,0,0,1,0.2929406344836871,1,0.10909998673014343,41,81
stage1,synthetic_20,2,19,synthetic_20|2|19,leaf_enum_bruteforce,1,0,0,1,0.2929406344836871,1,0.6106000219006091,41,81
stage1,synthetic_20,2,19,synthetic_20|2|19,nearest_neighbor,1,0,0,1,2.2349759062284194,20,0.03359999391250312,41,81
stage1,synthetic_20,2,19,synthetic_20|2|19,random_search,1,0,0,1,0.20089699940395944,20,0.4616999940481037,41,81
stage1,synthetic_20,2,20,synthetic_20|2|20,treesat_exact,0,1,1,1,0.5516009015717507,1,0.08009999874047935,41,81
stage1,synthetic_20,2,20,synthetic_20|2|20,leaf_enum_bruteforce,0,1,1,1,0.5516009015717507,1,0.6931000098120421,41,81
stage1,synthetic_20,2,20,synthetic_20|2|20,nearest_neighbor,0,1,1,1,3.310358439465481,20,0.028099981136620045,41,81
stage1,synthetic_20,2,20,synthetic_20|2|20,random_search,0,1,1,1,1.8177436808910945,20,0.4067000118084252,41,81
stage1,synthetic_20,2,21,synthetic_20|2|21,treesat_exact,1,0,0,1,0.5713853011938436,2,0.07499998901039362,41,81
stage1,synthetic_20,2,21,synthetic_20|2|21,leaf_enum_bruteforce,1,0,0,1,0.5713853011938436,2,0.605799985351041,41,81
stage1,synthetic_20,2,21,synthetic_20|2|21,nearest_neighbor,1,0,0,1,3.761276878334083,20,0.03010002546943724,41,81
stage1,synthetic_20,2,21,synthetic_20|2|21,random_search,1,0,0,1,1.922822248813238,20,0.41080001392401755,41,81
stage1,synthetic_20,2,22,synthetic_20|2|22,treesat_exact,0,1,1,1,0.6283573020016995,1,0.07799998275004327,41,81
stage1,synthetic_20,2,22,synthetic_20|2|22,leaf_enum_bruteforce,0,1,1,1,0.6283573020016995,1,1.582500000949949,41,81
stage1,synthetic_20,2,22,synthetic_20|2|22,nearest_neighbor,0,1,1,1,3.404269220393281,20,0.07959999493323267,41,81
stage1,synthetic_20,2,22,synthetic_20|2|22,random_search,0,1,1,1,1.3007649108720278,20,0.7807000074535608,41,81
stage1,synthetic_20,2,23,synthetic_20|2|23,treesat_exact,1,0,0,1,1.2250604015925006,1,0.23750000400468707,41,81
stage1,synthetic_20,2,23,synthetic_20|2|23,leaf_enum_bruteforce,1,0,0,1,1.2250604015925006,1,1.1489999887999147,41,81
stage1,synthetic_20,2,23,synthetic_20|2|23,nearest_neighbor,1,0,0,1,4.891970667152077,20,0.05590001819655299,41,81
stage1,synthetic_20,2,23,synthetic_20|2|23,random_search,1,0,0,1,3.2937928779251058,20,0.6091000104788691,41,81
stage1,synthetic_20,2,24,synthetic_20|2|24,treesat_exact,0,1,1,1,0.08232767820478187,1,0.08530000923201442,41,81
stage1,synthetic_20,2,24,synthetic_20|2|24,leaf_enum_bruteforce,0,1,1,1,0.08232767820478187,1,0.7186000002548099,41,81
stage1,synthetic_20,2,24,synthetic_20|2|24,nearest_neighbor,0,1,1,1,2.786336813339267,20,0.031100003980100155,41,81
stage1,synthetic_20,2,24,synthetic_20|2|24,random_search,0,1,1,1,0.2097599108686366,20,0.44830000842921436,41,81
stage1,synthetic_20,2,25,synthetic_20|2|25,treesat_exact,1,0,0,1,1.1452800955780997,1,0.13329999637790024,41,81
stage1,synthetic_20,2,25,synthetic_20|2|25,leaf_enum_bruteforce,1,0,0,1,1.1452800955780997,1,0.6766000005882233,41,81
stage1,synthetic_20,2,25,synthetic_20|2|25,nearest_neighbor,1,0,0,1,3.4943315929954877,20,0.029099988751113415,41,81
stage1,synthetic_20,2,25,synthetic_20|2|25,random_search,1,0,0,1,1.7118498729773586,20,0.43149999692104757,41,81
stage1,synthetic_20,2,26,synthetic_20|2|26,treesat_exact,0,1,1,1,0.5266365526261509,1,0.07810001261532307,41,81
stage1,synthetic_20,2,26,synthetic_20|2|26,leaf_enum_bruteforce,0,1,1,1,0.5266365526261509,1,0.6910999945830554,41,81
stage1,synthetic_20,2,26,synthetic_20|2|26,nearest_neighbor,0,1,1,1,5.092094833901973,20,0.024500011932104826,41,81
stage1,synthetic_20,2,26,synthetic_20|2|26,random_search,0,1,1,1,1.6165467407397238,20,0.41710000368766487,41,81
stage1,synthetic_20,2,27,synthetic_20|2|27,treesat_exact,1,0,0,1,0.7614438620361532,1,0.07450001430697739,41,81
stage1,synthetic_20,2,27,synthetic_20|2|27,leaf_enum_bruteforce,1,0,0,1,0.7614438620361532,1,0.6222999945748597,41,81
stage1,synthetic_20,2,27,synthetic_20|2|27,nearest_neighbor,1,0,0,1,3.123135520279608,20,0.02820001100189984,41,81
stage1,synthetic_20,2,27,synthetic_20|2|27,random_search,1,0,0,1,1.4619340220430783,20,0.42379999649710953,41,81
stage1,synthetic_20,2,28,synthetic_20|2|28,treesat_exact,0,1,1,1,0.4338397717681979,1,0.08019999950192869,41,81
stage1,synthetic_20,2,28,synthetic_20|2|28,leaf_enum_bruteforce,0,1,1,1,0.4338397717681979,1,0.7050999847706407,41,81
stage1,synthetic_20,2,28,synthetic_20|2|28,nearest_neighbor,0,1,1,1,3.015764890181912,20,0.026599998818710446,41,81
stage1,synthetic_20,2,28,synthetic_20|2|28,random_search,0,1,1,1,1.820725335180307,20,0.40669998270459473,41,81
stage1,synthetic_20,2,29,synthetic_20|2|29,treesat_exact,0,1,1,1,0.7236435887889389,2,0.07459998596459627,41,81
stage1,synthetic_20,2,29,synthetic_20|2|29,leaf_enum_bruteforce,0,1,1,1,0.7236435887889389,2,0.6825999880675226,41,81
stage1,synthetic_20,2,29,synthetic_20|2|29,nearest_neighbor,0,1,1,1,3.6582274525106997,20,0.023600005079060793,41,81
stage1,synthetic_20,2,29,synthetic_20|2|29,random_search,0,1,1,1,1.919072531187672,20,0.4041000211145729,41,81
stage1,synthetic_20,2,30,synthetic_20|2|30,treesat_exact,0,1,1,1,0.6044356074199629,2,0.07430001278407872,41,81
stage1,synthetic_20,2,30,synthetic_20|2|30,leaf_enum_bruteforce,0,1,1,1,0.6044356074199629,2,0.6807999743614346,41,81
stage1,synthetic_20,2,30,synthetic_20|2|30,nearest_neighbor,0,1,1,1,3.3355328489502307,20,0.02370000584051013,41,81
stage1,synthetic_20,2,30,synthetic_20|2|30,random_search,0,1,1,1,1.8196840888900023,20,0.3957000153604895,41,81
stage1,synthetic_20,2,31,synthetic_20|2|31,treesat_exact,0,1,1,1,0.03297605151233629,1,0.0737000082153827,41,81
stage1,synthetic_20,2,31,synthetic_20|2|31,leaf_enum_bruteforce,0,1,1,1,0.03297605151233629,1,0.6850000063423067,41,81
stage1,synthetic_20,2,31,synthetic_20|2|31,nearest_neighbor,0,1,1,1,3.4011782961675388,20,0.023300002794712782,41,81
stage1,synthetic_20,2,31,synthetic_20|2|31,random_search,0,1,1,1,0.16960992655982082,20,0.42299999040551484,41,81
stage1,synthetic_20,2,32,synthetic_20|2|32,treesat_exact,0,1,1,1,0.3717962122985652,1,0.07270000060088933,41,81
stage1,synthetic_20,2,32,synthetic_20|2|32,leaf_enum_bruteforce,0,1,1,1,0.3717962122985652,1,1.1391000007279217,41,81
stage1,synthetic_20,2,32,synthetic_20|2|32,nearest_neighbor,0,1,1,1,3.175114758560676,20,0.04049998824484646,41,81
stage1,synthetic_20,2,32,synthetic_20|2|32,random_search,0,1,1,1,0.8343891801411355,20,0.4425000224728137,41,81
stage1,synthetic_20,2,33,synthetic_20|2|33,treesat_exact,0,1,1,1,0.23728113593938288,1,0.08009999874047935,41,81
stage1,synthetic_20,2,33,synthetic_20|2|33,leaf_enum_bruteforce,0,1,1,1,0.23728113593938288,1,0.7053999870549887,41,81
stage1,synthetic_20,2,33,synthetic_20|2|33,nearest_neighbor,0,1,1,1,2.800117919052387,20,0.025299988919869065,41,81
stage1,synthetic_20,2,33,synthetic_20|2|33,random_search,0,1,1,1,0.6012756873151451,20,0.4284000024199486,41,81
stage1,synthetic_20,2,34,synthetic_20|2|34,treesat_exact,1,0,0,1,0.592934699304751,3,0.07810001261532307,41,81
stage1,synthetic_20,2,34,synthetic_20|2|34,leaf_enum_bruteforce,1,0,0,1,0.592934699304751,3,0.6232000014279038,41,81
stage1,synthetic_20,2,34,synthetic_20|2|34,nearest_neighbor,1,0,0,1,4.011277932554461,20,0.030700000934302807,41,81
stage1,synthetic_20,2,34,synthetic_20|2|34,random_search,1,0,0,1,2.975309231322651,20,0.3934999986086041,41,81
stage1,synthetic_20,2,35,synthetic_20|2|35,treesat_exact,0,1,1,1,0.042258919032029996,1,0.08960001287050545,41,81
stage1,synthetic_20,2,35,synthetic_20|2|35,leaf_enum_bruteforce,0,1,1,1,0.042258919032029996,1,0.7008000102359802,41,81
stage1,synthetic_20,2,35,synthetic_20|2|35,nearest_neighbor,0,1,1,1,3.477908876031996,20,0.024100008886307478,41,81
stage1,synthetic_20,2,35,synthetic_20|2|35,random_search,0,1,1,1,0.15587450063798122,20,0.4326000052969903,41,81
stage1,synthetic_20,2,36,synthetic_20|2|36,treesat_exact,1,0,0,1,0.2328525119261472,1,0.07199999527074397,41,81
stage1,synthetic_20,2,36,synthetic_20|2|36,leaf_enum_bruteforce,1,0,0,1,0.2328525119261472,1,0.6135000148788095,41,81
stage1,synthetic_20,2,36,synthetic_20|2|36,nearest_neighbor,1,0,0,1,1.8944029046767414,20,0.024899985874071717,41,81
stage1,synthetic_20,2,36,synthetic_20|2|36,random_search,1,0,0,1,0.6353391605755523,20,0.42359999497421086,41,81
stage1,synthetic_20,2,37,synthetic_20|2|37,treesat_exact,1,0,0,1,0.5479384780208649,1,0.07489998824894428,41,81
stage1,synthetic_20,2,37,synthetic_20|2|37,leaf_enum_bruteforce,1,0,0,1,0.5479384780208649,1,0.6605999951716512,41,81
stage1,synthetic_20,2,37,synthetic_20|2|37,nearest_neighbor,1,0,0,1,4.6500615590509735,20,0.02509998739697039,41,81
stage1,synthetic_20,2,37,synthetic_20|2|37,random_search,1,0,0,1,1.4012925789176434,20,0.42899997788481414,41,81
stage1,synthetic_20,2,38,synthetic_20|2|38,treesat_exact,0,1,1,1,0.09345018588097398,1,0.07879998884163797,41,81
stage1,synthetic_20,2,38,synthetic_20|2|38,leaf_enum_bruteforce,0,1,1,1,0.09345018588097398,1,0.7179999956861138,41,81
stage1,synthetic_20,2,38,synthetic_20|2|38,nearest_neighbor,0,1,1,1,4.226072366216544,20,0.025600020308047533,41,81
stage1,synthetic_20,2,38,synthetic_20|2|38,random_search,0,1,1,1,0.1702907485007963,20,0.4496999899856746,41,81
stage1,synthetic_20,2,39,synthetic_20|2|39,treesat_exact,1,0,0,1,0.004639842549985618,1,0.07510001887567341,41,81
stage1,synthetic_20,2,39,synthetic_20|2|39,leaf_enum_bruteforce,1,0,0,1,0.004639842549985618,1,0.6175999878905714,41,81
stage1,synthetic_20,2,39,synthetic_20|2|39,nearest_neighbor,1,0,0,1,2.907815800784387,20,0.025599991204217076,41,81
stage1,synthetic_20,2,39,synthetic_20|2|39,random_search,1,0,0,1,0.15075260779201002,20,0.5204000044614077,41,81
stage1,synthetic_20,2,40,synthetic_20|2|40,treesat_exact,0,1,1,1,0.48634881843515726,2,0.0813000078778714,41,81
stage1,synthetic_20,2,40,synthetic_20|2|40,leaf_enum_bruteforce,0,1,1,1,0.48634881843515726,2,0.7402999908663332,41,81
stage1,synthetic_20,2,40,synthetic_20|2|40,nearest_neighbor,0,1,1,1,4.048608867777932,20,0.02820001100189984,41,81
stage1,synthetic_20,2,40,synthetic_20|2|40,random_search,0,1,1,1,1.3448207695562746,20,0.43169999844394624,41,81
stage1,synthetic_20,2,41,synthetic_20|2|41,treesat_exact,0,1,1,1,0.9741905635900506,1,0.07770000956952572,41,81
stage1,synthetic_20,2,41,synthetic_20|2|41,leaf_enum_bruteforce,0,1,1,1,0.9741905635900506,1,0.6883000023663044,41,81
stage1,synthetic_20,2,41,synthetic_20|2|41,nearest_neighbor,0,1,1,1,4.042737276212743,20,0.024200009647756815,41,81
stage1,synthetic_20,2,41,synthetic_20|2|41,random_search,0,1,1,1,3.146842106921898,20,0.39339999784715474,41,81
stage1,synthetic_20,2,42,synthetic_20|2|42,treesat_exact,0,1,1,1,0.7516861706407143,2,0.07579999510198832,41,81
stage1,synthetic_20,2,42,synthetic_20|2|42,leaf_enum_bruteforce,0,1,1,1,0.7516861706407143,2,0.6808999751228839,41,81
stage1,synthetic_20,2,42,synthetic_20|2|42,nearest_neighbor,0,1,1,1,4.288218549459338,20,0.023300002794712782,41,81
stage1,synthetic_20,2,42,synthetic_20|2|42,random_search,0,1,1,1,1.8195476706690328,20,0.4010999982710928,41,81
stage1,synthetic_20,2,43,synthetic_20|2|43,treesat_exact,0,1,1,1,0.3973205946945029,2,0.1412999990861863,41,81
stage1,synthetic_20,2,43,synthetic_20|2|43,leaf_enum_bruteforce,0,1,1,1,0.3973205946945029,2,0.7870000263210386,41,81
stage1,synthetic_20,2,43,synthetic_20|2|43,nearest_neighbor,0,1,1,1,2.7300890500567347,20,0.042599975131452084,41,81
stage1,synthetic_20,2,43,synthetic_20|2|43,random_search,0,1,1,1,1.488506051096024,20,0.4917999904137105,41,81
stage1,synthetic_20,2,44,synthetic_20|2|44,treesat_exact,0,1,1,1,1.057293772419998,2,0.08349999552592635,41,81
stage1,synthetic_20,2,44,synthetic_20|2|44,leaf_enum_bruteforce,0,1,1,1,1.057293772419998,2,0.7712999940849841,41,81
stage1,synthetic_20,2,44,synthetic_20|2|44,nearest_neighbor,0,1,1,1,5.5429442253792125,20,0.029199989512562752,41,81
stage1,synthetic_20,2,44,synthetic_20|2|44,random_search,0,1,1,1,3.236530817024738,20,0.43650000588968396,41,81
stage1,synthetic_20,2,45,synthetic_20|2|45,treesat_exact,0,1,1,1,0.9134708668068788,2,0.08519997936673462,41,81
stage1,synthetic_20,2,45,synthetic_20|2|45,leaf_enum_bruteforce,0,1,1,1,0.9134708668068788,2,0.8353999874088913,41,81
stage1,synthetic_20,2,45,synthetic_20|2|45,nearest_neighbor,0,1,1,1,4.364163405519603,20,0.03440000000409782,41,81
stage1,synthetic_20,2,45,synthetic_20|2|45,random_search,0,1,1,1,3.1640074422863185,20,0.4752999811898917,41,81
stage1,synthetic_20,2,46,synthetic_20|2|46,treesat_exact,1,0,0,1,0.0010497212455964078,1,0.08450000314041972,41,81
stage1,synthetic_20,2,46,synthetic_20|2|46,leaf_enum_bruteforce,1,0,0,1,0.0010497212455964078,1,0.6254999898374081,41,81
stage1,synthetic_20,2,46,synthetic_20|2|46,nearest_neighbor,1,0,0,1,2.422293930811965,20,0.035200006095692515,41,81
stage1,synthetic_20,2,46,synthetic_20|2|46,random_search,1,0,0,1,0.16335103104987264,20,0.4631999763660133,41,81
stage1,synthetic_20,2,47,synthetic_20|2|47,treesat_exact,0,1,1,1,0.3265264710043123,2,0.09580000187270343,41,81
stage1,synthetic_20,2,47,synthetic_20|2|47,leaf_enum_bruteforce,0,1,1,1,0.3265264710043123,2,0.74380001751706,41,81
stage1,synthetic_20,2,47,synthetic_20|2|47,nearest_neighbor,0,1,1,1,3.9764113392047493,20,0.02929999027401209,41,81
stage1,synthetic_20,2,47,synthetic_20|2|47,random_search,0,1,1,1,1.052728487996069,20,0.46049998491071165,41,81
stage1,synthetic_20,2,48,synthetic_20|2|48,treesat_exact,0,1,1,1,0.9943295436531389,1,0.08860000525601208,41,81
stage1,synthetic_20,2,48,synthetic_20|2|48,leaf_enum_bruteforce,0,1,1,1,0.9943295436531389,1,0.6871999939903617,41,81
stage1,synthetic_20,2,48,synthetic_20|2|48,nearest_neighbor,0,1,1,1,3.582032917774,20,0.025699991965666413,41,81
stage1,synthetic_20,2,48,synthetic_20|2|48,random_search,0,1,1,1,2.2857884533319788,20,0.7205999863799661,41,81
stage1,synthetic_20,2,49,synthetic_20|2|49,treesat_exact,1,0,0,1,0.9038197875685109,2,0.09370001498609781,41,81
stage1,synthetic_20,2,49,synthetic_20|2|49,leaf_enum_bruteforce,1,0,0,1,0.9038197875685109,2,0.6206000107340515,41,81
stage1,synthetic_20,2,49,synthetic_20|2|49,nearest_neighbor,1,0,0,1,3.0535657589541683,20,0.03429999924264848,41,81
stage1,synthetic_20,2,49,synthetic_20|2|49,random_search,1,0,0,1,2.064656476045382,20,0.4434000002220273,41,81
stage1,synthetic_20,2,50,synthetic_20|2|50,treesat_exact,1,0,0,1,0.43578824056703114,2,0.07790001109242439,41,81
stage1,synthetic_20,2,50,synthetic_20|2|50,leaf_enum_bruteforce,1,0,0,1,0.43578824056703114,2,0.6446000188589096,41,81
stage1,synthetic_20,2,50,synthetic_20|2|50,nearest_neighbor,1,0,0,1,2.3820046269655886,20,0.02759997732937336,41,81
stage1,synthetic_20,2,50,synthetic_20|2|50,random_search,1,0,0,1,1.5889772972285239,20,0.4686000174842775,41,81
stage1,synthetic_20,2,51,synthetic_20|2|51,treesat_exact,0,1,1,1,0.17119166604974861,2,0.09059999138116837,41,81
stage1,synthetic_20,2,51,synthetic_20|2|51,leaf_enum_bruteforce,0,1,1,1,0.17119166604974861,2,0.7304999744519591,41,81
stage1,synthetic_20,2,51,synthetic_20|2|51,nearest_neighbor,0,1,1,1,3.9496500837409103,20,0.03269998705945909,41,81
stage1,synthetic_20,2,51,synthetic_20|2|51,random_search,0,1,1,1,0.5079613914952036,20,0.5092999781481922,41,81
stage1,synthetic_20,2,52,synthetic_20|2|52,treesat_exact,1,0,0,1,0.915479697465976,2,0.07860001642256975,41,81
stage1,synthetic_20,2,52,synthetic_20|2|52,leaf_enum_bruteforce,1,0,0,1,0.915479697465976,2,0.6335000216495246,41,81
stage1,synthetic_20,2,52,synthetic_20|2|52,nearest_neighbor,1,0,0,1,3.6702265230473907,20,0.029999995604157448,41,81
stage1,synthetic_20,2,52,synthetic_20|2|52,random_search,1,0,0,1,3.079383126539313,20,0.4458000184968114,41,81
stage1,synthetic_20,2,53,synthetic_20|2|53,treesat_exact,0,1,1,1,0.9996575346645166,2,0.12140002218075097,41,81
stage1,synthetic_20,2,53,synthetic_20|2|53,leaf_enum_bruteforce,0,1,1,1,0.9996575346645166,2,0.9978000016417354,41,81
stage1,synthetic_20,2,53,synthetic_20|2|53,nearest_neighbor,0,1,1,1,6.6106540302495125,20,0.043599982745945454,41,81
stage1,synthetic_20,2,53,synthetic_20|2|53,random_search,0,1,1,1,3.582966383612085,20,0.49929998931474984,41,81
stage1,synthetic_20,2,54,synthetic_20|2|54,treesat_exact,0,1,1,1,1.0062899658996696,2,0.08639998850412667,41,81
stage1,synthetic_20,2,54,synthetic_20|2|54,leaf_enum_bruteforce,0,1,1,1,1.0062899658996696,2,0.7237999816425145,41,81
stage1,synthetic_20,2,54,synthetic_20|2|54,nearest_neighbor,0,1,1,1,4.755874269545587,20,0.028700014809146523,41,81
stage1,synthetic_20,2,54,synthetic_20|2|54,random_search,0,1,1,1,2.369595316932217,20,0.41900001815520227,41,81
stage1,synthetic_20,2,55,synthetic_20|2|55,treesat_exact,1,0,0,1,0.37716355571560267,1,0.07789998198859394,41,81
stage1,synthetic_20,2,55,synthetic_20|2|55,leaf_enum_bruteforce,1,0,0,1,0.37716355571560267,1,0.6544000061694533,41,81
stage1,synthetic_20,2,55,synthetic_20|2|55,nearest_neighbor,1,0,0,1,2.3212109141781276,20,0.035900011425837874,41,81
stage1,synthetic_20,2,55,synthetic_20|2|55,random_search,1,0,0,1,0.7707544969481434,20,0.4625000001396984,41,81
stage1,synthetic_20,2,56,synthetic_20|2|56,treesat_exact,1,0,0,1,0.6351562621847257,2,0.07819998427294195,41,81
stage1,synthetic_20,2,56,synthetic_20|2|56,leaf_enum_bruteforce,1,0,0,1,0.6351562621847257,2,0.6489999941550195,41,81
stage1,synthetic_20,2,56,synthetic_20|2|56,nearest_neighbor,1,0,0,1,4.3487113615067425,20,0.02719997428357601,41,81
stage1,synthetic_20,2,56,synthetic_20|2|56,random_search,1,0,0,1,1.7036456206397097,20,0.4155999922659248,41,81
stage1,synthetic_20,2,57,synthetic_20|2|57,treesat_exact,0,1,1,1,0.2894047621248335,2,0.07819998427294195,41,81
stage1,synthetic_20,2,57,synthetic_20|2|57,leaf_enum_bruteforce,0,1,1,1,0.2894047621248335,2,0.7077000045683235,41,81
stage1,synthetic_20,2,57,synthetic_20|2|57,nearest_neighbor,0,1,1,1,3.113296127020014,20,0.027900008717551827,41,81
stage1,synthetic_20,2,57,synthetic_20|2|57,random_search,0,1,1,1,0.9299402009166031,20,0.4504999960772693,41,81
stage1,synthetic_20,2,58,synthetic_20|2|58,treesat_exact,0,1,1,1,0.649247853236409,2,0.08219998562708497,41,81
stage1,synthetic_20,2,58,synthetic_20|2|58,leaf_enum_bruteforce,0,1,1,1,0.649247853236409,2,0.6967999797780067,41,81
stage1,synthetic_20,2,58,synthetic_20|2|58,nearest_neighbor,0,1,1,1,5.138765632027882,20,0.024599983589723706,41,81
stage1,synthetic_20,2,58,synthetic_20|2|58,random_search,0,1,1,1,3.3385973563990494,20,0.41089998558163643,41,81
stage1,synthetic_20,2,59,synthetic_20|2|59,treesat_exact,0,1,1,1,0.4413495942411085,2,0.07559999357908964,41,81
stage1,synthetic_20,2,59,synthetic_20|2|59,leaf_enum_bruteforce,0,1,1,1,0.4413495942411085,2,0.7377000001724809,41,81
stage1,synthetic_20,2,59,synthetic_20|2|59,nearest_neighbor,0,1,1,1,3.1366711636991966,20,0.026599998818710446,41,81
stage1,synthetic_20,2,59,synthetic_20|2|59,random_search,0,1,1,1,0.9446561649951837,20,0.4202999989502132,41,81
stage1,synthetic_20,3,0,synthetic_20|3|0,treesat_exact,0,1,1,1,1.1433506118954633,2,0.13050000416114926,39,77
stage1,synthetic_20,3,0,synthetic_20|3|0,leaf_enum_bruteforce,0,1,1,1,1.1433506118954633,2,0.6350000039674342,39,77
stage1,synthetic_20,3,0,synthetic_20|3|0,nearest_neighbor,0,1,1,1,3.853698089731613,20,0.04020001506432891,39,77
stage1,synthetic_20,3,0,synthetic_20|3|0,random_search,0,1,1,1,2.6504780795303335,20,0.460599985672161,39,77
stage1,synthetic_20,3,1,synthetic_20|3|1,treesat_exact,1,0,0,1,0.2722544731406107,1,0.07850001566112041,39,77
stage1,synthetic_20,3,1,synthetic_20|3|1,leaf_enum_bruteforce,1,0,0,1,0.2722544731406107,1,0.668499997118488,39,77
stage1,synthetic_20,3,1,synthetic_20|3|1,nearest_neighbor,1,0,0,1,3.646140429316581,20,0.02720000338740647,39,77
stage1,synthetic_20,3,1,synthetic_20|3|1,random_search,1,0,0,1,0.7585842219869661,20,0.4157999937888235,39,77
stage1,synthetic_20,3,2,synthetic_20|3|2,treesat_exact,0,1,1,1,0.4313162698902096,4,0.07200002437457442,39,77
stage1,synthetic_20,3,2,synthetic_20|3|2,leaf_enum_bruteforce,0,1,1,1,0.4313162698902096,4,0.5591999797616154,39,77
stage1,synthetic_20,3,2,synthetic_20|3|2,nearest_neighbor,0,1,1,1,2.9462738151059087,20,0.02400000812485814,39,77
stage1,synthetic_20,3,2,synthetic_20|3|2,random_search,0,1,1,1,1.6765498790234186,20,0.40920000174082816,39,77
stage1,synthetic_20,3,3,synthetic_20|3|3,treesat_exact,1,0,0,1,0.5418005601339503,1,0.10090001160278916,39,77
stage1,synthetic_20,3,3,synthetic_20|3|3,leaf_enum_bruteforce,1,0,0,1,0.5418005601339503,1,0.6419999990612268,39,77
stage1,synthetic_20,3,3,synthetic_20|3|3,nearest_neighbor,1,0,0,1,2.992226726246325,20,0.023300002794712782,39,77
stage1,synthetic_20,3,3,synthetic_20|3|3,random_search,1,0,0,1,0.8928830460591358,20,0.4063999804202467,39,77
stage1,synthetic_20,3,4,synthetic_20|3|4,treesat_exact,0,1,1,1,0.5837133313753468,1,0.06809999467805028,39,77
stage1,synthetic_20,3,4,synthetic_20|3|4,leaf_enum_bruteforce,0,1,1,1,0.5837133313753468,1,0.5526999884750694,39,77
stage1,synthetic_20,3,4,synthetic_20|3|4,nearest_neighbor,0,1,1,1,3.9906586482467934,20,0.023500004317611456,39,77
stage1,synthetic_20,3,4,synthetic_20|3|4,random_search,0,1,1,1,1.659819621388269,20,0.436800008174032,39,77
stage1,synthetic_20,3,5,synthetic_20|3|5,treesat_exact,0,1,1,1,0.43862859774136853,1,0.07089998689480126,39,77
stage1,synthetic_20,3,5,synthetic_20|3|5,leaf_enum_bruteforce,0,1,1,1,0.43862859774136853,1,1.4214000257197767,39,77
stage1,synthetic_20,3,5,synthetic_20|3|5,nearest_neighbor,0,1,1,1,4.107409932248453,20,0.15820001135580242,39,77
stage1,synthetic_20,3,5,synthetic_20|3|5,random_search,0,1,1,1,0.9779322080243177,20,2.6443999959155917,39,77
stage1,synthetic_20,3,6,synthetic_20|3|6,treesat_exact,0,1,1,1,0.09758005494637911,1,0.35310001112520695,39,77
stage1,synthetic_20,3,6,synthetic_20|3|6,leaf_enum_bruteforce,0,1,1,1,0.09758005494637911,1,2.5040000036824495,39,77
stage1,synthetic_20,3,6,synthetic_20|3|6,nearest_neighbor,0,1,1,1,3.2082217040033174,20,0.10460001067258418,39,77
stage1,synthetic_20,3,6,synthetic_20|3|6,random_search,0,1,1,1,0.2932065600764087,20,1.9289999909233302,39,77
stage1,synthetic_20,3,7,synthetic_20|3|7,treesat_exact,1,0,0,1,0.43680303779556806,3,0.3913000109605491,39,77
stage1,synthetic_20,3,7,synthetic_20|3|7,leaf_enum_bruteforce,1,0,0,1,0.43680303779556806,3,2.1773000189568847,39,77
stage1,synthetic_20,3,7,synthetic_20|3|7,nearest_neighbor,1,0,0,1,3.8311237184212423,20,0.08519997936673462,39,77
stage1,synthetic_20,3,7,synthetic_20|3|7,random_search,1,0,0,1,1.4738268104128889,20,1.2516000133473426,39,77
stage1,synthetic_20,3,8,synthetic_20|3|8,treesat_exact,1,0,0,1,0.3457868475813195,2,0.18339999951422215,39,77
stage1,synthetic_20,3,8,synthetic_20|3|8,leaf_enum_bruteforce,1,0,0,1,0.3457868475813195,2,1.7967000021599233,39,77
stage1,synthetic_20,3,8,synthetic_20|3|8,nearest_neighbor,1,0,0,1,4.361345750131608,20,0.07270000060088933,39,77
stage1,synthetic_20,3,8,synthetic_20|3|8,random_search,1,0,0,1,0.8409552426254847,20,0.9193999867420644,39,77
stage1,synthetic_20,3,9,synthetic_20|3|9,treesat_exact,0,1,1,1,0.08104598561541226,1,0.17019998631440103,39,77
stage1,synthetic_20,3,9,synthetic_20|3|9,leaf_enum_bruteforce,0,1,1,1,0.08104598561541226,1,1.2234000023454428,39,77
stage1,synthetic_20,3,9,synthetic_20|3|9,nearest_neighbor,0,1,1,1,2.6782999808838364,20,0.058999983593821526,39,77
stage1,synthetic_20,3,9,synthetic_20|3|9,random_search,0,1,1,1,0.21021069270142237,20,1.0452000133227557,39,77
stage1,synthetic_20,3,10,synthetic_20|3|10,treesat_exact,1,0,0,1,0.6019836098942937,2,0.09590000263415277,39,77
stage1,synthetic_20,3,10,synthetic_20|3|10,leaf_enum_bruteforce,1,0,0,1,0.6019836098942937,2,0.6877999985590577,39,77
stage1,synthetic_20,3,10,synthetic_20|3|10,nearest_neighbor,1,0,0,1,4.065810182336012,20,0.0371999922208488,39,77
stage1,synthetic_20,3,10,synthetic_20|3|10,random_search,1,0,0,1,1.710006848858236,20,0.4322000022511929,39,77
stage1,synthetic_20,3,11,synthetic_20|3|11,treesat_exact,1,0,0,1,0.5349333288219029,2,0.10599999222904444,39,77
stage1,synthetic_20,3,11,synthetic_20|3|11,leaf_enum_bruteforce,1,0,0,1,0.5349333288219029,2,0.6757999944966286,39,77
stage1,synthetic_20,3,11,synthetic_20|3|11,nearest_neighbor,1,0,0,1,3.100000327219497,20,0.026699999580159783,39,77
stage1,synthetic_20,3,11,synthetic_20|3|11,random_search,1,0,0,1,1.5155770345615616,20,0.4180999821983278,39,77
stage1,synthetic_20,3,12,synthetic_20|3|12,treesat_exact,0,1,1,1,0.8808734382445272,1,0.10289999772794545,39,77
stage1,synthetic_20,3,12,synthetic_20|3|12,leaf_enum_bruteforce,0,1,1,1,0.8808734382445272,1,0.5566000181715935,39,77
stage1,synthetic_20,3,12,synthetic_20|3|12,nearest_neighbor,0,1,1,1,3.5945419776159273,20,0.0281000102404505,39,77
stage1,synthetic_20,3,12,synthetic_20|3|12,random_search,0,1,1,1,0.7384725718418532,20,0.4172000044491142,39,77
stage1,synthetic_20,3,13,synthetic_20|3|13,treesat_exact,1,0,0,1,0.20864720283059468,1,0.08719999459572136,39,77
stage1,synthetic_20,3,13,synthetic_20|3|13,leaf_enum_bruteforce,1,0,0,1,0.20864720283059468,1,0.659500015899539,39,77
stage1,synthetic_20,3,13,synthetic_20|3|13,nearest_neighbor,1,0,0,1,3.28856320857302,20,0.024199980543926358,39,77
stage1,synthetic_20,3,13,synthetic_20|3|13,random_search,1,0,0,1,0.7118967099400069,20,0.4321000014897436,39,77
stage1,synthetic_20,3,14,synthetic_20|3|14,treesat_exact,1,0,0,1,1.2468523737261066,1,0.13199998647905886,39,77
stage1,synthetic_20,3,14,synthetic_20|3|14,leaf_enum_bruteforce,1,0,0,1,1.2468523737261066,1,0.699699972756207,39,77
stage1,synthetic_20,3,14,synthetic_20|3|14,nearest_neighbor,1,0,0,1,4.309843599364763,20,0.028900016332045197,39,77
stage1,synthetic_20,3,14,synthetic_20|3|14,random_search,1,0,0,1,3.3215023130721235,20,0.4141000099480152,39,77
stage1,synthetic_20,3,15,synthetic_20|3|15,treesat_exact,1,0,0,1,0.77457180488052,2,0.1168999879155308,39,77
stage1,synthetic_20,3,15,synthetic_20|3|15,leaf_enum_bruteforce,1,0,0,1,0.77457180488052,2,1.1251000105403364,39,77
stage1,synthetic_20,3,15,synthetic_20|3|15,nearest_neighbor,1,0,0,1,2.727734507275294,20,0.041399995097890496,39,77
stage1,synthetic_20,3,15,synthetic_20|3|15,random_search,1,0,0,1,0.4583006632661464,20,0.5118999979458749,39,77
stage1,synthetic_20,3,16,synthetic_20|3|16,treesat_exact,0,1,1,1,0.19151043632124398,1,0.08060000254772604,39,77
stage1,synthetic_20,3,16,synthetic_20|3|16,leaf_enum_bruteforce,0,1,1,1,0.19151043632124398,1,0.5770999996457249,39,77
stage1,synthetic_20,3,16,synthetic_20|3|16,nearest_neighbor,0,1,1,1,3.1713347480442846,20,0.029799994081258774,39,77
stage1,synthetic_20,3,16,synthetic_20|3|16,random_search,0,1,1,1,0.5073219757251312,20,0.5344999954104424,39,77
stage1,synthetic_20,3,17,synthetic_20|3|17,treesat_exact,0,1,1,1,0.7012846930881278,2,0.17450001905672252,39,77
stage1,synthetic_20,3,17,synthetic_20|3|17,leaf_enum_bruteforce,0,1,1,1,0.7012846930881278,2,0.6991999980527908,39,77
stage1,synthetic_20,3,17,synthetic_20|3|17,nearest_neighbor,0,1,1,1,3.5441707782001077,20,0.04919999628327787,39,77
stage1,synthetic_20,3,17,synthetic_20|3|17,random_search,0,1,1,1,2.977350607736422,20,0.46029998338781297,39,77
stage1,synthetic_20,3,18,synthetic_20|3|18,treesat_exact,0,1,1,1,1.7087203937546982,2,0.1449999981559813,39,77
stage1,synthetic_20,3,18,synthetic_20|3|18,leaf_enum_bruteforce,0,1,1,1,1.7087203937546982,2,0.5729000258725137,39,77
stage1,synthetic_20,3,18,synthetic_20|3|18,nearest_neighbor,0,1,1,1,4.4381810472581815,20,0.028999987989664078,39,77
stage1,synthetic_20,3,18,synthetic_20|3|18,random_search,0,1,1,1,3.1302222123671397,20,0.40359998820349574,39,77
stage1,synthetic_20,3,19,synthetic_20|3|19,treesat_exact,0,1,1,1,0.8078369539158122,1,0.07340000593103468,39,77
stage1,synthetic_20,3,19,synthetic_20|3|19,leaf_enum_bruteforce,0,1,1,1,0.8078369539158122,1,0.5867000145372003,39,77
stage1,synthetic_20,3,19,synthetic_20|3|19,nearest_neighbor,0,1,1,1,2.946929280385892,20,0.026399997295811772,39,77
stage1,synthetic_20,3,19,synthetic_20|3|19,random_search,0,1,1,1,2.0634897807044315,20,0.4197999951429665,39,77
stage1,synthetic_20,3,20,synthetic_20|3|20,treesat_exact,1,0,0,1,0.5966966427484054,1,0.08359999628737569,39,77
stage1,synthetic_20,3,20,synthetic_20|3|20,leaf_enum_bruteforce,1,0,0,1,0.5966966427484054,1,0.6602999928873032,39,77
stage1,synthetic_20,3,20,synthetic_20|3|20,nearest_neighbor,1,0,0,1,4.347036873078296,20,0.031000003218650818,39,77
stage1,synthetic_20,3,20,synthetic_20|3|20,random_search,1,0,0,1,1.8717865792419384,20,0.43539999751374125,39,77
stage1,synthetic_20,3,21,synthetic_20|3|21,treesat_exact,1,0,0,1,0.2845802256045985,2,0.08530000923201442,39,77
stage1,synthetic_20,3,21,synthetic_20|3|21,leaf_enum_bruteforce,1,0,0,1,0.2845802256045985,2,0.6991999980527908,39,77
stage1,synthetic_20,3,21,synthetic_20|3|21,nearest_neighbor,1,0,0,1,3.3904123335391794,20,0.027600006433203816,39,77
stage1,synthetic_20,3,21,synthetic_20|3|21,random_search,1,0,0,1,0.7077497545608339,20,0.4335000121500343,39,77
stage1,synthetic_20,3,22,synthetic_20|3|22,treesat_exact,0,1,1,1,0.37980515499425155,4,0.07830001413822174,39,77
stage1,synthetic_20,3,22,synthetic_20|3|22,leaf_enum_bruteforce,0,1,1,1,0.3798051549942516,4,0.5638000147882849,39,77
stage1,synthetic_20,3,22,synthetic_20|3|22,nearest_neighbor,0,1,1,1,3.5413383390519586,20,0.025899993488565087,39,77
stage1,synthetic_20,3,22,synthetic_20|3|22,random_search,0,1,1,1,1.6454182329488845,20,0.41069998405873775,39,77
stage1,synthetic_20,3,23,synthetic_20|3|23,treesat_exact,0,1,1,1,0.20979369367525735,2,0.07039998308755457,39,77
stage1,synthetic_20,3,23,synthetic_20|3|23,leaf_enum_bruteforce,0,1,1,1,0.20979369367525735,2,0.6250000151339918,39,77
stage1,synthetic_20,3,23,synthetic_20|3|23,nearest_neighbor,0,1,1,1,4.077246297016676,20,0.030800001695752144,39,77
stage1,synthetic_20,3,23,synthetic_20|3|23,random_search,0,1,1,1,0.6520797563544353,20,0.42699999175965786,39,77
stage1,synthetic_20,3,24,synthetic_20|3|24,treesat_exact,1,0,0,1,0.277228730494407,1,0.08399999933317304,39,77
stage1,synthetic_20,3,24,synthetic_20|3|24,leaf_enum_bruteforce,1,0,0,1,0.277228730494407,1,0.6598999898415059,39,77
stage1,synthetic_20,3,24,synthetic_20|3|24,nearest_neighbor,1,0,0,1,3.298843707871684,20,0.02850001328624785,39,77
stage1,synthetic_20,3,24,synthetic_20|3|24,random_search,1,0,0,1,0.7538617396483694,20,0.4124999977648258,39,77
stage1,synthetic_20,3,25,synthetic_20|3|25,treesat_exact,0,1,1,1,0.3550300168911051,3,0.11079999967478216,39,77
stage1,synthetic_20,3,25,synthetic_20|3|25,leaf_enum_bruteforce,0,1,1,1,0.3550300168911051,3,0.5484000139404088,39,77
stage1,synthetic_20,3,25,synthetic_20|3|25,nearest_neighbor,0,1,1,1,4.048942581598939,20,0.02509998739697039,39,77
stage1,synthetic_20,3,25,synthetic_20|3|25,random_search,0,1,1,1,0.42954667558605,20,0.42260001646354795,39,77
stage1,synthetic_20,3,26,synthetic_20|3|26,treesat_exact,0,1,1,1,0.6848382332786261,1,0.07219999679364264,39,77
stage1,synthetic_20,3,26,synthetic_20|3|26,leaf_enum_bruteforce,0,1,1,1,0.6848382332786261,1,0.5628999788314104,39,77
stage1,synthetic_20,3,26,synthetic_20|3|26,nearest_neighbor,0,1,1,1,2.898076199936511,20,0.02440001117065549,39,77
stage1,synthetic_20,3,26,synthetic_20|3|26,random_search,0,1,1,1,1.9468823508188133,20,0.39820000529289246,39,77
stage1,synthetic_20,3,27,synthetic_20|3|27,treesat_exact,1,0,0,1,0.5025037166735006,2,0.07189999450929463,39,77
stage1,synthetic_20,3,27,synthetic_20|3|27,leaf_enum_bruteforce,1,0,0,1,0.5025037166735006,2,0.6953999982215464,39,77
stage1,synthetic_20,3,27,synthetic_20|3|27,nearest_neighbor,1,0,0,1,3.3171374793963,20,0.026599998818710446,39,77
stage1,synthetic_20,3,27,synthetic_20|3|27,random_search,1,0,0,1,1.4675898461432202,20,0.6653000018559396,39,77
stage1,synthetic_20,3,28,synthetic_20|3|28,treesat_exact,0,1,1,1,0.012309246265626794,1,0.12149999383836985,39,77
stage1,synthetic_20,3,28,synthetic_20|3|28,leaf_enum_bruteforce,0,1,1,1,0.012309246265626794,1,0.6168000109028071,39,77
stage1,synthetic_20,3,28,synthetic_20|3|28,nearest_neighbor,0,1,1,1,2.4787835267380736,20,0.04469999112188816,39,77
stage1,synthetic_20,3,28,synthetic_20|3|28,random_search,0,1,1,1,0.160880617724903,20,0.4862000059802085,39,77
stage1,synthetic_20,3,29,synthetic_20|3|29,treesat_exact,1,0,0,1,1.9150087176982105,2,0.2376000047661364,39,77
stage1,synthetic_20,3,29,synthetic_20|3|29,leaf_enum_bruteforce,1,0,0,1,1.9150087176982105,2,0.6714000192005187,39,77
stage1,synthetic_20,3,29,synthetic_20|3|29,nearest_neighbor,1,0,0,1,3.698248442727711,20,0.03309999010525644,39,77
stage1,synthetic_20,3,29,synthetic_20|3|29,random_search,1,0,0,1,1.9661483414753018,20,0.47530001029372215,39,77
stage1,synthetic_20,3,30,synthetic_20|3|30,treesat_exact,0,1,1,1,0.5140523209888412,1,0.08480000542476773,39,77
stage1,synthetic_20,3,30,synthetic_20|3|30,leaf_enum_bruteforce,0,1,1,1,0.5140523209888412,1,0.6179999909363687,39,77
stage1,synthetic_20,3,30,synthetic_20|3|30,nearest_neighbor,0,1,1,1,3.1823549390697368,20,0.030800001695752144,39,77
stage1,synthetic_20,3,30,synthetic_20|3|30,random_search,0,1,1,1,1.356670246545856,20,0.44979999074712396,39,77
stage1,synthetic_20,3,31,synthetic_20|3|31,treesat_exact,0,1,1,1,0.8651194836116658,2,0.11490000179037452,39,77
stage1,synthetic_20,3,31,synthetic_20|3|31,leaf_enum_bruteforce,0,1,1,1,0.8651194836116658,2,0.5866999854333699,39,77
stage1,synthetic_20,3,31,synthetic_20|3|31,nearest_neighbor,0,1,1,1,3.663736141793937,20,0.027099973522126675,39,77
stage1,synthetic_20,3,31,synthetic_20|3|31,random_search,0,1,1,1,1.9731980083440652,20,0.44669999624602497,39,77
stage1,synthetic_20,3,32,synthetic_20|3|32,treesat_exact,1,0,0,1,0.8870912772649918,2,0.1472999865654856,39,77
stage1,synthetic_20,3,32,synthetic_20|3|32,leaf_enum_bruteforce,1,0,0,1,0.8870912772649918,2,0.7049000123515725,39,77
stage1,synthetic_20,3,32,synthetic_20|3|32,nearest_neighbor,1,0,0,1,3.5567683847117086,20,0.03139997716061771,39,77
stage1,synthetic_20,3,32,synthetic_20|3|32,random_search,1,0,0,1,1.808565630451937,20,0.44319999869912863,39,77
stage1,synthetic_20,3,33,synthetic_20|3|33,treesat_exact,0,1,1,1,0.24577352244854783,1,0.07769998046569526,39,77
stage1,synthetic_20,3,33,synthetic_20|3|33,leaf_enum_bruteforce,0,1,1,1,0.24577352244854783,1,0.593100005062297,39,77
stage1,synthetic_20,3,33,synthetic_20|3|33,nearest_neighbor,0,1,1,1,3.117545520768596,20,0.0295999925583601,39,77
stage1,synthetic_20,3,33,synthetic_20|3|33,random_search,0,1,1,1,0.4641998436122212,20,0.5116999964229763,39,77
stage1,synthetic_20,3,34,synthetic_20|3|34,treesat_exact,1,0,0,1,1.5903240127513814,2,0.08269998943433166,39,77
stage1,synthetic_20,3,34,synthetic_20|3|34,leaf_enum_bruteforce,1,0,0,1,1.5903240127513814,2,0.6699999794363976,39,77
stage1,synthetic_20,3,34,synthetic_20|3|34,nearest_neighbor,1,0,0,1,5.279873757979796,20,0.029799994081258774,39,77
stage1,synthetic_20,3,34,synthetic_20|3|34,random_search,1,0,0,1,3.083118325070679,20,0.4039000195916742,39,77
stage1,synthetic_20,3,35,synthetic_20|3|35,treesat_exact,0,1,1,1,0.010868373292540867,1,0.07179999374784529,39,77
stage1,synthetic_20,3,35,synthetic_20|3|35,leaf_enum_bruteforce,0,1,1,1,0.010868373292540867,1,0.5712999845854938,39,77
stage1,synthetic_20,3,35,synthetic_20|3|35,nearest_neighbor,0,1,1,1,3.231357389199528,20,0.027000001864507794,39,77
stage1,synthetic_20,3,35,synthetic_20|3|35,random_search,0,1,1,1,0.14154498277795244,20,0.4456999886315316,39,77
stage1,synthetic_20,3,36,synthetic_20|3|36,treesat_exact,1,0,0,1,0.17277475598196956,1,0.07579999510198832,39,77
stage1,synthetic_20,3,36,synthetic_20|3|36,leaf_enum_bruteforce,1,0,0,1,0.17277475598196956,1,0.6597999890800565,39,77
stage1,synthetic_20,3,36,synthetic_20|3|36,nearest_neighbor,1,0,0,1,3.174371154634826,20,0.024800014216452837,39,77
stage1,synthetic_20,3,36,synthetic_20|3|36,random_search,1,0,0,1,0.4829392030714831,20,0.43539999751374125,39,77
stage1,synthetic_20,3,37,synthetic_20|3|37,treesat_exact,0,1,1,1,0.8420133756190714,2,0.07219999679364264,39,77
stage1,synthetic_20,3,37,synthetic_20|3|37,leaf_enum_bruteforce,0,1,1,1,0.8420133756190714,2,0.5655999993905425,39,77
stage1,synthetic_20,3,37,synthetic_20|3|37,nearest_neighbor,0,1,1,1,3.190488783173008,20,0.026299996534362435,39,77
stage1,synthetic_20,3,37,synthetic_20|3|37,random_search,0,1,1,1,2.1585536794060474,20,0.41390000842511654,39,77
stage1,synthetic_20,3,38,synthetic_20|3|38,treesat_exact,1,0,0,1,0.13545409498624417,1,0.07259999983943999,39,77
stage1,synthetic_20,3,38,synthetic_20|3|38,leaf_enum_bruteforce,1,0,0,1,0.13545409498624417,1,0.8727000094950199,39,77
stage1,synthetic_20,3,38,synthetic_20|3|38,nearest_neighbor,1,0,0,1,3.5348351365823625,20,0.0391000066883862,39,77
stage1,synthetic_20,3,38,synthetic_20|3|38,random_search,1,0,0,1,0.36037051851259616,20,0.6553999846801162,39,77
stage1,synthetic_20,3,39,synthetic_20|3|39,treesat_exact,1,0,0,1,0.34786701380386503,1,0.13920001219958067,39,77
stage1,synthetic_20,3,39,synthetic_20|3|39,leaf_enum_bruteforce,1,0,0,1,0.34786701380386503,1,0.9288000001106411,39,77
stage1,synthetic_20,3,39,synthetic_20|3|39,nearest_neighbor,1,0,0,1,4.842431847950423,20,0.04270000499673188,39,77
stage1,synthetic_20,3,39,synthetic_20|3|39,random_search,1,0,0,1,0.840267697671332,20,0.4611000185832381,39,77
stage1,synthetic_20,3,40,synthetic_20|3|40,treesat_exact,0,1,1,1,0.43541209959906957,1,0.07979999645613134,39,77
stage1,synthetic_20,3,40,synthetic_20|3|40,leaf_enum_bruteforce,0,1,1,1,0.43541209959906957,1,0.5776000034529716,39,77
stage1,synthetic_20,3,40,synthetic_20|3|40,nearest_neighbor,0,1,1,1,4.565335423974358,20,0.027699978090822697,39,77
stage1,synthetic_20,3,40,synthetic_20|3|40,random_search,0,1,1,1,0.9280761996787316,20,0.4211000050418079,39,77
stage1,synthetic_20,3,41,synthetic_20|3|41,treesat_exact,1,0,0,1,1.1707308114235613,2,0.16240001423284411,39,77
stage1,synthetic_20,3,41,synthetic_20|3|41,leaf_enum_bruteforce,1,0,0,1,1.1707308114235613,2,0.6479999865405262,39,77
stage1,synthetic_20,3,41,synthetic_20|3|41,nearest_neighbor,1,0,0,1,4.13081462561717,20,0.0247000134550035,39,77
stage1,synthetic_20,3,41,synthetic_20|3|41,random_search,1,0,0,1,3.307200718898518,20,0.41790000977925956,39,77
stage1,synthetic_20,3,42,synthetic_20|3|42,treesat_exact,1,0,0,1,0.20956476148563247,1,0.0813000078778714,39,77
stage1,synthetic_20,3,42,synthetic_20|3|42,leaf_enum_bruteforce,1,0,0,1,0.20956476148563247,1,0.6533999985549599,39,77
stage1,synthetic_20,3,42,synthetic_20|3|42,nearest_neighbor,1,0,0,1,2.831452719243224,20,0.026399997295811772,39,77
stage1,synthetic_20,3,42,synthetic_20|3|42,random_search,1,0,0,1,0.4742869940048854,20,0.41969999438151717,39,77
stage1,synthetic_20,3,43,synthetic_20|3|43,treesat_exact,0,1,1,1,0.33334948149146815,1,0.07090001599863172,39,77
stage1,synthetic_20,3,43,synthetic_20|3|43,leaf_enum_bruteforce,0,1,1,1,0.33334948149146815,1,0.5750999844167382,39,77
stage1,synthetic_20,3,43,synthetic_20|3|43,nearest_neighbor,0,1,1,1,3.210146986761383,20,0.026599998818710446,39,77
stage1,synthetic_20,3,43,synthetic_20|3|43,random_search,0,1,1,1,0.6041365982415449,20,0.43670000741258264,39,77
stage1,synthetic_20,3,44,synthetic_20|3|44,treesat_exact,1,0,0,1,0.8115996453149109,2,0.07909999112598598,39,77
stage1,synthetic_20,3,44,synthetic_20|3|44,leaf_enum_bruteforce,1,0,0,1,0.8115996453149109,2,0.6653000018559396,39,77
stage1,synthetic_20,3,44,synthetic_20|3|44,nearest_neighbor,1,0,0,1,3.57656854342441,20,0.027300004148855805,39,77
stage1,synthetic_20,3,44,synthetic_20|3|44,random_search,1,0,0,1,2.0890460552356123,20,0.4254000086802989,39,77
stage1,synthetic_20,3,45,synthetic_20|3|45,treesat_exact,1,0,0,1,0.13199568044060198,1,0.07700000423938036,39,77
stage1,synthetic_20,3,45,synthetic_20|3|45,leaf_enum_bruteforce,1,0,0,1,0.13199568044060198,1,0.6440999859478325,39,77
stage1,synthetic_20,3,45,synthetic_20|3|45,nearest_neighbor,1,0,0,1,4.1385548961967835,20,0.025299988919869065,39,77
stage1,synthetic_20,3,45,synthetic_20|3|45,random_search,1,0,0,1,0.2884697460205041,20,0.4202999989502132,39,77
stage1,synthetic_20,3,46,synthetic_20|3|46,treesat_exact,0,1,1,1,0.39939714285391925,1,0.0990999978967011,39,77
stage1,synthetic_20,3,46,synthetic_20|3|46,leaf_enum_bruteforce,0,1,1,1,0.39939714285391925,1,0.5634999834001064,39,77
stage1,synthetic_20,3,46,synthetic_20|3|46,nearest_neighbor,0,1,1,1,4.807235040046521,20,0.026399997295811772,39,77
stage1,synthetic_20,3,46,synthetic_20|3|46,random_search,0,1,1,1,0.17122349019242633,20,0.4295000107958913,39,77
stage1,synthetic_20,3,47,synthetic_20|3|47,treesat_exact,1,0,0,1,0.24896407052375763,1,0.07280000136233866,39,77
stage1,synthetic_20,3,47,synthetic_20|3|47,leaf_enum_bruteforce,1,0,0,1,0.24896407052375763,1,0.6418999982997775,39,77
stage1,synthetic_20,3,47,synthetic_20|3|47,nearest_neighbor,1,0,0,1,4.769920814949245,20,0.024300010409206152,39,77
stage1,synthetic_20,3,47,synthetic_20|3|47,random_search,1,0,0,1,0.9499906530247105,20,0.41280000004917383,39,77
stage1,synthetic_20,3,48,synthetic_20|3|48,treesat_exact,0,1,1,1,0.18489450637452903,1,0.06970000686123967,39,77
stage1,synthetic_20,3,48,synthetic_20|3|48,leaf_enum_bruteforce,0,1,1,1,0.18489450637452903,1,0.6102999905124307,39,77
stage1,synthetic_20,3,48,synthetic_20|3|48,nearest_neighbor,0,1,1,1,2.6850241621452913,20,0.026699999580159783,39,77
stage1,synthetic_20,3,48,synthetic_20|3|48,random_search,0,1,1,1,0.8477597481996779,20,0.40920000174082816,39,77
stage1,synthetic_20,3,49,synthetic_20|3|49,treesat_exact,1,0,0,1,0.2544056661813053,1,0.07090001599863172,39,77
stage1,synthetic_20,3,49,synthetic_20|3|49,leaf_enum_bruteforce,1,0,0,1,0.2544056661813053,1,0.6422000005841255,39,77
stage1,synthetic_20,3,49,synthetic_20|3|49,nearest_neighbor,1,0,0,1,3.506871431662513,20,0.02500001573935151,39,77
stage1,synthetic_20,3,49,synthetic_20|3|49,random_search,1,0,0,1,0.6371320075577035,20,0.7112000021152198,39,77
stage1,synthetic_20,3,50,synthetic_20|3|50,treesat_exact,1,0,0,1,0.8263014543860622,2,0.1024999946821481,39,77
stage1,synthetic_20,3,50,synthetic_20|3|50,leaf_enum_bruteforce,1,0,0,1,0.8263014543860622,2,0.7351999811362475,39,77
stage1,synthetic_20,3,50,synthetic_20|3|50,nearest_neighbor,1,0,0,1,4.515496299954505,20,0.040099985199049115,39,77
stage1,synthetic_20,3,50,synthetic_20|3|50,random_search,1,0,0,1,3.7530212032522843,20,0.4754000110551715,39,77
stage1,synthetic_20,3,51,synthetic_20|3|51,treesat_exact,1,0,0,1,0.3106317136328215,1,0.21210001432336867,39,77
stage1,synthetic_20,3,51,synthetic_20|3|51,leaf_enum_bruteforce,1,0,0,1,0.3106317136328215,1,1.7769999976735562,39,77
stage1,synthetic_20,3,51,synthetic_20|3|51,nearest_neighbor,1,0,0,1,5.223674912245163,20,0.07280000136233866,39,77
stage1,synthetic_20,3,51,synthetic_20|3|51,random_search,1,0,0,1,1.223262481910566,20,0.9618000185582787,39,77
stage1,synthetic_20,3,52,synthetic_20|3|52,treesat_exact,0,1,1,1,0.9751551219703843,1,0.155699992319569,39,77
stage1,synthetic_20,3,52,synthetic_20|3|52,leaf_enum_bruteforce,0,1,1,1,0.9751551219703843,1,1.170800009276718,39,77
stage1,synthetic_20,3,52,synthetic_20|3|52,nearest_neighbor,0,1,1,1,3.513171856675322,20,0.05549998604692519,39,77
stage1,synthetic_20,3,52,synthetic_20|3|52,random_search,0,1,1,1,2.875059114659968,20,0.7856000156607479,39,77
stage1,synthetic_20,3,53,synthetic_20|3|53,treesat_exact,0,1,1,1,1.058214614734083,1,0.15050001093186438,39,77
stage1,synthetic_20,3,53,synthetic_20|3|53,leaf_enum_bruteforce,0,1,1,1,1.058214614734083,1,1.0356999991927296,39,77
stage1,synthetic_20,3,53,synthetic_20|3|53,nearest_neighbor,0,1,1,1,4.281283280402997,20,0.04429998807609081,39,77
stage1,synthetic_20,3,53,synthetic_20|3|53,random_search,0,1,1,1,2.6775100331880233,20,0.7190000033006072,39,77
stage1,synthetic_20,3,54,synthetic_20|3|54,treesat_exact,0,1,1,1,0.09421621256402885,1,0.1340000017080456,39,77
stage1,synthetic_20,3,54,synthetic_20|3|54,leaf_enum_bruteforce,0,1,1,1,0.09421621256402885,1,1.0055000020656735,39,77
stage1,synthetic_20,3,54,synthetic_20|3|54,nearest_neighbor,0,1,1,1,3.7612630129842266,20,0.0357000099029392,39,77
stage1,synthetic_20,3,54,synthetic_20|3|54,random_search,0,1,1,1,0.21407117233715403,20,0.5347999976947904,39,77
stage1,synthetic_20,3,55,synthetic_20|3|55,treesat_exact,0,1,1,1,0.6476808601944554,3,0.08440000237897038,39,77
stage1,synthetic_20,3,55,synthetic_20|3|55,leaf_enum_bruteforce,0,1,1,1,0.6476808601944554,3,0.674300012178719,39,77
stage1,synthetic_20,3,55,synthetic_20|3|55,nearest_neighbor,0,1,1,1,3.967016965358837,20,0.029199989512562752,39,77
stage1,synthetic_20,3,55,synthetic_20|3|55,random_search,0,1,1,1,1.873466408331468,20,0.45909997425042093,39,77
stage1,synthetic_20,3,56,synthetic_20|3|56,treesat_exact,1,0,0,1,0.682079539651476,2,0.16670001787133515,39,77
stage1,synthetic_20,3,56,synthetic_20|3|56,leaf_enum_bruteforce,1,0,0,1,0.682079539651476,2,0.690999993821606,39,77
stage1,synthetic_20,3,56,synthetic_20|3|56,nearest_neighbor,1,0,0,1,3.6838223032603894,20,0.02880001557059586,39,77
stage1,synthetic_20,3,56,synthetic_20|3|56,random_search,1,0,0,1,0.25481382183432333,20,0.4497000190895051,39,77
stage1,synthetic_20,3,57,synthetic_20|3|57,treesat_exact,1,0,0,1,1.24344699072838,1,0.2403999969828874,39,77
stage1,synthetic_20,3,57,synthetic_20|3|57,leaf_enum_bruteforce,1,0,0,1,1.24344699072838,1,0.6993999995756894,39,77
stage1,synthetic_20,3,57,synthetic_20|3|57,nearest_neighbor,1,0,0,1,4.143849312309808,20,0.03359999391250312,39,77
stage1,synthetic_20,3,57,synthetic_20|3|57,random_search,1,0,0,1,2.828756143595786,20,0.4230999911669642,39,77
stage1,synthetic_20,3,58,synthetic_20|3|58,treesat_exact,0,1,1,1,0.25515889738608954,1,0.07719997665844858,39,77
stage1,synthetic_20,3,58,synthetic_20|3|58,leaf_enum_bruteforce,0,1,1,1,0.25515889738608954,1,0.5915999936405569,39,77
stage1,synthetic_20,3,58,synthetic_20|3|58,nearest_neighbor,0,1,1,1,2.1022879718546124,20,0.027000001864507794,39,77
stage1,synthetic_20,3,58,synthetic_20|3|58,random_search,0,1,1,1,0.7577679202420085,20,0.4507999983616173,39,77
stage1,synthetic_20,3,59,synthetic_20|3|59,treesat_exact,0,1,1,1,0.35324360148003076,2,0.07469998672604561,39,77
stage1,synthetic_20,3,59,synthetic_20|3|59,leaf_enum_bruteforce,0,1,1,1,0.35324360148003076,2,0.5562000151257962,39,77
stage1,synthetic_20,3,59,synthetic_20|3|59,nearest_neighbor,0,1,1,1,4.007041338308704,20,0.02449998282827437,39,77
stage1,synthetic_20,3,59,synthetic_20|3|59,random_search,0,1,1,1,0.9872848127271379,20,0.41879998752847314,39,77
stage1,synthetic_20,4,0,synthetic_20|4|0,treesat_exact,0,1,1,1,0.49127981685339783,1,0.15390000771731138,45,89
stage1,synthetic_20,4,0,synthetic_20|4|0,leaf_enum_bruteforce,0,1,1,1,0.49127981685339783,1,0.7652999775018543,45,89
stage1,synthetic_20,4,0,synthetic_20|4|0,nearest_neighbor,0,1,1,1,4.659487817738758,20,0.04780001472681761,45,89
stage1,synthetic_20,4,0,synthetic_20|4|0,random_search,0,1,1,1,1.0157661664401991,20,0.46300000394694507,45,89
stage1,synthetic_20,4,1,synthetic_20|4|1,treesat_exact,0,1,1,1,0.2462478186135243,1,0.07799998275004327,45,89
stage1,synthetic_20,4,1,synthetic_20|4|1,leaf_enum_bruteforce,0,1,1,1,0.2462478186135243,1,0.7120000082068145,45,89
stage1,synthetic_20,4,1,synthetic_20|4|1,nearest_neighbor,0,1,1,1,2.33222876139135,20,0.027999980375170708,45,89
stage1,synthetic_20,4,1,synthetic_20|4|1,random_search,0,1,1,1,0.6281997748742363,20,0.4336999845691025,45,89
stage1,synthetic_20,4,2,synthetic_20|4|2,treesat_exact,1,0,0,1,0.43769171170755977,2,0.08170001092366874,45,89
stage1,synthetic_20,4,2,synthetic_20|4|2,leaf_enum_bruteforce,1,0,0,1,0.43769171170755977,2,0.6896000122651458,45,89
stage1,synthetic_20,4,2,synthetic_20|4|2,nearest_neighbor,1,0,0,1,5.352494606620535,20,0.032400013878941536,45,89
stage1,synthetic_20,4,2,synthetic_20|4|2,random_search,1,0,0,1,1.3328938421654524,20,0.3997999883722514,45,89
stage1,synthetic_20,4,3,synthetic_20|4|3,treesat_exact,1,0,0,1,1.032282864269151,2,0.08120000711642206,45,89
stage1,synthetic_20,4,3,synthetic_20|4|3,leaf_enum_bruteforce,1,0,0,1,1.032282864269151,2,0.6741999823134392,45,89
stage1,synthetic_20,4,3,synthetic_20|4|3,nearest_neighbor,1,0,0,1,3.7646824244619026,20,0.02440001117065549,45,89
stage1,synthetic_20,4,3,synthetic_20|4|3,random_search,1,0,0,1,2.131662710874682,20,0.3974999999627471,45,89
stage1,synthetic_20,4,4,synthetic_20|4|4,treesat_exact,1,0,0,1,0.06821623989546707,1,0.072900002123788,45,89
stage1,synthetic_20,4,4,synthetic_20|4|4,leaf_enum_bruteforce,1,0,0,1,0.06821623989546707,1,0.6948999944142997,45,89
stage1,synthetic_20,4,4,synthetic_20|4|4,nearest_neighbor,1,0,0,1,3.002211844285907,20,0.02400000812485814,45,89
stage1,synthetic_20,4,4,synthetic_20|4|4,random_search,1,0,0,1,0.19669357613057303,20,0.42199998279102147,45,89
stage1,synthetic_20,4,5,synthetic_20|4|5,treesat_exact,0,1,1,1,0.6024107535013585,1,0.1303000026382506,45,89
stage1,synthetic_20,4,5,synthetic_20|4|5,leaf_enum_bruteforce,0,1,1,1,0.6024107535013585,1,0.6960000027902424,45,89
stage1,synthetic_20,4,5,synthetic_20|4|5,nearest_neighbor,0,1,1,1,4.26969051749335,20,0.02400000812485814,45,89
stage1,synthetic_20,4,5,synthetic_20|4|5,random_search,0,1,1,1,0.306076727021558,20,0.42520000715740025,45,89
stage1,synthetic_20,4,6,synthetic_20|4|6,treesat_exact,0,1,1,1,0.382914091006092,1,0.07469998672604561,45,89
stage1,synthetic_20,4,6,synthetic_20|4|6,leaf_enum_bruteforce,0,1,1,1,0.382914091006092,1,0.6979999889153987,45,89
stage1,synthetic_20,4,6,synthetic_20|4|6,nearest_neighbor,0,1,1,1,4.1078203559980535,20,0.02379997749812901,45,89
stage1,synthetic_20,4,6,synthetic_20|4|6,random_search,0,1,1,1,1.5107431907427162,20,0.39530001231469214,45,89
stage1,synthetic_20,4,7,synthetic_20|4|7,treesat_exact,1,0,0,1,0.17413246180447745,1,0.07229999755509198,45,89
stage1,synthetic_20,4,7,synthetic_20|4|7,leaf_enum_bruteforce,1,0,0,1,0.17413246180447745,1,0.6982000195421278,45,89
stage1,synthetic_20,4,7,synthetic_20|4|7,nearest_neighbor,1,0,0,1,3.618376274804516,20,0.024999986635521054,45,89
stage1,synthetic_20,4,7,synthetic_20|4|7,random_search,1,0,0,1,0.3990415522952638,20,0.4191000189166516,45,89
stage1,synthetic_20,4,8,synthetic_20|4|8,treesat_exact,0,1,1,1,1.3437463624651846,2,0.18659999477677047,45,89
stage1,synthetic_20,4,8,synthetic_20|4|8,leaf_enum_bruteforce,0,1,1,1,1.3437463624651846,2,0.7100999937392771,45,89
stage1,synthetic_20,4,8,synthetic_20|4|8,nearest_neighbor,0,1,1,1,3.4571266944639825,20,0.024699984351173043,45,89
stage1,synthetic_20,4,8,synthetic_20|4|8,random_search,0,1,1,1,0.7114620115678834,20,0.41439998312853277,45,89
stage1,synthetic_20,4,9,synthetic_20|4|9,treesat_exact,1,0,0,1,1.1897266159539412,3,0.07280000136233866,45,89
stage1,synthetic_20,4,9,synthetic_20|4|9,leaf_enum_bruteforce,1,0,0,1,1.1897266159539412,3,0.6793000211473554,45,89
stage1,synthetic_20,4,9,synthetic_20|4|9,nearest_neighbor,1,0,0,1,4.187932995537226,20,0.024100008886307478,45,89
stage1,synthetic_20,4,9,synthetic_20|4|9,random_search,1,0,0,1,2.607565852589985,20,0.3865000035148114,45,89
stage1,synthetic_20,4,10,synthetic_20|4|10,treesat_exact,0,1,1,1,0.27903067990681063,1,0.10159998782910407,45,89
stage1,synthetic_20,4,10,synthetic_20|4|10,leaf_enum_bruteforce,0,1,1,1,0.27903067990681063,1,0.9577000164426863,45,89
stage1,synthetic_20,4,10,synthetic_20|4|10,nearest_neighbor,0,1,1,1,2.53177953171142,20,0.0549999822396785,45,89
stage1,synthetic_20,4,10,synthetic_20|4|10,random_search,0,1,1,1,0.856314155397363,20,0.759599992306903,45,89
stage1,synthetic_20,4,11,synthetic_20|4|11,treesat_exact,0,1,1,1,0.09977300817792505,1,0.26390000130049884,45,89
stage1,synthetic_20,4,11,synthetic_20|4|11,leaf_enum_bruteforce,0,1,1,1,0.09977300817792505,1,1.9296999962534755,45,89
stage1,synthetic_20,4,11,synthetic_20|4|11,nearest_neighbor,0,1,1,1,3.007472130700447,20,0.07660000119358301,45,89
stage1,synthetic_20,4,11,synthetic_20|4|11,random_search,0,1,1,1,0.26826454438913033,20,1.2373000208754092,45,89
stage1,synthetic_20,4,12,synthetic_20|4|12,treesat_exact,0,1,1,1,0.5380496843731899,1,0.19639998208731413,45,89
stage1,synthetic_20,4,12,synthetic_20|4|12,leaf_enum_bruteforce,0,1,1,1,0.5380496843731899,1,1.5453000087291002,45,89
stage1,synthetic_20,4,12,synthetic_20|4|12,nearest_neighbor,0,1,1,1,4.323595962223153,20,0.04850002005696297,45,89
stage1,synthetic_20,4,12,synthetic_20|4|12,random_search,0,1,1,1,1.4100178828197456,20,0.7872999995015562,45,89
stage1,synthetic_20,4,13,synthetic_20|4|13,treesat_exact,0,1,1,1,0.957853145122716,1,0.13669999316334724,45,89
stage1,synthetic_20,4,13,synthetic_20|4|13,leaf_enum_bruteforce,0,1,1,1,0.957853145122716,1,1.168600021628663,45,89
stage1,synthetic_20,4,13,synthetic_20|4|13,nearest_neighbor,0,1,1,1,4.921341771921765,20,0.04730001091957092,45,89
stage1,synthetic_20,4,13,synthetic_20|4|13,random_search,0,1,1,1,2.862836001509494,20,0.6562999915331602,45,89
stage1,synthetic_20,4,14,synthetic_20|4|14,treesat_exact,1,0,0,1,0.003555537503901446,1,0.1120000088121742,45,89
stage1,synthetic_20,4,14,synthetic_20|4|14,leaf_enum_bruteforce,1,0,0,1,0.003555537503901446,1,1.0067000112030655,45,89
stage1,synthetic_20,4,14,synthetic_20|4|14,nearest_neighbor,1,0,0,1,2.5821575192258743,20,0.042400002712383866,45,89
stage1,synthetic_20,4,14,synthetic_20|4|14,random_search,1,0,0,1,0.15278350368179677,20,0.6113999988883734,45,89
stage1,synthetic_20,4,15,synthetic_20|4|15,treesat_exact,0,1,1,1,0.38916807991041025,1,0.09899999713525176,45,89
stage1,synthetic_20,4,15,synthetic_20|4|15,leaf_enum_bruteforce,0,1,1,1,0.38916807991041025,1,0.8502999844495207,45,89
stage1,synthetic_20,4,15,synthetic_20|4|15,nearest_neighbor,0,1,1,1,3.486000775688736,20,0.0295999925583601,45,89
stage1,synthetic_20,4,15,synthetic_20|4|15,random_search,0,1,1,1,0.9036451580773492,20,0.4757000133395195,45,89
stage1,synthetic_20,4,16,synthetic_20|4|16,treesat_exact,1,0,0,1,0.7772198205831174,1,0.08629998774267733,45,89
stage1,synthetic_20,4,16,synthetic_20|4|16,leaf_enum_bruteforce,1,0,0,1,0.7772198205831174,1,0.7138999935705215,45,89
stage1,synthetic_20,4,16,synthetic_20|4|16,nearest_neighbor,1,0,0,1,3.8436517530747167,20,0.02649999805726111,45,89
stage1,synthetic_20,4,16,synthetic_20|4|16,random_search,1,0,0,1,1.9093910984045523,20,1.0469999979250133,45,89
stage1,synthetic_20,4,17,synthetic_20|4|17,treesat_exact,1,0,0,1,0.42092000186192224,1,0.10620002285577357,45,89
stage1,synthetic_20,4,17,synthetic_20|4|17,leaf_enum_bruteforce,1,0,0,1,0.42092000186192224,1,0.7541000086348504,45,89
stage1,synthetic_20,4,17,synthetic_20|4|17,nearest_neighbor,1,0,0,1,3.560101007961353,20,0.03740002284757793,45,89
stage1,synthetic_20,4,17,synthetic_20|4|17,random_search,1,0,0,1,0.9337880351551089,20,0.46469998778775334,45,89
stage1,synthetic_20,4,18,synthetic_20|4|18,treesat_exact,0,1,1,1,0.8130453581660373,2,0.07999999797903001,45,89
stage1,synthetic_20,4,18,synthetic_20|4|18,leaf_enum_bruteforce,0,1,1,1,0.8130453581660373,2,0.7182999979704618,45,89
stage1,synthetic_20,4,18,synthetic_20|4|18,nearest_neighbor,0,1,1,1,4.364675437119464,20,0.030399998649954796,45,89
stage1,synthetic_20,4,18,synthetic_20|4|18,random_search,0,1,1,1,2.123848980823296,20,0.39820000529289246,45,89
stage1,synthetic_20,4,19,synthetic_20|4|19,treesat_exact,0,1,1,1,0.7701111240854093,1,0.07340000593103468,45,89
stage1,synthetic_20,4,19,synthetic_20|4|19,leaf_enum_bruteforce,0,1,1,1,0.7701111240854093,1,0.9863999730441719,45,89
stage1,synthetic_20,4,19,synthetic_20|4|19,nearest_neighbor,0,1,1,1,5.34759396857019,20,0.09200000204145908,45,89
stage1,synthetic_20,4,19,synthetic_20|4|19,random_search,0,1,1,1,2.148032841231497,20,0.48069999320432544,45,89
stage1,synthetic_20,4,20,synthetic_20|4|20,treesat_exact,0,1,1,1,0.7023400644906016,1,0.09770001634024084,45,89
stage1,synthetic_20,4,20,synthetic_20|4|20,leaf_enum_bruteforce,0,1,1,1,0.7023400644906016,1,0.7231000054161996,45,89
stage1,synthetic_20,4,20,synthetic_20|4|20,nearest_neighbor,0,1,1,1,3.7401273098813523,20,0.026599998818710446,45,89
stage1,synthetic_20,4,20,synthetic_20|4|20,random_search,0,1,1,1,1.7814997522485287,20,0.40530000114813447,45,89
stage1,synthetic_20,4,21,synthetic_20|4|21,treesat_exact,1,0,0,1,0.06413143967524482,1,0.07529999129474163,45,89
stage1,synthetic_20,4,21,synthetic_20|4|21,leaf_enum_bruteforce,1,0,0,1,0.06413143967524482,1,0.6763999990653247,45,89
stage1,synthetic_20,4,21,synthetic_20|4|21,nearest_neighbor,1,0,0,1,3.9977495177449107,20,0.026599998818710446,45,89
stage1,synthetic_20,4,21,synthetic_20|4|21,random_search,1,0,0,1,0.16621153407384295,20,0.44260002323426306,45,89
stage1,synthetic_20,4,22,synthetic_20|4|22,treesat_exact,0,1,1,1,0.9604325630910929,1,0.21779999951831996,45,89
stage1,synthetic_20,4,22,synthetic_20|4|22,leaf_enum_bruteforce,0,1,1,1,0.9604325630910929,1,0.7159000087995082,45,89
stage1,synthetic_20,4,22,synthetic_20|4|22,nearest_neighbor,0,1,1,1,2.9472048048456743,20,0.027400004910305142,45,89
stage1,synthetic_20,4,22,synthetic_20|4|22,random_search,0,1,1,1,0.6495508629420559,20,0.40669998270459473,45,89
stage1,synthetic_20,4,23,synthetic_20|4|23,treesat_exact,1,0,0,1,0.1513885458126285,1,0.0754999928176403,45,89
stage1,synthetic_20,4,23,synthetic_20|4|23,leaf_enum_bruteforce,1,0,0,1,0.1513885458126285,1,0.6767000013496727,45,89
stage1,synthetic_20,4,23,synthetic_20|4|23,nearest_neighbor,1,0,0,1,2.4471758695841688,20,0.02549999044276774,45,89
stage1,synthetic_20,4,23,synthetic_20|4|23,random_search,1,0,0,1,0.4577127309212705,20,0.41619999683462083,45,89
stage1,synthetic_20,4,24,synthetic_20|4|24,treesat_exact,0,1,1,1,1.2630742114003253,1,0.07489998824894428,45,89
stage1,synthetic_20,4,24,synthetic_20|4|24,leaf_enum_bruteforce,0,1,1,1,1.2630742114003253,1,0.7101999945007265,45,89
stage1,synthetic_20,4,24,synthetic_20|4|24,nearest_neighbor,0,1,1,1,5.069074241859654,20,0.025899993488565087,45,89
stage1,synthetic_20,4,24,synthetic_20|4|24,random_search,0,1,1,1,3.46035588733249,20,0.387399981264025,45,89
stage1,synthetic_20,4,25,synthetic_20|4|25,treesat_exact,0,1,1,1,0.5108216638236154,1,0.0743999844416976,45,89
stage1,synthetic_20,4,25,synthetic_20|4|25,leaf_enum_bruteforce,0,1,1,1,0.5108216638236154,1,0.6975999858696014,45,89
stage1,synthetic_20,4,25,synthetic_20|4|25,nearest_neighbor,0,1,1,1,2.946378250413063,20,0.024200009647756815,45,89
stage1,synthetic_20,4,25,synthetic_20|4|25,random_search,0,1,1,1,1.2949745740300425,20,0.4144000122323632,45,89
stage1,synthetic_20,4,26,synthetic_20|4|26,treesat_exact,0,1,1,1,0.7711825158318745,1,0.0754999928176403,45,89
stage1,synthetic_20,4,26,synthetic_20|4|26,leaf_enum_bruteforce,0,1,1,1,0.7711825158318745,1,0.7130999874789268,45,89
stage1,synthetic_20,4,26,synthetic_20|4|26,nearest_neighbor,0,1,1,1,4.286583811225013,20,0.026900001103058457,45,89
stage1,synthetic_20,4,26,synthetic_20|4|26,random_search,0,1,1,1,1.7673925346744617,20,0.8074999786913395,45,89
stage1,synthetic_20,4,27,synthetic_20|4|27,treesat_exact,0,1,1,1,0.5260866427886934,2,0.37189997965469956,45,89
stage1,synthetic_20,4,27,synthetic_20|4|27,leaf_enum_bruteforce,0,1,1,1,0.5260866427886934,2,1.4504000137094408,45,89
stage1,synthetic_20,4,27,synthetic_20|4|27,nearest_neighbor,0,1,1,1,2.7402050279222108,20,0.06700001540593803,45,89
stage1,synthetic_20,4,27,synthetic_20|4|27,random_search,0,1,1,1,0.9726237095505323,20,0.8702000195626169,45,89
stage1,synthetic_20,4,28,synthetic_20|4|28,treesat_exact,1,0,0,1,0.8253003920996123,2,0.15549999079667032,45,89
stage1,synthetic_20,4,28,synthetic_20|4|28,leaf_enum_bruteforce,1,0,0,1,0.8253003920996123,2,1.33050000295043,45,89
stage1,synthetic_20,4,28,synthetic_20|4|28,nearest_neighbor,1,0,0,1,4.244171529869908,20,0.05269999383017421,45,89
stage1,synthetic_20,4,28,synthetic_20|4|28,random_search,1,0,0,1,3.3822166147245714,20,0.6560999900102615,45,89
stage1,synthetic_20,4,29,synthetic_20|4|29,treesat_exact,0,1,1,1,0.5968546128749592,2,0.27260000933893025,45,89
stage1,synthetic_20,4,29,synthetic_20|4|29,leaf_enum_bruteforce,0,1,1,1,0.5968546128749592,2,1.1226999922655523,45,89
stage1,synthetic_20,4,29,synthetic_20|4|29,nearest_neighbor,0,1,1,1,3.467254505024107,20,0.03619998460635543,45,89
stage1,synthetic_20,4,29,synthetic_20|4|29,random_search,0,1,1,1,0.37984919669216854,20,0.5637999856844544,45,89
stage1,synthetic_20,4,30,synthetic_20|4|30,treesat_exact,1,0,0,1,0.020435801760609662,1,0.10160001693293452,45,89
stage1,synthetic_20,4,30,synthetic_20|4|30,leaf_enum_bruteforce,1,0,0,1,0.020435801760609662,1,0.888100010342896,45,89
stage1,synthetic_20,4,30,synthetic_20|4|30,nearest_neighbor,1,0,0,1,3.0980122297732913,20,0.03130000550299883,45,89
stage1,synthetic_20,4,30,synthetic_20|4|30,random_search,1,0,0,1,0.14360115604063073,20,0.509100005729124,45,89
stage1,synthetic_20,4,31,synthetic_20|4|31,treesat_exact,1,0,0,1,0.701500576537361,1,0.09089999366551638,45,89
stage1,synthetic_20,4,31,synthetic_20|4|31,leaf_enum_bruteforce,1,0,0,1,0.701500576537361,1,0.7450000266544521,45,89
stage1,synthetic_20,4,31,synthetic_20|4|31,nearest_neighbor,1,0,0,1,4.737853909122801,20,0.025999994250014424,45,89
stage1,synthetic_20,4,31,synthetic_20|4|31,random_search,1,0,0,1,1.728153587143566,20,0.4158999945502728,45,89
stage1,synthetic_20,4,32,synthetic_20|4|32,treesat_exact,1,0,0,1,0.9939870533743017,2,0.07599999662488699,45,89
stage1,synthetic_20,4,32,synthetic_20|4|32,leaf_enum_bruteforce,1,0,0,1,0.9939870533743017,2,0.7016000163275748,45,89
stage1,synthetic_20,4,32,synthetic_20|4|32,nearest_neighbor,1,0,0,1,4.024896588502584,20,0.025500019546598196,45,89
stage1,synthetic_20,4,32,synthetic_20|4|32,random_search,1,0,0,1,2.21691823347628,20,0.40530000114813447,45,89
stage1,synthetic_20,4,33,synthetic_20|4|33,treesat_exact,1,0,0,1,0.05439698436382079,1,0.07330000516958535,45,89
stage1,synthetic_20,4,33,synthetic_20|4|33,leaf_enum_bruteforce,1,0,0,1,0.05439698436382079,1,0.6870999932289124,45,89
stage1,synthetic_20,4,33,synthetic_20|4|33,nearest_neighbor,1,0,0,1,5.455263912441673,20,0.024599983589723706,45,89
stage1,synthetic_20,4,33,synthetic_20|4|33,random_search,1,0,0,1,0.19056502880954834,20,0.4278999986127019,45,89
stage1,synthetic_20,4,34,synthetic_20|4|34,treesat_exact,1,0,0,1,0.3486066132928561,2,0.07490001735277474,45,89
stage1,synthetic_20,4,34,synthetic_20|4|34,leaf_enum_bruteforce,1,0,0,1,0.3486066132928561,2,0.745700002880767,45,89
stage1,synthetic_20,4,34,synthetic_20|4|34,nearest_neighbor,1,0,0,1,4.0614329674128395,20,0.06120000034570694,45,89
stage1,synthetic_20,4,34,synthetic_20|4|34,random_search,1,0,0,1,0.875700945656024,20,1.2267999991308898,45,89
stage1,synthetic_20,4,35,synthetic_20|4|35,treesat_exact,1,0,0,1,0.7460637742478688,1,0.12909999350085855,45,89
stage1,synthetic_20,4,35,synthetic_20|4|35,leaf_enum_bruteforce,1,0,0,1,0.7460637742478688,1,1.0802999895531684,45,89
stage1,synthetic_20,4,35,synthetic_20|4|35,nearest_neighbor,1,0,0,1,2.4056877201304365,20,0.050300004659220576,45,89
stage1,synthetic_20,4,35,synthetic_20|4|35,random_search,1,0,0,1,2.3639930999616303,20,0.602399988565594,45,89
stage1,synthetic_20,4,36,synthetic_20|4|36,treesat_exact,1,0,0,1,1.2109252478708061,1,0.16910000704228878,45,89
stage1,synthetic_20,4,36,synthetic_20|4|36,leaf_enum_bruteforce,1,0,0,1,1.2109252478708061,1,0.7249999907799065,45,89
stage1,synthetic_20,4,36,synthetic_20|4|36,nearest_neighbor,1,0,0,1,5.303424786318865,20,0.02649999805726111,45,89
stage1,synthetic_20,4,36,synthetic_20|4|36,random_search,1,0,0,1,1.9670358534878971,20,0.42959998245351017,45,89
stage1,synthetic_20,4,37,synthetic_20|4|37,treesat_exact,0,1,1,1,0.8751043723810327,1,0.07999999797903001,45,89
stage1,synthetic_20,4,37,synthetic_20|4|37,leaf_enum_bruteforce,0,1,1,1,0.8751043723810327,1,0.7068999984767288,45,89
stage1,synthetic_20,4,37,synthetic_20|4|37,nearest_neighbor,0,1,1,1,3.500608510122509,20,0.03580001066438854,45,89
stage1,synthetic_20,4,37,synthetic_20|4|37,random_search,0,1,1,1,1.6946043008018952,20,0.4115999909117818,45,89
stage1,synthetic_20,4,38,synthetic_20|4|38,treesat_exact,1,0,0,1,0.8340285924468999,2,0.08140000863932073,45,89
stage1,synthetic_20,4,38,synthetic_20|4|38,leaf_enum_bruteforce,1,0,0,1,0.8340285924468999,2,0.694399990607053,45,89
stage1,synthetic_20,4,38,synthetic_20|4|38,nearest_neighbor,1,0,0,1,4.337288684398134,20,0.02549999044276774,45,89
stage1,synthetic_20,4,38,synthetic_20|4|38,random_search,1,0,0,1,1.6915814681018586,20,0.40690001333132386,45,89
stage1,synthetic_20,4,39,synthetic_20|4|39,treesat_exact,1,0,0,1,1.2831253662816482,1,0.07390000973828137,45,89
stage1,synthetic_20,4,39,synthetic_20|4|39,leaf_enum_bruteforce,1,0,0,1,1.2831253662816482,1,0.6817000103183091,45,89
stage1,synthetic_20,4,39,synthetic_20|4|39,nearest_neighbor,1,0,0,1,3.755268520122065,20,0.02649999805726111,45,89
stage1,synthetic_20,4,39,synthetic_20|4|39,random_search,1,0,0,1,3.0053857649164626,20,0.4346999921835959,45,89
stage1,synthetic_20,4,40,synthetic_20|4|40,treesat_exact,1,0,0,1,0.9220020520661988,2,0.07690000347793102,45,89
stage1,synthetic_20,4,40,synthetic_20|4|40,leaf_enum_bruteforce,1,0,0,1,0.9220020520661988,2,0.6859000131953508,45,89
stage1,synthetic_20,4,40,synthetic_20|4|40,nearest_neighbor,1,0,0,1,3.9788684994922026,20,0.02720000338740647,45,89
stage1,synthetic_20,4,40,synthetic_20|4|40,random_search,1,0,0,1,2.8144289317478575,20,0.3893999964930117,45,89
stage1,synthetic_20,4,41,synthetic_20|4|41,treesat_exact,0,1,1,1,0.40205886596858076,1,0.07509998977184296,45,89
stage1,synthetic_20,4,41,synthetic_20|4|41,leaf_enum_bruteforce,0,1,1,1,0.40205886596858076,1,0.7624000136274844,45,89
stage1,synthetic_20,4,41,synthetic_20|4|41,nearest_neighbor,0,1,1,1,3.316013287350598,20,0.031000003218650818,45,89
stage1,synthetic_20,4,41,synthetic_20|4|41,random_search,0,1,1,1,1.1172805214942756,20,0.4999999946448952,45,89
stage1,synthetic_20,4,42,synthetic_20|4|42,treesat_exact,1,0,0,1,0.9416066510751915,2,0.07949999417178333,45,89
stage1,synthetic_20,4,42,synthetic_20|4|42,leaf_enum_bruteforce,1,0,0,1,0.9416066510751915,2,0.7063999946694821,45,89
stage1,synthetic_20,4,42,synthetic_20|4|42,nearest_neighbor,1,0,0,1,4.510890126714536,20,0.028600014047697186,45,89
stage1,synthetic_20,4,42,synthetic_20|4|42,random_search,1,0,0,1,3.3130027029801568,20,0.4296999832149595,45,89
stage1,synthetic_20,4,43,synthetic_20|4|43,treesat_exact,1,0,0,1,0.3786424504597369,1,0.07360000745393336,45,89
stage1,synthetic_20,4,43,synthetic_20|4|43,leaf_enum_bruteforce,1,0,0,1,0.3786424504597369,1,0.6797999958507717,45,89
stage1,synthetic_20,4,43,synthetic_20|4|43,nearest_neighbor,1,0,0,1,4.445669913064078,20,0.024599983589723706,45,89
stage1,synthetic_20,4,43,synthetic_20|4|43,random_search,1,0,0,1,1.4928829318677797,20,0.80750000779517,45,89
stage1,synthetic_20,4,44,synthetic_20|4|44,treesat_exact,0,1,1,1,1.1492216834701154,1,0.16950001008808613,45,89
stage1,synthetic_20,4,44,synthetic_20|4|44,leaf_enum_bruteforce,0,1,1,1,1.1492216834701154,1,0.7242000137921423,45,89
stage1,synthetic_20,4,44,synthetic_20|4|44,nearest_neighbor,0,1,1,1,4.677174797585522,20,0.03440000000409782,45,89
stage1,synthetic_20,4,44,synthetic_20|4|44,random_search,0,1,1,1,3.0404463727305764,20,0.41790000977925956,45,89
stage1,synthetic_20,4,45,synthetic_20|4|45,treesat_exact,0,1,1,1,0.8289215937267423,1,0.1568000006955117,45,89
stage1,synthetic_20,4,45,synthetic_20|4|45,leaf_enum_bruteforce,0,1,1,1,0.8289215937267423,1,0.7121999806258827,45,89
stage1,synthetic_20,4,45,synthetic_20|4|45,nearest_neighbor,0,1,1,1,3.731586050519113,20,0.025299988919869065,45,89
stage1,synthetic_20,4,45,synthetic_20|4|45,random_search,0,1,1,1,1.5922774000689568,20,0.4133000038564205,45,89
stage1,synthetic_20,4,46,synthetic_20|4|46,treesat_exact,1,0,0,1,0.09605802268129882,1,0.07540002116002142,45,89
stage1,synthetic_20,4,46,synthetic_20|4|46,leaf_enum_bruteforce,1,0,0,1,0.09605802268129882,1,0.741700001526624,45,89
stage1,synthetic_20,4,46,synthetic_20|4|46,nearest_neighbor,1,0,0,1,3.2076965758949103,20,0.02850001328624785,45,89
stage1,synthetic_20,4,46,synthetic_20|4|46,random_search,1,0,0,1,0.28063629821185326,20,0.4412999842315912,45,89
stage1,synthetic_20,4,47,synthetic_20|4|47,treesat_exact,1,0,0,1,0.23313105354840613,1,0.07270000060088933,45,89
stage1,synthetic_20,4,47,synthetic_20|4|47,leaf_enum_bruteforce,1,0,0,1,0.23313105354840613,1,0.6880000000819564,45,89
stage1,synthetic_20,4,47,synthetic_20|4|47,nearest_neighbor,1,0,0,1,3.7941607968568456,20,0.025399989681318402,45,89
stage1,synthetic_20,4,47,synthetic_20|4|47,random_search,1,0,0,1,0.48791847133123245,20,0.4366999783087522,45,89
stage1,synthetic_20,4,48,synthetic_20|4|48,treesat_exact,0,1,1,1,1.1091617412111408,1,0.1050999853760004,45,89
stage1,synthetic_20,4,48,synthetic_20|4|48,leaf_enum_bruteforce,0,1,1,1,1.1091617412111408,1,0.7235000084619969,45,89
stage1,synthetic_20,4,48,synthetic_20|4|48,nearest_neighbor,0,1,1,1,4.460556375584642,20,0.02400000812485814,45,89
stage1,synthetic_20,4,48,synthetic_20|4|48,random_search,0,1,1,1,2.1362200155020177,20,0.3971999976783991,45,89
stage1,synthetic_20,4,49,synthetic_20|4|49,treesat_exact,0,1,1,1,1.4939054122604332,1,0.10220002150163054,45,89
stage1,synthetic_20,4,49,synthetic_20|4|49,leaf_enum_bruteforce,0,1,1,1,1.4939054122604332,1,0.7197000086307526,45,89
stage1,synthetic_20,4,49,synthetic_20|4|49,nearest_neighbor,0,1,1,1,3.706185768201377,20,0.024500011932104826,45,89
stage1,synthetic_20,4,49,synthetic_20|4|49,random_search,0,1,1,1,3.172491774875621,20,0.38289997610263526,45,89
stage1,synthetic_20,4,50,synthetic_20|4|50,treesat_exact,0,1,1,1,0.8580420547696117,2,0.08210001396946609,45,89
stage1,synthetic_20,4,50,synthetic_20|4|50,leaf_enum_bruteforce,0,1,1,1,0.8580420547696117,2,0.7841000042390078,45,89
stage1,synthetic_20,4,50,synthetic_20|4|50,nearest_neighbor,0,1,1,1,5.083901155313004,20,0.02989999484270811,45,89
stage1,synthetic_20,4,50,synthetic_20|4|50,random_search,0,1,1,1,2.8844090276274224,20,0.5224999913480133,45,89
stage1,synthetic_20,4,51,synthetic_20|4|51,treesat_exact,1,0,0,1,0.8553036162318227,2,0.07919999188743532,45,89
stage1,synthetic_20,4,51,synthetic_20|4|51,leaf_enum_bruteforce,1,0,0,1,0.8553036162318227,2,0.7037000032141805,45,89
stage1,synthetic_20,4,51,synthetic_20|4|51,nearest_neighbor,1,0,0,1,3.449929058517687,20,0.025999994250014424,45,89
stage1,synthetic_20,4,51,synthetic_20|4|51,random_search,1,0,0,1,2.6598205379412523,20,0.3968999953940511,45,89
stage1,synthetic_20,4,52,synthetic_20|4|52,treesat_exact,1,0,0,1,0.8583740147977763,3,0.07950002327561378,45,89
stage1,synthetic_20,4,52,synthetic_20|4|52,leaf_enum_bruteforce,1,0,0,1,0.8583740147977763,3,0.693799986038357,45,89
stage1,synthetic_20,4,52,synthetic_20|4|52,nearest_neighbor,1,0,0,1,4.032671869375195,20,0.025599991204217076,45,89
stage1,synthetic_20,4,52,synthetic_20|4|52,random_search,1,0,0,1,3.2832039256663714,20,0.39840000681579113,45,89
stage1,synthetic_20,4,53,synthetic_20|4|53,treesat_exact,0,1,1,1,1.917563096358894,1,0.07510001887567341,45,89
stage1,synthetic_20,4,53,synthetic_20|4|53,leaf_enum_bruteforce,0,1,1,1,1.917563096358894,1,0.7298999989870936,45,89
stage1,synthetic_20,4,53,synthetic_20|4|53,nearest_neighbor,0,1,1,1,4.114329972777453,20,0.025999994250014424,45,89
stage1,synthetic_20,4,53,synthetic_20|4|53,random_search,0,1,1,1,3.9642634400404924,20,0.39599998854100704,45,89
stage1,synthetic_20,4,54,synthetic_20|4|54,treesat_exact,1,0,0,1,0.4699457628785,1,0.0735999783501029,45,89
stage1,synthetic_20,4,54,synthetic_20|4|54,leaf_enum_bruteforce,1,0,0,1,0.4699457628785,1,1.4002999814692885,45,89
stage1,synthetic_20,4,54,synthetic_20|4|54,nearest_neighbor,1,0,0,1,3.7698028944405775,20,0.036299985367804766,45,89
stage1,synthetic_20,4,54,synthetic_20|4|54,random_search,1,0,0,1,0.8929950065707041,20,0.4807000223081559,45,89
stage1,synthetic_20,4,55,synthetic_20|4|55,treesat_exact,1,0,0,1,0.5558228393159003,1,0.08150000940077007,45,89
stage1,synthetic_20,4,55,synthetic_20|4|55,leaf_enum_bruteforce,1,0,0,1,0.5558228393159003,1,0.6730000022798777,45,89
stage1,synthetic_20,4,55,synthetic_20|4|55,nearest_neighbor,1,0,0,1,3.5114556612616266,20,0.025599991204217076,45,89
stage1,synthetic_20,4,55,synthetic_20|4|55,random_search,1,0,0,1,1.095839504718656,20,0.4155999922659248,45,89
stage1,synthetic_20,4,56,synthetic_20|4|56,treesat_exact,0,1,1,1,1.3950852939940566,1,0.15609999536536634,45,89
stage1,synthetic_20,4,56,synthetic_20|4|56,leaf_enum_bruteforce,0,1,1,1,1.3950852939940566,1,3.393599996343255,45,89
stage1,synthetic_20,4,56,synthetic_20|4|56,nearest_neighbor,0,1,1,1,3.5625461560408156,20,0.04169999738223851,45,89
stage1,synthetic_20,4,56,synthetic_20|4|56,random_search,0,1,1,1,3.3520333400771634,20,0.450699997600168,45,89
stage1,synthetic_20,4,57,synthetic_20|4|57,treesat_exact,0,1,1,1,0.5476172725608264,1,0.08379999781027436,45,89
stage1,synthetic_20,4,57,synthetic_20|4|57,leaf_enum_bruteforce,0,1,1,1,0.5476172725608264,1,0.7411999977193773,45,89
stage1,synthetic_20,4,57,synthetic_20|4|57,nearest_neighbor,0,1,1,1,3.435382119936349,20,0.0261999957729131,45,89
stage1,synthetic_20,4,57,synthetic_20|4|57,random_search,0,1,1,1,0.8167917475528362,20,0.4048999981023371,45,89
stage1,synthetic_20,4,58,synthetic_20|4|58,treesat_exact,0,1,1,1,1.1855967384186143,2,0.0743999844416976,45,89
stage1,synthetic_20,4,58,synthetic_20|4|58,leaf_enum_bruteforce,0,1,1,1,1.1855967384186143,2,0.7267000037245452,45,89
stage1,synthetic_20,4,58,synthetic_20|4|58,nearest_neighbor,0,1,1,1,4.744736830676538,20,0.025300018023699522,45,89
stage1,synthetic_20,4,58,synthetic_20|4|58,random_search,0,1,1,1,3.246902274145259,20,0.3899000003002584,45,89
stage1,synthetic_20,4,59,synthetic_20|4|59,treesat_exact,1,0,0,1,1.1322750377250006,1,0.07380000897683203,45,89
stage1,synthetic_20,4,59,synthetic_20|4|59,leaf_enum_bruteforce,1,0,0,1,1.1322750377250006,1,0.687899999320507,45,89
stage1,synthetic_20,4,59,synthetic_20|4|59,nearest_neighbor,1,0,0,1,4.178625599427871,20,0.024999986635521054,45,89
stage1,synthetic_20,4,59,synthetic_20|4|59,random_search,1,0,0,1,3.281650419019645,20,0.42260001646354795,45,89
