dataset,seed,query_id,noise_sigma,runtime_ms,success,distance_l2,clean_distance_l2,distance_inflation
breast_cancer,0,0,0.0,0.07989999721758068,1,0.7307506032333566,0.7307506032333566,1.0
breast_cancer,0,0,0.01,0.07029998232610524,1,0.7266330268840713,0.7307506032333566,0.9943652782070022
breast_cancer,0,0,0.03,0.069500005338341,1,0.7275273856574141,0.7307506032333566,0.9955891687784031
breast_cancer,0,0,0.05,0.07430001278407872,1,0.7180188970800271,0.7307506032333566,0.9825772211517918
breast_cancer,0,0,0.1,0.05889998283237219,1,0.7791173054299413,0.7307506032333566,1.0661877006773257
breast_cancer,0,1,0.0,0.053099996875971556,1,0.16746067382926758,0.16746067382926758,1.0
breast_cancer,0,1,0.01,0.05160001455806196,1,0.1685940500415316,0.16746067382926758,1.006768014163251
breast_cancer,0,1,0.03,0.05180001608096063,1,0.20136279598530432,0.16746067382926758,1.2024482607218052
breast_cancer,0,1,0.05,0.05110001075081527,1,0.18084080169088693,0.16746067382926758,1.079900119566346
breast_cancer,0,1,0.1,0.04980000085197389,1,0.07069095637967025,0.16746067382926758,0.4221346705659523
breast_cancer,0,2,0.0,0.08080000407062471,1,1.0006365848240244,1.0006365848240244,1.0
breast_cancer,0,2,0.01,0.08579998393543065,1,1.01459636610124,1.0006365848240244,1.013950900345774
breast_cancer,0,2,0.03,0.08489997708238661,1,1.0201067754460142,1.0006365848240244,1.0194578040792042
breast_cancer,0,2,0.05,0.05329999839887023,1,0.9417043089649725,1.0006365848240244,0.9411052156668688
breast_cancer,0,2,0.1,0.05360000068321824,1,0.8423307011340571,1.0006365848240244,0.8417948273220416
breast_cancer,0,3,0.0,0.04789998638443649,1,0.5288210225525138,0.5288210225525138,1.0
breast_cancer,0,3,0.01,0.04809998790733516,1,0.5317444296701753,0.5288210225525138,1.00552815979885
breast_cancer,0,3,0.03,0.04809998790733516,1,0.4689326297525055,0.5288210225525138,0.8867511119150692
breast_cancer,0,3,0.05,0.048299989430233836,1,0.5813615749615002,0.5288210225525138,1.099354129598297
breast_cancer,0,3,0.1,0.04839999019168317,1,0.6496956636600764,0.5288210225525138,1.228573819785236
breast_cancer,0,4,0.0,0.047600013203918934,1,0.6601184594418911,0.6601184594418911,1.0
breast_cancer,0,4,0.01,0.04770001396536827,1,0.6616448794591663,0.6601184594418911,1.002312342573431
breast_cancer,0,4,0.03,0.047999987145885825,1,0.616922160276831,0.6601184594418911,0.9345628068004929
breast_cancer,0,4,0.05,0.04889999399892986,1,0.6158629871086446,0.6601184594418911,0.9329582869555518
breast_cancer,0,4,0.1,0.049299997044727206,1,0.48993722807515094,0.6601184594418911,0.7421959211523597
breast_cancer,0,5,0.0,0.05080000846646726,1,0.9094039413296275,0.9094039413296275,1.0
breast_cancer,0,5,0.01,0.05040000542066991,1,0.9082322360513766,0.9094039413296275,0.9987115678468055
breast_cancer,0,5,0.03,0.05020000389777124,1,0.8403980535655511,0.9094039413296275,0.9241196517543305
breast_cancer,0,5,0.05,0.04959999932907522,1,0.9109811045451316,0.9094039413296275,1.0017342823621351
breast_cancer,0,5,0.1,0.04939999780617654,1,0.7585179420783194,0.9094039413296275,0.8340825320916251
breast_cancer,0,6,0.0,0.048299989430233836,1,0.21123522013801876,0.21123522013801876,1.0
breast_cancer,0,6,0.01,0.047600013203918934,1,0.20130335909975167,0.21123522013801876,0.9529819836304868
breast_cancer,0,6,0.03,0.04809998790733516,1,0.23390932565919972,0.21123522013801876,1.1073405538449788
breast_cancer,0,6,0.05,0.04839999019168317,1,0.13692459035117732,0.21123522013801876,0.6482090925069801
breast_cancer,0,6,0.1,0.04700000863522291,1,0.288174241438657,0.21123522013801876,1.3642338680565065
breast_cancer,0,7,0.0,0.04730001091957092,1,0.14395756171718663,0.14395756171718663,1.0
breast_cancer,0,7,0.01,0.04710000939667225,1,0.1433103392714813,0.14395756171718663,0.9955040746871162
breast_cancer,0,7,0.03,0.04780001472681761,1,0.1590834810273982,0.14395756171718663,1.1050720721425342
breast_cancer,0,7,0.05,0.04839999019168317,1,0.13873039832706727,0.14395756171718663,0.9636895531727021
breast_cancer,0,7,0.1,0.047299981815740466,1,0.2673490249156321,0.14395756171718663,1.857137768426889
breast_cancer,0,8,0.0,0.04919999628327787,1,0.3819255717906263,0.3819255717906263,1.0
breast_cancer,0,8,0.01,0.051099981646984816,1,0.38338639600398305,0.3819255717906263,1.0038248923907027
breast_cancer,0,8,0.03,0.05160001455806196,1,0.3886964833400658,0.3819255717906263,1.017728353505356
breast_cancer,0,8,0.05,0.04889999399892986,1,0.3362993657459705,0.3819255717906263,0.8805363939608937
breast_cancer,0,8,0.1,0.048999994760379195,1,0.23445439418805844,0.3819255717906263,0.6138745648500007
breast_cancer,0,9,0.0,0.04759998410008848,1,0.8073222816419373,0.8073222816419373,1.0
breast_cancer,0,9,0.01,0.04889999399892986,1,0.8264121686906071,0.8073222816419373,1.0236459311018204
breast_cancer,0,9,0.03,0.047699984861537814,1,0.7677925415169995,0.8073222816419373,0.9510359852269381
breast_cancer,0,9,0.05,0.0481999886687845,1,0.7943286505345096,0.8073222816419373,0.9839052737637798
breast_cancer,0,9,0.1,0.04710000939667225,1,0.7650452940476572,0.8073222816419373,0.9476330722492919
breast_cancer,0,10,0.0,0.046600005589425564,1,0.6625935131989326,0.6625935131989326,1.0
breast_cancer,0,10,0.01,0.04779998562298715,1,0.670042497091971,0.6625935131989326,1.011242162418819
breast_cancer,0,10,0.03,0.04700000863522291,1,0.6579709130463541,0.6625935131989326,0.9930234750861641
breast_cancer,0,10,0.05,0.047200010158121586,1,0.6231508127567608,0.6625935131989326,0.9404722508499268
breast_cancer,0,10,0.1,0.0475000124424696,1,0.6783039326657494,0.6625935131989326,1.0237104939210295
breast_cancer,0,11,0.0,0.04659997648559511,1,0.3490222148950938,0.3490222148950938,1.0
breast_cancer,0,11,0.01,0.04770001396536827,1,0.3545736928197166,0.3490222148950938,1.0159058010857316
breast_cancer,0,11,0.03,0.04789998638443649,1,0.31510995908620076,0.3490222148950938,0.9028363973362381
breast_cancer,0,11,0.05,0.04700000863522291,1,0.24558345808343798,0.3490222148950938,0.7036327419939543
breast_cancer,0,11,0.1,0.04779998562298715,1,0.33578506117057294,0.3490222148950938,0.9620736068949091
breast_cancer,0,12,0.0,0.04889999399892986,1,1.8000714418069625,1.8000714418069625,1.0
breast_cancer,0,12,0.01,0.04939999780617654,1,1.80476705750529,1.8000714418069625,1.0026085718540225
breast_cancer,0,12,0.03,0.048699992476031184,1,1.7659398834443853,1.8000714418069625,0.9810387757008605
breast_cancer,0,12,0.05,0.048999994760379195,1,1.8449157210262752,1.8000714418069625,1.024912499680733
breast_cancer,0,12,0.1,0.05370000144466758,1,1.936780937553702,1.8000714418069625,1.0759467055427014
breast_cancer,0,13,0.0,0.047900015488266945,1,0.005617907741239991,0.005617907741239991,1.0
breast_cancer,0,13,0.01,0.049700000090524554,1,0.0,0.005617907741239991,0.0
breast_cancer,0,13,0.03,0.04780001472681761,1,0.0,0.005617907741239991,0.0
breast_cancer,0,13,0.05,0.04779998562298715,1,0.034539817834145614,0.005617907741239991,6.148163947334946
breast_cancer,0,13,0.1,0.04879999323748052,1,0.00916350194629114,0.005617907741239991,1.6311236083539815
breast_cancer,0,14,0.0,0.07660000119358301,1,0.5012048658208184,0.5012048658208184,1.0
breast_cancer,0,14,0.01,0.07619999814778566,1,0.5063153531517809,0.5012048658208184,1.01019640406442
breast_cancer,0,14,0.03,0.07730000652372837,1,0.5109867730470259,0.5012048658208184,1.0195167842398891
breast_cancer,0,14,0.05,0.07599999662488699,1,0.42923433975552716,0.5012048658208184,0.8564049733487209
breast_cancer,0,14,0.1,0.07719997665844858,1,0.6299571883690366,0.5012048658208184,1.256885619690387
breast_cancer,0,15,0.0,0.047999987145885825,1,0.4604641230405395,0.4604641230405395,1.0
breast_cancer,0,15,0.01,0.0473999825771898,1,0.4713812398167161,0.4604641230405395,1.0237089411094367
breast_cancer,0,15,0.03,0.04749998333863914,1,0.44368462188964486,0.4604641230405395,0.9635595906145822
breast_cancer,0,15,0.05,0.04859999171458185,1,0.3807037259465683,0.4604641230405395,0.8267826023723698
breast_cancer,0,15,0.1,0.047600013203918934,1,0.49727540441086016,0.4604641230405395,1.079943864306405
breast_cancer,0,16,0.0,0.07670000195503235,1,0.7215512337198684,0.7215512337198684,1.0
breast_cancer,0,16,0.01,0.08460000390186906,1,0.7488051473171033,0.7215512337198684,1.0377712798808905
breast_cancer,0,16,0.03,0.1367000222671777,1,0.7282056063392095,0.7215512337198684,1.0092223147967405
breast_cancer,0,16,0.05,0.07819998427294195,1,0.7167694635565516,0.7215512337198684,0.9933729305143517
breast_cancer,0,16,0.1,0.07780001033097506,1,0.7875668069092919,0.7215512337198684,1.0914911791489683
breast_cancer,0,17,0.0,0.048999994760379195,1,0.4200224502506859,0.4200224502506859,1.0
breast_cancer,0,17,0.01,0.04850002005696297,1,0.4256307135291902,0.4200224502506859,1.0133522940860828
breast_cancer,0,17,0.03,0.04840001929551363,1,0.42726027523805865,0.4200224502506859,1.0172319955351266
breast_cancer,0,17,0.05,0.048299989430233836,1,0.4081926807766935,0.4200224502506859,0.9718353876871774
breast_cancer,0,17,0.1,0.048299989430233836,1,0.4674083163678609,0.4200224502506859,1.1128174603259737
breast_cancer,0,18,0.0,0.047699984861537814,1,0.5052968245952338,0.5052968245952338,1.0
breast_cancer,0,18,0.01,0.04770001396536827,1,0.49561661048463834,0.5052968245952338,0.9808425194075783
breast_cancer,0,18,0.03,0.24470000062137842,1,0.5081668442561825,0.5052968245952338,1.005679868784546
breast_cancer,0,18,0.05,0.086199986981228,1,0.5397946133363966,0.5052968245952338,1.0682723244279182
breast_cancer,0,18,0.1,0.06640001083724201,1,0.5160958764981778,0.5052968245952338,1.021371699518584
breast_cancer,0,19,0.0,0.07719997665844858,1,0.40126902024768235,0.40126902024768235,1.0
breast_cancer,0,19,0.01,0.11760002234950662,1,0.3944085760313808,0.40126902024768235,0.9829031301442933
breast_cancer,0,19,0.03,0.06489999941550195,1,0.375915801137506,0.40126902024768235,0.9368174022142872
breast_cancer,0,19,0.05,0.05800000508315861,1,0.3624777325576384,0.40126902024768235,0.9033284760779685
breast_cancer,0,19,0.1,0.05509998300112784,1,0.5676662007390971,0.40126902024768235,1.4146773662933323
breast_cancer,0,20,0.0,0.05020000389777124,1,0.767389476522393,0.767389476522393,1.0
breast_cancer,0,20,0.01,0.051000009989365935,1,0.7482499562408567,0.767389476522393,0.9750589226630112
breast_cancer,0,20,0.03,0.050300004659220576,1,0.7995302654049279,0.767389476522393,1.041883280740555
breast_cancer,0,20,0.05,0.049799971748143435,1,0.7571797385034272,0.767389476522393,0.9866954938381047
breast_cancer,0,20,0.1,0.23460001102648675,1,0.6813415524520112,0.767389476522393,0.8878692936208504
breast_cancer,0,21,0.0,0.2682000049389899,1,0.38765629168756727,0.38765629168756727,1.0
breast_cancer,0,21,0.01,0.38070001755841076,1,0.3915658234754818,0.38765629168756727,1.0100850466553641
breast_cancer,0,21,0.03,0.3087999939452857,1,0.38224663129065334,0.38765629168756727,0.9860452145033831
breast_cancer,0,21,0.05,0.2486000012140721,1,0.4195102988870797,0.38765629168756727,1.0821707473412692
breast_cancer,0,21,0.1,0.20370000856928527,1,0.42713484549485414,0.38765629168756727,1.1018390637629705
breast_cancer,0,22,0.0,0.16319999122060835,1,0.5487274734846268,0.5487274734846268,1.0
breast_cancer,0,22,0.01,0.1571000029798597,1,0.5531407298698253,0.5487274734846268,1.0080427108144825
breast_cancer,0,22,0.03,0.15109998639672995,1,0.47062765260931083,0.5487274734846268,0.8576710213189207
breast_cancer,0,22,0.05,0.1514999894425273,1,0.5790870553946919,0.5487274734846268,1.055327249640464
breast_cancer,0,22,0.1,0.1531000016257167,1,0.6470765012999581,0.5487274734846268,1.179231098437222
breast_cancer,0,23,0.0,0.1398000167682767,1,0.8656935940286907,0.8656935940286907,1.0
breast_cancer,0,23,0.01,0.14290001126937568,1,0.8777872651230003,0.8656935940286907,1.0139699209717252
breast_cancer,0,23,0.03,0.13679999392479658,1,0.8707255497467614,0.8656935940286907,1.0058126290326967
breast_cancer,0,23,0.05,0.13649999164044857,1,0.8015170582864367,0.8656935940286907,0.9258669162103941
breast_cancer,0,23,0.1,0.1354999840259552,1,0.7080987196225764,0.8656935940286907,0.8179553649314732
breast_cancer,0,24,0.0,0.13689999468624592,1,1.1341973152511715,1.1341973152511715,1.0
breast_cancer,0,24,0.01,0.1336999994236976,1,1.1374815553895166,1.1341973152511715,1.0028956514833733
breast_cancer,0,24,0.03,0.12310000602155924,1,1.1835142536467356,1.1341973152511715,1.0434817978604038
breast_cancer,0,24,0.05,0.12409998453222215,1,1.1152239930641934,1.1341973152511715,0.9832715860531054
breast_cancer,0,24,0.1,0.14249997911974788,1,0.9594689749119092,1.1341973152511715,0.8459453765321528
breast_cancer,0,25,0.0,0.11910000466741621,1,0.2983831626100652,0.2983831626100652,1.0
breast_cancer,0,25,0.01,0.12059998698532581,1,0.29249037503494135,0.2983831626100652,0.9802509380101159
breast_cancer,0,25,0.03,0.11759999324567616,1,0.2783584195549886,0.2983831626100652,0.9328891654612379
breast_cancer,0,25,0.05,0.1188000023830682,1,0.3302989757270246,0.2983831626100652,1.1069625136947416
breast_cancer,0,25,0.1,0.10639999527484179,1,0.42872842294320007,0.2983831626100652,1.4368385239735306
breast_cancer,0,26,0.0,0.10269999620504677,1,0.5567849650854064,0.5567849650854064,1.0
breast_cancer,0,26,0.01,0.10429997928440571,1,0.5540194446835415,0.5567849650854064,0.9950330548141854
breast_cancer,0,26,0.03,0.10370000381954014,1,0.5656918235741347,0.5567849650854064,1.0159969450456732
breast_cancer,0,26,0.05,0.10209999163635075,1,0.6343314029005648,0.5567849650854064,1.1392753804033904
breast_cancer,0,26,0.1,0.10530001600272954,1,0.55298582855714,0.5567849650854064,0.9931766538852504
breast_cancer,0,27,0.0,0.10850001126527786,1,0.02644100109540081,0.02644100109540081,1.0
breast_cancer,0,27,0.01,0.12279997463338077,1,0.05073911161407745,0.02644100109540081,1.9189557699047595
breast_cancer,0,27,0.03,0.12349997996352613,1,0.004960875302391563,0.02644100109540081,0.18762055508005956
breast_cancer,0,27,0.05,0.1033000007737428,1,0.057339448308119906,0.02644100109540081,2.168580837814557
breast_cancer,0,27,0.1,0.0982999918051064,1,0.0,0.02644100109540081,0.0
breast_cancer,0,28,0.0,0.09290000889450312,1,0.336711435188462,0.336711435188462,1.0
breast_cancer,0,28,0.01,0.09400001727044582,1,0.3383995664775166,0.336711435188462,1.0050135846681587
breast_cancer,0,28,0.03,0.09210000280290842,1,0.3630605226098689,0.336711435188462,1.0782542101864134
breast_cancer,0,28,0.05,0.09560000034980476,1,0.3483828032825961,0.336711435188462,1.0346628206660147
breast_cancer,0,28,0.1,0.1399999891873449,1,0.402357793737831,0.336711435188462,1.194963258413323
breast_cancer,0,29,0.0,0.09009998757392168,1,0.6518682802517526,0.6518682802517526,1.0
breast_cancer,0,29,0.01,0.09220000356435776,1,0.646944165521778,0.6518682802517526,0.9924461507345121
breast_cancer,0,29,0.03,0.08700002217665315,1,0.6441938080653783,0.6518682802517526,0.9882269586987568
breast_cancer,0,29,0.05,0.08620001608505845,1,0.5736755120282351,0.6518682802517526,0.8800482082157467
breast_cancer,0,29,0.1,0.08480000542476773,1,0.6950080095085012,0.6518682802517526,1.0661785985967716
breast_cancer,0,30,0.0,0.08719999459572136,1,0.5040249516671949,0.5040249516671949,1.0
breast_cancer,0,30,0.01,0.08739999611862004,1,0.49854309776484335,0.5040249516671949,0.9891238441981516
breast_cancer,0,30,0.03,0.086499989265576,1,0.5038924693764016,0.5040249516671949,0.9997371513248402
breast_cancer,0,30,0.05,0.086499989265576,1,0.5075558265861472,0.5040249516671949,1.0070053573881075
breast_cancer,0,30,0.1,0.08639998850412667,1,0.33964221005083456,0.5040249516671949,0.6738599129415692
breast_cancer,0,31,0.0,0.0858000130392611,1,1.578995182582068,1.578995182582068,1.0
breast_cancer,0,31,0.01,0.08249998791143298,1,1.5810847921007822,1.578995182582068,1.0013233792868812
breast_cancer,0,31,0.03,0.07459998596459627,1,1.6186827857551882,1.578995182582068,1.0251347208724353
breast_cancer,0,31,0.05,0.07320000440813601,1,1.6172072746501103,1.578995182582068,1.0242002588035484
breast_cancer,0,31,0.1,0.07219999679364264,1,1.4843457716212618,1.578995182582068,0.9400571882644824
breast_cancer,0,32,0.0,0.07300000288523734,1,1.4087692462502133,1.4087692462502133,1.0
breast_cancer,0,32,0.01,0.19740001880563796,1,1.4289077913270707,1.4087692462502133,1.0142951339479203
breast_cancer,0,32,0.03,0.16930000856518745,1,1.4548993405514195,1.4087692462502133,1.032744961195024
breast_cancer,0,32,0.05,0.06849999772384763,1,1.3446222561780659,1.4087692462502133,0.9544659352531364
breast_cancer,0,32,0.1,0.08820000221021473,1,1.5331244357099274,1.4087692462502133,1.0882722204439912
breast_cancer,0,33,0.0,0.053099996875971556,1,0.7774772584216112,0.7774772584216112,1.0
breast_cancer,0,33,0.01,0.05640002200379968,1,0.7857938681659951,0.7774772584216112,1.010696917053584
breast_cancer,0,33,0.03,0.051000009989365935,1,0.8362246904863002,0.7774772584216112,1.0755616083021575
breast_cancer,0,33,0.05,0.050300004659220576,1,0.7881179206467753,0.7774772584216112,1.0136861395107122
breast_cancer,0,33,0.1,0.049200025387108326,1,0.7289179267589638,0.7774772584216112,0.9375424410982391
breast_cancer,0,34,0.0,0.0515999854542315,1,0.9820851002137433,0.9820851002137433,1.0
breast_cancer,0,34,0.01,0.06650001159869134,1,0.9756204354325242,0.9820851002137433,0.9934174087563165
breast_cancer,0,34,0.03,0.0515999854542315,1,0.994983751900414,0.9820851002137433,1.0131339449950554
breast_cancer,0,34,0.05,0.04959999932907522,1,0.96020009290643,0.9820851002137433,0.9777157729991524
breast_cancer,0,34,0.1,0.049700000090524554,1,1.0143526895250559,0.9820851002137433,1.03285620492999
breast_cancer,1,0,0.0,0.07739997818134725,1,0.7846146694443734,0.7846146694443734,1.0
breast_cancer,1,0,0.01,0.06819999543949962,1,0.7850193834809243,0.7846146694443734,1.000515812477528
breast_cancer,1,0,0.03,0.06310001481324434,1,0.804614592801883,0.7846146694443734,1.0254901216308796
breast_cancer,1,0,0.05,0.06839999696239829,1,0.6785894059173635,0.7846146694443734,0.8648696390011521
breast_cancer,1,0,0.1,0.0585000088904053,1,0.9056479690598956,0.7846146694443734,1.1542582675662083
breast_cancer,1,1,0.0,0.3480000013951212,1,0.014359521593045432,0.014359521593045432,1.0
breast_cancer,1,1,0.01,0.43929999810643494,1,0.014405016905470552,0.014359521593045432,1.0031683027968812
breast_cancer,1,1,0.03,0.09509999654255807,1,0.070593335617567,0.014359521593045432,4.916134229134527
breast_cancer,1,1,0.05,0.0686999992467463,1,0.0,0.014359521593045432,0.0
breast_cancer,1,1,0.1,0.538099993718788,1,0.11905897466242224,0.014359521593045432,8.291291175054507
breast_cancer,1,2,0.0,0.3169999981764704,1,0.5009642059907823,0.5009642059907823,1.0
breast_cancer,1,2,0.01,0.3321999975014478,1,0.49510066275321296,0.5009642059907823,0.9882954846524958
breast_cancer,1,2,0.03,0.28550002025440335,1,0.5051901436901909,0.5009642059907823,1.008435608071141
breast_cancer,1,2,0.05,0.2767000114545226,1,0.5229636963738311,0.5009642059907823,1.0439142959116996
breast_cancer,1,2,0.1,0.24280001525767148,1,0.48357443392139654,0.5009642059907823,0.9652873960625727
breast_cancer,1,3,0.0,0.2547999902162701,1,0.9448195165469697,0.9448195165469697,1.0
breast_cancer,1,3,0.01,0.24739999207668006,1,0.9411853169333011,0.9448195165469697,0.996153551498438
breast_cancer,1,3,0.03,0.22360001457855105,1,1.0014948428419683,0.9448195165469697,1.0599853467275209
breast_cancer,1,3,0.05,0.222100003156811,1,0.9056255520971269,0.9448195165469697,0.9585169825946389
breast_cancer,1,3,0.1,0.21929998183622956,1,0.907364718164674,0.9448195165469697,0.9603577215263486
breast_cancer,1,4,0.0,0.20670000230893493,1,0.39896147092275547,0.39896147092275547,1.0
breast_cancer,1,4,0.01,0.20429998403415084,1,0.4029981554783054,0.39896147092275547,1.0101179809323781
breast_cancer,1,4,0.03,0.20149999181739986,1,0.36945871411178677,0.39896147092275547,0.926051112798607
breast_cancer,1,4,0.05,0.20149999181739986,1,0.3791419231715575,0.39896147092275547,0.9503221508950288
breast_cancer,1,4,0.1,0.19530000281520188,1,0.26427295163631903,0.39896147092275547,0.6624021889258724
breast_cancer,1,5,0.0,0.19079999765381217,1,0.27424792698065326,0.27424792698065326,1.0
breast_cancer,1,5,0.01,0.18629999249242246,1,0.27379468753605085,0.27424792698065326,0.9983473368437371
breast_cancer,1,5,0.03,0.19570000586099923,1,0.2721761865555664,0.27424792698065326,0.9924457389782458
breast_cancer,1,5,0.05,0.18429997726343572,1,0.23229586699383364,0.27424792698065326,0.8470287070218069
breast_cancer,1,5,0.1,0.18400000408291817,1,0.32384129126459194,0.27424792698065326,1.1808340534418598
breast_cancer,1,6,0.0,0.2928999892901629,1,0.5314588521081326,0.5314588521081326,1.0
breast_cancer,1,6,0.01,0.2103000006172806,1,0.5375998218856801,0.5314588521081326,1.0115549298937974
breast_cancer,1,6,0.03,0.18510001245886087,1,0.5084898773151689,0.5314588521081326,0.9567812734666986
breast_cancer,1,6,0.05,0.15929999062791467,1,0.4289500577034259,0.5314588521081326,0.8071180976700528
breast_cancer,1,6,0.1,0.15390000771731138,1,0.4489525297587503,0.5314588521081326,0.8447550134462803
breast_cancer,1,7,0.0,0.1576000067871064,1,1.801739755208003,1.801739755208003,1.0
breast_cancer,1,7,0.01,0.17300000763498247,1,1.811446397740775,1.801739755208003,1.0053873721244784
breast_cancer,1,7,0.03,0.15809998149052262,1,1.8392314405509222,1.801739755208003,1.0208086019274139
breast_cancer,1,7,0.05,0.13910001143813133,1,1.6918134914701506,1.801739755208003,0.9389888226531573
breast_cancer,1,7,0.1,0.1391999830957502,1,1.7793480769564511,1.801739755208003,0.9875721906080899
breast_cancer,1,8,0.0,0.13719999697059393,1,0.7081354982377523,0.7081354982377523,1.0
breast_cancer,1,8,0.01,0.13719999697059393,1,0.7090585995140686,0.7081354982377523,1.0013035658833844
breast_cancer,1,8,0.03,0.1343000039923936,1,0.7235512670999789,0.7081354982377523,1.0217695185463656
breast_cancer,1,8,0.05,0.13679999392479658,1,0.6736661410551558,0.7081354982377523,0.9513237829929778
breast_cancer,1,8,0.1,0.14960000407882035,1,0.6782585335554372,0.7081354982377523,0.9578089719316908
breast_cancer,1,9,0.0,0.12450001668184996,1,0.16846611729516053,0.16846611729516053,1.0
breast_cancer,1,9,0.01,0.12519999290816486,1,0.16773519503758572,0.16846611729516053,0.9956613100051792
breast_cancer,1,9,0.03,0.35039999056607485,1,0.16276010702328644,0.16846611729516053,0.9661296267552906
breast_cancer,1,9,0.05,0.08590001380071044,1,0.12886955958499938,0.16846611729516053,0.7649583290342821
breast_cancer,1,9,0.1,0.0672000169288367,1,0.1708858343780773,0.16846611729516053,1.0143632269904892
breast_cancer,1,10,0.0,0.05959998816251755,1,0.5097492375747783,0.5097492375747783,1.0
breast_cancer,1,10,0.01,0.11480000102892518,1,0.5154656313762368,0.5097492375747783,1.0112141291837047
breast_cancer,1,10,0.03,0.07770000956952572,1,0.5531388466997231,0.5097492375747783,1.0851195174540693
breast_cancer,1,10,0.05,0.06849999772384763,1,0.5402522249058025,0.5097492375747783,1.05983920147904
breast_cancer,1,10,0.1,0.06070002564229071,1,0.6131742218345361,0.5097492375747783,1.202893847868847
breast_cancer,1,11,0.0,0.05590001819655299,1,0.6249127977776202,0.6249127977776202,1.0
breast_cancer,1,11,0.01,0.053499999921768904,1,0.6277987471135361,0.6249127977776202,1.0046181632800275
breast_cancer,1,11,0.03,0.05269999383017421,1,0.6050662852314622,0.6249127977776202,0.968241148818302
breast_cancer,1,11,0.05,0.05150001379661262,1,0.6561115958890313,0.6249127977776202,1.049925042697739
breast_cancer,1,11,0.1,0.05140001303516328,1,0.621700161852649,0.6249127977776202,0.994859065238548
breast_cancer,1,12,0.0,0.05190001684240997,1,0.6485156893586279,0.6485156893586279,1.0
breast_cancer,1,12,0.01,0.05160001455806196,1,0.6537981326298641,0.6485156893586279,1.0081454363524505
breast_cancer,1,12,0.03,0.05120001151226461,1,0.6348758013174155,0.6485156893586279,0.9789675280567197
breast_cancer,1,12,0.05,0.05060000694356859,1,0.6668288678599368,0.6485156893586279,1.0282386051745647
breast_cancer,1,12,0.1,0.0501000031363219,1,0.6624885043362675,0.6485156893586279,1.021545839533132
breast_cancer,1,13,0.0,0.09099999442696571,1,1.256126438451762,1.256126438451762,1.0
breast_cancer,1,13,0.01,0.08440000237897038,1,1.262606631435417,1.256126438451762,1.0051588699873573
breast_cancer,1,13,0.03,0.08070000330917537,1,1.324171363732011,1.256126438451762,1.0541704427176277
breast_cancer,1,13,0.05,0.08100000559352338,1,1.2586549333456896,1.256126438451762,1.0020129302405607
breast_cancer,1,13,0.1,0.07919999188743532,1,1.4462425681109168,1.256126438451762,1.1513511091236024
breast_cancer,1,14,0.0,0.05050000618211925,1,1.1422825616073742,1.1422825616073742,1.0
breast_cancer,1,14,0.01,0.0509000092279166,1,1.1441877956371207,1.1422825616073742,1.001667918336305
breast_cancer,1,14,0.03,0.05050000618211925,1,1.1581233801122393,1.1422825616073742,1.013867688291218
breast_cancer,1,14,0.05,0.05050000618211925,1,1.1222847660557131,1.1422825616073742,0.9824931271615309
breast_cancer,1,14,0.1,0.04980000085197389,1,1.1053060407135704,1.1422825616073742,0.967629269555011
breast_cancer,1,15,0.0,0.04980000085197389,1,0.5183842565582536,0.5183842565582536,1.0
breast_cancer,1,15,0.01,0.05020000389777124,1,0.5243211112784443,0.5183842565582536,1.011452613857542
breast_cancer,1,15,0.03,0.050000002374872565,1,0.4966719216048715,0.5183842565582536,0.9581153658146596
breast_cancer,1,15,0.05,0.048900023102760315,1,0.4844210163216992,0.5183842565582536,0.9344825005642552
breast_cancer,1,15,0.1,0.05020000389777124,1,0.6247436405771009,0.5183842565582536,1.2051747958647643
breast_cancer,1,16,0.0,0.048999994760379195,1,0.40166599051570345,0.40166599051570345,1.0
breast_cancer,1,16,0.01,0.048200017772614956,1,0.3999228731877682,0.40166599051570345,0.9956602815047965
breast_cancer,1,16,0.03,0.049700000090524554,1,0.4285896794045035,0.40166599051570345,1.0670300436794073
breast_cancer,1,16,0.05,0.04870002157986164,1,0.3796439673170914,0.40166599051570345,0.9451732939342518
breast_cancer,1,16,0.1,0.049200025387108326,1,0.34711420847161495,0.40166599051570345,0.8641862061210389
breast_cancer,1,17,0.0,0.048999994760379195,1,0.18799887449659475,0.18799887449659475,1.0
breast_cancer,1,17,0.01,0.05259999306872487,1,0.1935902276399999,0.18799887449659475,1.0297414181780455
breast_cancer,1,17,0.03,0.050000002374872565,1,0.14101154432386648,0.18799887449659475,0.750065896412697
breast_cancer,1,17,0.05,0.04949999856762588,1,0.09309194936533266,0.18799887449659475,0.49517290789429086
breast_cancer,1,17,0.1,0.04939999780617654,1,0.17853598301785512,0.18799887449659475,0.9496651695172195
breast_cancer,1,18,0.0,0.04889999399892986,1,0.249385145956753,0.249385145956753,1.0
breast_cancer,1,18,0.01,0.04949999856762588,1,0.266813296664641,0.249385145956753,1.0698844778466086
breast_cancer,1,18,0.03,0.04809998790733516,1,0.23291317774233936,0.249385145956753,0.9339496819218329
breast_cancer,1,18,0.05,0.04879999323748052,1,0.2603562363429048,0.249385145956753,1.0439925575521418
breast_cancer,1,18,0.1,0.04939999780617654,1,0.20484870263412158,0.249385145956753,0.8214150119014919
breast_cancer,1,19,0.0,0.049299997044727206,1,0.26381326466382354,0.26381326466382354,1.0
breast_cancer,1,19,0.01,0.04900002386420965,1,0.2676426839095237,0.26381326466382354,1.0145156432925388
breast_cancer,1,19,0.03,0.04949999856762588,1,0.2857286127388301,0.26381326466382354,1.0830714410927487
breast_cancer,1,19,0.05,0.04939999780617654,1,0.27727533892891165,0.26381326466382354,1.0510287997923182
breast_cancer,1,19,0.1,0.04889999399892986,1,0.11945253239189343,0.26381326466382354,0.4527919873328259
breast_cancer,1,20,0.0,0.048600020818412304,1,0.8072809882882539,0.8072809882882539,1.0
breast_cancer,1,20,0.01,0.04990000161342323,1,0.8116157783848351,0.8072809882882539,1.0053696174683522
breast_cancer,1,20,0.03,0.050000002374872565,1,0.826685701833035,0.8072809882882539,1.0240371244043869
breast_cancer,1,20,0.05,0.04870002157986164,1,0.7676417424911993,0.8072809882882539,0.9508978331310576
breast_cancer,1,20,0.1,0.04900002386420965,1,0.7544947901767111,0.8072809882882539,0.9346123606558977
breast_cancer,1,21,0.0,0.1033000007737428,1,0.4788277054308234,0.4788277054308234,1.0
breast_cancer,1,21,0.01,0.11110000195913017,1,0.48679672693070064,0.4788277054308234,1.0166427744457833
breast_cancer,1,21,0.03,0.1044000091496855,1,0.4755002008312792,0.4788277054308234,0.9930507266772496
breast_cancer,1,21,0.05,0.1036000030580908,1,0.43270254869885727,0.4788277054308234,0.903670660221164
breast_cancer,1,21,0.1,0.1036000030580908,1,0.3776301184223863,0.4788277054308234,0.7886555312888903
breast_cancer,1,22,0.0,0.04909999552182853,1,0.4254250758072292,0.4254250758072292,1.0
breast_cancer,1,22,0.01,0.04959999932907522,1,0.4372559797419761,0.4254250758072292,1.0278096064560795
breast_cancer,1,22,0.03,0.04900002386420965,1,0.4058390592291439,0.4254250758072292,0.9539613020202875
breast_cancer,1,22,0.05,0.04850002005696297,1,0.3662657184589251,0.4254250758072292,0.8609405963293271
breast_cancer,1,22,0.1,0.048900023102760315,1,0.3827227699617353,0.4254250758072292,0.8996243797701211
breast_cancer,1,23,0.0,0.04870002157986164,1,0.5527550474671571,0.5527550474671571,1.0
breast_cancer,1,23,0.01,0.04840001929551363,1,0.5448260451709231,0.5527550474671571,0.9856554863993258
breast_cancer,1,23,0.03,0.048999994760379195,1,0.6143782692266533,0.5527550474671571,1.1114837793736432
breast_cancer,1,23,0.05,0.08120000711642206,1,0.5327045465886018,0.5527550474671571,0.9637262455215361
breast_cancer,1,23,0.1,0.06560000474564731,1,0.5129521006153313,0.5527550474671571,0.9279917080192908
breast_cancer,1,24,0.0,0.05110001075081527,1,0.4812089696279448,0.4812089696279448,1.0
breast_cancer,1,24,0.01,0.05040000542066991,1,0.4714659858452689,0.4812089696279448,0.9797531126857238
breast_cancer,1,24,0.03,0.050000002374872565,1,0.5499180514069704,0.4812089696279448,1.1427842914735136
breast_cancer,1,24,0.05,0.04919999628327787,1,0.45365967512870475,0.4812089696279448,0.9427498316988142
breast_cancer,1,24,0.1,0.04990000161342323,1,0.2263292105208202,0.4812089696279448,0.47033456316454497
breast_cancer,1,25,0.0,0.0819999841041863,1,0.24739780710561832,0.24739780710561832,1.0
breast_cancer,1,25,0.01,0.062000006437301636,1,0.2586049467327859,0.24739780710561832,1.0453000766590588
breast_cancer,1,25,0.03,0.052300019888207316,1,0.2921570337487361,0.24739780710561832,1.1809200621734262
breast_cancer,1,25,0.05,0.05150001379661262,1,0.2501330963284077,0.24739780710561832,1.0110562387548634
breast_cancer,1,25,0.1,0.04949999856762588,1,0.27318849403903867,0.24739780710561832,1.104247839684407
breast_cancer,1,26,0.0,0.08410000009462237,1,0.6919425180619645,0.6919425180619645,1.0
breast_cancer,1,26,0.01,0.08100000559352338,1,0.7044239708854801,0.6919425180619645,1.0180382799115661
breast_cancer,1,26,0.03,0.07959999493323267,1,0.6667977873401503,0.6919425180619645,0.9636606653508717
breast_cancer,1,26,0.05,0.0771000050008297,1,0.7090796216062908,0.6919425180619645,1.0247666577742975
breast_cancer,1,26,0.1,0.05080000846646726,1,0.579956452110388,0.6919425180619645,0.8381569812110492
breast_cancer,1,27,0.0,0.04980000085197389,1,0.9009453939853403,0.9009453939853403,1.0
breast_cancer,1,27,0.01,0.050300004659220576,1,0.8919401288768223,0.9009453939853403,0.9900046493731621
breast_cancer,1,27,0.03,0.049299997044727206,1,0.8657276691894965,0.9009453939853403,0.960910256014454
breast_cancer,1,27,0.05,0.04909999552182853,1,0.8905618571019124,0.9009453939853403,0.9884748432560421
breast_cancer,1,27,0.1,0.04879999323748052,1,0.8924640391250139,0.9009453939853403,0.9905861610293505
breast_cancer,1,28,0.0,0.05060000694356859,1,0.8757355247962777,0.8757355247962777,1.0
breast_cancer,1,28,0.01,0.05059997783973813,1,0.8768389540364102,0.8757355247962777,1.0012600028306369
breast_cancer,1,28,0.03,0.051300012273713946,1,0.9150437022613217,0.8757355247962777,1.0448859003112707
breast_cancer,1,28,0.05,0.08590001380071044,1,0.801735524259872,0.8757355247962777,0.9154996018305638
breast_cancer,1,28,0.1,0.09310001041740179,1,0.6983112679473371,0.8757355247962777,0.7973997264868126
breast_cancer,1,29,0.0,0.0619000056758523,1,0.41897708632386016,0.41897708632386016,1.0
breast_cancer,1,29,0.01,0.05950001650489867,1,0.42770063828086785,0.41897708632386016,1.0208210717047772
breast_cancer,1,29,0.03,0.058200006606057286,1,0.39079621579052054,0.41897708632386016,0.9327388741455984
breast_cancer,1,29,0.05,0.05819997750222683,1,0.4120100227536083,0.41897708632386016,0.983371253947605
breast_cancer,1,29,0.1,0.05800000508315861,1,0.2501354087392521,0.41897708632386016,0.5970145311142454
breast_cancer,1,30,0.0,0.05699999746866524,1,0.6456474522710566,0.6456474522710566,1.0
breast_cancer,1,30,0.01,0.05750000127591193,1,0.6455451516179814,0.6456474522710566,0.9998415533853416
breast_cancer,1,30,0.03,0.05690002581104636,1,0.6598277364567968,0.6456474522710566,1.0219628903294844
breast_cancer,1,30,0.05,0.05699999746866524,1,0.5661943372428109,0.6456474522710566,0.8769404033907817
breast_cancer,1,30,0.1,0.056599994422867894,1,0.5542287804716326,0.6456474522710566,0.8584077556910354
breast_cancer,1,31,0.0,0.05530001362785697,1,0.38917419028351596,0.38917419028351596,1.0
breast_cancer,1,31,0.01,0.056899996707215905,1,0.38560259889646653,0.38917419028351596,0.9908226406678009
breast_cancer,1,31,0.03,0.05590001819655299,1,0.3580190123336433,0.38917419028351596,0.9199454158890241
breast_cancer,1,31,0.05,0.05600001895800233,1,0.3204621414487442,0.38917419028351596,0.823441403488976
breast_cancer,1,31,0.1,0.055500015150755644,1,0.2365091694955956,0.38917419028351596,0.6077205924763334
breast_cancer,1,32,0.0,0.04850002005696297,1,0.4430736309357529,0.4430736309357529,1.0
breast_cancer,1,32,0.01,0.04870002157986164,1,0.42633314471084927,0.4430736309357529,0.9622173718856876
breast_cancer,1,32,0.03,0.04879999323748052,1,0.44254341763423033,0.4430736309357529,0.9988033291432785
breast_cancer,1,32,0.05,0.0557999883312732,1,0.38203502071686946,0.4430736309357529,0.8622382241751275
breast_cancer,1,32,0.1,0.05169998621568084,1,0.5042840520094313,0.4430736309357529,1.138149546260301
breast_cancer,1,33,0.0,0.04990000161342323,1,0.3081727044562917,0.3081727044562917,1.0
breast_cancer,1,33,0.01,0.04919999628327787,1,0.32009422155159173,0.3081727044562917,1.0386845328055032
breast_cancer,1,33,0.03,0.0481999886687845,1,0.3034334482534448,0.3081727044562917,0.9846214277438738
breast_cancer,1,33,0.05,0.048699992476031184,1,0.35524379420853647,0.3081727044562917,1.1527425663323823
breast_cancer,1,33,0.1,0.04830001853406429,1,0.4299183959121004,0.3081727044562917,1.395056699361497
breast_cancer,1,34,0.0,0.05020000389777124,1,0.5812212394729329,0.5812212394729329,1.0
breast_cancer,1,34,0.01,0.0501000031363219,1,0.5774174387109168,0.5812212394729329,0.9934555028211537
breast_cancer,1,34,0.03,0.04939999780617654,1,0.6071349011069129,0.5812212394729329,1.0445848497509815
breast_cancer,1,34,0.05,0.049299997044727206,1,0.5038268058691385,0.5812212394729329,0.8668416975367629
breast_cancer,1,34,0.1,0.04909999552182853,1,0.5182907372365401,0.5812212394729329,0.8917271118766067
breast_cancer,2,0,0.0,0.07239999831654131,1,0.29040674120695154,0.29040674120695154,1.0
breast_cancer,2,0,0.01,0.0653000024612993,1,0.2887509258401585,0.29040674120695154,0.9942982888072386
breast_cancer,2,0,0.03,0.06230000872164965,1,0.27924522382530226,0.29040674120695154,0.9615659149809636
breast_cancer,2,0,0.05,0.06029999349266291,1,0.2247137877127077,0.29040674120695154,0.7737898465399972
breast_cancer,2,0,0.1,0.05530001362785697,1,0.16589455610192735,0.29040674120695154,0.571248984828856
breast_cancer,2,1,0.0,0.05040000542066991,1,0.22693482793408196,0.22693482793408196,1.0
breast_cancer,2,1,0.01,0.0509000092279166,1,0.22052655143801667,0.22693482793408196,0.9717615997755676
breast_cancer,2,1,0.03,0.050000002374872565,1,0.233174855625609,0.22693482793408196,1.0274970032071922
breast_cancer,2,1,0.05,0.05329999839887023,1,0.28463160103042995,0.22693482793408196,1.2542438003967695
breast_cancer,2,1,0.1,0.07989999721758068,1,0.5910704145463443,0.22693482793408196,2.6045822050638843
breast_cancer,2,2,0.0,0.05089998012408614,1,0.6207025812649948,0.6207025812649948,1.0
breast_cancer,2,2,0.01,0.05060000694356859,1,0.6174909086398414,0.6207025812649948,0.9948257463041188
breast_cancer,2,2,0.03,0.0720999960321933,1,0.6468481534069664,0.6207025812649948,1.0421225445666535
breast_cancer,2,2,0.05,0.05520001286640763,1,0.6961131657854077,0.6207025812649948,1.1214923004939432
breast_cancer,2,2,0.1,0.05329999839887023,1,0.666459167202187,0.6207025812649948,1.073717408817505
breast_cancer,2,3,0.0,0.05129998316988349,1,1.4189257074990655,1.4189257074990655,1.0
breast_cancer,2,3,0.01,0.051300012273713946,1,1.413544984753264,1.4189257074990655,0.9962078897313902
breast_cancer,2,3,0.03,0.050700007705017924,1,1.4041460294820558,1.4189257074990655,0.9895838958030723
breast_cancer,2,3,0.05,0.05089998012408614,1,1.381628961070396,1.4189257074990655,0.9737147997026517
breast_cancer,2,3,0.1,0.051099981646984816,1,1.2844046478171123,1.4189257074990655,0.9051951353259685
breast_cancer,2,4,0.0,0.09600000339560211,1,0.6962350186145605,0.6962350186145605,1.0
breast_cancer,2,4,0.01,0.08430000161752105,1,0.6807756268166902,0.6962350186145605,0.9777957279014305
breast_cancer,2,4,0.03,0.08110000635497272,1,0.6350580072682428,0.6962350186145605,0.9121316657296928
breast_cancer,2,4,0.05,0.07990002632141113,1,0.8242662875670891,0.6962350186145605,1.1838908781223016
breast_cancer,2,4,0.1,0.07730000652372837,1,0.6324968846910721,0.6962350186145605,0.9084531340432703
breast_cancer,2,5,0.0,0.050000002374872565,1,0.9989176494065921,0.9989176494065921,1.0
breast_cancer,2,5,0.01,0.04919999628327787,1,0.9871936730906193,0.9989176494065921,0.9882633204819863
breast_cancer,2,5,0.03,0.0509000092279166,1,0.9326891373524269,0.9989176494065921,0.9336997278068835
breast_cancer,2,5,0.05,0.04990000161342323,1,0.9839711085357757,0.9989176494065921,0.985037264203215
breast_cancer,2,5,0.1,0.04949999856762588,1,1.0354226109248523,0.9989176494065921,1.0365445154962933
breast_cancer,2,6,0.0,0.049299997044727206,1,0.5813921335629378,0.5813921335629378,1.0
breast_cancer,2,6,0.01,0.04939999780617654,1,0.576442080944068,0.5813921335629378,0.9914858624100493
breast_cancer,2,6,0.03,0.049700000090524554,1,0.5608304597908712,0.5813921335629378,0.9646337255269368
breast_cancer,2,6,0.05,0.04949999856762588,1,0.6720384440139215,0.5813921335629378,1.1559125162142754
breast_cancer,2,6,0.1,0.048699992476031184,1,0.6258353031317999,0.5813921335629378,1.0764426744072053
breast_cancer,2,7,0.0,0.049400026910007,1,0.25705516804666606,0.25705516804666606,1.0
breast_cancer,2,7,0.01,0.04990000161342323,1,0.2668099230930039,0.25705516804666606,1.03794809931449
breast_cancer,2,7,0.03,0.04959999932907522,1,0.2383722210498699,0.25705516804666606,0.9273193099412635
breast_cancer,2,7,0.05,0.04990000161342323,1,0.2539614306706765,0.25705516804666606,0.9879646948960469
breast_cancer,2,7,0.1,0.0501000031363219,1,0.16090859094980647,0.25705516804666606,0.6259690951655753
breast_cancer,2,8,0.0,0.04949999856762588,1,0.777024742965618,0.777024742965618,1.0
breast_cancer,2,8,0.01,0.04990000161342323,1,0.7756943364027389,0.777024742965618,0.9982878195644048
breast_cancer,2,8,0.03,0.07609999738633633,1,1.0384972934966141,0.777024742965618,1.3365047933133396
breast_cancer,2,8,0.05,0.04919999628327787,1,0.7307492117586799,0.777024742965618,0.9404452282557678
breast_cancer,2,8,0.1,0.07650000043213367,1,1.016613275792075,0.777024742965618,1.3083409312193015
breast_cancer,2,9,0.0,0.04959999932907522,1,0.009555348180530387,0.009555348180530387,1.0
breast_cancer,2,9,0.01,0.04949999856762588,1,0.0,0.009555348180530387,0.0
breast_cancer,2,9,0.03,0.05259999306872487,1,0.0045193781442091074,0.009555348180530387,0.47296844226122703
breast_cancer,2,9,0.05,0.05020000389777124,1,0.0,0.009555348180530387,0.0
breast_cancer,2,9,0.1,0.04919999628327787,1,0.0760692631417823,0.009555348180530387,7.960909608378074
breast_cancer,2,10,0.0,0.04849999095313251,1,0.5164710898500485,0.5164710898500485,1.0
breast_cancer,2,10,0.01,0.050099974032491446,1,0.5053422275919259,0.5164710898500485,0.9784521099499418
breast_cancer,2,10,0.03,0.04909999552182853,1,0.5159613826551149,0.5164710898500485,0.9990130963669591
breast_cancer,2,10,0.05,0.04839999019168317,1,0.44817362835186436,0.5164710898500485,0.8677613077664936
breast_cancer,2,10,0.1,0.048299989430233836,1,0.47980605563110135,0.5164710898500485,0.9290085448353121
breast_cancer,2,11,0.0,0.048900023102760315,1,2.122204207581915,2.122204207581915,1.0
breast_cancer,2,11,0.01,0.04939999780617654,1,2.113139484479612,2.122204207581915,0.9957286282489131
breast_cancer,2,11,0.03,0.049700000090524554,1,2.147184201831411,2.122204207581915,1.0117707778357288
breast_cancer,2,11,0.05,0.050300004659220576,1,2.085533410833769,2.122204207581915,0.982720420298323
breast_cancer,2,11,0.1,0.04959999932907522,1,1.8231508621482058,2.122204207581915,0.8590836148730205
breast_cancer,2,12,0.0,0.05500001134350896,1,0.1507105667890374,0.1507105667890374,1.0
breast_cancer,2,12,0.01,0.05099998088553548,1,0.167741919969473,0.1507105667890374,1.1130070275979775
breast_cancer,2,12,0.03,0.050300004659220576,1,0.13094507904505498,0.1507105667890374,0.8688513475524918
breast_cancer,2,12,0.05,0.049700000090524554,1,0.20486209304032302,0.1507105667890374,1.3593080923588203
breast_cancer,2,12,0.1,0.04859999171458185,1,0.23482328756883356,0.1507105667890374,1.5581076534436764
breast_cancer,2,13,0.0,0.04800001624971628,1,0.1747579465076883,0.1747579465076883,1.0
breast_cancer,2,13,0.01,0.048699992476031184,1,0.18215585944546453,0.1747579465076883,1.0423323407353655
breast_cancer,2,13,0.03,0.05150001379661262,1,0.178554270548465,0.1747579465076883,1.021723327131277
breast_cancer,2,13,0.05,0.04900002386420965,1,0.14824081861190735,0.1747579465076883,0.8482636788444161
breast_cancer,2,13,0.1,0.04840001929551363,1,0.22675329088583182,0.1747579465076883,1.2975277829546712
breast_cancer,2,14,0.0,0.04809998790733516,1,0.6441256326465975,0.6441256326465975,1.0
breast_cancer,2,14,0.01,0.048699992476031184,1,0.6331350901736748,0.6441256326465975,0.9829372688868714
breast_cancer,2,14,0.03,0.04849999095313251,1,0.6374081797127412,0.6441256326465975,0.989571206930152
breast_cancer,2,14,0.05,0.04859999171458185,1,0.6547721881087747,0.6441256326465975,1.0165286939729947
breast_cancer,2,14,0.1,0.049700000090524554,1,0.7081602501468928,0.6441256326465975,1.099413242160832
breast_cancer,2,15,0.0,0.050499977078288794,1,0.40521250820412785,0.40521250820412785,1.0
breast_cancer,2,15,0.01,0.049700000090524554,1,0.4095698379046746,0.40521250820412785,1.0107531964397105
breast_cancer,2,15,0.03,0.04949999856762588,1,0.4122501500861802,0.40521250820412785,1.0173677804597954
breast_cancer,2,15,0.05,0.048999994760379195,1,0.3653333277258198,0.40521250820412785,0.9015845274494372
breast_cancer,2,15,0.1,0.04980000085197389,1,0.3224287093862665,0.40521250820412785,0.7957027556114862
breast_cancer,2,16,0.0,0.04959999932907522,1,1.0141024829528662,1.0141024829528662,1.0
breast_cancer,2,16,0.01,0.05040000542066991,1,1.021155594942813,1.0141024829528662,1.0069550288146516
breast_cancer,2,16,0.03,0.0501000031363219,1,1.0065363853457916,1.0141024829528662,0.9925391193353125
breast_cancer,2,16,0.05,0.0509000092279166,1,1.051357418846214,1.0141024829528662,1.036736855021663
breast_cancer,2,16,0.1,0.04909999552182853,1,0.8029297137433073,1.0141024829528662,0.791763877162922
breast_cancer,2,17,0.0,0.048200017772614956,1,0.5993498166945225,0.5993498166945225,1.0
breast_cancer,2,17,0.01,0.05089998012408614,1,0.5994408371713293,0.5993498166945225,1.000151865361883
breast_cancer,2,17,0.03,0.04889999399892986,1,0.6134226422911515,0.5993498166945225,1.0234801533338946
breast_cancer,2,17,0.05,0.048600020818412304,1,0.601523801794043,0.5993498166945225,1.0036272391163983
breast_cancer,2,17,0.1,0.04880002234131098,1,0.6318648236963934,0.5993498166945225,1.0542504662489005
breast_cancer,2,18,0.0,0.07739997818134725,1,0.7581943715392682,0.7581943715392682,1.0
breast_cancer,2,18,0.01,0.07680000271648169,1,0.772853067427765,0.7581943715392682,1.019333691252201
breast_cancer,2,18,0.03,0.0754999928176403,1,0.6926840657295834,0.7581943715392682,0.9135969505066527
breast_cancer,2,18,0.05,0.07609999738633633,1,0.7544993792973105,0.7581943715392682,0.99512658972335
breast_cancer,2,18,0.1,0.07569999434053898,1,0.7203729378744664,0.7581943715392682,0.9501164410017743
breast_cancer,2,19,0.0,0.04949999856762588,1,0.28480599139424756,0.28480599139424756,1.0
breast_cancer,2,19,0.01,0.049700000090524554,1,0.29257197047742495,0.28480599139424756,1.0272676113489032
breast_cancer,2,19,0.03,0.04889999399892986,1,0.24362175318480553,0.28480599139424756,0.8553954640917928
breast_cancer,2,19,0.05,0.04980000085197389,1,0.32844145911275463,0.28480599139424756,1.153211200034426
breast_cancer,2,19,0.1,0.04949999856762588,1,0.30501325010082697,0.28480599139424756,1.0709509607141907
breast_cancer,2,20,0.0,0.07619999814778566,1,1.1324337384905843,1.1324337384905843,1.0
breast_cancer,2,20,0.01,0.07650000043213367,1,1.11710531846865,1.1324337384905843,0.9864641793149279
breast_cancer,2,20,0.03,0.08340002386830747,1,1.1764096856013693,1.1324337384905843,1.038833130465894
breast_cancer,2,20,0.05,0.07679997361265123,1,1.2095940730372707,1.1324337384905843,1.0681367323526878
breast_cancer,2,20,0.1,0.07550002192147076,1,1.1133519184086038,1.1324337384905843,0.9831497248506438
breast_cancer,2,21,0.0,0.04889999399892986,1,0.05796521657382112,0.05796521657382112,1.0
breast_cancer,2,21,0.01,0.051799986977130175,1,0.052239490736998156,0.05796521657382112,0.901221350056874
breast_cancer,2,21,0.03,0.049299997044727206,1,0.07160666243983695,0.05796521657382112,1.2353384783552541
breast_cancer,2,21,0.05,0.05040000542066991,1,0.06730476149983369,0.05796521657382112,1.1611232645722676
breast_cancer,2,21,0.1,0.050000002374872565,1,0.0,0.05796521657382112,0.0
breast_cancer,2,22,0.0,0.048299989430233836,1,0.7297830906209709,0.7297830906209709,1.0
breast_cancer,2,22,0.01,0.04939999780617654,1,0.7278111321320927,0.7297830906209709,0.9972978841052617
breast_cancer,2,22,0.03,0.04879999323748052,1,0.7034655057177096,0.7297830906209709,0.9639377984479365
breast_cancer,2,22,0.05,0.04810001701116562,1,0.7307237645642213,0.7297830906209709,1.0012889774445854
breast_cancer,2,22,0.1,0.04810001701116562,1,0.7501755675885077,0.7297830906209709,1.0279432028908546
breast_cancer,2,23,0.0,0.05060000694356859,1,0.31765039347932467,0.31765039347932467,1.0
breast_cancer,2,23,0.01,0.049700000090524554,1,0.33918378820223494,0.31765039347932467,1.0677896050656455
breast_cancer,2,23,0.03,0.04839999019168317,1,0.33585328982939544,0.31765039347932467,1.057304812850029
breast_cancer,2,23,0.05,0.04909999552182853,1,0.27214045153596844,0.31765039347932467,0.8567294646014081
breast_cancer,2,23,0.1,0.04859999171458185,1,0.3011889519578793,0.31765039347932467,0.9481774873906561
breast_cancer,2,24,0.0,0.055899989092722535,1,0.7519833443624172,0.7519833443624172,1.0
breast_cancer,2,24,0.01,0.04939999780617654,1,0.75436055805885,0.7519833443624172,1.0031612584430956
breast_cancer,2,24,0.03,0.048999994760379195,1,0.7884529630063855,0.7519833443624172,1.048497907456833
breast_cancer,2,24,0.05,0.04939999780617654,1,0.7592166035999204,0.7519833443624172,1.0096189088385144
breast_cancer,2,24,0.1,0.04949999856762588,1,0.6815507110436773,0.7519833443624172,0.9063375088733414
breast_cancer,2,25,0.0,0.04880002234131098,1,0.28117432832042993,0.28117432832042993,1.0
breast_cancer,2,25,0.01,0.04879999323748052,1,0.2818609192494937,0.28117432832042993,1.0024418691890011
breast_cancer,2,25,0.03,0.048699992476031184,1,0.29643711580364923,0.28117432832042993,1.0542822937442056
breast_cancer,2,25,0.05,0.04909999552182853,1,0.21503197251557268,0.28117432832042993,0.7647638879411475
breast_cancer,2,25,0.1,0.04939999780617654,1,0.1915102126784577,0.28117432832042993,0.6811084561753097
breast_cancer,2,26,0.0,0.07559999357908964,1,1.276475218129786,1.276475218129786,1.0
breast_cancer,2,26,0.01,0.07700000423938036,1,1.2724201448143861,1.276475218129786,0.9968232259758704
breast_cancer,2,26,0.03,0.07650000043213367,1,1.2688361591734258,1.276475218129786,0.9940155054733044
breast_cancer,2,26,0.05,0.04949999856762588,1,0.9519523099783852,1.276475218129786,0.7457663857925326
breast_cancer,2,26,0.1,0.07530002039857209,1,1.2173028306979303,1.276475218129786,0.9536439199199249
breast_cancer,2,27,0.0,0.047999987145885825,1,0.7158716248396217,0.7158716248396217,1.0
breast_cancer,2,27,0.01,0.048699992476031184,1,0.7146896178297969,0.7158716248396217,0.9983488561792212
breast_cancer,2,27,0.03,0.9657999908085912,1,0.675295898633737,0.7158716248396217,0.9433198288659995
breast_cancer,2,27,0.05,0.10579999070614576,1,0.7181415171847817,0.7158716248396217,1.003170809215505
breast_cancer,2,27,0.1,0.07219999679364264,1,0.7973397122435945,0.7158716248396217,1.11380264921413
breast_cancer,2,28,0.0,0.07219999679364264,1,0.23685637677522553,0.23685637677522553,1.0
breast_cancer,2,28,0.01,0.058600009651854634,1,0.23968524788253676,0.23685637677522553,1.011943402773554
breast_cancer,2,28,0.03,0.056199991377070546,1,0.2624493865914278,0.23685637677522553,1.1080528637845786
breast_cancer,2,28,0.05,0.05370000144466758,1,0.3019907869411077,0.23685637677522553,1.2749953835006693
breast_cancer,2,28,0.1,0.05289999535307288,1,0.2578666988725834,0.23685637677522553,1.0887049037201835
breast_cancer,2,29,0.0,0.05120001151226461,1,0.5807496965523196,0.5807496965523196,1.0
breast_cancer,2,29,0.01,0.0515999854542315,1,0.5929939580404637,0.5807496965523196,1.0210835434970238
breast_cancer,2,29,0.03,0.05080000846646726,1,0.5436529583758293,0.5807496965523196,0.9361226731641551
breast_cancer,2,29,0.05,0.05069997860118747,1,0.5508981833924833,0.5807496965523196,0.9485983146662791
breast_cancer,2,29,0.1,0.04990000161342323,1,0.5392272056076306,0.5807496965523196,0.9285019153842154
breast_cancer,2,30,0.0,0.05360000068321824,1,0.06955926214792572,0.06955926214792572,1.0
breast_cancer,2,30,0.01,0.049700000090524554,1,0.08242604510111351,0.06955926214792572,1.1849758401091877
breast_cancer,2,30,0.03,0.049700000090524554,1,0.11677109779173964,0.06955926214792572,1.6787282410128581
breast_cancer,2,30,0.05,0.05050000618211925,1,0.009722883499296953,0.06955926214792572,0.1397784162606574
breast_cancer,2,30,0.1,0.051700015319511294,1,0.0,0.06955926214792572,0.0
breast_cancer,2,31,0.0,0.048999994760379195,1,0.6785687077781637,0.6785687077781637,1.0
breast_cancer,2,31,0.01,0.048999994760379195,1,0.6998505184097346,0.6785687077781637,1.0313627940511048
breast_cancer,2,31,0.03,0.04980000085197389,1,0.6969129993943755,0.6785687077781637,1.0270338013025628
breast_cancer,2,31,0.05,0.04939999780617654,1,0.7065519698855784,0.6785687077781637,1.0412386568768257
breast_cancer,2,31,0.1,0.04990000161342323,1,0.8258947374998724,0.6785687077781637,1.2171129143341992
breast_cancer,2,32,0.0,0.08209998486563563,1,1.080658386656138,1.080658386656138,1.0
breast_cancer,2,32,0.01,0.0771000050008297,1,1.0717597544719364,1.080658386656138,0.991765545621002
breast_cancer,2,32,0.03,0.07790001109242439,1,1.073734399079551,1.080658386656138,0.9935928063279907
breast_cancer,2,32,0.05,0.07709997589699924,1,1.0915946146850968,1.080658386656138,1.0101199677566919
breast_cancer,2,32,0.1,0.07919999188743532,1,1.022930651467347,1.080658386656138,0.9465809585141732
breast_cancer,2,33,0.0,0.048999994760379195,1,1.1309023964184663,1.1309023964184663,1.0
breast_cancer,2,33,0.01,0.04889999399892986,1,1.1222277933327196,1.1309023964184663,0.9923294856273902
breast_cancer,2,33,0.03,0.04849999095313251,1,1.1456687362587183,1.1309023964184663,1.0130571302059457
breast_cancer,2,33,0.05,0.048999994760379195,1,1.1164528119403334,1.1309023964184663,0.9872229605986385
breast_cancer,2,33,0.1,0.04949999856762588,1,1.0488218377730407,1.1309023964184663,0.9274202982455672
breast_cancer,2,34,0.0,0.05129998316988349,1,0.19976528664740034,0.19976528664740034,1.0
breast_cancer,2,34,0.01,0.049700000090524554,1,0.19694775156065555,0.19976528664740034,0.9858957723134454
breast_cancer,2,34,0.03,0.04959999932907522,1,0.17229843161370023,0.19976528664740034,0.8625043645236471
breast_cancer,2,34,0.05,0.048999994760379195,1,0.31085392263105927,0.19976528664740034,1.5560957954608907
breast_cancer,2,34,0.1,0.04919999628327787,1,0.13569616745064406,0.19976528664740034,0.6792780153548762
breast_cancer,3,0,0.0,0.15339997480623424,1,1.4816310327280302,1.4816310327280302,1.0
breast_cancer,3,0,0.01,0.14659998123534024,1,1.4604309376389661,1.4816310327280302,0.98569138022843
breast_cancer,3,0,0.03,0.145800004247576,1,1.4781434608694874,1.4816310327280302,0.9976461266121557
breast_cancer,3,0,0.05,0.13960001524537802,1,1.396705211766018,1.4816310327280302,0.942680857051405
breast_cancer,3,0,0.1,0.13989998842589557,1,1.4445048874522435,1.4816310327280302,0.9749423814325563
breast_cancer,3,1,0.0,0.053800002206116915,1,0.3781435016109243,0.3781435016109243,1.0
breast_cancer,3,1,0.01,0.052099989261478186,1,0.36967756087306103,0.3781435016109243,0.9776118306891494
breast_cancer,3,1,0.03,0.05189998773857951,1,0.3571636034948467,0.3781435016109243,0.9445186866184362
breast_cancer,3,1,0.05,0.05169998621568084,1,0.41631976577861873,0.3781435016109243,1.1009570811214795
breast_cancer,3,1,0.1,0.051499984692782164,1,0.4213670470723011,0.3781435016109243,1.1143046099621987
breast_cancer,3,2,0.0,0.05060000694356859,1,0.7408106428610225,0.7408106428610225,1.0
breast_cancer,3,2,0.01,0.05150001379661262,1,0.7460005480944099,0.7408106428610225,1.007005710951106
breast_cancer,3,2,0.03,0.050000002374872565,1,0.7527913411613567,0.7408106428610225,1.016172416549072
breast_cancer,3,2,0.05,0.050000002374872565,1,0.7387070678490157,0.7408106428610225,0.997160441696838
breast_cancer,3,2,0.1,0.050000002374872565,1,0.7186234272102383,0.7408106428610225,0.9700500851808813
breast_cancer,3,3,0.0,0.1078000059351325,1,0.5407453233159467,0.5407453233159467,1.0
breast_cancer,3,3,0.01,0.10549998842179775,1,0.533800297008306,0.5407453233159467,0.9871565670414816
breast_cancer,3,3,0.03,0.10659999679774046,1,0.5224164018847476,0.5407453233159467,0.9661043366611053
breast_cancer,3,3,0.05,0.13160001253709197,1,0.5923545347123794,0.5407453233159467,1.0954408834827378
breast_cancer,3,3,0.1,0.13279999257065356,1,0.7161927527172322,0.5407453233159467,1.324454825287088
breast_cancer,3,4,0.0,0.04959999932907522,1,0.6622974846905593,0.6622974846905593,1.0
breast_cancer,3,4,0.01,0.05050000618211925,1,0.6809109711651157,0.6622974846905593,1.0281044196978237
breast_cancer,3,4,0.03,0.04990000161342323,1,0.7116105809251914,0.6622974846905593,1.0744576227066185
breast_cancer,3,4,0.05,0.04989997250959277,1,0.648674825218331,0.6622974846905593,0.9794312075960954
breast_cancer,3,4,0.1,0.050700007705017924,1,0.7337731863888782,0.6622974846905593,1.1079208412390604
breast_cancer,3,5,0.0,0.1066999975591898,1,0.8958523491137311,0.8958523491137311,1.0
breast_cancer,3,5,0.01,0.13420000323094428,1,0.9090502702827524,0.8958523491137311,1.0147322504451521
breast_cancer,3,5,0.03,0.1078000059351325,1,0.8590184377903979,0.8958523491137311,0.9588839484991326
breast_cancer,3,5,0.05,0.13309999485500157,1,0.9380520802244833,0.8958523491137311,1.0471056766804268
breast_cancer,3,5,0.1,0.0515999854542315,1,0.7666712380329687,0.8958523491137311,0.8558008903938672
breast_cancer,3,6,0.0,0.05060000694356859,1,0.7399417593222785,0.7399417593222785,1.0
breast_cancer,3,6,0.01,0.051000009989365935,1,0.7395659178500135,0.7399417593222785,0.9994920661423282
breast_cancer,3,6,0.03,0.05039997631683946,1,0.7308271100885619,0.7399417593222785,0.9876819369647893
breast_cancer,3,6,0.05,0.050700007705017924,1,0.7579675029581182,0.7399417593222785,1.024361030322643
breast_cancer,3,6,0.1,0.04980000085197389,1,0.6164104782603633,0.7399417593222785,0.833052697045969
breast_cancer,3,7,0.0,0.15959999291226268,1,1.1453709055885484,1.1453709055885484,1.0
breast_cancer,3,7,0.01,0.15609999536536634,1,1.1450704655796389,1.1453709055885484,0.9997376919498797
breast_cancer,3,7,0.03,0.1590000174473971,1,1.117009279045672,1.1453709055885484,0.9752380417518091
breast_cancer,3,7,0.05,0.1579000090714544,1,1.1403591003356572,1.1453709055885484,0.9956242949524584
breast_cancer,3,7,0.1,0.18879998242482543,1,1.4180064668329377,1.1453709055885484,1.2380325533974479
breast_cancer,3,8,0.0,0.050700007705017924,1,0.5970103322976723,0.5970103322976723,1.0
breast_cancer,3,8,0.01,0.051099981646984816,1,0.6051745897581905,0.5970103322976723,1.0136752364554513
breast_cancer,3,8,0.03,0.3467000206001103,1,0.5764312923190885,0.5970103322976723,0.9655298428431168
breast_cancer,3,8,0.05,0.18549998640082777,1,0.548822371900744,0.5970103322976723,0.9192845453587535
breast_cancer,3,8,0.1,0.06329998723231256,1,0.6894693566370863,0.5970103322976723,1.1548700572460335
breast_cancer,3,9,0.0,0.05729999975301325,1,0.4898571755285741,0.4898571755285741,1.0
breast_cancer,3,9,0.01,0.055100012104958296,1,0.47409634565108216,0.4898571755285741,0.9678256629384159
breast_cancer,3,9,0.03,0.053800002206116915,1,0.4767082940928714,0.4898571755285741,0.9731577241437475
breast_cancer,3,9,0.05,0.05590001819655299,1,0.5231175339085594,0.4898571755285741,1.0678980732375638
breast_cancer,3,9,0.1,0.05210001836530864,1,0.47796091793781004,0.4898571755285741,0.9757148446831925
breast_cancer,3,10,0.0,0.16240001423284411,1,0.9813777053970082,0.9813777053970082,1.0
breast_cancer,3,10,0.01,0.16220001270994544,1,0.9641814339310935,0.9813777053970082,0.9824774178470275
breast_cancer,3,10,0.03,0.1613000058569014,1,0.9172979124938335,0.9813777053970082,0.9347042504116683
breast_cancer,3,10,0.05,0.15880001592449844,1,0.9697709715080196,0.9813777053970082,0.9881730206166716
breast_cancer,3,10,0.1,0.15959999291226268,1,1.0729936525200579,0.9813777053970082,1.0933544206468264
breast_cancer,3,11,0.0,0.0523999915458262,1,0.6446286096250636,0.6446286096250636,1.0
breast_cancer,3,11,0.01,0.051000009989365935,1,0.6439405776533917,0.6446286096250636,0.9989326691968077
breast_cancer,3,11,0.03,0.05169998621568084,1,0.653728122184136,0.6446286096250636,1.0141158993305694
breast_cancer,3,11,0.05,0.05050000618211925,1,0.6563179038569689,0.6446286096250636,1.0181333779751167
breast_cancer,3,11,0.1,0.05020000389777124,1,0.6057748935667435,0.6446286096250636,0.9397269753805705
breast_cancer,3,12,0.0,0.050300004659220576,1,0.9833221894261159,0.9833221894261159,1.0
breast_cancer,3,12,0.01,0.05029997555539012,1,0.9761898739501226,0.9833221894261159,0.9927467156210967
breast_cancer,3,12,0.03,0.04959999932907522,1,0.9773815348472831,0.9833221894261159,0.9939585878944723
breast_cancer,3,12,0.05,0.04959999932907522,1,0.973198854856524,0.9833221894261159,0.9897049668171324
breast_cancer,3,12,0.1,0.05060000694356859,1,0.7869835316255678,0.9833221894261159,0.8003313055356405
breast_cancer,3,13,0.0,0.051099981646984816,1,0.10763900188430531,0.10763900188430531,1.0
breast_cancer,3,13,0.01,0.07959999493323267,1,0.13457653748457749,0.10763900188430531,1.2502581325421962
breast_cancer,3,13,0.03,0.0543000060133636,1,0.08991891365068588,0.10763900188430531,0.8353748369697288
breast_cancer,3,13,0.05,0.05259999306872487,1,0.0741835483687851,0.10763900188430531,0.6891883710378561
breast_cancer,3,13,0.1,0.07999999797903001,1,0.1087560160508167,0.10763900188430531,1.0103774110402102
breast_cancer,3,14,0.0,0.1351000100839883,1,2.474368998893858,2.474368998893858,1.0
breast_cancer,3,14,0.01,0.13349999790079892,1,2.464035700607814,2.474368998893858,0.9958238652801327
breast_cancer,3,14,0.03,0.1315999834332615,1,2.5186999123621034,2.474368998893858,1.0179160478845568
breast_cancer,3,14,0.05,0.13409997336566448,1,2.501555872507125,2.474368998893858,1.0109873966354335
breast_cancer,3,14,0.1,0.10579999070614576,1,2.2757386525938568,2.474368998893858,0.9197248484810483
breast_cancer,3,15,0.0,0.05050000618211925,1,0.30353909356363856,0.30353909356363856,1.0
breast_cancer,3,15,0.01,0.0509000092279166,1,0.29969655457877037,0.30353909356363856,0.987340876129807
breast_cancer,3,15,0.03,0.051799986977130175,1,0.23364429105231388,0.30353909356363856,0.7697337707287089
breast_cancer,3,15,0.05,0.05129998316988349,1,0.3198604186540074,0.30353909356363856,1.0537700923421482
breast_cancer,3,15,0.1,0.0501000031363219,1,0.25621078579174433,0.30353909356363856,0.8440783781217571
breast_cancer,3,16,0.0,0.05110001075081527,1,0.1421642626227757,0.1421642626227757,1.0
breast_cancer,3,16,0.01,0.05160001455806196,1,0.14624548654510705,0.1421642626227757,1.0287078049506762
breast_cancer,3,16,0.03,0.05129998316988349,1,0.1654707901294853,0.1421642626227757,1.1639408320820546
breast_cancer,3,16,0.05,0.05099998088553548,1,0.044580252629835795,0.1421642626227757,0.31358269516810144
breast_cancer,3,16,0.1,0.05150001379661262,1,0.0070823055513742905,0.1421642626227757,0.049817763063047436
breast_cancer,3,17,0.0,0.15770000754855573,1,1.7241108174741775,1.7241108174741775,1.0
breast_cancer,3,17,0.01,0.1647000026423484,1,1.697981492252045,1.7241108174741775,0.9848447530417959
breast_cancer,3,17,0.03,0.16149997827596962,1,1.764766192220852,1.7241108174741775,1.0235804881766444
breast_cancer,3,17,0.05,0.13219998800195754,1,1.7371358454965895,1.7241108174741775,1.0075546350561697
breast_cancer,3,17,0.1,0.13200001558288932,1,1.79853446585127,1.7241108174741775,1.0431663948876113
breast_cancer,3,18,0.0,0.049700000090524554,1,0.2082619628737269,0.2082619628737269,1.0
breast_cancer,3,18,0.01,0.05060000694356859,1,0.2172282743696572,0.2082619628737269,1.0430530442151202
breast_cancer,3,18,0.03,0.04980000085197389,1,0.24015390440331819,0.2082619628737269,1.1531337796375614
breast_cancer,3,18,0.05,0.04980000085197389,1,0.15981084152357888,0.2082619628737269,0.7673549183845693
breast_cancer,3,18,0.1,0.05060000694356859,1,0.18676308494092614,0.2082619628737269,0.896770021581733
breast_cancer,3,19,0.0,0.10560001828707755,1,1.814171435621808,1.814171435621808,1.0
breast_cancer,3,19,0.01,0.10639999527484179,1,1.8294673280586435,1.814171435621808,1.0084313379300853
breast_cancer,3,19,0.03,0.10489998385310173,1,1.7935259911737351,1.814171435621808,0.9886199043581586
breast_cancer,3,19,0.05,0.10699999984353781,1,1.8887656302848952,1.814171435621808,1.0411175003632003
breast_cancer,3,19,0.1,0.054199976148083806,1,1.0486502076716757,1.814171435621808,0.5780325867120989
breast_cancer,3,20,0.0,0.20829998538829386,1,1.5623463749280662,1.5623463749280662,1.0
breast_cancer,3,20,0.01,0.17439998919144273,1,1.5597380541285906,1.5623463749280662,0.9983305105440554
breast_cancer,3,20,0.03,0.1365999924018979,1,1.5423916363918302,1.5623463749280662,0.987227711564822
breast_cancer,3,20,0.05,0.1357999863103032,1,1.5327037880254701,1.5623463749280662,0.9810268789442028
breast_cancer,3,20,0.1,0.1328999933321029,1,1.4412730937487555,1.5623463749280662,0.9225054807805438
breast_cancer,3,21,0.0,0.05050000618211925,1,0.4847763000078118,0.4847763000078118,1.0
breast_cancer,3,21,0.01,0.05039997631683946,1,0.4848069892767214,0.4847763000078118,1.0000633060422077
breast_cancer,3,21,0.03,0.05120001151226461,1,0.48789437962376137,0.4847763000078118,1.0064319968115176
breast_cancer,3,21,0.05,0.049700000090524554,1,0.5140954758029334,0.4847763000078118,1.0604798043853405
breast_cancer,3,21,0.1,0.04990000161342323,1,0.6118464433087758,0.4847763000078118,1.2621211954852503
breast_cancer,3,22,0.0,0.24839999969117343,1,3.346698136869576,3.346698136869576,1.0
breast_cancer,3,22,0.01,0.304899993352592,1,3.347628430502097,3.346698136869576,1.0002779735711065
breast_cancer,3,22,0.03,0.2634999982547015,1,3.344640916211935,3.346698136869576,0.9993852984124928
breast_cancer,3,22,0.05,0.2542000147514045,1,3.374557971413625,3.346698136869576,1.0083245734765036
breast_cancer,3,22,0.1,0.25450001703575253,1,3.5862200016554855,3.346698136869576,1.0715696053214865
breast_cancer,3,23,0.0,0.20909999147988856,1,4.0581735057085995,4.0581735057085995,1.0
breast_cancer,3,23,0.01,0.3113000129815191,1,4.04995251963159,4.0581735057085995,0.9979742152312008
breast_cancer,3,23,0.03,0.364200008334592,1,4.029412060621213,4.0581735057085995,0.992912711827888
breast_cancer,3,23,0.05,2.0101000263821334,1,4.028863710484954,4.0581735057085995,0.9927775894297235
breast_cancer,3,23,0.1,0.2696999872568995,1,3.9393351981975204,4.0581735057085995,0.9707163068942444
breast_cancer,3,24,0.0,0.0585000088904053,1,0.15541601625016188,0.15541601625016188,1.0
breast_cancer,3,24,0.01,0.05569998756982386,1,0.14869285122543988,0.15541601625016188,0.9567408482926225
breast_cancer,3,24,0.03,0.21600001491606236,1,0.12042751132914573,0.15541601625016188,0.7748719484309925
breast_cancer,3,24,0.05,0.08060000254772604,1,0.18208991312408915,0.15541601625016188,1.17162900914274
breast_cancer,3,24,0.1,0.05930001498199999,1,0.28980606682379506,0.15541601625016188,1.8647117190117348
breast_cancer,3,25,0.0,0.052799994591623545,1,0.5506292098733316,0.5506292098733316,1.0
breast_cancer,3,25,0.01,0.05319999763742089,1,0.5430835058022854,0.5506292098733316,0.9862962154281969
breast_cancer,3,25,0.03,0.052099989261478186,1,0.5779581586352619,0.5506292098733316,1.049632217601055
breast_cancer,3,25,0.05,0.05229999078437686,1,0.545701586258431,0.5506292098733316,0.9910509222421487
breast_cancer,3,25,0.1,0.051700015319511294,1,0.610268486605352,0.5506292098733316,1.108311138716633
breast_cancer,3,26,0.0,0.05059997783973813,1,0.6312569356716257,0.6312569356716257,1.0
breast_cancer,3,26,0.01,0.051000009989365935,1,0.6406569544420412,0.6312569356716257,1.0148909552342809
breast_cancer,3,26,0.03,0.05329999839887023,1,0.6107225811112691,0.6312569356716257,0.9674706868154898
breast_cancer,3,26,0.05,0.05219999002292752,1,0.610330463046297,0.6312569356716257,0.9668495165077847
breast_cancer,3,26,0.1,0.05050000618211925,1,0.6370987194227186,0.6312569356716257,1.009254209214949
breast_cancer,3,27,0.0,0.049299997044727206,1,0.5475400564407575,0.5475400564407575,1.0
breast_cancer,3,27,0.01,0.05050000618211925,1,0.5547564389070863,0.5475400564407575,1.0131796429894797
breast_cancer,3,27,0.03,0.04990000161342323,1,0.5770403362590938,0.5475400564407575,1.053877847787248
breast_cancer,3,27,0.05,0.05229999078437686,1,0.5205872102819775,0.5475400564407575,0.9507746586907542
breast_cancer,3,27,0.1,0.04980000085197389,1,0.6425002332971421,0.5475400564407575,1.1734305567955448
breast_cancer,3,28,0.0,0.0604000233579427,1,0.6321738093048836,0.6321738093048836,1.0
breast_cancer,3,28,0.01,0.051300012273713946,1,0.6137797041563149,0.6321738093048836,0.9709034052378819
breast_cancer,3,28,0.03,0.050300004659220576,1,0.6079053019609718,0.6321738093048836,0.961611020597964
breast_cancer,3,28,0.05,0.05020000389777124,1,0.6129053484273144,0.6321738093048836,0.9695203113543154
breast_cancer,3,28,0.1,0.05029997555539012,1,0.6913562563730191,0.6321738093048836,1.0936173662955295
breast_cancer,3,29,0.0,0.04919999628327787,1,0.20293714612082103,0.20293714612082103,1.0
breast_cancer,3,29,0.01,0.050700007705017924,1,0.20925109420557525,0.20293714612082103,1.031112825845078
breast_cancer,3,29,0.03,0.04939999780617654,1,0.23096324285522354,0.20293714612082103,1.1381023497675327
breast_cancer,3,29,0.05,0.049299997044727206,1,0.24437878481944061,0.20293714612082103,1.2042092317290538
breast_cancer,3,29,0.1,0.048999994760379195,1,0.2752139550009447,0.20293714612082103,1.3561536675848038
breast_cancer,3,30,0.0,0.04840001929551363,1,0.1306606439262702,0.1306606439262702,1.0
breast_cancer,3,30,0.01,0.05319999763742089,1,0.14293237556418092,0.1306606439262702,1.0939206425833587
breast_cancer,3,30,0.03,0.04959999932907522,1,0.09270030673320306,0.1306606439262702,0.7094738243101911
breast_cancer,3,30,0.05,0.04939999780617654,1,0.08615419013697156,0.1306606439262702,0.6593736839808249
breast_cancer,3,30,0.1,0.04949999856762588,1,0.16957219481436447,0.1306606439262702,1.2978062078895882
breast_cancer,3,31,0.0,0.13210001634433866,1,1.9303881032276808,1.9303881032276808,1.0
breast_cancer,3,31,0.01,0.1340000017080456,1,1.9321569019138054,1.9303881032276808,1.0009162917462904
breast_cancer,3,31,0.03,0.1320999872405082,1,1.91621340410845,1.9303881032276808,0.9926570728986932
breast_cancer,3,31,0.05,0.2429999876767397,1,2.0243020126670195,1.9303881032276808,1.0486502736327017
breast_cancer,3,31,0.1,0.1886999816633761,1,2.0444942399350197,1.9303881032276808,1.0591104641168008
breast_cancer,3,32,0.0,0.05390000296756625,1,0.7580059217004999,0.7580059217004999,1.0
breast_cancer,3,32,0.01,0.052499992307275534,1,0.7566300903615468,0.7580059217004999,0.9981849332576894
breast_cancer,3,32,0.03,0.05169998621568084,1,0.7243125951579377,0.7580059217004999,0.9555500483861985
breast_cancer,3,32,0.05,0.050700007705017924,1,0.7953496275636616,0.7580059217004999,1.0492657178447702
breast_cancer,3,32,0.1,0.051000009989365935,1,0.6956822549634553,0.7580059217004999,0.9177794461061353
breast_cancer,3,33,0.0,0.050700007705017924,1,0.5433665684993233,0.5433665684993233,1.0
breast_cancer,3,33,0.01,0.05060000694356859,1,0.545765141657126,0.5433665684993233,1.004414281806897
breast_cancer,3,33,0.03,0.0501000031363219,1,0.5326057753892338,0.5433665684993233,0.9801960706934754
breast_cancer,3,33,0.05,0.0501000031363219,1,0.5592480092416816,0.5433665684993233,1.0292278576987537
breast_cancer,3,33,0.1,0.050499977078288794,1,0.5648114700436986,0.5433665684993233,1.0394667298056304
breast_cancer,3,34,0.0,0.04949999856762588,1,0.7389337981248996,0.7389337981248996,1.0
breast_cancer,3,34,0.01,0.04949999856762588,1,0.7307768840064832,0.7389337981248996,0.9889612382880373
breast_cancer,3,34,0.03,0.05069997860118747,1,0.6813510576484261,0.7389337981248996,0.9220732078806058
breast_cancer,3,34,0.05,0.05020000389777124,1,0.7252680490976091,0.7389337981248996,0.9815061253633705
breast_cancer,3,34,0.1,0.05140001303516328,1,0.751427443724172,0.7389337981248996,1.0169076656541844
breast_cancer,4,0,0.0,0.07829998503439128,1,0.3834950516648845,0.3834950516648845,1.0
breast_cancer,4,0,0.01,0.06900000153109431,1,0.3888726021851387,0.3834950516648845,1.0140224769443789
breast_cancer,4,0,0.03,0.058999983593821526,1,0.38723862895964567,0.3834950516648845,1.009761735590874
breast_cancer,4,0,0.05,0.05600001895800233,1,0.3971039026974145,0.3834950516648845,1.035486379741927
breast_cancer,4,0,0.1,0.05520001286640763,1,0.3251339703499858,0.3834950516648845,0.8478179025738843
breast_cancer,4,1,0.0,0.05319999763742089,1,0.5028451202965007,0.5028451202965007,1.0
breast_cancer,4,1,0.01,0.054199976148083806,1,0.49036619981995033,0.5028451202965007,0.9751833716330144
breast_cancer,4,1,0.03,0.05339999916031957,1,0.461267199953793,0.5028451202965007,0.9173146587995296
breast_cancer,4,1,0.05,0.05289999535307288,1,0.5784303769079548,0.5028451202965007,1.150315183663084
breast_cancer,4,1,0.1,0.054599979193881154,1,0.5169924261774023,0.5028451202965007,1.0281345195764446
breast_cancer,4,2,0.0,0.049700000090524554,1,0.0014816680991987241,0.0014816680991987241,1.0
breast_cancer,4,2,0.01,0.050799979362636805,1,0.0,0.0014816680991987241,0.0
breast_cancer,4,2,0.03,0.050300004659220576,1,0.02307232111345567,0.0014816680991987241,15.571855212333329
breast_cancer,4,2,0.05,0.05119998240843415,1,0.00494334647883829,0.0014816680991987241,3.336338604787143
breast_cancer,4,2,0.1,0.05040000542066991,1,0.08041338529283329,0.0014816680991987241,54.272198568842974
breast_cancer,4,3,0.0,0.04959999932907522,1,0.6896963023535968,0.6896963023535968,1.0
breast_cancer,4,3,0.01,0.05020000389777124,1,0.6986075528270195,0.6896963023535968,1.0129205426258092
breast_cancer,4,3,0.03,0.0509000092279166,1,0.6724815742069783,0.6896963023535968,0.9750401327542673
breast_cancer,4,3,0.05,0.0501000031363219,1,0.7307509760072001,0.6896963023535968,1.059525726777864
breast_cancer,4,3,0.1,0.0509000092279166,1,0.5791756772768576,0.6896963023535968,0.8397546504170222
breast_cancer,4,4,0.0,0.049700000090524554,1,0.18398619233034885,0.18398619233034885,1.0
breast_cancer,4,4,0.01,0.05050000618211925,1,0.19730108434892804,0.18398619233034885,1.0723689742688527
breast_cancer,4,4,0.03,0.050000002374872565,1,0.17189580294271245,0.18398619233034885,0.9342864307668914
breast_cancer,4,4,0.05,0.04980000085197389,1,0.21373190106874929,0.18398619233034885,1.1616735927932664
breast_cancer,4,4,0.1,0.04939999780617654,1,0.12215920655663799,0.18398619233034885,0.6639585558534743
breast_cancer,4,5,0.0,0.05150001379661262,1,0.638584992529257,0.638584992529257,1.0
breast_cancer,4,5,0.01,0.051799986977130175,1,0.629233184657475,0.638584992529257,0.9853554217822406
breast_cancer,4,5,0.03,0.05189998773857951,1,0.6075481263633263,0.638584992529257,0.9513974388232922
breast_cancer,4,5,0.05,0.05679999594576657,1,0.5807692962951857,0.638584992529257,0.9094628014900891
breast_cancer,4,5,0.1,0.05329999839887023,1,0.6891808831655037,0.638584992529257,1.0792312553977357
breast_cancer,4,6,0.0,0.04939999780617654,1,1.2941051098033496,1.2941051098033496,1.0
breast_cancer,4,6,0.01,0.04950002767145634,1,1.2914740033879357,1.2941051098033496,0.9979668526184757
breast_cancer,4,6,0.03,0.04959999932907522,1,1.2463476062951648,1.2941051098033496,0.963096117041496
breast_cancer,4,6,0.05,0.04990000161342323,1,1.28504949624506,1.2941051098033496,0.9930024126404495
breast_cancer,4,6,0.1,0.04949999856762588,1,1.2002882892704205,1.2941051098033496,0.9275044818058208
breast_cancer,4,7,0.0,0.049299997044727206,1,0.41666106449535467,0.41666106449535467,1.0
breast_cancer,4,7,0.01,0.04980000085197389,1,0.40131439613009634,0.41666106449535467,0.9631675007026498
breast_cancer,4,7,0.03,0.04939999780617654,1,0.3754658089411653,0.41666106449535467,0.9011300573426902
breast_cancer,4,7,0.05,0.04919999628327787,1,0.3526793737916074,0.41666106449535467,0.8464418776896285
breast_cancer,4,7,0.1,0.049700000090524554,1,0.45852227061854023,0.41666106449535467,1.10046824551242
breast_cancer,4,8,0.0,0.04900002386420965,1,0.1288191434560799,0.1288191434560799,1.0
breast_cancer,4,8,0.01,0.04889999399892986,1,0.12073111490538727,0.1288191434560799,0.9372140791057954
breast_cancer,4,8,0.03,0.04850002005696297,1,0.12907818763960946,0.1288191434560799,1.002010913724309
breast_cancer,4,8,0.05,0.050000002374872565,1,0.15245675934722538,0.1288191434560799,1.1834945898332618
breast_cancer,4,8,0.1,0.09370001498609781,1,0.15661307272082492,0.1288191434560799,1.2157593081203897
breast_cancer,4,9,0.0,0.05479998071677983,1,0.8177747149728657,0.8177747149728657,1.0
breast_cancer,4,9,0.01,0.0847000046633184,1,0.814914725307036,0.8177747149728657,0.996502716929901
breast_cancer,4,9,0.03,0.06429999484680593,1,0.8680493844752033,0.8177747149728657,1.0614774076305427
breast_cancer,4,9,0.05,0.05810000584460795,1,0.830892253765418,0.8177747149728657,1.0160405287084322
breast_cancer,4,9,0.1,0.05379997310228646,1,0.7748794244429487,0.8177747149728657,0.9475463232788504
breast_cancer,4,10,0.0,0.05119998240843415,1,0.778240267776172,0.778240267776172,1.0
breast_cancer,4,10,0.01,0.05190001684240997,1,0.7907744438772475,0.778240267776172,1.0161057922855778
breast_cancer,4,10,0.03,0.3687999851536006,1,0.7919561707055618,0.778240267776172,1.0176242524286017
breast_cancer,4,10,0.05,0.16029999824240804,1,0.7392897493357596,0.778240267776172,0.9499505229256335
breast_cancer,4,10,0.1,0.1377999724354595,1,0.9010165655827627,0.778240267776172,1.157761430358037
breast_cancer,4,11,0.0,0.12549999519251287,1,0.9109081490782246,0.9109081490782246,1.0
breast_cancer,4,11,0.01,0.12450001668184996,1,0.9110352108746239,0.9109081490782246,1.0001394891422675
breast_cancer,4,11,0.03,0.12229999992996454,1,0.9116829834728287,0.9109081490782246,1.0008506174803553
breast_cancer,4,11,0.05,0.1412999990861863,1,0.8867622536961097,0.9109081490782246,0.9734925026123119
breast_cancer,4,11,0.1,0.1230000052601099,1,0.9159193930264459,0.9109081490782246,1.005501371299941
breast_cancer,4,12,0.0,0.12069998774677515,1,0.8523673735306615,0.8523673735306615,1.0
breast_cancer,4,12,0.01,0.12009998317807913,1,0.8506796176814414,0.8523673735306615,0.9980199196946862
breast_cancer,4,12,0.03,0.11890000314451754,1,0.8433924317660438,0.8523673735306615,0.9894705709728872
breast_cancer,4,12,0.05,0.11659998563118279,1,0.812246369264387,0.8523673735306615,0.9529299155362013
breast_cancer,4,12,0.1,0.11950000771321356,1,0.8316464142124396,0.8523673735306615,0.9756901073859832
breast_cancer,4,13,0.0,0.12429998605512083,1,0.5994483268617494,0.5994483268617494,1.0
breast_cancer,4,13,0.01,0.12350000906735659,1,0.6101885300872039,0.5994483268617494,1.017916812415979
breast_cancer,4,13,0.03,0.12700000661425292,1,0.6055262470089438,0.5994483268617494,1.0101391894427558
breast_cancer,4,13,0.05,0.12599999899975955,1,0.5846444474526659,0.5994483268617494,0.9753041609331278
breast_cancer,4,13,0.1,0.1246000174432993,1,0.6827729487882179,0.5994483268617494,1.139002176155353
breast_cancer,4,14,0.0,0.1196000084746629,1,1.3753422222755047,1.3753422222755047,1.0
breast_cancer,4,14,0.01,0.12119999155402184,1,1.374884108245335,1.3753422222755047,0.9996669090625228
breast_cancer,4,14,0.03,0.11809999705292284,1,1.3977878921848286,1.3753422222755047,1.0163200616877648
breast_cancer,4,14,0.05,0.11799999629147351,1,1.4512568753680837,1.3753422222755047,1.0551969188926507
breast_cancer,4,14,0.1,0.11970000923611224,1,1.3396498206490866,1.3753422222755047,0.9740483488048778
breast_cancer,4,15,0.0,0.11570000788196921,1,0.11993513354745997,0.11993513354745997,1.0
breast_cancer,4,15,0.01,0.10809997911565006,1,0.12076970550364341,0.11993513354745997,1.006958527759951
breast_cancer,4,15,0.03,0.10569998994469643,1,0.12761769869801107,0.11993513354745997,1.0640560019680223
breast_cancer,4,15,0.05,0.10350000229664147,1,0.09609053532122222,0.11993513354745997,0.8011875459595657
breast_cancer,4,15,0.1,0.10500001371838152,1,0.22847345068110794,0.11993513354745997,1.9049751638513654
breast_cancer,4,16,0.0,0.10380000458098948,1,0.47006497998865837,0.47006497998865837,1.0
breast_cancer,4,16,0.01,0.10639999527484179,1,0.46614821211867696,0.47006497998865837,0.9916676033384237
breast_cancer,4,16,0.03,0.10370000381954014,1,0.5266761469205233,0.47006497998865837,1.120432640894097
breast_cancer,4,16,0.05,0.11379999341443181,1,0.4145197871922587,0.47006497998865837,0.8818350756575403
breast_cancer,4,16,0.1,0.10510001447983086,1,0.5468626425804877,0.47006497998865837,1.1633766944171895
breast_cancer,4,17,0.0,0.10619999375194311,1,0.7043399176716552,0.7043399176716552,1.0
breast_cancer,4,17,0.01,0.12039998546242714,1,0.7086988259449303,0.7043399176716552,1.0061886429604678
breast_cancer,4,17,0.03,0.2170999941881746,1,0.7167054709070719,0.7043399176716552,1.0175562294925633
breast_cancer,4,17,0.05,0.0999000039882958,1,0.709311001521215,0.7043399176716552,1.007057790883119
breast_cancer,4,17,0.1,0.08480000542476773,1,0.7973958978450728,0.7043399176716552,1.13211799848152
breast_cancer,4,18,0.0,0.08100000559352338,1,0.8800538272058653,0.8800538272058653,1.0
breast_cancer,4,18,0.01,0.07899999036453664,1,0.8933343074942028,0.8800538272058653,1.0150905318263344
breast_cancer,4,18,0.03,0.07750000804662704,1,0.864443415823119,0.8800538272058653,0.9822619811423254
breast_cancer,4,18,0.05,0.07819998427294195,1,0.9020285303546905,0.8800538272058653,1.0249697262479887
breast_cancer,4,18,0.1,0.07740000728517771,1,0.87367458584242,0.8800538272058653,0.9927513054699174
breast_cancer,4,19,0.0,0.07959999493323267,1,0.4642062052855357,0.4642062052855357,1.0
breast_cancer,4,19,0.01,0.08019999950192869,1,0.47594022578221906,0.4642062052855357,1.0252776037094673
breast_cancer,4,19,0.03,0.08009999874047935,1,0.42053433783492744,0.4642062052855357,0.9059214052863739
breast_cancer,4,19,0.05,0.09820002014748752,1,0.44419802729085206,0.4642062052855357,0.9568980815705027
breast_cancer,4,19,0.1,0.10490001295693219,1,0.29645760968815127,0.4642062052855357,0.6386334484817984
breast_cancer,4,20,0.0,0.08150000940077007,1,0.7771950508998577,0.7771950508998577,1.0
breast_cancer,4,20,0.01,0.08009999874047935,1,0.7817713256470515,0.7771950508998577,1.005888193371658
breast_cancer,4,20,0.03,0.07939999341033399,1,0.7529665916692346,0.7771950508998577,0.9688257674793853
breast_cancer,4,20,0.05,0.07759997970424592,1,0.7824444430919115,0.7771950508998577,1.006754278975369
breast_cancer,4,20,0.1,0.07909999112598598,1,0.7555894679674281,0.7771950508998577,0.9722005654727033
breast_cancer,4,21,0.0,0.08120000711642206,1,1.388271059558869,1.388271059558869,1.0
breast_cancer,4,21,0.01,0.07259999983943999,1,1.384422603772169,1.388271059558869,0.9972278786911233
breast_cancer,4,21,0.03,0.06620000931434333,1,1.375528252995113,1.388271059558869,0.9908210961569672
breast_cancer,4,21,0.05,0.06540000322274864,1,1.4338402735590197,1.388271059558869,1.0328244356074314
breast_cancer,4,21,0.1,0.06709998706355691,1,1.3459305732891627,1.388271059558869,0.9695012829244166
breast_cancer,4,22,0.0,0.0633999879937619,1,0.6605038260180001,0.6605038260180001,1.0
breast_cancer,4,22,0.01,0.06400002166628838,1,0.6502534087869634,0.6605038260180001,0.9844809116506807
breast_cancer,4,22,0.03,0.0644999963697046,1,0.6280922773144382,0.6605038260180001,0.9509290522979066
breast_cancer,4,22,0.05,0.06590000702999532,1,0.6292340789893411,0.6605038260180001,0.9526577352062049
breast_cancer,4,22,0.1,0.063000014051795,1,0.6761946455106127,0.6605038260180001,1.0237558343714803
breast_cancer,4,23,0.0,0.10510001447983086,1,1.3966333282574073,1.3966333282574073,1.0
breast_cancer,4,23,0.01,0.10410000686533749,1,1.4034765484467624,1.3966333282574073,1.004899797284584
breast_cancer,4,23,0.03,0.10309999925084412,1,1.3626175623695589,1.3966333282574073,0.9756444549907096
breast_cancer,4,23,0.05,0.1036000030580908,1,1.4363527870672566,1.3966333282574073,1.0284394321732302
breast_cancer,4,23,0.1,0.09689998114481568,1,1.4000196943063512,1.3966333282574073,1.0024246636396463
breast_cancer,4,24,0.0,0.05329999839887023,1,0.6183280894210195,0.6183280894210195,1.0
breast_cancer,4,24,0.01,0.05319999763742089,1,0.6197894549754343,0.6183280894210195,1.0023634144710831
breast_cancer,4,24,0.03,0.05460000829771161,1,0.5842218990854041,0.6183280894210195,0.9448412729113581
breast_cancer,4,24,0.05,0.06120000034570694,1,0.6001223690696305,0.6183280894210195,0.9705565367919219
breast_cancer,4,24,0.1,0.05599998985417187,1,0.7261788183218976,0.6183280894210195,1.1744231432246037
breast_cancer,4,25,0.0,0.05329999839887023,1,0.24519967325899636,0.24519967325899636,1.0
breast_cancer,4,25,0.01,0.060399994254112244,1,0.23640076323434953,0.24519967325899636,0.9641153272853148
breast_cancer,4,25,0.03,0.058200006606057286,1,0.2735382721146008,0.24519967325899636,1.1155735588018965
breast_cancer,4,25,0.05,0.05400000372901559,1,0.2816871587961979,0.24519967325899636,1.1488072355572063
breast_cancer,4,25,0.1,0.05229999078437686,1,0.2267190502232543,0.24519967325899636,0.9246303113290792
breast_cancer,4,26,0.0,0.0515999854542315,1,0.6180319557573987,0.6180319557573987,1.0
breast_cancer,4,26,0.01,0.05269999383017421,1,0.627624636881338,0.6180319557573987,1.0155213351584442
breast_cancer,4,26,0.03,0.05299999611452222,1,0.601576223638749,0.6180319557573987,0.9733739785372697
breast_cancer,4,26,0.05,0.05220001912675798,1,0.6609497446057168,0.6180319557573987,1.0694426695068255
breast_cancer,4,26,0.1,0.052499992307275534,1,0.4850913787132889,0.6180319557573987,0.7848969202875747
breast_cancer,4,27,0.0,0.054599979193881154,1,1.1384815313378747,1.1384815313378747,1.0
breast_cancer,4,27,0.01,0.052499992307275534,1,1.1370399463438736,1.1384815313378747,0.998733765147418
breast_cancer,4,27,0.03,0.05099998088553548,1,1.137967308442782,1.1384815313378747,0.9995483256592766
breast_cancer,4,27,0.05,0.05080000846646726,1,1.1493056633626397,1.1384815313378747,1.009507516570818
breast_cancer,4,27,0.1,0.05060000694356859,1,1.060336360370255,1.1384815313378747,0.931360176852594
breast_cancer,4,28,0.0,0.049299997044727206,1,0.476409568274741,0.476409568274741,1.0
breast_cancer,4,28,0.01,0.05199998850002885,1,0.4841247657748005,0.476409568274741,1.0161944637845943
breast_cancer,4,28,0.03,0.05949998740106821,1,0.46332269813254356,0.476409568274741,0.9725302113692008
breast_cancer,4,28,0.05,0.05400000372901559,1,0.5549783111988541,0.476409568274741,1.1649184822392216
breast_cancer,4,28,0.1,0.052700022934004664,1,0.5018510545386002,0.476409568274741,1.0534025509940794
breast_cancer,4,29,0.0,0.058999983593821526,1,0.1288181438938884,0.1288181438938884,1.0
breast_cancer,4,29,0.01,0.05780000356025994,1,0.13717370874108703,0.1288181438938884,1.0648632606760844
breast_cancer,4,29,0.03,0.05289999535307288,1,0.10657378960361127,0.1288181438938884,0.8273197111999959
breast_cancer,4,29,0.05,0.05569998756982386,1,0.038188287621670924,0.1288181438938884,0.29645115561615165
breast_cancer,4,29,0.1,0.05440000677481294,1,0.009570594014346734,0.1288181438938884,0.07429538825082231
breast_cancer,4,30,0.0,0.04990000161342323,1,0.5665046982874052,0.5665046982874052,1.0
breast_cancer,4,30,0.01,0.05020000389777124,1,0.5670613358995831,0.5665046982874052,1.0009825825167216
breast_cancer,4,30,0.03,0.05119998240843415,1,0.48654051763952155,0.5665046982874052,0.8588463945848593
breast_cancer,4,30,0.05,0.04959999932907522,1,0.5533497549637467,0.5665046982874052,0.9767787568868765
breast_cancer,4,30,0.1,0.0509000092279166,1,0.4099020257925168,0.5665046982874052,0.7235633297158657
breast_cancer,4,31,0.0,0.05069997860118747,1,2.1747206793417373,2.1747206793417373,1.0
breast_cancer,4,31,0.01,0.05120001151226461,1,2.1600944359483956,2.1747206793417373,0.9932744266736044
breast_cancer,4,31,0.03,0.050799979362636805,1,2.1938106729244344,2.1747206793417373,1.0087781358608663
breast_cancer,4,31,0.05,0.051700015319511294,1,2.2221658642343116,2.1747206793417373,1.0218166798813608
breast_cancer,4,31,0.1,0.05180001608096063,1,2.2923080512378595,2.1747206793417373,1.0540701033530957
breast_cancer,4,32,0.0,0.05169998621568084,1,0.0014806685370076442,0.0014806685370076442,1.0
breast_cancer,4,32,0.01,0.05150001379661262,1,0.004013931423126664,0.0014806685370076442,2.710891278367146
breast_cancer,4,32,0.03,0.05050000618211925,1,0.0,0.0014806685370076442,0.0
breast_cancer,4,32,0.05,0.05360000068321824,1,0.061495102625306185,0.0014806685370076442,41.53198443021195
breast_cancer,4,32,0.1,0.05140001303516328,1,0.0521400184137417,0.0014806685370076442,35.21383558207702
breast_cancer,4,33,0.0,0.05219999002292752,1,0.21469690634387795,0.21469690634387795,1.0
breast_cancer,4,33,0.01,0.05110001075081527,1,0.2126218863564302,0.21469690634387795,0.9903351192954583
breast_cancer,4,33,0.03,0.05229999078437686,1,0.1591356544525519,0.21469690634387795,0.7412107475720487
breast_cancer,4,33,0.05,0.052099989261478186,1,0.21832039551123936,0.21469690634387795,1.016877230459752
breast_cancer,4,33,0.1,0.051799986977130175,1,0.3020422123123596,0.21469690634387795,1.406830761820953
breast_cancer,4,34,0.0,0.048299989430233836,1,1.005967055100454,1.005967055100454,1.0
breast_cancer,4,34,0.01,0.04909999552182853,1,1.0148996914112705,1.005967055100454,1.0088796509443587
breast_cancer,4,34,0.03,0.048999994760379195,1,0.9814052463575952,1.005967055100454,0.9755838835692227
breast_cancer,4,34,0.05,0.04959999932907522,1,0.9669927849717054,1.005967055100454,0.9612569120120372
breast_cancer,4,34,0.1,0.048699992476031184,1,1.0618866519464012,1.005967055100454,1.0555879007790798
wine_binary,0,0,0.0,0.05910001345910132,1,1.3713071520700721,1.3713071520700721,1.0
wine_binary,0,0,0.01,0.055100012104958296,1,1.383929833863122,1.3713071520700721,1.0092048537586895
wine_binary,0,0,0.03,0.053099996875971556,1,1.4031087507492368,1.3713071520700721,1.0231907188926699
wine_binary,0,0,0.05,0.05140001303516328,1,1.3865276538771762,1.3713071520700721,1.011099265240561
wine_binary,0,0,0.1,0.0501000031363219,1,1.2592326937389524,1.3713071520700721,0.9182718049986566
wine_binary,0,1,0.0,0.047900015488266945,1,1.4053345999939126,1.4053345999939126,1.0
wine_binary,0,1,0.01,0.04650000482797623,1,1.39503617166176,1.4053345999939126,0.9926719029530781
wine_binary,0,1,0.03,0.046699977247044444,1,1.4201418335017664,1.4053345999939126,1.0105364469841687
wine_binary,0,1,0.05,0.04650000482797623,1,1.374879711088824,1.4053345999939126,0.9783290834046066
wine_binary,0,1,0.1,0.04569999873638153,1,1.3230683620993215,1.4053345999939126,0.9414614584349184
wine_binary,0,2,0.0,0.04600000102072954,1,0.5534595916806744,0.5534595916806744,1.0
wine_binary,0,2,0.01,0.04539999645203352,1,0.548540268372028,0.5534595916806744,0.9911116847867646
wine_binary,0,2,0.03,0.04539999645203352,1,0.5144513973633762,0.5534595916806744,0.9295193453982012
wine_binary,0,2,0.05,0.04579999949783087,1,0.5268325381381247,0.5534595916806744,0.9518897965763099
wine_binary,0,2,0.1,0.04749998333863914,1,0.4578011616284283,0.5534595916806744,0.8271627567935665
wine_binary,0,3,0.0,0.047999987145885825,1,0.4479220935599979,0.4479220935599979,1.0
wine_binary,0,3,0.01,0.047600013203918934,1,0.4442974147204043,0.4479220935599979,0.9919077917974857
wine_binary,0,3,0.03,0.04640000406652689,1,0.45383290940920373,0.4479220935599979,1.0131960801536442
wine_binary,0,3,0.05,0.046299974201247096,1,0.3867846313310014,0.4479220935599979,0.8635087147787514
wine_binary,0,3,0.1,0.046200002543628216,1,0.3306346328866394,0.4479220935599979,0.7381520975195027
wine_binary,0,4,0.0,0.04600000102072954,1,0.56145289000407,0.56145289000407,1.0
wine_binary,0,4,0.01,0.04659997648559511,1,0.5633309388569433,0.56145289000407,1.0033449802936445
wine_binary,0,4,0.03,0.04579999949783087,1,0.5927433041105461,0.56145289000407,1.0557311479975628
wine_binary,0,4,0.05,0.04639997496269643,1,0.6165515634769079,0.56145289000407,1.0981358800601035
wine_binary,0,4,0.1,0.046200002543628216,1,0.5170406706547294,0.56145289000407,0.9208976921482787
wine_binary,0,5,0.0,0.044400017941370606,1,1.5216097243073392,1.5216097243073392,1.0
wine_binary,0,5,0.01,0.045400025555863976,1,1.5109319676193955,1.5216097243073392,0.9929825917136509
wine_binary,0,5,0.03,0.04640000406652689,1,1.4999609020080165,1.5216097243073392,0.985772421171153
wine_binary,0,5,0.05,0.04529999569058418,1,1.5028501613186482,1.5216097243073392,0.9876712387618115
wine_binary,0,5,0.1,0.04740001168102026,1,1.5896260135203084,1.5216097243073392,1.0447002198569224
wine_binary,0,6,0.0,0.044899992644786835,1,1.9587708731115216,1.9587708731115216,1.0
wine_binary,0,6,0.01,0.04499999340623617,1,1.9557156700771878,1.9587708731115216,0.9984402448105221
wine_binary,0,6,0.03,0.045599997974932194,1,1.9503313223237126,1.9587708731115216,0.9956914047969262
wine_binary,0,6,0.05,0.045100023271515965,1,2.0069338653306747,1.9587708731115216,1.0245883747202376
wine_binary,0,6,0.1,0.04539999645203352,1,1.984100922481869,1.9587708731115216,1.0129316040574519
wine_binary,0,7,0.0,0.0452000240329653,1,0.9943155424984279,0.9943155424984279,1.0
wine_binary,0,7,0.01,0.045100023271515965,1,0.996092726183127,0.9943155424984279,1.0017873437643683
wine_binary,0,7,0.03,0.044599990360438824,1,1.027592101590554,0.9943155424984279,1.033466799692693
wine_binary,0,7,0.05,0.04529999569058418,1,0.9314794623479424,0.9943155424984279,0.9368046887886349
wine_binary,0,7,0.1,0.04509999416768551,1,1.2248998538245899,0.9943155424984279,1.231902551524811
wine_binary,0,8,0.0,0.04449998959898949,1,1.7206658482983965,1.7206658482983965,1.0
wine_binary,0,8,0.01,0.045900000259280205,1,1.7096039272745842,1.7206658482983965,0.9935711393151949
wine_binary,0,8,0.03,0.10379997547715902,1,1.6899555044140873,1.7206658482983965,0.9821520582193926
wine_binary,0,8,0.05,0.04859999171458185,1,1.7419742373822718,1.7206658482983965,1.0123838042726003
wine_binary,0,8,0.1,0.04549999721348286,1,1.7393315636214783,1.7206658482983965,1.0108479605970797
wine_binary,0,9,0.0,0.04460001946426928,1,0.9936024801154424,0.9936024801154424,1.0
wine_binary,0,9,0.01,0.0447999918833375,1,0.9928346513557988,0.9936024801154424,0.9992272274123608
wine_binary,0,9,0.03,0.04499999340623617,1,0.9900778060127129,0.9936024801154424,0.9964526315369906
wine_binary,0,9,0.05,0.04549999721348286,1,1.0322025418485417,0.9936024801154424,1.0388485964010623
wine_binary,0,9,0.1,0.04549999721348286,1,1.210020350429819,0.9936024801154424,1.2178113225816747
wine_binary,0,10,0.0,0.04420001641847193,1,0.2552068601681028,0.2552068601681028,1.0
wine_binary,0,10,0.01,0.04490002174861729,1,0.25084755160414557,0.2552068601681028,0.9829185290666334
wine_binary,0,10,0.03,0.047299981815740466,1,0.317709991902155,0.2552068601681028,1.244911644196719
wine_binary,0,10,0.05,0.050099974032491446,1,0.2251791486384153,0.2552068601681028,0.8823397164562564
wine_binary,0,10,0.1,0.04689997876994312,1,0.19760724514638875,0.2552068601681028,0.7743022464843867
wine_binary,0,11,0.0,0.048699992476031184,1,0.19196742429843172,0.19196742429843172,1.0
wine_binary,0,11,0.01,0.05180001608096063,1,0.17348171095488185,0.19196742429843172,0.9037039049145543
wine_binary,0,11,0.03,0.05259999306872487,1,0.2138624301599905,0.19196742429843172,1.1140558401592184
wine_binary,0,11,0.05,0.047900015488266945,1,0.25373859370128815,0.19196742429843172,1.3217794353839287
wine_binary,0,11,0.1,0.04640000406652689,1,0.12496873801300157,0.19196742429843172,0.65098929398941
wine_binary,0,12,0.0,0.04509999416768551,1,2.029347367462324,2.029347367462324,1.0
wine_binary,0,12,0.01,0.04460001946426928,1,2.0145303287168486,2.029347367462324,0.9926986187859972
wine_binary,0,12,0.03,0.044100015657022595,1,1.9749836440588444,2.029347367462324,0.9732112282622857
wine_binary,0,12,0.05,0.045900000259280205,1,2.043012792170234,2.029347367462324,1.0067339012172165
wine_binary,0,12,0.1,0.045100023271515965,1,1.867926707107595,2.029347367462324,0.9204568606918273
wine_binary,0,13,0.0,0.072900002123788,1,1.0548508848997578,1.0548508848997578,1.0
wine_binary,0,13,0.01,0.0740000104997307,1,1.0642908742593522,1.0548508848997578,1.0089491220936802
wine_binary,0,13,0.03,0.08120000711642206,1,1.0547943542132492,1.0548508848997578,0.9999464088362461
wine_binary,0,13,0.05,0.07830001413822174,1,1.0438822188850434,1.0548508848997578,0.9896016904647554
wine_binary,0,13,0.1,0.04680000711232424,1,0.9491139421770478,1.0548508848997578,0.8997612418623907
wine_binary,0,14,0.0,0.044400017941370606,1,1.32322132689601,1.32322132689601,1.0
wine_binary,0,14,0.01,0.043899985030293465,1,1.3261420924178866,1.32322132689601,1.002207314424661
wine_binary,0,14,0.03,0.044899992644786835,1,1.2906080924097738,1.32322132689601,0.9753531523235498
wine_binary,0,14,0.05,0.045199994929134846,1,1.3453261569548556,1.32322132689601,1.0167053157393546
wine_binary,0,14,0.1,0.04709998029284179,1,1.1783347821046282,1.32322132689601,0.8905046783584918
wine_binary,0,15,0.0,0.07510001887567341,1,0.575899428190781,0.575899428190781,1.0
wine_binary,0,15,0.01,0.08040000102482736,1,0.5532628532431908,0.575899428190781,0.9606935276551598
wine_binary,0,15,0.03,0.07650000043213367,1,0.5278161711057872,0.575899428190781,0.9165075450134584
wine_binary,0,15,0.05,0.04749998333863914,1,0.0,0.575899428190781,0.0
wine_binary,0,15,0.1,0.07609999738633633,1,0.3460829651379902,0.575899428190781,0.6009434081662981
wine_binary,0,16,0.0,0.07540002116002142,1,0.9527685411282361,0.9527685411282361,1.0
wine_binary,0,16,0.01,0.07670000195503235,1,0.9580889266046966,0.9527685411282361,1.005584132186145
wine_binary,0,16,0.03,0.07500001811422408,1,0.9744352026659808,0.9527685411282361,1.0227407398570147
wine_binary,0,16,0.05,0.07479998748749495,1,0.9563909990339186,0.9527685411282361,1.0038020334942974
wine_binary,0,16,0.1,0.07440001354552805,1,0.9873880117873157,0.9527685411282361,1.036335656735774
wine_binary,0,17,0.0,0.0782000133767724,1,1.1304678782575066,1.1304678782575066,1.0
wine_binary,0,17,0.01,0.07319997530430555,1,1.1272195412834167,1.1304678782575066,0.997126555263917
wine_binary,0,17,0.03,0.0720999960321933,1,1.127739433149043,1.1304678782575066,0.9975864461423979
wine_binary,0,17,0.05,0.05169998621568084,1,1.104211300269073,1.1304678782575066,0.9767737071583977
wine_binary,0,17,0.1,0.07320000440813601,1,1.1421726687756446,1.1304678782575066,1.0103539346347281
wine_binary,0,18,0.0,0.04370001261122525,1,1.6631197927593884,1.6631197927593884,1.0
wine_binary,0,18,0.01,0.044899992644786835,1,1.6671461562097718,1.6631197927593884,1.0024209701958409
wine_binary,0,18,0.03,0.04579999949783087,1,1.6306646848611108,1.6631197927593884,0.9804854057779991
wine_binary,0,18,0.05,0.044800020987167954,1,1.7037931601023089,1.6631197927593884,1.0244560659550788
wine_binary,0,18,0.1,0.044199987314641476,1,1.8584266705581924,1.6631197927593884,1.117434040920623
wine_binary,0,19,0.0,0.04409998655319214,1,0.04784870386614348,0.04784870386614348,1.0
wine_binary,0,19,0.01,0.044400017941370606,1,0.04544421575249444,0.04784870386614348,0.9497481035144528
wine_binary,0,19,0.03,0.044599990360438824,1,0.08527588197247477,0.04784870386614348,1.782198368654533
wine_binary,0,19,0.05,0.04509999416768551,1,0.0,0.04784870386614348,0.0
wine_binary,0,19,0.1,0.045199994929134846,1,0.10108095044219714,0.04784870386614348,2.112511777225369
wine_binary,0,20,0.0,0.04379998426884413,1,0.8553457276360126,0.8553457276360126,1.0
wine_binary,0,20,0.01,0.04490002174861729,1,0.8499832440380303,0.8553457276360126,0.993730624442583
wine_binary,0,20,0.03,0.04439998883754015,1,0.8607806287674757,0.8553457276360126,1.00635404019201
wine_binary,0,20,0.05,0.04439998883754015,1,0.8138095338218698,0.8553457276360126,0.9514392923561568
wine_binary,0,20,0.1,0.044400017941370606,1,0.9859930583669643,0.8553457276360126,1.152742132812228
wine_binary,0,21,0.0,0.043100008042529225,1,0.6331974685458468,0.6331974685458468,1.0
wine_binary,0,21,0.01,0.04630000330507755,1,0.6336645426031174,0.6331974685458468,1.0007376435953594
wine_binary,0,21,0.03,0.04539999645203352,1,0.6784682238648918,0.6331974685458468,1.0714954774266714
wine_binary,0,21,0.05,0.045199994929134846,1,0.679200561020435,0.6331974685458468,1.0726520473624688
wine_binary,0,21,0.1,0.04429998807609081,1,0.6076983593936414,0.6331974685458468,0.9597296097680795
wine_binary,0,22,0.0,0.04469999112188816,1,1.0901460556012743,1.0901460556012743,1.0
wine_binary,0,22,0.01,0.04449998959898949,1,1.0924019682231845,1.0901460556012743,1.002069367320387
wine_binary,0,22,0.03,0.043899985030293465,1,1.120936603328066,1.0901460556012743,1.0282444242847892
wine_binary,0,22,0.05,0.06930000381544232,1,1.0364777064968214,1.0901460556012743,0.950769579150702
wine_binary,0,22,0.1,0.050000002374872565,1,1.1472861817464555,1.0901460556012743,1.0524151106648414
wine_binary,0,23,0.0,0.09590000263415277,1,1.2760302978833187,1.2760302978833187,1.0
wine_binary,0,23,0.01,0.07089998689480126,1,1.2562849362478439,1.2760302978833187,0.9845259460780607
wine_binary,0,23,0.03,0.08129997877404094,1,1.2846173014294444,1.2760302978833187,1.0067294668162425
wine_binary,0,23,0.05,0.06500000017695129,1,1.2021198021195956,1.2760302978833187,0.9420777893077257
wine_binary,0,23,0.1,0.05750000127591193,1,1.297609985602131,1.2760302978833187,1.0169115794151666
wine_binary,0,24,0.0,0.053099996875971556,1,0.41928797570052434,0.41928797570052434,1.0
wine_binary,0,24,0.01,0.04919999628327787,1,0.4162208166428114,0.41928797570052434,0.9926848389759128
wine_binary,0,24,0.03,0.048999994760379195,1,0.40560338214851566,0.41928797570052434,0.9673623038458349
wine_binary,0,24,0.05,0.04770001396536827,1,0.44418175222293454,0.41928797570052434,1.05937154882827
wine_binary,0,24,0.1,0.04830001853406429,1,0.4835481611587693,0.41928797570052434,1.1532602630707032
wine_binary,0,25,0.0,0.04810001701116562,1,0.40526298201640354,0.40526298201640354,1.0
wine_binary,0,25,0.01,0.04889999399892986,1,0.4065209883870926,0.40526298201640354,1.003104172911204
wine_binary,0,25,0.03,0.050700007705017924,1,0.42522534343342167,0.40526298201640354,1.0492577963022789
wine_binary,0,25,0.05,0.04859999171458185,1,0.3654955289336175,0.40526298201640354,0.9018724757812289
wine_binary,0,25,0.1,0.04789998638443649,1,0.3162744718889139,0.40526298201640354,0.780417866727616
wine_binary,0,26,0.0,0.04680000711232424,1,0.7465358743651574,0.7465358743651574,1.0
wine_binary,0,26,0.01,0.04770001396536827,1,0.7424056043308781,0.7465358743651574,0.9944674192143925
wine_binary,0,26,0.03,0.04680000711232424,1,0.7327942895259462,0.7465358743651574,0.9815928673877904
wine_binary,0,26,0.05,0.04710000939667225,1,0.704044043642555,0.7465358743651574,0.9430813277945459
wine_binary,0,26,0.1,0.04689997876994312,1,0.6675352343495461,0.7465358743651574,0.8941770345828427
wine_binary,0,27,0.0,0.04569999873638153,1,1.6534049819791337,1.6534049819791337,1.0
wine_binary,0,27,0.01,0.04600000102072954,1,1.6532314302104694,1.6534049819791337,0.9998950337209843
wine_binary,0,27,0.03,0.04529999569058418,1,1.6537331884047544,1.6534049819791337,1.000198503348664
wine_binary,0,27,0.05,0.045599997974932194,1,1.6287840613900577,1.6534049819791337,0.9851089594760961
wine_binary,0,27,0.1,0.04529999569058418,1,1.6725642483666925,1.6534049819791337,1.0115877637943398
wine_binary,0,28,0.0,0.04499999340623617,1,0.3232617560157839,0.3232617560157839,1.0
wine_binary,0,28,0.01,0.04579999949783087,1,0.31642152045432603,0.3232617560157839,0.9788399480168515
wine_binary,0,28,0.03,0.045900000259280205,1,0.3547125841535743,0.3232617560157839,1.0972921403553064
wine_binary,0,28,0.05,0.04610000178217888,1,0.23700390311294064,0.3232617560157839,0.7331640650413607
wine_binary,0,28,0.1,0.045599997974932194,1,0.2693132293568502,0.3232617560157839,0.8331119420872677
wine_binary,0,29,0.0,0.04529999569058418,1,1.9622615594722492,1.9622615594722492,1.0
wine_binary,0,29,0.01,0.04849999095313251,1,1.9665080314816765,1.9622615594722492,1.00216407032433
wine_binary,0,29,0.03,0.045500026317313313,1,1.9416336127645242,1.9622615594722492,0.9894876671215671
wine_binary,0,29,0.05,0.04579999949783087,1,1.974903592630624,1.9622615594722492,1.006442583098746
wine_binary,0,29,0.1,0.04529999569058418,1,1.9797586218048941,1.9622615594722492,1.0089167839262727
wine_binary,0,30,0.0,0.0439999857917428,1,1.5550021954702815,1.5550021954702815,1.0
wine_binary,0,30,0.01,0.044899992644786835,1,1.5541903239084232,1.5550021954702815,0.9994778968388448
wine_binary,0,30,0.03,0.04499999340623617,1,1.533000271408643,1.5550021954702815,0.9858508726703216
wine_binary,0,30,0.05,0.045199994929134846,1,1.5208343022424347,1.5550021954702815,0.9780271093331071
wine_binary,0,30,0.1,0.04539999645203352,1,1.601948452168318,1.5550021954702815,1.0301904761516034
wine_binary,0,31,0.0,0.07509998977184296,1,1.0548508848997578,1.0548508848997578,1.0
wine_binary,0,31,0.01,0.07330000516958535,1,1.072379069806801,1.0548508848997578,1.016616741909174
wine_binary,0,31,0.03,0.0754999928176403,1,1.0467119284956574,1.0548508848997578,0.9922842588269016
wine_binary,0,31,0.05,0.0748000165913254,1,1.1216957910018495,1.0548508848997578,1.063369057237359
wine_binary,0,31,0.1,0.07429998368024826,1,0.932551008562508,1.0548508848997578,0.884059559424011
wine_binary,0,32,0.0,0.04390001413412392,1,0.8616983647193367,0.8616983647193367,1.0
wine_binary,0,32,0.01,0.04569999873638153,1,0.872152582500429,0.8616983647193367,1.0121321081820753
wine_binary,0,32,0.03,0.045900000259280205,1,0.8662349538288716,0.8616983647193367,1.0052647066482625
wine_binary,0,32,0.05,0.04530002479441464,1,0.8927422687349279,0.8616983647193367,1.036026416303694
wine_binary,0,32,0.1,0.04539999645203352,1,0.9240935636386097,0.8616983647193367,1.0724095593933218
wine_binary,0,33,0.0,0.05110001075081527,1,0.7877418426061507,0.7877418426061507,1.0
wine_binary,0,33,0.01,0.04800001624971628,1,0.7917654869065723,0.7877418426061507,1.005107820967222
wine_binary,0,33,0.03,0.04569999873638153,1,0.8208423003286168,0.7877418426061507,1.04201942302945
wine_binary,0,33,0.05,0.04560002707876265,1,0.8288937395097947,0.7877418426061507,1.0522403339239894
wine_binary,0,33,0.1,0.04470002022571862,1,0.8774007250094454,0.7877418426061507,1.1138175955039649
wine_binary,0,34,0.0,0.04400001489557326,1,1.2760302978833187,1.2760302978833187,1.0
wine_binary,0,34,0.01,0.04579999949783087,1,1.280211878798646,1.2760302978833187,1.0032770232197965
wine_binary,0,34,0.03,0.04549999721348286,1,1.2205238808165635,1.2760302978833187,0.9565007060107983
wine_binary,0,34,0.05,0.04539999645203352,1,1.2219033583180217,1.2760302978833187,0.9575817755620044
wine_binary,0,34,0.1,0.04569999873638153,1,1.3761572307171102,1.2760302978833187,1.0784675199326241
wine_binary,1,0,0.0,0.07429998368024826,1,0.8344937532584255,0.8344937532584255,1.0
wine_binary,1,0,0.01,0.06750001921318471,1,0.8406912398093184,0.8344937532584255,1.0074266422327234
wine_binary,1,0,0.03,0.061400001868605614,1,0.8621236717756277,0.8344937532584255,1.033109796699276
wine_binary,1,0,0.05,0.06059999577701092,1,0.8500653050311305,0.8344937532584255,1.0186598781739267
wine_binary,1,0,0.1,0.05810000584460795,1,0.9262536422554334,0.8344937532584255,1.1099587488087426
wine_binary,1,1,0.0,0.0523999915458262,1,0.9642757593174233,0.9642757593174233,1.0
wine_binary,1,1,0.01,0.05080000846646726,1,0.9795709420920808,0.9642757593174233,1.0158618347779316
wine_binary,1,1,0.03,0.04849999095313251,1,0.9364933667034943,0.9642757593174233,0.9711883324396797
wine_binary,1,1,0.05,0.04849999095313251,1,1.048831653701988,0.9642757593174233,1.0876884994437885
wine_binary,1,1,0.1,0.04919999628327787,1,0.8127708468668939,0.9642757593174233,0.8428821724630159
wine_binary,1,2,0.0,0.04949999856762588,1,0.48308442416463404,0.48308442416463404,1.0
wine_binary,1,2,0.01,0.04909999552182853,1,0.47954254060353596,0.48308442416463404,0.9926681892772203
wine_binary,1,2,0.03,0.04849999095313251,1,0.4611682443266798,0.48308442416463404,0.9546328162497633
wine_binary,1,2,0.05,0.04839999019168317,1,0.49507871903987766,0.48308442416463404,1.024828568828284
wine_binary,1,2,0.1,0.04889999399892986,1,0.5806614972614019,0.48308442416463404,1.2019876200014137
wine_binary,1,3,0.0,0.051499984692782164,1,1.5496073985016168,1.5496073985016168,1.0
wine_binary,1,3,0.01,0.047299981815740466,1,1.553257516766,1.5496073985016168,1.0023555116398597
wine_binary,1,3,0.03,0.04610000178217888,1,1.5210228656747953,1.5496073985016168,0.9815536936294567
wine_binary,1,3,0.05,0.046600005589425564,1,1.5861978147121172,1.5496073985016168,1.0236127010272933
wine_binary,1,3,0.1,0.04610000178217888,1,1.5000223039035452,1.5496073985016168,0.9680015114499211
wine_binary,1,4,0.0,0.046200002543628216,1,0.6217550703691007,0.6217550703691007,1.0
wine_binary,1,4,0.01,0.04640000406652689,1,0.6309169440984492,0.6217550703691007,1.014735503039661
wine_binary,1,4,0.03,0.04509999416768551,1,0.6298704352256091,0.6217550703691007,1.0130523501025746
wine_binary,1,4,0.05,0.04549999721348286,1,0.5500387907163077,0.6217550703691007,0.8846550947944516
wine_binary,1,4,0.1,0.04600000102072954,1,0.6304054490667903,0.6217550703691007,1.0139128398141641
wine_binary,1,5,0.0,0.045400025555863976,1,0.8302516244382644,0.8302516244382644,1.0
wine_binary,1,5,0.01,0.045900000259280205,1,0.844209084964182,0.8302516244382644,1.0168111210084787
wine_binary,1,5,0.03,0.04630000330507755,1,0.8683748252806087,0.8302516244382644,1.0459176467954976
wine_binary,1,5,0.05,0.045900000259280205,1,0.7805271367954232,0.8302516244382644,0.9401091353762975
wine_binary,1,5,0.1,0.04579999949783087,1,0.9514166086666652,0.8302516244382644,1.1459376659580511
wine_binary,1,6,0.0,0.046900007873773575,1,1.4990557919698067,1.4990557919698067,1.0
wine_binary,1,6,0.01,0.04779998562298715,1,1.5031715966665917,1.4990557919698067,1.0027455980750235
wine_binary,1,6,0.03,0.046900007873773575,1,1.4674357591688172,1.4990557919698067,0.9789067004908205
wine_binary,1,6,0.05,0.04680000711232424,1,1.5082311069717258,1.4990557919698067,1.0061207294959065
wine_binary,1,6,0.1,0.04740001168102026,1,1.5727227608963257,1.4990557919698067,1.049142246286723
wine_binary,1,7,0.0,0.04579999949783087,1,1.1924625177229449,1.1924625177229449,1.0
wine_binary,1,7,0.01,0.04649997572414577,1,1.1786979087699323,1.1924625177229449,0.9884569881665575
wine_binary,1,7,0.03,0.04569999873638153,1,1.1911331191352332,1.1924625177229449,0.9988851653046084
wine_binary,1,7,0.05,0.05040000542066991,1,1.220915166557123,1.1924625177229449,1.0238604135654592
wine_binary,1,7,0.1,0.046200002543628216,1,1.359872756778279,1.1924625177229449,1.1403903574051204
wine_binary,1,8,0.0,0.045199994929134846,1,1.1404786636024555,1.1404786636024555,1.0
wine_binary,1,8,0.01,0.046200002543628216,1,1.1561615481718668,1.1404786636024555,1.013751142454409
wine_binary,1,8,0.03,0.0644999963697046,1,1.1629653788884426,1.1404786636024555,1.0197169101041819
wine_binary,1,8,0.05,0.06479999865405262,1,1.1959359135174454,1.1404786636024555,1.0486262932265789
wine_binary,1,8,0.1,0.06469999789260328,1,1.0969249251609434,1.1404786636024555,0.9618110010897197
wine_binary,1,9,0.0,0.0659999786876142,1,1.7580288857240667,1.7580288857240667,1.0
wine_binary,1,9,0.01,0.06649998249486089,1,1.7676065616915078,1.7580288857240667,1.0054479627981177
wine_binary,1,9,0.03,0.07029998232610524,1,1.7571343547903642,1.7580288857240667,0.9994911739272508
wine_binary,1,9,0.05,0.06579997716471553,1,1.690319048501938,1.7580288857240667,0.9614853670653758
wine_binary,1,9,0.1,0.06819999543949962,1,1.737649424013359,1.7580288857240667,0.9884077776672514
wine_binary,1,10,0.0,0.06280001252889633,1,1.2549474865566994,1.2549474865566994,1.0
wine_binary,1,10,0.01,0.06529997335746884,1,1.2458812809806075,1.2549474865566994,0.9927756295197916
wine_binary,1,10,0.03,0.0651999725960195,1,1.2138913380781602,1.2549474865566994,0.9672845685430326
wine_binary,1,10,0.05,0.06359998951666057,1,1.3105831026889923,1.2549474865566994,1.0443330232764916
wine_binary,1,10,0.1,0.06310001481324434,1,1.169651872122758,1.2549474865566994,0.9320325229958635
wine_binary,1,11,0.0,0.11699998867698014,1,0.03209587658987789,0.03209587658987789,1.0
wine_binary,1,11,0.01,0.06520000169984996,1,0.04876299864011499,0.03209587658987789,1.5192916916777224
wine_binary,1,11,0.03,0.059999991208314896,1,0.019757299626228242,0.03209587658987789,0.6155712734905991
wine_binary,1,11,0.05,0.058200006606057286,1,0.0639334194132099,0.03209587658987789,1.991951185199056
wine_binary,1,11,0.1,0.05699999746866524,1,0.0,0.03209587658987789,0.0
wine_binary,1,12,0.0,0.056199991377070546,1,0.3530546283855458,0.3530546283855458,1.0
wine_binary,1,12,0.01,0.0585000088904053,1,0.3602396291814185,0.3530546283855458,1.0203509604978935
wine_binary,1,12,0.03,0.056199991377070546,1,0.3684266555918432,0.3530546283855458,1.0435400812519888
wine_binary,1,12,0.05,0.05709999823011458,1,0.3312223345052895,0.3530546283855458,0.9381617117438981
wine_binary,1,12,0.1,0.06329998723231256,1,0.47604998949532346,0.3530546283855458,1.348374872387916
wine_binary,1,13,0.0,0.05639999289996922,1,0.6291993890743446,0.6291993890743446,1.0
wine_binary,1,13,0.01,0.05679999594576657,1,0.6069219261524909,0.6291993890743446,0.9645939533497839
wine_binary,1,13,0.03,0.056200020480901,1,0.6537049270307058,0.6291993890743446,1.0389471737924172
wine_binary,1,13,0.05,0.05740000051446259,1,0.6208691250413936,0.6291993890743446,0.9867605338186896
wine_binary,1,13,0.1,0.05929998587816954,1,0.6459449766656803,0.6291993890743446,1.026614119279377
wine_binary,1,14,0.0,0.053499999921768904,1,0.7489205291316655,0.7489205291316655,1.0
wine_binary,1,14,0.01,0.05339999916031957,1,0.763926521122448,0.7489205291316655,1.020036828217516
wine_binary,1,14,0.03,0.04730001091957092,1,0.7720764826864059,0.7489205291316655,1.030919106439222
wine_binary,1,14,0.05,0.04640000406652689,1,0.8064337471601122,0.7489205291316655,1.076794821067504
wine_binary,1,14,0.1,0.20640000002458692,1,0.7781066834340393,0.7489205291316655,1.038970963095662
wine_binary,1,15,0.0,0.14250000822357833,1,0.14443243689773946,0.14443243689773946,1.0
wine_binary,1,15,0.01,0.0872999953571707,1,0.1283546679014633,0.14443243689773946,0.8886831148071019
wine_binary,1,15,0.03,0.06680001388303936,1,0.12896371407678228,0.14443243689773946,0.8928999388696233
wine_binary,1,15,0.05,0.14680001186206937,1,0.1720002597060443,0.14443243689773946,1.1908700247702897
wine_binary,1,15,0.1,0.21970001398585737,1,0.22003085910457568,0.14443243689773946,1.5234172034385955
wine_binary,1,16,0.0,0.1441999920643866,1,1.4514498878222386,1.4514498878222386,1.0
wine_binary,1,16,0.01,0.13550001312978566,1,1.4387970232103229,1.4514498878222386,0.9912826031969315
wine_binary,1,16,0.03,0.12680000509135425,1,1.4280911941074688,1.4514498878222386,0.9839066481655682
wine_binary,1,16,0.05,0.12430001515895128,1,1.411051622014195,1.4514498878222386,0.972166957917743
wine_binary,1,16,0.1,0.13970001600682735,1,1.3254416160594578,1.4514498878222386,0.9131845523431441
wine_binary,1,17,0.0,0.10510001447983086,1,1.1863806356126458,1.1863806356126458,1.0
wine_binary,1,17,0.01,0.1018000184558332,1,1.1888262316747964,1.1863806356126458,1.0020613924306743
wine_binary,1,17,0.03,0.09980000322684646,1,1.2118432507733528,1.1863806356126458,1.0214624332160969
wine_binary,1,17,0.05,0.10530001600272954,1,1.1793894298289034,1.1863806356126458,0.9941071140459636
wine_binary,1,17,0.1,0.10019997716881335,1,1.1343837916496193,1.1863806356126458,0.956171870644049
wine_binary,1,18,0.0,0.10390000534243882,1,1.0974801659602176,1.0974801659602176,1.0
wine_binary,1,18,0.01,0.09960000170394778,1,1.0851054746030366,1.0974801659602176,0.9887244510279108
wine_binary,1,18,0.03,0.09819999104365706,1,1.1111680656235952,1.0974801659602176,1.0124721157501755
wine_binary,1,18,0.05,0.09859999408945441,1,1.0749448137558737,1.0974801659602176,0.9794662783863369
wine_binary,1,18,0.1,0.10859998292289674,1,1.1521031222671816,1.0974801659602176,1.0497712468991844
wine_binary,1,19,0.0,0.10119998478330672,1,0.539211701606411,0.539211701606411,1.0
wine_binary,1,19,0.01,0.10000000474974513,1,0.5444096615078874,0.539211701606411,1.009639924144804
wine_binary,1,19,0.03,0.09850002243183553,1,0.5546274704686375,0.539211701606411,1.0285894553406392
wine_binary,1,19,0.05,0.09899999713525176,1,0.5490866835190964,0.539211701606411,1.0183137381538012
wine_binary,1,19,0.1,0.09940000018104911,1,0.5962098180692003,0.539211701606411,1.1057063789472323
wine_binary,1,20,0.0,0.10109998402185738,1,0.20419032319850838,0.20419032319850838,1.0
wine_binary,1,20,0.01,0.09020001743920147,1,0.18646142592214743,0.20419032319850838,0.9131746451122201
wine_binary,1,20,0.03,0.0900000159163028,1,0.19592590185939734,0.20419032319850838,0.9595258912878227
wine_binary,1,20,0.05,0.0914999982342124,1,0.25324464662500834,0.20419032319850838,1.240238237826827
wine_binary,1,20,0.1,0.08860000525601208,1,0.0979781460347948,0.20419032319850838,0.4798373620259323
wine_binary,1,21,0.0,0.09529999806545675,1,1.614309996711317,1.614309996711317,1.0
wine_binary,1,21,0.01,0.0900000159163028,1,1.5979827785236231,1.614309996711317,0.9898859461807485
wine_binary,1,21,0.03,0.09079999290406704,1,1.6083726907418623,1.614309996711317,0.9963220781748547
wine_binary,1,21,0.05,0.09640000644139946,1,1.654578711964327,1.614309996711317,1.0249448466125128
wine_binary,1,21,0.1,0.09049999061971903,1,1.6252953379092832,1.614309996711317,1.0068049762563234
wine_binary,1,22,0.0,0.0866000191308558,1,0.5308421047467186,0.5308421047467186,1.0
wine_binary,1,22,0.01,0.08110000635497272,1,0.5273492611072006,0.5308421047467186,0.9934201835003564
wine_binary,1,22,0.03,0.07369997911155224,1,0.5075698678272876,0.5308421047467186,0.9561597757387108
wine_binary,1,22,0.05,0.07509998977184296,1,0.5045952788920682,0.5308421047467186,0.9505562471025664
wine_binary,1,22,0.1,0.07540002116002142,1,0.5699641548196036,0.5308421047467186,1.0736980916228402
wine_binary,1,23,0.0,0.07440001354552805,1,1.6086223330813094,1.6086223330813094,1.0
wine_binary,1,23,0.01,0.07670000195503235,1,1.6099080169636462,1.6086223330813094,1.000799245326822
wine_binary,1,23,0.03,0.0751999905332923,1,1.6055445599427187,1.6086223330813094,0.9980867024687546
wine_binary,1,23,0.05,0.08640001760795712,1,1.65069099176819,1.6086223330813094,1.0261519797541903
wine_binary,1,23,0.1,0.07639999967068434,1,1.4749404160744028,1.6086223330813094,0.9168966423891185
wine_binary,1,24,0.0,0.07860001642256975,1,0.7520180215248268,0.7520180215248268,1.0
wine_binary,1,24,0.01,0.07760000880807638,1,0.7392506270082776,0.7520180215248268,0.9830224886224649
wine_binary,1,24,0.03,0.07789998198859394,1,0.7527385065511499,0.7520180215248268,1.0009580688304016
wine_binary,1,24,0.05,0.08080000407062471,1,0.7102170373102767,0.7520180215248268,0.9444149169061236
wine_binary,1,24,0.1,0.06890000076964498,1,0.4866964282513151,0.7520180215248268,0.6471871874353047
wine_binary,1,25,0.0,0.0678999931551516,1,0.5926499638298977,0.5926499638298977,1.0
wine_binary,1,25,0.01,0.06710001616738737,1,0.5925510423448352,0.5926499638298977,0.9998330861535482
wine_binary,1,25,0.03,0.07179999374784529,1,0.6135577670427648,0.5926499638298977,1.0352785024700821
wine_binary,1,25,0.05,0.06940000457689166,1,0.5066221649228531,0.5926499638298977,0.8548421426517858
wine_binary,1,25,0.1,0.0709999876562506,1,0.5207183895345362,0.5926499638298977,0.8786272189565049
wine_binary,1,26,0.0,0.07450001430697739,1,0.5311293355803048,0.5311293355803048,1.0
wine_binary,1,26,0.01,0.07239999831654131,1,0.5293270710089444,0.5311293355803048,0.9966067312599268
wine_binary,1,26,0.03,0.07970002479851246,1,0.5307886611357988,0.5311293355803048,0.999358584770819
wine_binary,1,26,0.05,0.06859999848529696,1,0.5083107796415764,0.5311293355803048,0.9570376659504278
wine_binary,1,26,0.1,0.06769999163225293,1,0.5330089216362706,0.5311293355803048,1.0035388481299232
wine_binary,1,27,0.0,0.06539997411891818,1,1.2053054496563518,1.2053054496563518,1.0
wine_binary,1,27,0.01,0.06520000169984996,1,1.1923777394371033,1.2053054496563518,0.9892743285754376
wine_binary,1,27,0.03,0.06500000017695129,1,1.1959340776622962,1.2053054496563518,0.9922248986788141
wine_binary,1,27,0.05,0.06520000169984996,1,1.1883499543202387,1.2053054496563518,0.9859326153872885
wine_binary,1,27,0.1,0.06409999332390726,1,1.3257378505338473,1.2053054496563518,1.099918573264422
wine_binary,1,28,0.0,0.06439999560825527,1,1.1739893923466351,1.1739893923466351,1.0
wine_binary,1,28,0.01,0.06230000872164965,1,1.1712465118709225,1.1739893923466351,0.9976636241403937
wine_binary,1,28,0.03,0.055100012104958296,1,1.1382782133763474,1.1739893923466351,0.9695813444285845
wine_binary,1,28,0.05,0.055899989092722535,1,1.2130131648684053,1.1739893923466351,1.033240311008064
wine_binary,1,28,0.1,0.05540001438930631,1,1.0702635585791662,1.1739893923466351,0.9116467027354175
wine_binary,1,29,0.0,0.05549998604692519,1,1.769838385347869,1.769838385347869,1.0
wine_binary,1,29,0.01,0.05420000525191426,1,1.7597725159818236,1.769838385347869,0.9943125488466186
wine_binary,1,29,0.03,0.05740000051446259,1,1.80516676416591,1.769838385347869,1.0199613586814014
wine_binary,1,29,0.05,0.055899989092722535,1,1.8258553579832872,1.769838385347869,1.031650897109686
wine_binary,1,29,0.1,0.05520001286640763,1,1.6519036973478143,1.769838385347869,0.9333641484011128
wine_binary,1,30,0.0,0.055199983762577176,1,0.6666404627023393,0.6666404627023393,1.0
wine_binary,1,30,0.01,0.05560001591220498,1,0.6872334517145107,0.6666404627023393,1.030890697706368
wine_binary,1,30,0.03,0.0549999822396785,1,0.6601206389380223,0.6666404627023393,0.9902198799366486
wine_binary,1,30,0.05,0.055500015150755644,1,0.6960036175878828,0.6666404627023393,1.0440464636162572
wine_binary,1,30,0.1,0.05429997690953314,1,0.5367651396113811,0.6666404627023393,0.8051793577538231
wine_binary,1,31,0.0,0.05439997767098248,1,2.1201936452940626,2.1201936452940626,1.0
wine_binary,1,31,0.01,0.05500001134350896,1,2.1177188979714896,2.1201936452940626,0.9988327729742678
wine_binary,1,31,0.03,0.05470000905916095,1,2.118197251774931,2.1201936452940626,0.9990583909523724
wine_binary,1,31,0.05,0.04610000178217888,1,2.1383533908401673,2.1201936452940626,1.008565135352807
wine_binary,1,31,0.1,0.048999994760379195,1,2.060904754491865,2.1201936452940626,0.9720360963566728
wine_binary,1,32,0.0,0.052799994591623545,1,1.6680790141096684,1.6680790141096684,1.0
wine_binary,1,32,0.01,0.0509000092279166,1,1.69535409460798,1.6680790141096684,1.0163511921603243
wine_binary,1,32,0.03,0.0481999886687845,1,1.6578920664697137,1.6680790141096684,0.9938930065339908
wine_binary,1,32,0.05,0.047999987145885825,1,1.6751316852696887,1.6680790141096684,1.0042280198362095
wine_binary,1,32,0.1,0.047699984861537814,1,1.561379526764623,1.6680790141096684,0.936034512488609
wine_binary,1,33,0.0,0.04710000939667225,1,1.0872634092382538,1.0872634092382538,1.0
wine_binary,1,33,0.01,0.04879999323748052,1,1.0871826264223472,1.0872634092382538,0.9999257007867457
wine_binary,1,33,0.03,0.04789998638443649,1,1.0462815769552947,1.0872634092382538,0.9623073563087428
wine_binary,1,33,0.05,0.046900007873773575,1,1.0552124865793417,1.0872634092382538,0.9705214740176281
wine_binary,1,33,0.1,0.04770001396536827,1,1.1427171708545234,1.0872634092382538,1.0510030606613727
wine_binary,1,34,0.0,0.060399994254112244,1,0.7221365107070278,0.7221365107070278,1.0
wine_binary,1,34,0.01,0.05210001836530864,1,0.7247942600925011,0.7221365107070278,1.003680397467885
wine_binary,1,34,0.03,0.05050000618211925,1,0.7249877671368447,0.7221365107070278,1.0039483620998824
wine_binary,1,34,0.05,0.04939999780617654,1,0.7113919741405991,0.7221365107070278,0.9851211835890848
wine_binary,1,34,0.1,0.04779998562298715,1,0.6706351428832352,0.7221365107070278,0.9286819499357971
wine_binary,2,0,0.0,0.056100019719451666,1,1.9622433870767972,1.9622433870767972,1.0
wine_binary,2,0,0.01,0.05040000542066991,1,1.9747674716181103,1.9622433870767972,1.0063825336978052
wine_binary,2,0,0.03,0.046999979531392455,1,1.9511354749879053,1.9622433870767972,0.994339177208063
wine_binary,2,0,0.05,0.04700000863522291,1,1.8542410014452564,1.9622433870767972,0.9449597402937692
wine_binary,2,0,0.1,0.04400001489557326,1,2.0470356216264785,1.9622433870767972,1.0432118844726996
wine_binary,2,1,0.0,0.04350001108832657,1,1.365655944149026,1.365655944149026,1.0
wine_binary,2,1,0.01,0.043899985030293465,1,1.3603379503016904,1.365655944149026,0.9961059050999487
wine_binary,2,1,0.03,0.04300000728107989,1,1.358625336991696,1.365655944149026,0.9948518459664372
wine_binary,2,1,0.05,0.04309997893869877,1,1.421026847387427,1.365655944149026,1.040545280438774
wine_binary,2,1,0.1,0.042800005758181214,1,1.442214370673715,1.365655944149026,1.056059820083304
wine_binary,2,2,0.0,0.042100000428035855,1,0.49761735462036416,0.49761735462036416,1.0
wine_binary,2,2,0.01,0.04360001184977591,1,0.493663904638299,0.49761735462036416,0.9920552409489792
wine_binary,2,2,0.03,0.04320000880397856,1,0.5194071557599261,0.49761735462036416,1.0437882660989297
wine_binary,2,2,0.05,0.04320000880397856,1,0.4720967510492443,0.49761735462036416,0.9487144020718696
wine_binary,2,2,0.1,0.04299997817724943,1,0.5246228404246627,0.49761735462036416,1.0542695819459535
wine_binary,2,3,0.0,0.04129999433644116,1,0.7028199740210724,0.7028199740210724,1.0
wine_binary,2,3,0.01,0.04299997817724943,1,0.7088640193544288,0.7028199740210724,1.0085997062644312
wine_binary,2,3,0.03,0.042400002712383866,1,0.7078213726631867,0.7028199740210724,1.0071161873978902
wine_binary,2,3,0.05,0.04260000423528254,1,0.7602765595010103,0.7028199740210724,1.0817514976861131
wine_binary,2,3,0.1,0.04300000728107989,1,0.6512597094029936,0.7028199740210724,0.9266380203694482
wine_binary,2,4,0.0,0.04650000482797623,1,1.9220806062792517,1.9220806062792517,1.0
wine_binary,2,4,0.01,0.04300000728107989,1,1.9202590716207864,1.9220806062792517,0.9990523109943908
wine_binary,2,4,0.03,0.04349998198449612,1,1.8639305601479477,1.9220806062792517,0.9697463020326341
wine_binary,2,4,0.05,0.04290000651963055,1,1.9052796881775256,1.9220806062792517,0.9912589940053299
wine_binary,2,4,0.1,0.042800005758181214,1,1.9380678324508984,1.9220806062792517,1.0083176668654883
wine_binary,2,5,0.0,0.04839999019168317,1,0.6883400306487246,0.6883400306487246,1.0
wine_binary,2,5,0.01,0.054899981478229165,1,0.6818915835015629,0.6883400306487246,0.9906318870615669
wine_binary,2,5,0.03,0.04749998333863914,1,0.6419255374982475,0.6883400306487246,0.9325703996806145
wine_binary,2,5,0.05,0.04640000406652689,1,0.6874624928476765,0.6883400306487246,0.9987251390853716
wine_binary,2,5,0.1,0.04719998105429113,1,0.7724687645722073,0.6883400306487246,1.1222197317860414
wine_binary,2,6,0.0,0.045900000259280205,1,0.17955228940197293,0.17955228940197293,1.0
wine_binary,2,6,0.01,0.04610000178217888,1,0.1812698433854245,0.17955228940197293,1.0095657593070642
wine_binary,2,6,0.03,0.04630000330507755,1,0.08335648967174009,0.17955228940197293,0.46424632038595526
wine_binary,2,6,0.05,0.04539999645203352,1,0.2604510143724276,0.17955228940197293,1.4505580254080892
wine_binary,2,6,0.1,0.0452000240329653,1,0.11524067075001995,0.17955228940197293,0.6418223411901184
wine_binary,2,7,0.0,0.04360001184977591,1,0.7151825498665746,0.7151825498665746,1.0
wine_binary,2,7,0.01,0.04349998198449612,1,0.7160850826544994,0.7151825498665746,1.0012619614224274
wine_binary,2,7,0.03,0.04300000728107989,1,0.7314368258765016,0.7151825498665746,1.0227274505131025
wine_binary,2,7,0.05,0.04269997589290142,1,0.6402057381293437,0.7151825498665746,0.8951640923688383
wine_binary,2,7,0.1,0.043400010326877236,1,0.8338715210501455,0.7151825498665746,1.1659561900744273
wine_binary,2,8,0.0,0.042800005758181214,1,1.4241857170896606,1.4241857170896606,1.0
wine_binary,2,8,0.01,0.041799998143687844,1,1.422774422008487,1.4241857170896606,0.999009051232407
wine_binary,2,8,0.03,0.0425000034738332,1,1.4269343402561436,1.4241857170896606,1.0019299611936145
wine_binary,2,8,0.05,0.042899977415800095,1,1.3734794570974367,1.4241857170896606,0.9643963147616431
wine_binary,2,8,0.1,0.04270000499673188,1,1.3014271652540375,1.4241857170896606,0.913804393371897
wine_binary,2,9,0.0,0.042800005758181214,1,1.130341956899484,1.130341956899484,1.0
wine_binary,2,9,0.01,0.04230000195093453,1,1.131861486119014,1.130341956899484,1.001344309312996
wine_binary,2,9,0.03,0.04169999738223851,1,1.1359867532810708,1.130341956899484,1.0049938837951928
wine_binary,2,9,0.05,0.041799998143687844,1,1.1922519749774674,1.130341956899484,1.0547710519812978
wine_binary,2,9,0.1,0.042400002712383866,1,1.1079431143027874,1.130341956899484,0.9801840120505335
wine_binary,2,10,0.0,0.048299989430233836,1,0.95152886402907,0.95152886402907,1.0
wine_binary,2,10,0.01,0.04630000330507755,1,0.9653368148152448,0.95152886402907,1.01451133150886
wine_binary,2,10,0.03,0.046200002543628216,1,0.9918497620803879,0.95152886402907,1.0423748554306451
wine_binary,2,10,0.05,0.046200002543628216,1,0.9125134086766662,0.95152886402907,0.9589970868700712
wine_binary,2,10,0.1,0.04569999873638153,1,0.8898853733770546,0.95152886402907,0.9352163733730603
wine_binary,2,11,0.0,0.04460001946426928,1,1.3463121140995884,1.3463121140995884,1.0
wine_binary,2,11,0.01,0.04490002174861729,1,1.3549485320586399,1.3463121140995884,1.0064148705702076
wine_binary,2,11,0.03,0.04509999416768551,1,1.3815704583260264,1.3463121140995884,1.0261888338203202
wine_binary,2,11,0.05,0.04509999416768551,1,1.3765821116661356,1.3463121140995884,1.0224836404943083
wine_binary,2,11,0.1,0.04490002174861729,1,1.4531116725113102,1.3463121140995884,1.079327488249743
wine_binary,2,12,0.0,0.04600000102072954,1,1.6398688897930507,1.6398688897930507,1.0
wine_binary,2,12,0.01,0.04640000406652689,1,1.6628400409915463,1.6398688897930507,1.0140079193778684
wine_binary,2,12,0.03,0.04549999721348286,1,1.5989894611727955,1.6398688897930507,0.9750715262209687
wine_binary,2,12,0.05,0.045900000259280205,1,1.669341901334568,1.6398688897930507,1.017972785339709
wine_binary,2,12,0.1,0.04579999949783087,1,1.6335560363351622,1.6398688897930507,0.9961503913531251
wine_binary,2,13,0.0,0.042800005758181214,1,1.0758453609223009,1.0758453609223009,1.0
wine_binary,2,13,0.01,0.04230000195093453,1,1.0906115710056752,1.0758453609223009,1.0137252161135086
wine_binary,2,13,0.03,0.043100008042529225,1,1.1189914284322466,1.0758453609223009,1.0401043394126435
wine_binary,2,13,0.05,0.061700004152953625,1,1.0106006363115583,1.0758453609223009,0.9393549231324383
wine_binary,2,13,0.1,0.04980000085197389,1,1.1717886824351524,1.0758453609223009,1.089179472252965
wine_binary,2,14,0.0,0.04379998426884413,1,1.2158265225228428,1.2158265225228428,1.0
wine_binary,2,14,0.01,0.04429998807609081,1,1.2063487433928446,1.2158265225228428,0.9922046616401065
wine_binary,2,14,0.03,0.04499999340623617,1,1.2253870195240026,1.2158265225228428,1.0078633726309258
wine_binary,2,14,0.05,0.05970001802779734,1,1.2859206533363483,1.2158265225228428,1.0576514243726647
wine_binary,2,14,0.1,0.04949999856762588,1,0.9625162992152744,1.2158265225228428,0.7916559487599028
wine_binary,2,15,0.0,0.04850002005696297,1,1.376680056412705,1.376680056412705,1.0
wine_binary,2,15,0.01,0.048200017772614956,1,1.3742891986436385,1.376680056412705,0.9982633163327022
wine_binary,2,15,0.03,0.047299981815740466,1,1.417875135568741,1.376680056412705,1.029923495269758
wine_binary,2,15,0.05,0.0475000124424696,1,1.306124248267995,1.376680056412705,0.948749306117965
wine_binary,2,15,0.1,0.04700000863522291,1,1.4786713644468992,1.376680056412705,1.0740849753427524
wine_binary,2,16,0.0,0.0467000063508749,1,0.6073588511470799,0.6073588511470799,1.0
wine_binary,2,16,0.01,0.0467000063508749,1,0.6091996314498452,0.6073588511470799,1.0030307952198092
wine_binary,2,16,0.03,0.046600005589425564,1,0.6072243261193186,0.6073588511470799,0.9997785081628313
wine_binary,2,16,0.05,0.047600013203918934,1,0.5796845155910821,0.6073588511470799,0.9544349514233126
wine_binary,2,16,0.1,0.046900007873773575,1,0.6634725954235243,0.6073588511470799,1.092389769524995
wine_binary,2,17,0.0,0.042800005758181214,1,1.0311441650622055,1.0311441650622055,1.0
wine_binary,2,17,0.01,0.042800005758181214,1,1.027435619263861,1.0311441650622055,0.9964034652728497
wine_binary,2,17,0.03,0.04349998198449612,1,1.0088858492530042,1.0311441650622055,0.9784139632814015
wine_binary,2,17,0.05,0.043100008042529225,1,1.0995871072172645,1.0311441650622055,1.0663757256008233
wine_binary,2,17,0.1,0.045199994929134846,1,0.9685875305586146,1.0311441650622055,0.9393327949445196
wine_binary,2,18,0.0,0.04300000728107989,1,0.17208600155625123,0.17208600155625123,1.0
wine_binary,2,18,0.01,0.04300000728107989,1,0.18933569300113695,0.17208600155625123,1.1002387834506526
wine_binary,2,18,0.03,0.04339998122304678,1,0.16541197139385877,0.17208600155625123,0.9612168909612857
wine_binary,2,18,0.05,0.04349998198449612,1,0.16125937105564028,0.17208600155625123,0.9370859314371834
wine_binary,2,18,0.1,0.043400010326877236,1,0.21889092911964506,0.17208600155625123,1.2719856765809874
wine_binary,2,19,0.0,0.047600013203918934,1,0.29925381738571943,0.29925381738571943,1.0
wine_binary,2,19,0.01,0.04779998562298715,1,0.2911766735110043,0.29925381738571943,0.9730090531667163
wine_binary,2,19,0.03,0.04680000711232424,1,0.32034312768752765,0.29925381738571943,1.0704729867309442
wine_binary,2,19,0.05,0.04630000330507755,1,0.2827509989090312,0.29925381738571943,0.9448534403976637
wine_binary,2,19,0.1,0.04650000482797623,1,0.28792444072840506,0.29925381738571943,0.9621412459954971
wine_binary,2,20,0.0,0.04539999645203352,1,0.20245295363885552,0.20245295363885552,1.0
wine_binary,2,20,0.01,0.04650000482797623,1,0.20934581803024133,0.20245295363885552,1.0340467465032968
wine_binary,2,20,0.03,0.046200002543628216,1,0.2052377299880429,0.20245295363885552,1.013755177680218
wine_binary,2,20,0.05,0.04600000102072954,1,0.12915266043659368,0.20245295363885552,0.637939126672273
wine_binary,2,20,0.1,0.04549999721348286,1,0.1012672786060112,0.20245295363885552,0.5002015371267748
wine_binary,2,21,0.0,0.042800005758181214,1,1.4880301684579789,1.4880301684579789,1.0
wine_binary,2,21,0.01,0.04350001108832657,1,1.5026929494786476,1.4880301684579789,1.0098538197218565
wine_binary,2,21,0.03,0.0425000034738332,1,1.4546337397517188,1.4880301684579789,0.977556618532225
wine_binary,2,21,0.05,0.04390001413412392,1,1.4522009995484328,1.4880301684579789,0.9759217456278624
wine_binary,2,21,0.1,0.042100000428035855,1,1.7553146597098066,1.4880301684579789,1.1796230324609684
wine_binary,2,22,0.0,0.04270000499673188,1,0.9436755756172341,0.9436755756172341,1.0
wine_binary,2,22,0.01,0.043100008042529225,1,0.9504121709179754,0.9436755756172341,1.0071386771839834
wine_binary,2,22,0.03,0.042899977415800095,1,0.919903262340354,0.9436755756172341,0.9748088072944653
wine_binary,2,22,0.05,0.042100000428035855,1,0.9583363357983833,0.9436755756172341,1.01553580548226
wine_binary,2,22,0.1,0.04400001489557326,1,1.0713089925674442,0.9436755756172341,1.1352513726623985
wine_binary,2,23,0.0,0.0425000034738332,1,0.0940522031323047,0.0940522031323047,1.0
wine_binary,2,23,0.01,0.04220000118948519,1,0.10014597478863566,0.0940522031323047,1.0647913759952945
wine_binary,2,23,0.03,0.043199979700148106,1,0.06306624976629963,0.0940522031323047,0.6705451617925776
wine_binary,2,23,0.05,0.04220000118948519,1,0.0,0.0940522031323047,0.0
wine_binary,2,23,0.1,0.04849999095313251,1,0.06307388406613315,0.0940522031323047,0.6706263326698061
wine_binary,2,24,0.0,0.042100000428035855,1,1.6335332573620391,1.6335332573620391,1.0
wine_binary,2,24,0.01,0.04189999890513718,1,1.6476068954447964,1.6335332573620391,1.008615458558514
wine_binary,2,24,0.03,0.04159999662078917,1,1.646729817311853,1.6335332573620391,1.0080785376669494
wine_binary,2,24,0.05,0.04260000423528254,1,1.6637056812955424,1.6335332573620391,1.0184706517590147
wine_binary,2,24,0.1,0.0418000272475183,1,1.6207557066655325,1.6335332573620391,0.9921779672137555
wine_binary,2,25,0.0,0.04639997496269643,1,0.6070577464867817,0.6070577464867817,1.0
wine_binary,2,25,0.01,0.045900000259280205,1,0.602584771598101,0.6070577464867817,0.9926317143392583
wine_binary,2,25,0.03,0.046200002543628216,1,0.5568507381749792,0.6070577464867817,0.9172945101147875
wine_binary,2,25,0.05,0.047900015488266945,1,0.5226608942012387,0.6070577464867817,0.8609739307768134
wine_binary,2,25,0.1,0.04609997267834842,1,0.5259117686359457,0.6070577464867817,0.8663290628931907
wine_binary,2,26,0.0,0.04490002174861729,1,0.3846606075175565,0.3846606075175565,1.0
wine_binary,2,26,0.01,0.04549999721348286,1,0.38046944686089856,0.3846606075175565,0.9891042634084474
wine_binary,2,26,0.03,0.0452000240329653,1,0.3781723990003838,0.3846606075175565,0.9831326411117454
wine_binary,2,26,0.05,0.04539999645203352,1,0.37377645931818093,0.3846606075175565,0.9717045416487604
wine_binary,2,26,0.1,0.04610000178217888,1,0.4844688526378046,0.3846606075175565,1.2594709288387236
wine_binary,2,27,0.0,0.042400002712383866,1,0.983263553868707,0.983263553868707,1.0
wine_binary,2,27,0.01,0.04260000423528254,1,0.9792402170915774,0.983263553868707,0.99590818070974
wine_binary,2,27,0.03,0.04369998350739479,1,1.005690369476614,0.983263553868707,1.0228085496708053
wine_binary,2,27,0.05,0.04270000499673188,1,1.0024313688782331,0.983263553868707,1.019494076571952
wine_binary,2,27,0.1,0.043199979700148106,1,1.1231076398193924,0.983263553868707,1.1422244172485199
wine_binary,2,28,0.0,0.04220000118948519,1,1.5487660530842127,1.5487660530842127,1.0
wine_binary,2,28,0.01,0.04220000118948519,1,1.5321695298910665,1.5487660530842127,0.9892840347578022
wine_binary,2,28,0.03,0.043100008042529225,1,1.5998601126255194,1.5487660530842127,1.0329901726858992
wine_binary,2,28,0.05,0.0433000095654279,1,1.5738021813388148,1.5487660530842127,1.0161652098486695
wine_binary,2,28,0.1,0.04260000423528254,1,1.5811431063547676,1.5487660530842127,1.020905063877194
wine_binary,2,29,0.0,0.04220000118948519,1,0.9559032046152792,0.9559032046152792,1.0
wine_binary,2,29,0.01,0.042100000428035855,1,0.9543616325579419,0.9559032046152792,0.9983873136423288
wine_binary,2,29,0.03,0.043899985030293465,1,0.9437306405218112,0.9559032046152792,0.9872659030384074
wine_binary,2,29,0.05,0.04260000423528254,1,0.8844039918135963,0.9559032046152792,0.9252024551686077
wine_binary,2,29,0.1,0.0425000034738332,1,1.2269948079352755,0.9559032046152792,1.2835973370641665
wine_binary,2,30,0.0,0.04639997496269643,1,0.8907929794028364,0.8907929794028364,1.0
wine_binary,2,30,0.01,0.0467000063508749,1,0.8984347163688264,0.8907929794028364,1.0085785778993372
wine_binary,2,30,0.03,0.046200002543628216,1,0.9205386423442092,0.8907929794028364,1.03339234101431
wine_binary,2,30,0.05,0.04529999569058418,1,0.9705147611604938,0.8907929794028364,1.0894952964392477
wine_binary,2,30,0.1,0.0473999825771898,1,0.9227538039551733,0.8907929794028364,1.0358790709978007
wine_binary,2,31,0.0,0.04290000651963055,1,1.2596097566481528,1.2596097566481528,1.0
wine_binary,2,31,0.01,0.042400002712383866,1,1.2514085336517142,1.2596097566481528,0.9934890763165711
wine_binary,2,31,0.03,0.04260000423528254,1,1.2619922045399834,1.2596097566481528,1.0018914174642235
wine_binary,2,31,0.05,0.042800005758181214,1,1.2689761494254006,1.2596097566481528,1.0074359481004433
wine_binary,2,31,0.1,0.15209999401122332,1,1.181800205018677,1.2596097566481528,0.9382272555298964
wine_binary,2,32,0.0,0.13120000949129462,1,0.8503023896520139,0.8503023896520139,1.0
wine_binary,2,32,0.01,0.11189997894689441,1,0.8503989052771534,0.8503023896520139,1.000113507413732
wine_binary,2,32,0.03,0.10720000136643648,1,0.857073659314745,0.8503023896520139,1.0079633666153782
wine_binary,2,32,0.05,0.10649999603629112,1,0.8198056303581915,0.8503023896520139,0.9641342189967229
wine_binary,2,32,0.1,0.11279998579993844,1,0.7176661037172904,0.8503023896520139,0.8440128035051098
wine_binary,2,33,0.0,0.10510001447983086,1,1.2593429742229627,1.2593429742229627,1.0
wine_binary,2,33,0.01,0.12299997615627944,1,1.2660381907721503,1.2593429742229627,1.0053164361784117
wine_binary,2,33,0.03,0.1115999766625464,1,1.285289879358918,1.2593429742229627,1.020603525542329
wine_binary,2,33,0.05,0.10309999925084412,1,1.2070898149761808,1.2593429742229627,0.9585076025226384
wine_binary,2,33,0.1,0.10259999544359744,1,1.291072885967542,1.2593429742229627,1.0251956078638207
wine_binary,2,34,0.0,0.11029999586753547,1,0.022230281194763307,0.022230281194763307,1.0
wine_binary,2,34,0.01,0.10949998977594078,1,0.02565000571092338,0.022230281194763307,1.153831815540221
wine_binary,2,34,0.03,0.1086000120267272,1,0.004557636131845649,0.022230281194763307,0.20501927492123997
wine_binary,2,34,0.05,0.09620000491850078,1,0.0710623541981858,0.022230281194763307,3.1966466629727406
wine_binary,2,34,0.1,0.09590000263415277,1,0.010020188152506354,0.022230281194763307,0.4507450024908712
wine_binary,3,0,0.0,0.10040000779554248,1,1.1329309712394984,1.1329309712394984,1.0
wine_binary,3,0,0.01,0.0926000066101551,1,1.1194159168415954,1.1329309712394984,0.9880707168035872
wine_binary,3,0,0.03,0.08569998317398131,1,1.1095676977142404,1.1329309712394984,0.9793780255652318
wine_binary,3,0,0.05,0.08259998867288232,1,1.2389314466848187,1.1329309712394984,1.0935630485318528
wine_binary,3,0,0.1,0.07929999264888465,1,1.0122270664847284,1.1329309712394984,0.8934587297735251
wine_binary,3,1,0.0,0.07609999738633633,1,1.6257857227303036,1.6257857227303036,1.0
wine_binary,3,1,0.01,0.07700000423938036,1,1.6342791592471206,1.6257857227303036,1.0052242041482278
wine_binary,3,1,0.03,0.07589999586343765,1,1.5556204625407064,1.6257857227303036,0.956842246054564
wine_binary,3,1,0.05,0.07509998977184296,1,1.62761686044026,1.6257857227303036,1.0011263093803537
wine_binary,3,1,0.1,0.07529999129474163,1,1.62777259206458,1.6257857227303036,1.0012220979102582
wine_binary,3,2,0.0,0.06479999865405262,1,0.1472353989215682,0.1472353989215682,1.0
wine_binary,3,2,0.01,0.06940000457689166,1,0.13426337635591393,0.1472353989215682,0.9118960341013888
wine_binary,3,2,0.03,0.06529997335746884,1,0.12639668282510533,0.1472353989215682,0.8584666714044522
wine_binary,3,2,0.05,0.06560000474564731,1,0.1232563259831044,0.1472353989215682,0.8371378546592768
wine_binary,3,2,0.1,0.06429999484680593,1,0.11801736114725928,0.1472353989215682,0.8015556178180134
wine_binary,3,3,0.0,0.06369999027810991,1,0.757870706300915,0.757870706300915,1.0
wine_binary,3,3,0.01,0.06350001785904169,1,0.7638711283128339,0.757870706300915,1.007917474527029
wine_binary,3,3,0.03,0.06359998951666057,1,0.7407817062076819,0.757870706300915,0.9774512988150147
wine_binary,3,3,0.05,0.06639998173341155,1,0.6936373286446048,0.757870706300915,0.9152449393778177
wine_binary,3,3,0.1,0.06459999713115394,1,0.7321987115329889,0.757870706300915,0.9661261550888695
wine_binary,3,4,0.0,0.07179999374784529,1,0.668267344819834,0.668267344819834,1.0
wine_binary,3,4,0.01,0.06960000609979033,1,0.6701781924258783,0.668267344819834,1.0028594059261708
wine_binary,3,4,0.03,0.06980000762268901,1,0.6646865185197015,0.668267344819834,0.9946416260978638
wine_binary,3,4,0.05,0.06960000609979033,1,0.6222642385459887,0.668267344819834,0.9311606251144177
wine_binary,3,4,0.1,0.05780000356025994,1,0.71604471857009,0.668267344819834,1.0714944013359458
wine_binary,3,5,0.0,0.05830000736750662,1,0.379017301520034,0.379017301520034,1.0
wine_binary,3,5,0.01,0.05859998054802418,1,0.37191909347808805,0.379017301520034,0.9812720738249181
wine_binary,3,5,0.03,0.05880001117475331,1,0.3140719043638962,0.379017301520034,0.8286479353431181
wine_binary,3,5,0.05,0.05909998435527086,1,0.39816266918057674,0.379017301520034,1.0505131760047919
wine_binary,3,5,0.1,0.05889998283237219,1,0.4104435325848673,0.379017301520034,1.0829150303661592
wine_binary,3,6,0.0,0.056599994422867894,1,1.2184732819833117,1.2184732819833117,1.0
wine_binary,3,6,0.01,0.057900004321709275,1,1.218397667089426,1.2184732819833117,0.9999379429200429
wine_binary,3,6,0.03,0.054800009820610285,1,1.234184696755557,1.2184732819833117,1.0128943449188084
wine_binary,3,6,0.05,0.055899989092722535,1,1.2113222560087686,1.2184732819833117,0.9941311589837215
wine_binary,3,6,0.1,0.055100012104958296,1,1.3881602256142134,1.2184732819833117,1.1392619322392543
wine_binary,3,7,0.0,0.0585000088904053,1,0.6782414842439652,0.6782414842439652,1.0
wine_binary,3,7,0.01,0.058600009651854634,1,0.6701441528200425,0.6782414842439652,0.9880612855273091
wine_binary,3,7,0.03,0.05810000584460795,1,0.7488247509118018,0.6782414842439652,1.1040680470120692
wine_binary,3,7,0.05,0.059699988923966885,1,0.6900218684148209,0.6782414842439652,1.0173690115460678
wine_binary,3,7,0.1,0.05849997978657484,1,0.4719152858165301,0.6782414842439652,0.6957924231700061
wine_binary,3,8,0.0,0.08310002158395946,1,0.8577759938783236,0.8577759938783236,1.0
wine_binary,3,8,0.01,0.08399999933317304,1,0.85262316071871,0.8577759938783236,0.9939927985903223
wine_binary,3,8,0.03,0.08420000085607171,1,0.8793508450238339,0.8577759938783236,1.025152080845679
wine_binary,3,8,0.05,0.08329999400302768,1,0.7922249770496976,0.8577759938783236,0.923580261867384
wine_binary,3,8,0.1,0.08610001532360911,1,0.7459341630211587,0.8577759938783236,0.869614174731696
wine_binary,3,9,0.0,0.05189998773857951,1,0.8278535756059306,0.8278535756059306,1.0
wine_binary,3,9,0.01,0.08460000390186906,1,0.8363906307426936,0.8278535756059306,1.0103122766976207
wine_binary,3,9,0.03,0.05940001574344933,1,0.8650162972799524,0.8278535756059306,1.0448904525740814
wine_binary,3,9,0.05,0.05539998528547585,1,0.9577678385745725,0.8278535756059306,1.1569290352748114
wine_binary,3,9,0.1,0.05319999763742089,1,0.6417187108603662,0.8278535756059306,0.775159677713143
wine_binary,3,10,0.0,0.051000009989365935,1,0.4510032168057102,0.4510032168057102,1.0
wine_binary,3,10,0.01,0.051000009989365935,1,0.42694775892881065,0.4510032168057102,0.9466623363636395
wine_binary,3,10,0.03,0.05060000694356859,1,0.42449617289438824,0.4510032168057102,0.9412264859238442
wine_binary,3,10,0.05,0.049299997044727206,1,0.3955883959395564,0.4510032168057102,0.8771298766810655
wine_binary,3,10,0.1,0.04959999932907522,1,0.5022971657519798,0.4510032168057102,1.1137330001980157
wine_binary,3,11,0.0,0.04889999399892986,1,1.0394076892155013,1.0394076892155013,1.0
wine_binary,3,11,0.01,0.049299997044727206,1,1.0242833899694124,1.0394076892155013,0.9854491174127218
wine_binary,3,11,0.03,0.04959999932907522,1,1.0586382691843947,1.0394076892155013,1.0185014794179634
wine_binary,3,11,0.05,0.0509000092279166,1,0.9286985394381809,1.0394076892155013,0.8934882328406877
wine_binary,3,11,0.1,0.043800013372674584,1,1.0358724160977315,1.0394076892155013,0.9965987618193992
wine_binary,3,12,0.0,0.04349998198449612,1,0.7516713630787897,0.7516713630787897,1.0
wine_binary,3,12,0.01,0.042800005758181214,1,0.74970247323876,0.7516713630787897,0.9973806507248524
wine_binary,3,12,0.03,0.04290000651963055,1,0.7714485764568139,0.7516713630787897,1.0263109842272269
wine_binary,3,12,0.05,0.04299997817724943,1,0.7299714972188932,0.7516713630787897,0.9711311792283592
wine_binary,3,12,0.1,0.06010002107359469,1,0.6560624045087219,0.7516713630787897,0.8728048409633957
wine_binary,3,13,0.0,0.048600020818412304,1,0.5685259505785236,0.5685259505785236,1.0
wine_binary,3,13,0.01,0.04789998638443649,1,0.5744273680585688,0.5685259505785236,1.01038020775312
wine_binary,3,13,0.03,0.04579999949783087,1,0.6132856519025225,0.5685259505785236,1.0787293900629373
wine_binary,3,13,0.05,0.04569999873638153,1,0.5985464550103444,0.5685259505785236,1.0528041057778847
wine_binary,3,13,0.1,0.046200002543628216,1,0.5222586211368727,0.5685259505785236,0.9186187905854254
wine_binary,3,14,0.0,0.0433000095654279,1,1.201202503544518,1.201202503544518,1.0
wine_binary,3,14,0.01,0.04339998122304678,1,1.2162846578891053,1.201202503544518,1.012555879878774
wine_binary,3,14,0.03,0.043400010326877236,1,1.1748808799376247,1.201202503544518,0.9780872721050587
wine_binary,3,14,0.05,0.04300000728107989,1,1.2245274921776288,1.201202503544518,1.0194180319840187
wine_binary,3,14,0.1,0.042800005758181214,1,1.1134481657587403,1.201202503544518,0.9269445930000716
wine_binary,3,15,0.0,0.042400002712383866,1,0.5715878023052181,0.5715878023052181,1.0
wine_binary,3,15,0.01,0.04220000118948519,1,0.5605372802495888,0.5715878023052181,0.9806669736284391
wine_binary,3,15,0.03,0.04230000195093453,1,0.5524424423810833,0.5715878023052181,0.9665049536625495
wine_binary,3,15,0.05,0.043100008042529225,1,0.5779548981222364,0.5715878023052181,1.011139313665092
wine_binary,3,15,0.1,0.042100000428035855,1,0.5323451087221308,0.5715878023052181,0.9313444173846587
wine_binary,3,16,0.0,0.042400002712383866,1,1.0273373572824418,1.0273373572824418,1.0
wine_binary,3,16,0.01,0.04279997665435076,1,1.0236446839522624,1.0273373572824418,0.996405588384377
wine_binary,3,16,0.03,0.042800005758181214,1,0.9705756673837336,1.0273373572824418,0.9447487337082175
wine_binary,3,16,0.05,0.043599982745945454,1,1.0000058705456294,1.0273373572824418,0.9733958017363343
wine_binary,3,16,0.1,0.04270000499673188,1,1.003632818785678,1.0273373572824418,0.9769262372007301
wine_binary,3,17,0.0,0.04199999966658652,1,0.1396389485347798,0.1396389485347798,1.0
wine_binary,3,17,0.01,0.048999994760379195,1,0.14806913141201547,0.1396389485347798,1.0603712858460546
wine_binary,3,17,0.03,0.043100008042529225,1,0.06901314412992815,0.1396389485347798,0.4942256072111506
wine_binary,3,17,0.05,0.06309998570941389,1,0.2888939403810399,0.1396389485347798,2.068863618728017
wine_binary,3,17,0.1,0.048900023102760315,1,0.24155395859627948,0.1396389485347798,1.7298465874377147
wine_binary,3,18,0.0,0.04379998426884413,1,1.3869477144516964,1.3869477144516964,1.0
wine_binary,3,18,0.01,0.0447999918833375,1,1.3851380094769827,1.3869477144516964,0.9986951887545169
wine_binary,3,18,0.03,0.04430001717992127,1,1.4433402610842776,1.3869477144516964,1.04065946109214
wine_binary,3,18,0.05,0.04400001489557326,1,1.442260724783017,1.3869477144516964,1.0398811070921932
wine_binary,3,18,0.1,0.04420001641847193,1,1.4229824730494627,1.3869477144516964,1.0259813388942438
wine_binary,3,19,0.0,0.04270000499673188,1,0.9336808788869579,0.9336808788869579,1.0
wine_binary,3,19,0.01,0.04290000651963055,1,0.9450049035169051,0.9336808788869579,1.0121283672890962
wine_binary,3,19,0.03,0.04269997589290142,1,0.9395074512449846,0.9336808788869579,1.0062404323466199
wine_binary,3,19,0.05,0.044400017941370606,1,0.9336633003489547,0.9336808788869579,0.999981172862805
wine_binary,3,19,0.1,0.04230000195093453,1,1.0554375576005202,0.9336808788869579,1.1304050253858775
wine_binary,3,20,0.0,0.042400002712383866,1,0.8027658796601831,0.8027658796601831,1.0
wine_binary,3,20,0.01,0.04309997893869877,1,0.8014553595688598,0.8027658796601831,0.998367494029669
wine_binary,3,20,0.03,0.04270000499673188,1,0.7930518468825383,0.8027658796601831,0.9878992953938739
wine_binary,3,20,0.05,0.04409998655319214,1,0.8472366283320546,0.8027658796601831,1.0553969093587987
wine_binary,3,20,0.1,0.0425000034738332,1,0.7257803618591597,0.8027658796601831,0.9040996637355689
wine_binary,3,21,0.0,0.043899985030293465,1,0.8663592126881087,0.8663592126881087,1.0
wine_binary,3,21,0.01,0.04300000728107989,1,0.8595041301810974,0.8663592126881087,0.9920874824130494
wine_binary,3,21,0.03,0.042800005758181214,1,0.8783991810710706,0.8663592126881087,1.0138972013070708
wine_binary,3,21,0.05,0.04260000423528254,1,0.8537499511076952,0.8663592126881087,0.9854456888138929
wine_binary,3,21,0.1,0.04439998883754015,1,1.0239247095108517,0.8663592126881087,1.1818708620109832
wine_binary,3,22,0.0,0.04710000939667225,1,0.1994827918856752,0.1994827918856752,1.0
wine_binary,3,22,0.01,0.04569999873638153,1,0.19904342256945862,0.1994827918856752,0.9977974575547931
wine_binary,3,22,0.03,0.04579999949783087,1,0.17952657685768403,0.1994827918856752,0.8999602179248214
wine_binary,3,22,0.05,0.04549999721348286,1,0.19888065709778913,0.1994827918856752,0.9969815201492109
wine_binary,3,22,0.1,0.04539999645203352,1,0.2441283834753768,0.1994827918856752,1.2238067312356862
wine_binary,3,23,0.0,0.0433000095654279,1,1.3322437391029578,1.3322437391029578,1.0
wine_binary,3,23,0.01,0.04350001108832657,1,1.325089949326057,1.3322437391029578,0.9946302695468341
wine_binary,3,23,0.03,0.042899977415800095,1,1.3526891398992877,1.3322437391029578,1.0153465917656304
wine_binary,3,23,0.05,0.0433000095654279,1,1.2668453064377343,1.3322437391029578,0.9509110602319225
wine_binary,3,23,0.1,0.042400002712383866,1,1.4176488952640522,1.3322437391029578,1.0641062544745756
wine_binary,3,24,0.0,0.04199999966658652,1,1.0213427932412422,1.0213427932412422,1.0
wine_binary,3,24,0.01,0.0425000034738332,1,1.0147936488026634,1.0213427932412422,0.9935877117047108
wine_binary,3,24,0.03,0.042599975131452084,1,1.0109719638098995,1.0213427932412422,0.9898458876882748
wine_binary,3,24,0.05,0.04350001108832657,1,0.9653362658947869,1.0213427932412422,0.9451638296984326
wine_binary,3,24,0.1,0.0433000095654279,1,1.0587626021268097,1.0213427932412422,1.0366378547273196
wine_binary,3,25,0.0,0.07390000973828137,1,0.668267344819834,0.668267344819834,1.0
wine_binary,3,25,0.01,0.07270000060088933,1,0.6811594166870729,0.668267344819834,1.0192917878857521
wine_binary,3,25,0.03,0.07959999493323267,1,0.6830396302905937,0.668267344819834,1.0221053528730217
wine_binary,3,25,0.05,0.04800001624971628,1,0.6500986522598542,0.668267344819834,0.9728122394415695
wine_binary,3,25,0.1,0.07280000136233866,1,0.5436973067924923,0.668267344819834,0.8135925105529046
wine_binary,3,26,0.0,0.07249999907799065,1,0.2194310707339373,0.2194310707339373,1.0
wine_binary,3,26,0.01,0.0740000104997307,1,0.22565237649411674,0.2194310707339373,1.0283519819657756
wine_binary,3,26,0.03,0.04569999873638153,1,0.0,0.2194310707339373,0.0
wine_binary,3,26,0.05,0.045599997974932194,1,0.0,0.2194310707339373,0.0
wine_binary,3,26,0.1,0.04499999340623617,1,0.0,0.2194310707339373,0.0
wine_binary,3,27,0.0,0.0425000034738332,1,1.6756564198509591,1.6756564198509591,1.0
wine_binary,3,27,0.01,0.043100008042529225,1,1.6800138009274985,1.6756564198509591,1.0026004024601458
wine_binary,3,27,0.03,0.04260000423528254,1,1.6908710555313216,1.6756564198509591,1.0090798062777784
wine_binary,3,27,0.05,0.043800013372674584,1,1.6402090074168865,1.6756564198509591,0.9788456559386884
wine_binary,3,27,0.1,0.0425000034738332,1,1.6186962059092491,1.6756564198509591,0.9660072236367069
wine_binary,3,28,0.0,0.04509999416768551,1,0.5785000900026549,0.5785000900026549,1.0
wine_binary,3,28,0.01,0.04509999416768551,1,0.5729771816369563,0.5785000900026549,0.9904530553043246
wine_binary,3,28,0.03,0.04529999569058418,1,0.5538400777873442,0.5785000900026549,0.9573725006417934
wine_binary,3,28,0.05,0.045199994929134846,1,0.5479501544460862,0.5785000900026549,0.9471911308493859
wine_binary,3,28,0.1,0.04409998655319214,1,0.7752629187501143,0.5785000900026549,1.3401258394731734
wine_binary,3,29,0.0,0.04449998959898949,1,1.0871812006333375,1.0871812006333375,1.0
wine_binary,3,29,0.01,0.05150001379661262,1,1.086537252160461,1.0871812006333375,0.9994076898381785
wine_binary,3,29,0.03,0.046200002543628216,1,1.0843869894357414,1.0871812006333375,0.9974298569585565
wine_binary,3,29,0.05,0.048299989430233836,1,1.0541874319110784,1.0871812006333375,0.9696520058449885
wine_binary,3,29,0.1,0.044899992644786835,1,1.0622582103807234,1.0871812006333375,0.9770755875487038
wine_binary,3,30,0.0,0.043100008042529225,1,0.1196906696865177,0.1196906696865177,1.0
wine_binary,3,30,0.01,0.04379998426884413,1,0.12839453415971233,0.1196906696865177,1.0727196572296818
wine_binary,3,30,0.03,0.04320000880397856,1,0.10948993246759764,0.1196906696865177,0.9147741653911967
wine_binary,3,30,0.05,0.04290000651963055,1,0.126785382595123,0.1196906696865177,1.059275404901544
wine_binary,3,30,0.1,0.04290000651963055,1,0.0,0.1196906696865177,0.0
wine_binary,3,31,0.0,0.04220000118948519,1,0.8793538821757156,0.8793538821757156,1.0
wine_binary,3,31,0.01,0.042100000428035855,1,0.8732143015314918,0.8793538821757156,0.993018077512738
wine_binary,3,31,0.03,0.04220000118948519,1,0.9093384218035853,0.8793538821757156,1.0340983763597895
wine_binary,3,31,0.05,0.04199999966658652,1,0.9279565562767751,0.8793538821757156,1.0552708927386614
wine_binary,3,31,0.1,0.042100000428035855,1,1.04140865393044,0.8793538821757156,1.1842884588781992
wine_binary,3,32,0.0,0.04360001184977591,1,0.6369835134694707,0.6369835134694707,1.0
wine_binary,3,32,0.01,0.04220000118948519,1,0.6337646404904015,0.6369835134694707,0.9949466934214092
wine_binary,3,32,0.03,0.043100008042529225,1,0.6398108043721277,0.6369835134694707,1.0044385621336689
wine_binary,3,32,0.05,0.04300000728107989,1,0.6089064496502153,0.6369835134694707,0.9559218359258195
wine_binary,3,32,0.1,0.04270000499673188,1,0.6534547690205176,0.6369835134694707,1.0258582132861376
wine_binary,3,33,0.0,0.04220000118948519,1,1.8302310668512265,1.8302310668512265,1.0
wine_binary,3,33,0.01,0.04119999357499182,1,1.8432133503603851,1.8302310668512265,1.0070932483577026
wine_binary,3,33,0.03,0.044100015657022595,1,1.8390833600633816,1.8302310668512265,1.0048367079832083
wine_binary,3,33,0.05,0.0425000034738332,1,1.8800394718254518,1.8302310668512265,1.027214271397937
wine_binary,3,33,0.1,0.04199999966658652,1,1.9125249983356256,1.8302310668512265,1.0449636840806005
wine_binary,3,34,0.0,0.051099981646984816,1,0.4288879986406894,0.4288879986406894,1.0
wine_binary,3,34,0.01,0.04549999721348286,1,0.42443182802032264,0.4288879986406894,0.9896099433080663
wine_binary,3,34,0.03,0.04549999721348286,1,0.3956418975994235,0.4288879986406894,0.9224830231980481
wine_binary,3,34,0.05,0.04509999416768551,1,0.5227310440483872,0.4288879986406894,1.2188054823290053
wine_binary,3,34,0.1,0.04449998959898949,1,0.4674041909536254,0.4288879986406894,1.089804779884279
wine_binary,4,0,0.0,0.06199997733347118,1,0.5744578002737991,0.5744578002737991,1.0
wine_binary,4,0,0.01,0.0816000101622194,1,0.562311308713451,0.5744578002737991,0.9788557287331484
wine_binary,4,0,0.03,0.060200021835044026,1,0.531027074116126,0.5744578002737991,0.9243970120399218
wine_binary,4,0,0.05,0.056200020480901,1,0.6379909545510156,0.5744578002737991,1.1105967300764916
wine_binary,4,0,0.1,0.05329999839887023,1,0.7421901383594532,0.5744578002737991,1.2919837418966358
wine_binary,4,1,0.0,0.05059997783973813,1,1.386069645619887,1.386069645619887,1.0
wine_binary,4,1,0.01,0.04990000161342323,1,1.3909126449492872,1.386069645619887,1.0034940519364985
wine_binary,4,1,0.03,0.050000002374872565,1,1.3972175747529967,1.386069645619887,1.0080428347654378
wine_binary,4,1,0.05,0.04959999932907522,1,1.3732208280193128,1.386069645619887,0.9907300346406274
wine_binary,4,1,0.1,0.04889999399892986,1,1.3637828906736542,1.386069645619887,0.9839208981910388
wine_binary,4,2,0.0,0.048999994760379195,1,1.0839768935405147,1.0839768935405147,1.0
wine_binary,4,2,0.01,0.04880002234131098,1,1.0748234545915687,1.0839768935405147,0.9915556881299851
wine_binary,4,2,0.03,0.05110001075081527,1,1.138147398517718,1.0839768935405147,1.04997385580819
wine_binary,4,2,0.05,0.048699992476031184,1,1.0922362815528963,1.0839768935405147,1.007619524052219
wine_binary,4,2,0.1,0.04800001624971628,1,0.9507251381261506,1.0839768935405147,0.877071406034188
wine_binary,4,3,0.0,0.047200010158121586,1,0.1049009888319237,0.1049009888319237,1.0
wine_binary,4,3,0.01,0.047999987145885825,1,0.10801230247011484,0.1049009888319237,1.0296595263098636
wine_binary,4,3,0.03,0.04789998638443649,1,0.10139703523958807,0.1049009888319237,0.9665975160830009
wine_binary,4,3,0.05,0.0473999825771898,1,0.11050573662326155,0.1049009888319237,1.053428931926638
wine_binary,4,3,0.1,0.04759998410008848,1,0.04249680284328139,0.1049009888319237,0.4051134628613593
wine_binary,4,4,0.0,0.045599997974932194,1,1.2159838862658428,1.2159838862658428,1.0
wine_binary,4,4,0.01,0.04579999949783087,1,1.213787352836194,1.2159838862658428,0.9981936163345108
wine_binary,4,4,0.03,0.04630000330507755,1,1.251333855744011,1.2159838862658428,1.0290710838173394
wine_binary,4,4,0.05,0.045900000259280205,1,1.2168783303894222,1.2159838862658428,1.0007355723490103
wine_binary,4,4,0.1,0.04579999949783087,1,1.2573202516069228,1.2159838862658428,1.033994171968857
wine_binary,4,5,0.0,0.044899992644786835,1,1.0479657368222375,1.0479657368222375,1.0
wine_binary,4,5,0.01,0.0447999918833375,1,1.0607859245220683,1.0479657368222375,1.0122334034876996
wine_binary,4,5,0.03,0.04490002174861729,1,1.0374495401129777,1.0479657368222375,0.9899651330766327
wine_binary,4,5,0.05,0.0447999918833375,1,1.0668901486005413,1.0479657368222375,1.018058235220255
wine_binary,4,5,0.1,0.045199994929134846,1,1.0804045083586018,1.0479657368222375,1.0309540382825195
wine_binary,4,6,0.0,0.04439998883754015,1,1.0050909101798,1.0050909101798,1.0
wine_binary,4,6,0.01,0.0475000124424696,1,1.0073125218379164,1.0050909101798,1.0022103589193927
wine_binary,4,6,0.03,0.04600000102072954,1,1.0089263481031332,1.0050909101798,1.0038160109543197
wine_binary,4,6,0.05,0.04549999721348286,1,0.994871288278636,1.0050909101798,0.989832141751898
wine_binary,4,6,0.1,0.04529999569058418,1,1.0116370769160545,1.0050909101798,1.0065130095894346
wine_binary,4,7,0.0,0.23949999012984335,1,0.594438941186219,0.594438941186219,1.0
wine_binary,4,7,0.01,0.05339999916031957,1,0.5871405496238679,0.594438941186219,0.9877222182857217
wine_binary,4,7,0.03,0.05060000694356859,1,0.5749849394545193,0.594438941186219,0.9672733389692159
wine_binary,4,7,0.05,0.04889999399892986,1,0.6738972783545387,0.594438941186219,1.1336694682379969
wine_binary,4,7,0.1,0.047299981815740466,1,0.6771236276544925,0.594438941186219,1.1390970219805485
wine_binary,4,8,0.0,0.046900007873773575,1,0.9740806185222035,0.9740806185222035,1.0
wine_binary,4,8,0.01,0.047699984861537814,1,0.9673702046958916,0.9740806185222035,0.9931110282878922
wine_binary,4,8,0.03,0.055800017435103655,1,0.937447017614629,0.9740806185222035,0.9623916129620236
wine_binary,4,8,0.05,0.04740001168102026,1,1.009533220626173,0.9740806185222035,1.0363959629519732
wine_binary,4,8,0.1,0.04640000406652689,1,0.9659145824228028,0.9740806185222035,0.9916166732566863
wine_binary,4,9,0.0,0.04539999645203352,1,1.043587043512295,1.043587043512295,1.0
wine_binary,4,9,0.01,0.04469999112188816,1,1.0538996319121676,1.043587043512295,1.0098818670315843
wine_binary,4,9,0.03,0.0447999918833375,1,1.0152244626636384,1.043587043512295,0.9728220266579782
wine_binary,4,9,0.05,0.04469999112188816,1,0.951569330646201,1.043587043512295,0.9118255506925428
wine_binary,4,9,0.1,0.04460001946426928,1,1.1572973704525342,1.043587043512295,1.1089610374593537
wine_binary,4,10,0.0,0.04429998807609081,1,1.2635150366216725,1.2635150366216725,1.0
wine_binary,4,10,0.01,0.04499999340623617,1,1.2515385085770638,1.2635150366216725,0.9905212619577279
wine_binary,4,10,0.03,0.04509999416768551,1,1.2699391482616222,1.2635150366216725,1.0050843175219555
wine_binary,4,10,0.05,0.044800020987167954,1,1.2817518221750654,1.2635150366216725,1.0144333743761005
wine_binary,4,10,0.1,0.04499999340623617,1,1.4068141457787704,1.2635150366216725,1.1134130619768834
wine_binary,4,11,0.0,0.04429998807609081,1,1.4335397368005929,1.4335397368005929,1.0
wine_binary,4,11,0.01,0.0447999918833375,1,1.438234620895181,1.4335397368005929,1.0032750289190213
wine_binary,4,11,0.03,0.04400001489557326,1,1.4759111114001393,1.4335397368005929,1.0295571678355508
wine_binary,4,11,0.05,0.044199987314641476,1,1.4064591824020578,1.4335397368005929,0.98110931025953
wine_binary,4,11,0.1,0.04469999112188816,1,1.4390881701857712,1.4335397368005929,1.0038704426830618
wine_binary,4,12,0.0,0.04430001717992127,1,1.5602826790681048,1.5602826790681048,1.0
wine_binary,4,12,0.01,0.045100023271515965,1,1.5616995226324795,1.5602826790681048,1.0009080685079583
wine_binary,4,12,0.03,0.04449998959898949,1,1.5846254403878883,1.5602826790681048,1.0156015071155713
wine_binary,4,12,0.05,0.04569999873638153,1,1.5614682108762437,1.5602826790681048,1.0007598186046947
wine_binary,4,12,0.1,0.04460001946426928,1,1.4887519198383834,1.5602826790681048,0.9541552564869566
wine_binary,4,13,0.0,0.04470002022571862,1,1.8692747132596481,1.8692747132596481,1.0
wine_binary,4,13,0.01,0.04539999645203352,1,1.8594751855240566,1.8692747132596481,0.9947575775427342
wine_binary,4,13,0.03,0.08739999611862004,1,1.8206583187840901,1.8692747132596481,0.9739918407226617
wine_binary,4,13,0.05,0.050300004659220576,1,1.8490729918673134,1.8692747132596481,0.9891927487976838
wine_binary,4,13,0.1,0.04579999949783087,1,2.0399587728693622,1.8692747132596481,1.0913103132455446
wine_binary,4,14,0.0,0.04429998807609081,1,1.1065709189311164,1.1065709189311164,1.0
wine_binary,4,14,0.01,0.0447999918833375,1,1.1244594261259533,1.1065709189311164,1.0161657123721597
wine_binary,4,14,0.03,0.04420001641847193,1,1.0687644252599826,1.1065709189311164,0.9658345497569621
wine_binary,4,14,0.05,0.04529999569058418,1,1.04932388750105,1.1065709189311164,0.948266278780068
wine_binary,4,14,0.1,0.04449998959898949,1,1.1261377000301136,1.1065709189311164,1.0176823561547212
wine_binary,4,15,0.0,0.04680000711232424,1,1.1539108867339853,1.1539108867339853,1.0
wine_binary,4,15,0.01,0.0467000063508749,1,1.1584417959921185,1.1539108867339853,1.0039265677360558
wine_binary,4,15,0.03,0.046699977247044444,1,1.1335958690750632,1.1539108867339853,0.982394639055342
wine_binary,4,15,0.05,0.04569999873638153,1,1.1084958383744297,1.1539108867339853,0.9606424994497644
wine_binary,4,15,0.1,0.04579999949783087,1,0.8310487998422322,1.1539108867339853,0.7202018885482762
wine_binary,4,16,0.0,0.04370001261122525,1,1.6868249324171274,1.6868249324171274,1.0
wine_binary,4,16,0.01,0.04349998198449612,1,1.6935980317636405,1.6868249324171274,1.0040152947803584
wine_binary,4,16,0.03,0.0433000095654279,1,1.6795663596292154,1.6868249324171274,0.9956969021216026
wine_binary,4,16,0.05,0.04400001489557326,1,1.7806403688806383,1.6868249324171274,1.0556165815791438
wine_binary,4,16,0.1,0.04390001413412392,1,1.7851736625212558,1.6868249324171274,1.0583040529067826
wine_binary,4,17,0.0,0.052099989261478186,1,0.5726933339444261,0.5726933339444261,1.0
wine_binary,4,17,0.01,0.04400001489557326,1,0.5642810969150712,0.5726933339444261,0.9853110966537438
wine_binary,4,17,0.03,0.04379998426884413,1,0.559690960893654,0.5726933339444261,0.977296098487443
wine_binary,4,17,0.05,0.043599982745945454,1,0.5604499315198391,0.5726933339444261,0.9786213638278962
wine_binary,4,17,0.1,0.044400017941370606,1,0.619410245709157,0.5726933339444261,1.081574044948224
wine_binary,4,18,0.0,0.04409998655319214,1,1.8727154892141251,1.8727154892141251,1.0
wine_binary,4,18,0.01,0.04710000939667225,1,1.8769254720924697,1.8727154892141251,1.0022480632549855
wine_binary,4,18,0.03,0.04409998655319214,1,1.8556997024744684,1.8727154892141251,0.9909138431130309
wine_binary,4,18,0.05,0.04450001870281994,1,1.8356001965549833,1.8727154892141251,0.9801810297010375
wine_binary,4,18,0.1,0.0439999857917428,1,1.853317857834593,1.8727154892141251,0.9896419763219494
wine_binary,4,19,0.0,0.04420001641847193,1,1.002902355961738,1.002902355961738,1.0
wine_binary,4,19,0.01,0.043899985030293465,1,1.0200837807272798,1.002902355961738,1.0171317024667526
wine_binary,4,19,0.03,0.043800013372674584,1,1.0429653269985049,1.002902355961738,1.039947030534541
wine_binary,4,19,0.05,0.043599982745945454,1,0.9752645297632949,1.002902355961738,0.97244215647301
wine_binary,4,19,0.1,0.04400001489557326,1,1.028941094572133,1.002902355961738,1.025963383629132
wine_binary,4,20,0.0,0.04350001108832657,1,1.0288895670330287,1.0288895670330287,1.0
wine_binary,4,20,0.01,0.04379998426884413,1,1.0240789451196206,1.0288895670330287,0.9953244526258729
wine_binary,4,20,0.03,0.0447999918833375,1,1.0123549528173963,1.0288895670330287,0.9839296512031775
wine_binary,4,20,0.05,0.044400017941370606,1,1.0432781090693084,1.0288895670330287,1.0139845348784822
wine_binary,4,20,0.1,0.04409998655319214,1,0.9699256406284854,1.0288895670330287,0.942691685975031
wine_binary,4,21,0.0,0.043800013372674584,1,1.4907687569179127,1.4907687569179127,1.0
wine_binary,4,21,0.01,0.04369998350739479,1,1.484460725327299,1.4907687569179127,0.995768604915188
wine_binary,4,21,0.03,0.04360001184977591,1,1.463807446106531,1.4907687569179127,0.9819144916431419
wine_binary,4,21,0.05,0.044199987314641476,1,1.4237240208604258,1.4907687569179127,0.9550267365435681
wine_binary,4,21,0.1,0.04990000161342323,1,1.5014871648562886,1.4907687569179127,1.0071898528116028
wine_binary,4,22,0.0,0.04329998046159744,1,1.3634798765406895,1.3634798765406895,1.0
wine_binary,4,22,0.01,0.0439999857917428,1,1.365109884638271,1.3634798765406895,1.0011954764610953
wine_binary,4,22,0.03,0.04430001717992127,1,1.3496181569335541,1.3634798765406895,0.9898335722839532
wine_binary,4,22,0.05,0.045400025555863976,1,1.2836530480582853,1.3634798765406895,0.9414536071592532
wine_binary,4,22,0.1,0.04390001413412392,1,1.2982238729586606,1.3634798765406895,0.9521401051054812
wine_binary,4,23,0.0,0.04370001261122525,1,1.2260392812117709,1.2260392812117709,1.0
wine_binary,4,23,0.01,0.043599982745945454,1,1.2235169474180099,1.2260392812117709,0.9979426974058547
wine_binary,4,23,0.03,0.043199979700148106,1,1.2340211657710813,1.2260392812117709,1.0065103008375242
wine_binary,4,23,0.05,0.04350001108832657,1,1.1782021144661294,1.2260392812117709,0.9609823539272241
wine_binary,4,23,0.1,0.043800013372674584,1,1.2200439154318137,1.2260392812117709,0.9951099725173311
wine_binary,4,24,0.0,0.04600000102072954,1,1.373703436770608,1.373703436770608,1.0
wine_binary,4,24,0.01,0.046200002543628216,1,1.3702711464510247,1.373703436770608,0.9975014328218816
wine_binary,4,24,0.03,0.04529999569058418,1,1.3690467801495623,1.373703436770608,0.9966101441574661
wine_binary,4,24,0.05,0.05560001591220498,1,1.3875453059340537,1.373703436770608,1.0100763154498513
wine_binary,4,24,0.1,0.04539999645203352,1,1.1218519208539999,1.373703436770608,0.8166623820140705
wine_binary,4,25,0.0,0.0439999857917428,1,1.7828862204264118,1.7828862204264118,1.0
wine_binary,4,25,0.01,0.044100015657022595,1,1.7865835040033327,1.7828862204264118,1.0020737630559715
wine_binary,4,25,0.03,0.044100015657022595,1,1.7912581927774152,1.7828862204264118,1.0046957412397304
wine_binary,4,25,0.05,0.043400010326877236,1,1.7139149466221537,1.7828862204264118,0.9613148203098668
wine_binary,4,25,0.1,0.04429998807609081,1,1.8685311853841702,1.7828862204264118,1.0480372577770414
wine_binary,4,26,0.0,0.04369998350739479,1,1.324170866496859,1.324170866496859,1.0
wine_binary,4,26,0.01,0.04420001641847193,1,1.3274447402828984,1.324170866496859,1.0024723952692756
wine_binary,4,26,0.03,0.0439999857917428,1,1.3112300235975871,1.324170866496859,0.9902272106820268
wine_binary,4,26,0.05,0.04390001413412392,1,1.3831724921571074,1.324170866496859,1.044557411096303
wine_binary,4,26,0.1,0.04300000728107989,1,1.0966288600643752,1.324170866496859,0.8281626546924007
wine_binary,4,27,0.0,0.043100008042529225,1,1.3468047004913557,1.3468047004913557,1.0
wine_binary,4,27,0.01,0.0439999857917428,1,1.3324086829334472,1.3468047004913557,0.9893109835801313
wine_binary,4,27,0.03,0.043100008042529225,1,1.3913440642328578,1.3468047004913557,1.0330703952289837
wine_binary,4,27,0.05,0.04370001261122525,1,1.3516246628435735,1.3468047004913557,1.003578813134866
wine_binary,4,27,0.1,0.044599990360438824,1,1.3907613267575842,1.3468047004913557,1.0326377137310196
wine_binary,4,28,0.0,0.0439999857917428,1,0.8260802722914472,0.8260802722914472,1.0
wine_binary,4,28,0.01,0.0439999857917428,1,0.8276208810723942,0.8260802722914472,1.0018649625618992
wine_binary,4,28,0.03,0.043599982745945454,1,0.7709821121786632,0.8260802722914472,0.9333016875467219
wine_binary,4,28,0.05,0.04460001946426928,1,0.80138624734533,0.8260802722914472,0.9701069910825749
wine_binary,4,28,0.1,0.04350001108832657,1,0.8015850166758439,0.8260802722914472,0.9703476085348747
wine_binary,4,29,0.0,0.04420001641847193,1,1.4836007137054839,1.4836007137054839,1.0
wine_binary,4,29,0.01,0.04439998883754015,1,1.486789528913156,1.4836007137054839,1.0021493756225741
wine_binary,4,29,0.03,0.04379998426884413,1,1.5244525566743707,1.4836007137054839,1.02753560482379
wine_binary,4,29,0.05,0.04329998046159744,1,1.468385160343971,1.4836007137054839,0.989744172255411
wine_binary,4,29,0.1,0.04579999949783087,1,1.4946578862722057,1.4836007137054839,1.0074529302018904
wine_binary,4,30,0.0,0.04569999873638153,1,1.0040523298908337,1.0040523298908337,1.0
wine_binary,4,30,0.01,0.046600005589425564,1,1.0147880473248398,1.0040523298908337,1.0106923883490948
wine_binary,4,30,0.03,0.046200002543628216,1,1.0087970170763183,1.0040523298908337,1.0047255377476196
wine_binary,4,30,0.05,0.04650000482797623,1,1.0288915210359386,1.0040523298908337,1.0247389407958503
wine_binary,4,30,0.1,0.0467000063508749,1,1.0051162523740154,1.0040523298908337,1.0010596285188615
wine_binary,4,31,0.0,0.044100015657022595,1,1.1334785822475948,1.1334785822475948,1.0
wine_binary,4,31,0.01,0.043899985030293465,1,1.1340094036951176,1.1334785822475948,1.0004683118462374
wine_binary,4,31,0.03,0.0433000095654279,1,1.1046480931660616,1.1334785822475948,0.9745645929856348
wine_binary,4,31,0.05,0.044599990360438824,1,1.1475585789345426,1.1334785822475948,1.0124219344833392
wine_binary,4,31,0.1,0.04420001641847193,1,1.0767687666577244,1.1334785822475948,0.9499683395186704
wine_binary,4,32,0.0,0.04569999873638153,1,0.7143257866607404,0.7143257866607404,1.0
wine_binary,4,32,0.01,0.046299974201247096,1,0.717371441443608,0.7143257866607404,1.0042636774980573
wine_binary,4,32,0.03,0.04569999873638153,1,0.715974583064535,0.7143257866607404,1.002308185473049
wine_binary,4,32,0.05,0.04649997572414577,1,0.7475728409423745,0.7143257866607404,1.0465432648554578
wine_binary,4,32,0.1,0.046900007873773575,1,0.7872253424246308,0.7143257866607404,1.102053652724304
wine_binary,4,33,0.0,0.045599997974932194,1,0.34467467978096616,0.34467467978096616,1.0
wine_binary,4,33,0.01,0.045900000259280205,1,0.3163628585254375,0.34467467978096616,0.9178592948181739
wine_binary,4,33,0.03,0.04679997800849378,1,0.3214812359737807,0.34467467978096616,0.9327091742801519
wine_binary,4,33,0.05,0.046600005589425564,1,0.2622488223960069,0.34467467978096616,0.7608589716037765
wine_binary,4,33,0.1,0.05269999383017421,1,0.27116117313787486,0.34467467978096616,0.7867162546149091
wine_binary,4,34,0.0,0.04409998655319214,1,1.1617574268626365,1.1617574268626365,1.0
wine_binary,4,34,0.01,0.04460001946426928,1,1.1661410349116077,1.1617574268626365,1.0037732558859636
wine_binary,4,34,0.03,0.04409998655319214,1,1.207864191041063,1.1617574268626365,1.0396870836478656
wine_binary,4,34,0.05,0.04409998655319214,1,1.159590412439091,1.1617574268626365,0.9981347100750648
wine_binary,4,34,0.1,0.04390001413412392,1,0.9682852800985897,1.1617574268626365,0.8334659694954354
iris_binary,0,0,0.0,0.052099989261478186,1,1.4584496045165154,1.4584496045165154,1.0
iris_binary,0,0,0.01,0.04710000939667225,1,1.4508415648567559,1.4584496045165154,0.9947834744264052
iris_binary,0,0,0.03,0.04470002022571862,1,1.4704904880810716,1.4584496045165154,1.0082559476359472
iris_binary,0,0,0.05,0.043400010326877236,1,1.4497608542758706,1.4584496045165154,0.9940424748213874
iris_binary,0,0,0.1,0.04270000499673188,1,1.48869942979584,1.4584496045165154,1.0207410836724473
iris_binary,0,1,0.0,0.041099992813542485,1,0.5303462947739163,0.5303462947739163,1.0
iris_binary,0,1,0.01,0.04300000728107989,1,0.5386736418399053,0.5303462947739163,1.0157017163088486
iris_binary,0,1,0.03,0.0751999905332923,1,0.5767861712755974,0.5303462947739163,1.0875651945894675
iris_binary,0,1,0.05,0.08280001929961145,1,0.48530078717263014,0.5303462947739163,0.9150639722664815
iris_binary,0,1,0.1,0.05299999611452222,1,0.4370970000092954,0.5303462947739163,0.8241728174901787
iris_binary,0,2,0.0,0.044899992644786835,1,0.662931644800343,0.662931644800343,1.0
iris_binary,0,2,0.01,0.0439999857917428,1,0.6797754955288127,0.662931644800343,1.0254081259517225
iris_binary,0,2,0.03,0.043899985030293465,1,0.6537993437160804,0.662931644800343,0.9862243699544424
iris_binary,0,2,0.05,0.04569999873638153,1,0.7173160579944232,0.662931644800343,1.0820362304630358
iris_binary,0,2,0.1,0.04300000728107989,1,0.7240399324796924,0.662931644800343,1.09217886664281
iris_binary,0,3,0.0,0.04120002267882228,1,1.3258632778971535,1.3258632778971535,1.0
iris_binary,0,3,0.01,0.042100000428035855,1,1.3247888720385061,1.3258632778971535,0.9991896556179221
iris_binary,0,3,0.03,0.04149999585933983,1,1.3253344961637978,1.3258632778971535,0.9996011792903757
iris_binary,0,3,0.05,0.04129999433644116,1,1.286342690118116,1.3258632778971535,0.9701925617536388
iris_binary,0,3,0.1,0.041399995097890496,1,1.2877000211578205,1.3258632778971535,0.9712162955445446
iris_binary,0,4,0.0,0.04050001734867692,1,2.121381237613326,2.121381237613326,1.0
iris_binary,0,4,0.01,0.042800005758181214,1,2.1171802531802353,2.121381237613326,0.998019693792608
iris_binary,0,4,0.03,0.04279997665435076,1,2.1088791350785874,2.121381237613326,0.9941066215194756
iris_binary,0,4,0.05,0.042100000428035855,1,2.123542689398795,2.121381237613326,1.0010188888951903
iris_binary,0,4,0.1,0.04270000499673188,1,2.0945184770510386,2.121381237613326,0.9873371367267727
iris_binary,0,5,0.0,0.040700018871575594,1,0.9281052746320025,0.9281052746320025,1.0
iris_binary,0,5,0.01,0.04189999890513718,1,0.9296748019905973,0.9281052746320025,1.0016911091893288
iris_binary,0,5,0.03,0.042100000428035855,1,0.8540969416896885,0.9281052746320025,0.9202586872791358
iris_binary,0,5,0.05,0.04119999357499182,1,0.9345829035910721,0.9281052746320025,1.0069794118578175
iris_binary,0,5,0.1,0.04220000118948519,1,0.7700679989985638,0.9281052746320025,0.8297205285293727
iris_binary,0,6,0.0,0.04159999662078917,1,1.9887949109939638,1.9887949109939638,1.0
iris_binary,0,6,0.01,0.04129999433644116,1,1.9936315812136223,1.9887949109939638,1.0024319602755023
iris_binary,0,6,0.03,0.04369998350739479,1,1.963858992064034,1.9887949109939638,0.9874617946817517
iris_binary,0,6,0.05,0.04199999966658652,1,2.0464347578591733,1.9887949109939638,1.028982298047214
iris_binary,0,6,0.1,0.041700026486068964,1,1.955760542218731,1.9887949109939638,0.9833897559810615
iris_binary,0,7,0.0,0.041300023440271616,1,0.2651726649422565,0.2651726649422565,1.0
iris_binary,0,7,0.01,0.042100000428035855,1,0.2531358648814285,0.2651726649422565,0.9546076890563018
iris_binary,0,7,0.03,0.041799998143687844,1,0.2650041216639443,0.2651726649422565,0.9993644017630969
iris_binary,0,7,0.05,0.041099992813542485,1,0.2836681170982135,0.2651726649422565,1.0697487132015833
iris_binary,0,7,0.1,0.04129999433644116,1,0.39146438001187944,0.2651726649422565,1.4762621935301061
iris_binary,0,8,0.0,0.04099999205209315,1,0.7955189480126407,0.7955189480126407,1.0
iris_binary,0,8,0.01,0.04199999966658652,1,0.8084583012894601,0.7955189480126407,1.0162652986571148
iris_binary,0,8,0.03,0.04159999662078917,1,0.779542715887111,0.7955189480126407,0.9799172198657978
iris_binary,0,8,0.05,0.041099992813542485,1,0.7925959323193011,0.7955189480126407,0.9963256491870599
iris_binary,0,8,0.1,0.04149999585933983,1,0.8311374650925233,0.7955189480126407,1.0447739392868824
iris_binary,0,9,0.0,0.040700018871575594,1,0.7955189480126407,0.7955189480126407,1.0
iris_binary,0,9,0.01,0.04189999890513718,1,0.7991531979228611,0.7955189480126407,1.0045684014432334
iris_binary,0,9,0.03,0.04129999433644116,1,0.7647758721644348,0.7955189480126407,0.9613546906393519
iris_binary,0,9,0.05,0.04119999357499182,1,0.7580302792441062,0.7955189480126407,0.9528752032089387
iris_binary,0,9,0.1,0.04159999662078917,1,0.8636084822783833,0.7955189480126407,1.0855913418980696
iris_binary,0,10,0.0,0.0425000034738332,1,0.662931644800343,0.662931644800343,1.0
iris_binary,0,10,0.01,0.04169999738223851,1,0.6761613427336307,0.662931644800343,1.0199563530222973
iris_binary,0,10,0.03,0.041799998143687844,1,0.6415659782175044,0.662931644800343,0.967770935736107
iris_binary,0,10,0.05,0.041399995097890496,1,0.7147530037957703,0.662931644800343,1.0781699884171838
iris_binary,0,10,0.1,0.042100000428035855,1,0.38846738488166555,0.662931644800343,0.5859840723075777
iris_binary,0,11,0.0,0.04120002267882228,1,0.662931644800343,0.662931644800343,1.0
iris_binary,0,11,0.01,0.04189999890513718,1,0.6641910809340641,0.662931644800343,1.0018997978805197
iris_binary,0,11,0.03,0.04119999357499182,1,0.6570208289511371,0.662931644800343,0.9910838230523963
iris_binary,0,11,0.05,0.04149999585933983,1,0.6673992744279509,0.662931644800343,1.00673920103626
iris_binary,0,11,0.1,0.04110002191737294,1,0.7352558378529186,0.662931644800343,1.1090975119680064
iris_binary,0,12,0.0,0.04069998976774514,1,0.662931644800343,0.662931644800343,1.0
iris_binary,0,12,0.01,0.041799998143687844,1,0.6536292277369498,0.662931644800343,0.985967758310595
iris_binary,0,12,0.03,0.04089999129064381,1,0.6547844570968988,0.662931644800343,0.9877103653636902
iris_binary,0,12,0.05,0.04189999890513718,1,0.5658408509771686,0.662931644800343,0.8535432806916082
iris_binary,0,12,0.1,0.04260000423528254,1,0.608597659786323,0.662931644800343,0.9180398379830187
iris_binary,0,13,0.0,0.04120002267882228,1,1.9887949109939638,1.9887949109939638,1.0
iris_binary,0,13,0.01,0.042100000428035855,1,1.9923790599475426,1.9887949109939638,1.0018021712212586
iris_binary,0,13,0.03,0.31030000536702573,1,2.0214211145444567,1.9887949109939638,1.0164050115827112
iris_binary,0,13,0.05,0.07989999721758068,1,1.9216929064072152,1.9887949109939638,0.9662599676739859
iris_binary,0,13,0.1,0.0644999963697046,1,1.9249812001354105,1.9887949109939638,0.9679133778421324
iris_binary,0,14,0.0,0.05329999839887023,1,0.7955189480126407,0.7955189480126407,1.0
iris_binary,0,14,0.01,0.05180001608096063,1,0.7899507938445612,0.7955189480126407,0.9930006014539443
iris_binary,0,14,0.03,0.05069997860118747,1,0.7749375910444675,0.7955189480126407,0.974128388746001
iris_binary,0,14,0.05,0.04800001624971628,1,0.8164648004562104,0.7955189480126407,1.0263297970411598
iris_binary,0,14,0.1,0.04569999873638153,1,0.9069369506097834,0.7955189480126407,1.1400570066564553
iris_binary,0,15,0.0,0.04369998350739479,1,0.928104298039067,0.928104298039067,1.0
iris_binary,0,15,0.01,0.043899985030293465,1,0.9303474607505295,0.928104298039067,1.0024169295586736
iris_binary,0,15,0.03,0.043800013372674584,1,0.9611635021227698,0.928104298039067,1.035620138979586
iris_binary,0,15,0.05,0.0425000034738332,1,0.9970248665203274,0.928104298039067,1.0742595079312511
iris_binary,0,15,0.1,0.04349998198449612,1,0.9134333844361804,0.928104298039067,0.9841926024543967
iris_binary,0,16,0.0,0.04230000195093453,1,0.2651726649422565,0.2651726649422565,1.0
iris_binary,0,16,0.01,0.04279997665435076,1,0.25663839627231455,0.2651726649422565,0.9678161824417296
iris_binary,0,16,0.03,0.0433000095654279,1,0.21115910668182664,0.2651726649422565,0.796307970611557
iris_binary,0,16,0.05,0.043599982745945454,1,0.3145414302025209,0.2651726649422565,1.1861759215302785
iris_binary,0,16,0.1,0.0425000034738332,1,0.10836437549461447,0.2651726649422565,0.4086559054577201
iris_binary,0,17,0.0,0.04290000651963055,1,0.662931644800343,0.662931644800343,1.0
iris_binary,0,17,0.01,0.0425000034738332,1,0.6636425217167911,0.662931644800343,1.0010723231000116
iris_binary,0,17,0.03,0.043400010326877236,1,0.6280430896889244,0.662931644800343,0.9473723190240435
iris_binary,0,17,0.05,0.043800013372674584,1,0.6470428895054904,0.662931644800343,0.9760325888506381
iris_binary,0,17,0.1,0.0425000034738332,1,0.6683713050446768,0.662931644800343,1.008205461735006
iris_binary,0,18,0.0,0.042800005758181214,1,1.5910359311358777,1.5910359311358777,1.0
iris_binary,0,18,0.01,0.045199994929134846,1,1.5982248331830375,1.5910359311358777,1.0045183781877431
iris_binary,0,18,0.03,0.43960000039078295,1,1.608660806480981,1.5910359311358777,1.0110776098768055
iris_binary,0,18,0.05,0.4447000101208687,1,1.5003274294788262,1.5910359311358777,0.9429877730088141
iris_binary,0,18,0.1,0.37039999733678997,1,1.4543851754792434,1.5910359311358777,0.9141120869853164
iris_binary,0,19,0.0,0.2773999876808375,1,0.662931644800343,0.662931644800343,1.0
iris_binary,0,19,0.01,0.27719998615793884,1,0.6436060584857337,0.662931644800343,0.9708482971567459
iris_binary,0,19,0.03,0.2756000030785799,1,0.6829963062721501,0.662931644800343,1.030266561611869
iris_binary,0,19,0.05,0.28080001357011497,1,0.667430600187484,0.662931644800343,1.0067864544141591
iris_binary,0,19,0.1,0.2764999808277935,1,0.6666890693207668,0.662931644800343,1.005667891327703
iris_binary,0,20,0.0,0.26679999427869916,1,2.2539675642326884,2.2539675642326884,1.0
iris_binary,0,20,0.01,0.24950000806711614,1,2.242709429425876,2.2539675642326884,0.9950051921840122
iris_binary,0,20,0.03,0.2499000111129135,1,2.2579577086076164,2.2539675642326884,1.001770275862992
iris_binary,0,20,0.05,0.30929999775253236,1,2.3189317939574017,2.2539675642326884,1.0288221670780027
iris_binary,0,20,0.1,0.3665999975055456,1,2.3118930172824745,2.2539675642326884,1.0256993285835085
iris_binary,0,21,0.0,0.21890000789426267,1,1.3258632778971535,1.3258632778971535,1.0
iris_binary,0,21,0.01,0.20879998919554055,1,1.31600400795284,1.3258632778971535,0.9925638864061831
iris_binary,0,21,0.03,0.21170001127757132,1,1.3128706311044134,1.3258632778971535,0.9902006134347828
iris_binary,0,21,0.05,0.2103000006172806,1,1.3192338762766713,1.3258632778971535,0.9949999357166023
iris_binary,0,21,0.1,0.2035000070463866,1,1.3162865056718265,1.3258632778971535,0.9927769534121829
iris_binary,0,22,0.0,0.18870001076720655,1,0.7955189480126407,0.7955189480126407,1.0
iris_binary,0,22,0.01,0.18929998623207211,1,0.7843215862629037,0.7955189480126407,0.9859244562587602
iris_binary,0,22,0.03,0.18689999706111848,1,0.8592481917668521,0.7955189480126407,1.0801102775910232
iris_binary,0,22,0.05,0.17109999316744506,1,0.8146006826781013,0.7955189480126407,1.0239865244104247
iris_binary,0,22,0.1,0.19260001135990024,1,0.7802788332008103,0.7955189480126407,0.9808425495710653
iris_binary,0,23,0.0,0.16739999409765005,1,0.928104298039067,0.928104298039067,1.0
iris_binary,0,23,0.01,0.4589000018313527,1,0.9256621442425116,0.928104298039067,0.9973686644898474
iris_binary,0,23,0.03,0.069500005338341,1,0.973460891282687,0.928104298039067,1.0488701467490789
iris_binary,0,23,0.05,0.04990000161342323,1,0.9391610299943084,0.928104298039067,1.0119132429174205
iris_binary,0,23,0.1,0.04630000330507755,1,0.9161821314974141,0.928104298039067,0.9871542815103405
iris_binary,0,24,0.0,0.04439998883754015,1,0.7955189480126407,0.7955189480126407,1.0
iris_binary,0,24,0.01,0.04529999569058418,1,0.8064261119512323,0.7955189480126407,1.0137107531704177
iris_binary,0,24,0.03,0.04439998883754015,1,0.7942954515590056,0.7955189480126407,0.9984620146928095
iris_binary,0,24,0.05,0.04379998426884413,1,0.8037084698046894,0.7955189480126407,1.0102945653431734
iris_binary,0,24,0.1,0.04509999416768551,1,0.75583403661408,0.7955189480126407,0.9501144359946407
iris_binary,0,25,0.0,0.04300000728107989,1,1.3258632778971535,1.3258632778971535,1.0
iris_binary,0,25,0.01,0.04290000651963055,1,1.3337192197913685,1.3258632778971535,1.0059251523329575
iris_binary,0,25,0.03,0.04379998426884413,1,1.29820451956134,1.3258632778971535,0.9791390569473492
iris_binary,0,25,0.05,0.0934000127017498,1,1.2710564743053294,1.3258632778971535,0.9586633067636138
iris_binary,0,25,0.1,0.06550000398419797,1,1.2962179016890008,1.3258632778971535,0.977640698930005
iris_binary,0,26,0.0,0.05570001667365432,1,1.8562085843746021,1.8562085843746021,1.0
iris_binary,0,26,0.01,0.04900002386420965,1,1.8550936945508463,1.8562085843746021,0.9993993725526641
iris_binary,0,26,0.03,0.04809998790733516,1,1.8296500931054165,1.8562085843746021,0.9856920760453579
iris_binary,0,26,0.05,0.04530002479441464,1,1.7683980444691312,1.8562085843746021,0.952693603162569
iris_binary,0,26,0.1,0.04420001641847193,1,1.9475579419489397,1.8562085843746021,1.0492128731346835
iris_binary,0,27,0.0,0.04350001108832657,1,1.3258632778971535,1.3258632778971535,1.0
iris_binary,0,27,0.01,0.0433000095654279,1,1.3094006974691408,1.3258632778971535,0.9875835007255629
iris_binary,0,27,0.03,0.04449998959898949,1,1.3625306815961156,1.3258632778971535,1.0276554938282303
iris_binary,0,27,0.05,0.04369998350739479,1,1.3759712986923116,1.3258632778971535,1.0377927510554712
iris_binary,0,27,0.1,0.0425000034738332,1,1.3735401545153119,1.3258632778971535,1.035959119928093
iris_binary,0,28,0.0,0.04149999585933983,1,0.662931644800343,0.662931644800343,1.0
iris_binary,0,28,0.01,0.04260000423528254,1,0.6480303964243572,0.662931644800343,0.9775221947951005
iris_binary,0,28,0.03,0.04270000499673188,1,0.6778639578369583,0.662931644800343,1.0225246647278583
iris_binary,0,28,0.05,0.042800005758181214,1,0.5990633173124568,0.662931644800343,0.9036577481421609
iris_binary,0,28,0.1,0.042800005758181214,1,0.5910993165878842,0.662931644800343,0.8916444421142504
iris_binary,0,29,0.0,0.052799994591623545,1,0.6629326213932784,0.6629326213932784,1.0
iris_binary,0,29,0.01,0.043100008042529225,1,0.6552246690244506,0.6629326213932784,0.9883729475363152
iris_binary,0,29,0.03,0.043400010326877236,1,0.6952928576222682,0.6629326213932784,1.0488137635480643
iris_binary,0,29,0.05,0.04270000499673188,1,0.635921285237229,0.6629326213932784,0.9592547790161843
iris_binary,0,29,0.1,0.04529999569058418,1,0.6251048446014561,0.6629326213932784,0.9429387307682642
iris_binary,0,30,0.0,0.042400002712383866,1,0.7955189480126407,0.7955189480126407,1.0
iris_binary,0,30,0.01,0.05420000525191426,1,0.7968778642387374,0.7955189480126407,1.0017082135246327
iris_binary,0,30,0.03,0.043800013372674584,1,0.8666089059232193,0.7955189480126407,1.0893629976861958
iris_binary,0,30,0.05,0.04309997893869877,1,0.7905956644975581,0.7955189480126407,0.9938112303580174
iris_binary,0,30,0.1,0.04230000195093453,1,0.7749087320635332,0.7955189480126407,0.9740921118213516
iris_binary,0,31,0.0,0.04189999890513718,1,1.5910359311358777,1.5910359311358777,1.0
iris_binary,0,31,0.01,0.042400002712383866,1,1.5858589737143238,1.5910359311358777,0.9967461718995511
iris_binary,0,31,0.03,0.04270000499673188,1,1.6033427098787887,1.5910359311358777,1.0077350727925578
iris_binary,0,31,0.05,0.04169999738223851,1,1.5146656125049482,1.5910359311358777,0.9519996266983066
iris_binary,0,31,0.1,0.042800005758181214,1,1.8918386193364225,1.5910359311358777,1.1890609019657996
iris_binary,0,32,0.0,0.041399995097890496,1,0.39775996815455417,0.39775996815455417,1.0
iris_binary,0,32,0.01,0.04169999738223851,1,0.3858411260999871,0.39775996815455417,0.9700350889762344
iris_binary,0,32,0.03,0.0425000034738332,1,0.4019195156641757,0.39775996815455417,1.0104574312214478
iris_binary,0,32,0.05,0.04230000195093453,1,0.47098342745830946,0.39775996815455417,1.1840895644764922
iris_binary,0,32,0.1,0.04230000195093453,1,0.47351055942194564,0.39775996815455417,1.1904429739846463
iris_binary,0,33,0.0,0.04159999662078917,1,0.7955189480126407,0.7955189480126407,1.0
iris_binary,0,33,0.01,0.042800005758181214,1,0.8048834768984993,0.7955189480126407,1.0117715975329726
iris_binary,0,33,0.03,0.041799998143687844,1,0.826748755512727,0.7955189480126407,1.0392571510434847
iris_binary,0,33,0.05,0.04199999966658652,1,0.7737224051928545,0.7955189480126407,0.9726008502069773
iris_binary,0,33,0.1,0.04400001489557326,1,0.7585738841464992,0.7955189480126407,0.9535585369041965
iris_binary,0,34,0.0,0.04220000118948519,1,0.7955189480126407,0.7955189480126407,1.0
iris_binary,0,34,0.01,0.04270000499673188,1,0.8071217690561209,0.7955189480126407,1.0145852227309813
iris_binary,0,34,0.03,0.04290000651963055,1,0.7737972630047464,0.7955189480126407,0.9726949495519129
iris_binary,0,34,0.05,0.043199979700148106,1,0.7974803917062739,0.7955189480126407,1.0024656153049947
iris_binary,0,34,0.1,0.04260000423528254,1,0.6624470235325667,0.7955189480126407,0.8327231239274523
iris_binary,1,0,0.0,0.05259999306872487,0,,,
iris_binary,1,0,0.01,0.04850002005696297,0,,,
iris_binary,1,0,0.03,0.04549999721348286,0,,,
iris_binary,1,0,0.05,0.044199987314641476,0,,,
iris_binary,1,0,0.1,0.04360001184977591,0,,,
iris_binary,1,1,0.0,0.04369998350739479,0,,,
iris_binary,1,1,0.01,0.05390000296756625,0,,,
iris_binary,1,1,0.03,0.04329998046159744,0,,,
iris_binary,1,1,0.05,0.04270000499673188,0,,,
iris_binary,1,1,0.1,0.0425000034738332,0,,,
iris_binary,1,2,0.0,0.0425000034738332,0,,,
iris_binary,1,2,0.01,0.04230000195093453,0,,,
iris_binary,1,2,0.03,0.04199999966658652,0,,,
iris_binary,1,2,0.05,0.04260000423528254,0,,,
iris_binary,1,2,0.1,0.06980000762268901,0,,,
iris_binary,1,3,0.0,0.07869998808018863,0,,,
iris_binary,1,3,0.01,0.07850001566112041,0,,,
iris_binary,1,3,0.03,0.0785999873187393,0,,,
iris_binary,1,3,0.05,0.07849998655728996,0,,,
iris_binary,1,3,0.1,0.07940002251416445,0,,,
iris_binary,1,4,0.0,0.07869998808018863,0,,,
iris_binary,1,4,0.01,0.07780001033097506,0,,,
iris_binary,1,4,0.03,0.0782000133767724,0,,,
iris_binary,1,4,0.05,0.07810001261532307,0,,,
iris_binary,1,4,0.1,0.07849998655728996,0,,,
iris_binary,1,5,0.0,0.07899999036453664,0,,,
iris_binary,1,5,0.01,0.0790000194683671,0,,,
iris_binary,1,5,0.03,0.07839998579584062,0,,,
iris_binary,1,5,0.05,0.07770000956952572,0,,,
iris_binary,1,5,0.1,0.07749997894279659,0,,,
iris_binary,1,6,0.0,0.0788999896030873,1,0.7880836663474179,0.7880836663474179,1.0
iris_binary,1,6,0.01,0.069500005338341,1,0.7876252396767963,0.7880836663474179,0.9994183020278211
iris_binary,1,6,0.03,0.06970000686123967,1,0.7565340972269775,0.7880836663474179,0.9599667262910483
iris_binary,1,6,0.05,0.07159999222494662,1,0.7646978008754598,0.7880836663474179,0.9703256564365227
iris_binary,1,6,0.1,0.06930000381544232,1,0.6932248668558129,0.7880836663474179,0.8796335927995397
iris_binary,1,7,0.0,0.06900000153109431,0,,,
iris_binary,1,7,0.01,0.06779999239370227,0,,,
iris_binary,1,7,0.03,0.06709998706355691,0,,,
iris_binary,1,7,0.05,0.06779999239370227,0,,,
iris_binary,1,7,0.1,0.06760001997463405,0,,,
iris_binary,1,8,0.0,0.06799999391660094,0,,,
iris_binary,1,8,0.01,0.06779999239370227,0,,,
iris_binary,1,8,0.03,0.06929997471161187,0,,,
iris_binary,1,8,0.05,0.06819999543949962,0,,,
iris_binary,1,8,0.1,0.07219999679364264,0,,,
iris_binary,1,9,0.0,0.07040001219138503,0,,,
iris_binary,1,9,0.01,0.06960000609979033,0,,,
iris_binary,1,9,0.03,0.06929997471161187,0,,,
iris_binary,1,9,0.05,0.06159997428767383,0,,,
iris_binary,1,9,0.1,0.06319998647086322,0,,,
iris_binary,1,10,0.0,0.06990000838413835,0,,,
iris_binary,1,10,0.01,0.06059999577701092,0,,,
iris_binary,1,10,0.03,0.062700011767447,0,,,
iris_binary,1,10,0.05,0.08289999095723033,0,,,
iris_binary,1,10,0.1,0.10560001828707755,0,,,
iris_binary,1,11,0.0,0.06630001007579267,1,0.7880836663474179,0.7880836663474179,1.0
iris_binary,1,11,0.01,0.06370001938194036,1,0.7776996656792953,0.7880836663474179,0.9868237331751208
iris_binary,1,11,0.03,0.06239998037926853,1,0.7674188985803255,0.7880836663474179,0.9737784595094215
iris_binary,1,11,0.05,0.06279998342506588,1,0.8126493734401495,0.7880836663474179,1.031171445547892
iris_binary,1,11,0.1,0.06150000263005495,1,0.9319260127429417,0.7880836663474179,1.1825216693834035
iris_binary,1,12,0.0,0.06029999349266291,1,0.525389447104388,0.525389447104388,1.0
iris_binary,1,12,0.01,0.06059999577701092,1,0.5220801395677229,0.525389447104388,0.9937012295262042
iris_binary,1,12,0.03,0.05400000372901559,1,0.491446519833319,0.525389447104388,0.9353947296464732
iris_binary,1,12,0.05,0.053499999921768904,1,0.43924296200466606,0.525389447104388,0.8360330882652736
iris_binary,1,12,0.1,0.05439997767098248,1,0.6164777300299692,0.525389447104388,1.1733728825875773
iris_binary,1,13,0.0,0.05229999078437686,1,0.7880836663474179,0.7880836663474179,1.0
iris_binary,1,13,0.01,0.05440000677481294,1,0.8070618078400534,0.7880836663474179,1.024081379050266
iris_binary,1,13,0.03,0.0543000060133636,1,0.7573964955742846,0.7880836663474179,0.9610610242496699
iris_binary,1,13,0.05,0.0543000060133636,1,0.7661393077986113,0.7880836663474179,0.9721547857342183
iris_binary,1,13,0.1,0.0908000220078975,1,0.8907247002654416,0.7880836663474179,1.1302412907423152
iris_binary,1,14,0.0,0.05780000356025994,1,0.7880836663474179,0.7880836663474179,1.0
iris_binary,1,14,0.01,0.05699999746866524,1,0.784606480873813,0.7880836663474179,0.9955877965473884
iris_binary,1,14,0.03,0.05909998435527086,1,0.7496919021654197,0.7880836663474179,0.9512846594576246
iris_binary,1,14,0.05,0.05479998071677983,1,0.8896618762938328,0.7880836663474179,1.1288926725473274
iris_binary,1,14,0.1,0.055199983762577176,1,0.8791050111617656,0.7880836663474179,1.1154970578646939
iris_binary,1,15,0.0,0.054500007536262274,0,,,
iris_binary,1,15,0.01,0.050000002374872565,0,,,
iris_binary,1,15,0.03,0.04939999780617654,0,,,
iris_binary,1,15,0.05,0.04939999780617654,0,,,
iris_binary,1,15,0.1,0.04949999856762588,0,,,
iris_binary,1,16,0.0,0.04909999552182853,0,,,
iris_binary,1,16,0.01,0.04889999399892986,0,,,
iris_binary,1,16,0.03,0.04880002234131098,0,,,
iris_binary,1,16,0.05,0.048699992476031184,0,,,
iris_binary,1,16,0.1,0.04930002614855766,0,,,
iris_binary,1,17,0.0,0.048699992476031184,1,0.9194307759689325,0.9194307759689325,1.0
iris_binary,1,17,0.01,0.04949999856762588,1,0.9225462480622272,0.9194307759689325,1.0033884792359833
iris_binary,1,17,0.03,0.18530001398175955,1,0.9751739333192576,0.9194307759689325,1.0606279002261816
iris_binary,1,17,0.05,0.061400001868605614,1,0.9198095242911272,0.9194307759689325,1.000411937833814
iris_binary,1,17,0.1,0.04849999095313251,1,0.9684479940955847,0.9194307759689325,1.053312570568454
iris_binary,1,18,0.0,0.04569999873638153,1,0.7880836663474179,0.7880836663474179,1.0
iris_binary,1,18,0.01,0.051799986977130175,1,0.7983183500174732,0.7880836663474179,1.012986798365573
iris_binary,1,18,0.03,0.05060000694356859,1,0.7679409885668967,0.7880836663474179,0.974440939914568
iris_binary,1,18,0.05,0.04499999340623617,1,0.7296263661238956,0.7880836663474179,0.9258234845870388
iris_binary,1,18,0.1,0.04390001413412392,1,0.7667356099040706,0.7880836663474179,0.9729114339568913
iris_binary,1,19,0.0,0.04439998883754015,1,0.7880836663474179,0.7880836663474179,1.0
iris_binary,1,19,0.01,0.0447999918833375,1,0.8019469818799206,0.7880836663474179,1.0175911722631634
iris_binary,1,19,0.03,0.04919999628327787,1,0.775404274246085,0.7880836663474179,0.9839111091337562
iris_binary,1,19,0.05,0.04420001641847193,1,0.7517800838303698,0.7880836663474179,0.9539343548568813
iris_binary,1,19,0.1,0.044800020987167954,1,0.837483198387951,0.7880836663474179,1.0626831060583812
iris_binary,1,20,0.0,0.04469999112188816,0,,,
iris_binary,1,20,0.01,0.04439998883754015,0,,,
iris_binary,1,20,0.03,0.043899985030293465,0,,,
iris_binary,1,20,0.05,0.04400001489557326,0,,,
iris_binary,1,20,0.1,0.04360001184977591,0,,,
iris_binary,1,21,0.0,0.04269997589290142,1,0.6567365567259028,0.6567365567259028,1.0
iris_binary,1,21,0.01,0.04409998655319214,1,0.645778724929679,0.6567365567259028,0.9833147223433807
iris_binary,1,21,0.03,0.04430001717992127,1,0.6982254104322266,0.6567365567259028,1.0631742717554242
iris_binary,1,21,0.05,0.0439999857917428,1,0.6475612417239837,0.6567365567259028,0.9860289260465995
iris_binary,1,21,0.1,0.043599982745945454,1,0.5215280038076341,0.6567365567259028,0.7941205624484526
iris_binary,1,22,0.0,0.04400001489557326,0,,,
iris_binary,1,22,0.01,0.04610000178217888,0,,,
iris_binary,1,22,0.03,0.04350001108832657,0,,,
iris_binary,1,22,0.05,0.04370001261122525,0,,,
iris_binary,1,22,0.1,0.04300000728107989,0,,,
iris_binary,1,23,0.0,0.0425000034738332,0,,,
iris_binary,1,23,0.01,0.0425000034738332,0,,,
iris_binary,1,23,0.03,0.04230000195093453,0,,,
iris_binary,1,23,0.05,0.04290000651963055,0,,,
iris_binary,1,23,0.1,0.043400010326877236,0,,,
iris_binary,1,24,0.0,0.042400002712383866,0,,,
iris_binary,1,24,0.01,0.04360001184977591,0,,,
iris_binary,1,24,0.03,0.04230000195093453,0,,,
iris_binary,1,24,0.05,0.0433000095654279,0,,,
iris_binary,1,24,0.1,0.04230000195093453,0,,,
iris_binary,1,25,0.0,0.04370001261122525,0,,,
iris_binary,1,25,0.01,0.04360001184977591,0,,,
iris_binary,1,25,0.03,0.043400010326877236,0,,,
iris_binary,1,25,0.05,0.043100008042529225,0,,,
iris_binary,1,25,0.1,0.041799998143687844,0,,,
iris_binary,1,26,0.0,0.04249997437000275,0,,,
iris_binary,1,26,0.01,0.04439998883754015,0,,,
iris_binary,1,26,0.03,0.04499999340623617,0,,,
iris_binary,1,26,0.05,0.042100000428035855,0,,,
iris_binary,1,26,0.1,0.04169999738223851,0,,,
iris_binary,1,27,0.0,0.04300000728107989,1,0.7880836663474179,0.7880836663474179,1.0
iris_binary,1,27,0.01,0.04350001108832657,1,0.7831474043660441,0.7880836663474179,0.9937363731895978
iris_binary,1,27,0.03,0.04299997817724943,1,0.8116000450173236,0.7880836663474179,1.0298399518656423
iris_binary,1,27,0.05,0.042800005758181214,1,0.8631348250853891,0.7880836663474179,1.0952324758687306
iris_binary,1,27,0.1,0.043100008042529225,1,0.6105115578476815,0.7880836663474179,0.7746786082717064
iris_binary,1,28,0.0,0.04290000651963055,0,,,
iris_binary,1,28,0.01,0.04220000118948519,0,,,
iris_binary,1,28,0.03,0.041799998143687844,0,,,
iris_binary,1,28,0.05,0.042100000428035855,0,,,
iris_binary,1,28,0.1,0.04169999738223851,0,,,
iris_binary,1,29,0.0,0.042100000428035855,1,0.6567365567259028,0.6567365567259028,1.0
iris_binary,1,29,0.01,0.04220000118948519,1,0.6468484661613226,0.6567365567259028,0.9849435965406337
iris_binary,1,29,0.03,0.04199999966658652,1,0.6568243861748121,0.6567365567259028,1.0001337361960587
iris_binary,1,29,0.05,0.043400010326877236,1,0.7369661842661966,0.6567365567259028,1.1221640956615404
iris_binary,1,29,0.1,0.04260000423528254,1,0.7137574560586396,0.6567365567259028,1.0868246159723605
iris_binary,1,30,0.0,0.04189999890513718,1,0.7880836663474179,0.7880836663474179,1.0
iris_binary,1,30,0.01,0.0447999918833375,1,0.7792811985769418,0.7880836663474179,0.9888305415448166
iris_binary,1,30,0.03,0.04290000651963055,1,0.7896839345148582,0.7880836663474179,1.0020305815686514
iris_binary,1,30,0.05,0.043100008042529225,1,0.787061845833353,0.7880836663474179,0.9987034111253685
iris_binary,1,30,0.1,0.042800005758181214,1,0.7578127356597223,0.7880836663474179,0.9615891916298758
iris_binary,1,31,0.0,0.041799998143687844,1,0.9194307759689325,0.9194307759689325,1.0
iris_binary,1,31,0.01,0.04270000499673188,1,0.9155770405521507,0.9194307759689325,0.9958085638228494
iris_binary,1,31,0.03,0.04189999890513718,1,0.9773242167019182,0.9194307759689325,1.0629666117843133
iris_binary,1,31,0.05,0.04230000195093453,1,0.9383386708946176,0.9194307759689325,1.0205647835811884
iris_binary,1,31,0.1,0.04199999966658652,1,1.0250396835577655,0.9194307759689325,1.114863359318746
iris_binary,1,32,0.0,0.04260000423528254,0,,,
iris_binary,1,32,0.01,0.043199979700148106,0,,,
iris_binary,1,32,0.03,0.04230000195093453,0,,,
iris_binary,1,32,0.05,0.04270000499673188,0,,,
iris_binary,1,32,0.1,0.04270000499673188,0,,,
iris_binary,1,33,0.0,0.041799998143687844,1,0.7880836663474179,0.7880836663474179,1.0
iris_binary,1,33,0.01,0.04270000499673188,1,0.8030906417765528,0.7880836663474179,1.019042363228626
iris_binary,1,33,0.03,0.0425000034738332,1,0.7776345066346521,0.7880836663474179,0.9867410528108073
iris_binary,1,33,0.05,0.04189999890513718,1,0.7755227466674718,0.7880836663474179,0.9840614388848293
iris_binary,1,33,0.1,0.04290000651963055,1,0.8030195322615493,0.7880836663474179,1.018952132307672
iris_binary,1,34,0.0,0.0439999857917428,0,,,
iris_binary,1,34,0.01,0.04279997665435076,0,,,
iris_binary,1,34,0.03,0.04300000728107989,0,,,
iris_binary,1,34,0.05,0.042400002712383866,0,,,
iris_binary,1,34,0.1,0.04189999890513718,0,,,
iris_binary,2,0,0.0,0.050300004659220576,1,0.32528256046739806,0.32528256046739806,1.0
iris_binary,2,0,0.01,0.07910002022981644,1,0.3061577306537671,0.32528256046739806,0.9412054867431242
iris_binary,2,0,0.03,0.056899996707215905,1,0.27343707231185505,0.32528256046739806,0.8406139939348537
iris_binary,2,0,0.05,0.04759998410008848,1,0.3044390189876379,0.32528256046739806,0.9359217369360039
iris_binary,2,0,0.1,0.04609997267834842,1,0.23791536846854622,0.32528256046739806,0.7314113862319761
iris_binary,2,1,0.0,0.0439999857917428,1,0.32528256046739806,0.32528256046739806,1.0
iris_binary,2,1,0.01,0.0439999857917428,1,0.3011351251806821,0.32528256046739806,0.9257647405012474
iris_binary,2,1,0.03,0.04290000651963055,1,0.3231514113580821,0.32528256046739806,0.993448314270972
iris_binary,2,1,0.05,0.04320000880397856,1,0.3427691882634374,0.32528256046739806,1.0537582702586723
iris_binary,2,1,0.1,0.04349998198449612,1,0.2683079002506612,0.32528256046739806,0.8248456353304953
iris_binary,2,2,0.0,0.04260000423528254,1,2.016751854228696,2.016751854228696,1.0
iris_binary,2,2,0.01,0.043599982745945454,1,2.0229378558321938,2.016751854228696,1.0030673092430915
iris_binary,2,2,0.03,0.04320000880397856,1,2.0734374701938614,2.016751854228696,1.0281073825945952
iris_binary,2,2,0.05,0.06880000000819564,1,2.0414752607322963,2.016751854228696,1.0122590225722419
iris_binary,2,2,0.1,0.050700007705017924,1,2.068210516115353,2.016751854228696,1.025515614020019
iris_binary,2,3,0.0,0.044400017941370606,1,0.19517052992069372,0.19517052992069372,1.0
iris_binary,2,3,0.01,0.044199987314641476,1,0.1917653883324184,0.19517052992069372,0.9825529930688871
iris_binary,2,3,0.03,0.04339998122304678,1,0.23601583853165464,0.19517052992069372,1.2092801030337836
iris_binary,2,3,0.05,0.04360001184977591,1,0.16517155540879436,0.19517052992069372,0.84629352328915
iris_binary,2,3,0.1,0.04379998426884413,1,0.2262447710731189,0.19517052992069372,1.1592158465986233
iris_binary,2,4,0.0,0.04439998883754015,1,1.3661867412435815,1.3661867412435815,1.0
iris_binary,2,4,0.01,0.045400025555863976,1,1.381520583049475,1.3661867412435815,1.0112238256623218
iris_binary,2,4,0.03,0.04499999340623617,1,1.3762478072412914,1.3661867412435815,1.0073643417067213
iris_binary,2,4,0.05,0.045199994929134846,1,1.2972878617656116,1.3661867412435815,0.9495684759645272
iris_binary,2,4,0.1,0.044199987314641476,1,1.5195546526671797,1.3661867412435815,1.1122598447149281
iris_binary,2,5,0.0,0.04369998350739479,1,0.7156226203087855,0.7156226203087855,1.0
iris_binary,2,5,0.01,0.04429998807609081,1,0.7100070978924989,0.7156226203087855,0.992152955682335
iris_binary,2,5,0.03,0.04429998807609081,1,0.6879660344493902,0.7156226203087855,0.9613531139534665
iris_binary,2,5,0.05,0.04430001717992127,1,0.6559624505921978,0.7156226203087855,0.9166318000249282
iris_binary,2,5,0.1,0.043800013372674584,1,0.7042162668956825,0.7156226203087855,0.9840609378611016
iris_binary,2,6,0.0,0.04350001108832657,1,1.3661867412435815,1.3661867412435815,1.0
iris_binary,2,6,0.01,0.04439998883754015,1,1.3749676720621127,1.3661867412435815,1.0064273283830425
iris_binary,2,6,0.03,0.04339998122304678,1,1.3333616447925845,1.3661867412435815,0.9759731993730829
iris_binary,2,6,0.05,0.0439999857917428,1,1.384266823563451,1.3661867412435815,1.013233975835113
iris_binary,2,6,0.1,0.04610000178217888,1,1.3543316560661793,1.3661867412435815,0.9913225001974393
iris_binary,2,7,0.0,0.05020000389777124,1,0.7156226203087855,0.7156226203087855,1.0
iris_binary,2,7,0.01,0.04439998883754015,1,0.7017914441694667,0.7156226203087855,0.9806725280241271
iris_binary,2,7,0.03,0.04369998350739479,1,0.7204161033842355,0.7156226203087855,1.006698339235534
iris_binary,2,7,0.05,0.042100000428035855,1,0.6958553703984597,0.7156226203087855,0.9723775501928706
iris_binary,2,7,0.1,0.04220000118948519,1,0.8062147020560734,0.7156226203087855,1.1265919762404912
iris_binary,2,8,0.0,0.04169999738223851,1,0.715621628258467,0.715621628258467,1.0
iris_binary,2,8,0.01,0.04119999357499182,1,0.720534478072915,0.715621628258467,1.006865149990511
iris_binary,2,8,0.03,0.041799998143687844,1,0.6416887136805082,0.715621628258467,0.8966871435148186
iris_binary,2,8,0.05,0.04159999662078917,1,0.7264062799765647,0.715621628258467,1.0150703266813543
iris_binary,2,8,0.1,0.04300000728107989,1,0.6878243944356857,0.715621628258467,0.9611565208133402
iris_binary,2,9,0.0,0.04189999890513718,1,1.4962997638406046,1.4962997638406046,1.0
iris_binary,2,9,0.01,0.04159999662078917,1,1.488812492753298,1.4962997638406046,0.9949961423050093
iris_binary,2,9,0.03,0.04189999890513718,1,1.4760600661010974,1.4962997638406046,0.9864735006790636
iris_binary,2,9,0.05,0.04220000118948519,1,1.4211374417330995,1.4962997638406046,0.9497678714360127
iris_binary,2,9,0.1,0.042100000428035855,1,1.5000569077696078,1.4962997638406046,1.0025109567078723
iris_binary,2,10,0.0,0.042100000428035855,1,0.7156226203087855,0.7156226203087855,1.0
iris_binary,2,10,0.01,0.04189999890513718,1,0.7313334387889084,0.7156226203087855,1.0219540551601678
iris_binary,2,10,0.03,0.042100000428035855,1,0.6821196132320043,0.7156226203087855,0.953183415216354
iris_binary,2,10,0.05,0.04439998883754015,1,0.7559852257347289,0.7156226203087855,1.0564020816006727
iris_binary,2,10,0.1,0.04239997360855341,1,0.6541815232571561,0.7156226203087855,0.9141431596654699
iris_binary,2,11,0.0,0.04169999738223851,1,0.7156226203087855,0.7156226203087855,1.0
iris_binary,2,11,0.01,0.04260000423528254,1,0.7344130503625955,0.7156226203087855,1.0262574568222873
iris_binary,2,11,0.03,0.041799998143687844,1,0.7162079451342772,0.7156226203087855,1.0008179238733945
iris_binary,2,11,0.05,0.04129999433644116,1,0.7186476925891038,0.7156226203087855,1.0042271892956833
iris_binary,2,11,0.1,0.042100000428035855,1,0.7105033555807444,0.7156226203087855,0.9928464185133887
iris_binary,2,12,0.0,0.042100000428035855,1,2.016751854228696,2.016751854228696,1.0
iris_binary,2,12,0.01,0.04220000118948519,1,2.0045749994462057,2.016751854228696,0.9939621452401504
iris_binary,2,12,0.03,0.042400002712383866,1,2.0322243603879167,2.016751854228696,1.0076719930252094
iris_binary,2,12,0.05,0.0425000034738332,1,2.049142670032049,2.016751854228696,1.0160608831153106
iris_binary,2,12,0.1,0.041799998143687844,1,2.068312118846775,2.016751854228696,1.025565993411618
iris_binary,2,13,0.0,0.04129999433644116,1,1.8866388316316736,1.8866388316316736,1.0
iris_binary,2,13,0.01,0.04159999662078917,1,1.8954006480444987,1.8866388316316736,1.0046441408211912
iris_binary,2,13,0.03,0.042100000428035855,1,1.944368211037678,1.8866388316316736,1.0305990624374444
iris_binary,2,13,0.05,0.041399995097890496,1,1.9032305712546562,1.8866388316316736,1.0087943380284572
iris_binary,2,13,0.1,0.04230000195093453,1,1.9427415076814882,1.8866388316316736,1.029736839457128
iris_binary,2,14,0.0,0.04089999129064381,1,0.715621628258467,0.715621628258467,1.0
iris_binary,2,14,0.01,0.04189999890513718,1,0.7339752717750997,0.715621628258467,1.0256471336134685
iris_binary,2,14,0.03,0.04230000195093453,1,0.6863561154822891,0.715621628258467,0.9591047676306287
iris_binary,2,14,0.05,0.04160002572461963,1,0.7334637507710965,0.715621628258467,1.0249323410697493
iris_binary,2,14,0.1,0.0425000034738332,1,0.7107602948682874,0.715621628258467,0.9932068383651147
iris_binary,2,15,0.0,0.041300023440271616,1,0.715621628258467,0.715621628258467,1.0
iris_binary,2,15,0.01,0.04360001184977591,1,0.7135008244131322,0.715621628258467,0.9970364173446016
iris_binary,2,15,0.03,0.04169999738223851,1,0.6635779219215725,0.715621628258467,0.9272748275320468
iris_binary,2,15,0.05,0.04260000423528254,1,0.6492564299198389,0.715621628258467,0.9072621679977252
iris_binary,2,15,0.1,0.0433000095654279,1,0.7266744479063203,0.715621628258467,1.0154450609252146
iris_binary,2,16,0.0,0.041000021155923605,1,0.7156226203087855,0.7156226203087855,1.0
iris_binary,2,16,0.01,0.042100000428035855,1,0.7216361985412215,0.7156226203087855,1.0084032813689443
iris_binary,2,16,0.03,0.04159999662078917,1,0.7301994654576992,0.7156226203087855,1.020369458336328
iris_binary,2,16,0.05,0.041399995097890496,1,0.758520200393413,0.7156226203087855,1.05994441604727
iris_binary,2,16,0.1,0.04129999433644116,1,0.8178795483375071,0.7156226203087855,1.1428922523223182
iris_binary,2,17,0.0,0.04230000195093453,1,0.9758476734525128,0.9758476734525128,1.0
iris_binary,2,17,0.01,0.04220000118948519,1,0.9633639185669883,0.9758476734525128,0.9872072709449033
iris_binary,2,17,0.03,0.042400002712383866,1,0.9806325381260481,0.9758476734525128,1.004903290548008
iris_binary,2,17,0.05,0.04159999662078917,1,0.9317758301020486,0.9758476734525128,0.9548373741625682
iris_binary,2,17,0.1,0.04279997665435076,1,1.003442278986736,0.9758476734525128,1.0282775747536443
iris_binary,2,18,0.0,0.041399995097890496,1,0.9758476734525128,0.9758476734525128,1.0
iris_binary,2,18,0.01,0.04190002800896764,1,0.9853978633524332,0.9758476734525128,1.009786558045614
iris_binary,2,18,0.03,0.0439999857917428,1,0.9565876273772576,0.9758476734525128,0.9802632658772307
iris_binary,2,18,0.05,0.04230000195093453,1,0.9503454004722014,0.9758476734525128,0.973866543238162
iris_binary,2,18,0.1,0.041799998143687844,1,1.0911704118384586,0.9758476734525128,1.1181769875803858
iris_binary,2,19,0.0,0.042599975131452084,1,0.7156226203087855,0.7156226203087855,1.0
iris_binary,2,19,0.01,0.042400002712383866,1,0.7118881208026583,0.7156226203087855,0.9947814680529301
iris_binary,2,19,0.03,0.04189999890513718,1,0.7415858087745738,0.7156226203087855,1.036280558675724
iris_binary,2,19,0.05,0.10239999392069876,1,0.8444349731674742,0.7156226203087855,1.18000039294888
iris_binary,2,19,0.1,0.050000002374872565,1,0.5986407692140402,0.7156226203087855,0.8365313675463911
iris_binary,2,20,0.0,0.0447999918833375,1,1.6264127864376274,1.6264127864376274,1.0
iris_binary,2,20,0.01,0.04400001489557326,1,1.6152522002886722,1.6264127864376274,0.9931379129320543
iris_binary,2,20,0.03,0.04370001261122525,1,1.6263045916909589,1.6264127864376274,0.9999334764534743
iris_binary,2,20,0.05,0.04329998046159744,1,1.6350005563548853,1.6264127864376274,1.0052801908524513
iris_binary,2,20,0.1,0.20420001237653196,1,1.5012500465040217,1.6264127864376274,0.9230436817901851
iris_binary,2,21,0.0,0.055899989092722535,1,0.8457356429058084,0.8457356429058084,1.0
iris_binary,2,21,0.01,0.050300004659220576,1,0.8601187531522952,0.8457356429058084,1.0170066265589432
iris_binary,2,21,0.03,0.05870001041330397,1,0.7865124328943914,0.8457356429058084,0.9299743241186622
iris_binary,2,21,0.05,0.04610000178217888,1,0.8932784344134627,0.8457356429058084,1.0562147189922197
iris_binary,2,21,0.1,0.04469999112188816,1,0.9139653533184672,0.8457356429058084,1.0806749851268331
iris_binary,2,22,0.0,0.044400017941370606,1,1.1059606960495358,1.1059606960495358,1.0
iris_binary,2,22,0.01,0.044100015657022595,1,1.1029551888323015,1.1059606960495358,0.9972824466294599
iris_binary,2,22,0.03,0.04600000102072954,1,1.1056232647634672,1.1059606960495358,0.9996948975788434
iris_binary,2,22,0.05,0.04400001489557326,1,1.122586812073219,1.1059606960495358,1.0150331888674446
iris_binary,2,22,0.1,0.04349998198449612,1,1.0749414951044889,1.1059606960495358,0.9719527094806834
iris_binary,2,23,0.0,0.043400010326877236,1,0.9758476734525128,0.9758476734525128,1.0
iris_binary,2,23,0.01,0.04730001091957092,1,0.9517087462196552,0.9758476734525128,0.9752636319278654
iris_binary,2,23,0.03,0.0447999918833375,1,1.0119651615388423,0.9758476734525128,1.0370113994928607
iris_binary,2,23,0.05,0.14970000484026968,1,1.0128078829619735,0.9758476734525128,1.0378749783546615
iris_binary,2,23,0.1,0.14910000027157366,1,0.9831145477672785,0.9758476734525128,1.0074467301736303
iris_binary,2,24,0.0,0.14750001719221473,1,0.5855086056614439,0.5855086056614439,1.0
iris_binary,2,24,0.01,0.22929999977350235,1,0.5801278829156424,0.5855086056614439,0.9908101730806793
iris_binary,2,24,0.03,0.15580002218484879,1,0.5682627533491771,0.5855086056614439,0.9705455186388177
iris_binary,2,24,0.05,0.1480999926570803,1,0.5814671463457447,0.5855086056614439,0.9930975236288225
iris_binary,2,24,0.1,0.12480001896619797,1,0.57878972050869,0.5855086056614439,0.9885247029885007
iris_binary,2,25,0.0,0.1221999991685152,1,0.7156226203087855,0.7156226203087855,1.0
iris_binary,2,25,0.01,0.12290000449866056,1,0.7287017887221289,0.7156226203087855,1.018276627991021
iris_binary,2,25,0.03,0.12309997691772878,1,0.7244875082993859,0.7156226203087855,1.012387657599162
iris_binary,2,25,0.05,0.12469998910091817,1,0.6797179403825299,0.7156226203087855,0.9498273546596905
iris_binary,2,25,0.1,0.12250000145286322,1,0.8374805145650951,0.7156226203087855,1.1702823398787043
iris_binary,2,26,0.0,0.11550000635907054,1,1.8866388316316736,1.8866388316316736,1.0
iris_binary,2,26,0.01,0.11669998639263213,1,1.875899990809678,1.8866388316316736,0.9943079509220597
iris_binary,2,26,0.03,0.11059999815188348,1,1.9219366770172681,1.8866388316316736,1.0187093813578867
iris_binary,2,26,0.05,0.11039999662898481,1,1.9525606406494473,1.8866388316316736,1.0349414036817852
iris_binary,2,26,0.1,0.11079999967478216,1,1.7782853964107648,1.8866388316316736,0.9425680032636673
iris_binary,2,27,0.0,0.10950001887977123,1,2.016751854228696,2.016751854228696,1.0
iris_binary,2,27,0.01,0.10829998063854873,1,2.0092925049429624,2.016751854228696,0.9963013053539072
iris_binary,2,27,0.03,0.11149997590109706,1,2.0108773208049064,2.016751854228696,0.9970871312643289
iris_binary,2,27,0.05,0.11029999586753547,1,1.9873587994747124,2.016751854228696,0.9854255471775804
iris_binary,2,27,0.1,0.10340000153519213,1,2.1252270164783864,2.016751854228696,1.0537870645921268
iris_binary,2,28,0.0,0.1078000059351325,1,0.45539657511473963,0.45539657511473963,1.0
iris_binary,2,28,0.01,0.10190001921728253,1,0.4538156563399752,0.45539657511473963,0.9965284789979677
iris_binary,2,28,0.03,0.0974999857135117,1,0.4252199964723832,0.45539657511473963,0.9337356047643677
iris_binary,2,28,0.05,0.09789998875930905,1,0.45889909229919656,0.45539657511473963,1.0076911364201069
iris_binary,2,28,0.1,0.09910002700053155,1,0.5799163423704089,0.45539657511473963,1.2734314969854479
iris_binary,2,29,0.0,0.09849999332800508,1,1.3661867412435815,1.3661867412435815,1.0
iris_binary,2,29,0.01,0.10019997716881335,1,1.3552801627431483,1.3661867412435815,0.9920167732776375
iris_binary,2,29,0.03,0.09720001253299415,1,1.361629855882218,1.3661867412435815,0.9966645223352002
iris_binary,2,29,0.05,0.0906999921426177,1,1.4280854913694907,1.3661867412435815,1.0453076788533062
iris_binary,2,29,0.1,0.09070002124644816,1,1.4485868122722851,1.3661867412435815,1.0603139150316292
iris_binary,2,30,0.0,0.09110002429224551,1,0.5855086056614439,0.5855086056614439,1.0
iris_binary,2,30,0.01,0.10720000136643648,1,0.5656056769930684,0.5855086056614439,0.9660074532194256
iris_binary,2,30,0.03,0.0957000011112541,1,0.6158658020593509,0.5855086056614439,1.051847566550474
iris_binary,2,30,0.05,0.09270000737160444,1,0.682690878899231,0.5855086056614439,1.1659792397551545
iris_binary,2,30,0.1,0.09130002581514418,1,0.5672138721538107,0.5855086056614439,0.9687541167956604
iris_binary,2,31,0.0,0.0942000187933445,1,0.32528256046739806,0.32528256046739806,1.0
iris_binary,2,31,0.01,0.0926000066101551,1,0.34321446465926747,0.32528256046739806,1.0551271613396767
iris_binary,2,31,0.03,0.09250000584870577,1,0.33343509059767173,0.32528256046739806,1.0250629179706385
iris_binary,2,31,0.05,0.09180000051856041,1,0.27197164248763245,0.32528256046739806,0.8361088958991123
iris_binary,2,31,0.1,0.08200001320801675,1,0.42753028455568765,0.32528256046739806,1.3143350935917681
iris_binary,2,32,0.0,0.11570000788196921,1,2.016751854228696,2.016751854228696,1.0
iris_binary,2,32,0.01,0.08689999231137335,1,1.9923189870950546,2.016751854228696,0.9878850404513521
iris_binary,2,32,0.03,0.135600013891235,1,2.0116029052728877,2.016751854228696,0.9974469100177039
iris_binary,2,32,0.05,0.11530000483617187,1,1.9948638101175857,2.016751854228696,0.9891468828625516
iris_binary,2,32,0.1,0.08530000923201442,1,2.024027648138424,2.016751854228696,1.0036076792960287
iris_binary,2,33,0.0,0.0816000101622194,1,0.5855095977117625,0.5855095977117625,1.0
iris_binary,2,33,0.01,0.08249998791143298,1,0.5712149592444286,0.5855095977117625,0.9755859877904667
iris_binary,2,33,0.03,0.07979999645613134,1,0.6066705538871427,0.5855095977117625,1.0361410918934202
iris_binary,2,33,0.05,0.07010000990703702,1,0.5867421367334918,0.5855095977117625,1.0021050705685206
iris_binary,2,33,0.1,0.07039998308755457,1,0.585071311349547,0.5855095977117625,0.9992514446152064
iris_binary,2,34,0.0,0.06880000000819564,1,1.6264127864376274,1.6264127864376274,1.0
iris_binary,2,34,0.01,0.06930000381544232,1,1.6254315210738983,1.6264127864376274,0.9993966689318285
iris_binary,2,34,0.03,0.06859999848529696,1,1.6306596415777654,1.6264127864376274,1.0026111791394852
iris_binary,2,34,0.05,0.07039998308755457,1,1.5873973310852236,1.6264127864376274,0.9760113449194775
iris_binary,2,34,0.1,0.07000000914558768,1,1.6658271726646015,1.6264127864376274,1.0242339377528533
iris_binary,3,0,0.0,0.07300000288523734,1,0.7630260757401993,0.7630260757401993,1.0
iris_binary,3,0,0.01,0.0675999908708036,1,0.7604658115495283,0.7630260757401993,0.996644591486356
iris_binary,3,0,0.03,0.07929999264888465,1,0.7680497577881734,0.7630260757401993,1.006583893011914
iris_binary,3,0,0.05,0.06409999332390726,1,0.7533992566555884,0.7630260757401993,0.9873833681564917
iris_binary,3,0,0.1,0.08789999992586672,1,0.9944620722797693,0.7630260757401993,1.3033133517947701
iris_binary,3,1,0.0,0.0509000092279166,1,0.7630260757401993,0.7630260757401993,1.0
iris_binary,3,1,0.01,0.047200010158121586,1,0.7625189498900212,0.7630260757401993,0.9993353754657911
iris_binary,3,1,0.03,0.0467000063508749,1,0.7312858925947995,0.7630260757401993,0.9584022300750218
iris_binary,3,1,0.05,0.04490002174861729,1,0.7324071192683549,0.7630260757401993,0.9598716774624754
iris_binary,3,1,0.1,0.045199994929134846,1,0.9755230272874998,0.7630260757401993,1.2784923848653018
iris_binary,3,2,0.0,0.04429998807609081,1,0.6358552311757594,0.6358552311757594,1.0
iris_binary,3,2,0.01,0.0447999918833375,1,0.6339710756165681,0.6358552311757594,0.9970368167676984
iris_binary,3,2,0.03,0.044400017941370606,1,0.6994555164429516,0.6358552311757594,1.100023216211635
iris_binary,3,2,0.05,0.04470002022571862,1,0.6161236289621,0.6358552311757594,0.9689684046836045
iris_binary,3,2,0.1,0.34860000596381724,1,0.37185724932408604,0.6358552311757594,0.5848143273689597
iris_binary,3,3,0.0,0.6503000040538609,1,0.6358542144686394,0.6358542144686394,1.0
iris_binary,3,3,0.01,0.46099998871795833,1,0.6221067741964471,0.6358542144686394,0.9783795719846246
iris_binary,3,3,0.03,0.5122000002302229,1,0.6624500006413252,0.6358542144686394,1.0418268615155928
iris_binary,3,3,0.05,0.4518000059761107,1,0.6590269027208495,0.6358542144686394,1.036443398069752
iris_binary,3,3,0.1,0.45709998812526464,1,0.7287550143052648,0.6358542144686394,1.146103930307766
iris_binary,3,4,0.0,0.4537000204436481,1,1.5260501264197186,1.5260501264197186,1.0
iris_binary,3,4,0.01,0.375000003259629,1,1.5306721180505778,1.5260501264197186,1.0030287285789903
iris_binary,3,4,0.03,0.657000025967136,1,1.5085750535685065,1.5260501264197186,0.9885488212027409
iris_binary,3,4,0.05,1.3383000041358173,1,1.5813739486579315,1.5260501264197186,1.036252952167442
iris_binary,3,4,0.1,0.9842000144999474,1,1.4821657080838522,1.5260501264197186,0.9712431344317476
iris_binary,3,5,0.0,0.6706999847665429,1,0.7630260757401993,0.7630260757401993,1.0
iris_binary,3,5,0.01,0.33370000892318785,1,0.756320395145652,0.7630260757401993,0.991211728133875
iris_binary,3,5,0.03,0.07310000364668667,1,0.8139815683174066,0.7630260757401993,1.0667808010725928
iris_binary,3,5,0.05,0.5598000134341419,1,0.7888272801113406,0.7630260757401993,1.0338143153837986
iris_binary,3,5,0.1,0.06330001633614302,1,0.8627548408561315,0.7630260757401993,1.13070164740987
iris_binary,3,6,0.0,0.054599979193881154,1,0.6358542144686394,0.6358542144686394,1.0
iris_binary,3,6,0.01,0.05590001819655299,1,0.6501916422383044,0.6358542144686394,1.0225482940010804
iris_binary,3,6,0.03,0.13989998842589557,1,0.6430198360080066,0.6358542144686394,1.0112692837073594
iris_binary,3,6,0.05,0.08220001473091543,1,0.7385839800131277,0.6358542144686394,1.1615618222021786
iris_binary,3,6,0.1,0.05699999746866524,1,0.5886016068194687,0.6358542144686394,0.9256864127437482
iris_binary,3,7,0.0,0.0481999886687845,1,0.7630260757401993,0.7630260757401993,1.0
iris_binary,3,7,0.01,0.04740001168102026,1,0.760124459123653,0.7630260757401993,0.9961972248278258
iris_binary,3,7,0.03,0.04650000482797623,1,0.7810475201667405,0.7630260757401993,1.0236183860545773
iris_binary,3,7,0.05,0.04579999949783087,1,0.6981659629119278,0.7630260757401993,0.9149962040742162
iris_binary,3,7,0.1,0.045599997974932194,1,0.736969529422313,0.7630260757401993,0.9658510408145498
iris_binary,3,8,0.0,0.04509999416768551,1,0.3815135420468797,0.3815135420468797,1.0
iris_binary,3,8,0.01,0.045199994929134846,1,0.37742977454282034,0.3815135420468797,0.9892958779860098
iris_binary,3,8,0.03,0.044400017941370606,1,0.35766193081516084,0.3815135420468797,0.9374816130935976
iris_binary,3,8,0.05,0.05160001455806196,1,0.44003756323366716,0.3815135420468797,1.1533995906745458
iris_binary,3,8,0.1,0.04499999340623617,1,0.48164890659531434,0.3815135420468797,1.262468702974979
iris_binary,3,9,0.0,0.045100023271515965,1,1.1445375927263988,1.1445375927263988,1.0
iris_binary,3,9,0.01,0.04450001870281994,1,1.154136653726812,1.1445375927263988,1.008386846409778
iris_binary,3,9,0.03,0.04429998807609081,1,1.1582797330881374,1.1445375927263988,1.0120067182144743
iris_binary,3,9,0.05,0.043800013372674584,1,1.1454723976155063,1.1445375927263988,1.0008167533290722
iris_binary,3,9,0.1,0.04339998122304678,1,1.200447405580474,1.1445375927263988,1.0488492586083542
iris_binary,3,10,0.0,0.04370001261122525,1,0.25434168077531977,0.25434168077531977,1.0
iris_binary,3,10,0.01,0.042800005758181214,1,0.2624952750827275,0.25434168077531977,1.032057641054163
iris_binary,3,10,0.03,0.04460001946426928,1,0.24978198613982616,0.25434168077531977,0.9820725623044005
iris_binary,3,10,0.05,0.04350001108832657,1,0.24022674639436703,0.25434168077531977,0.9445040453537712
iris_binary,3,10,0.1,0.044199987314641476,1,0.28761039853728754,0.25434168077531977,1.1308032472717544
iris_binary,3,11,0.0,0.04390001413412392,1,0.7630260757401993,0.7630260757401993,1.0
iris_binary,3,11,0.01,0.04420001641847193,1,0.7632902818044808,0.7630260757401993,1.0003462608588116
iris_binary,3,11,0.03,0.04349998198449612,1,0.7350349819568428,0.7630260757401993,0.9633156786205468
iris_binary,3,11,0.05,0.04369998350739479,1,0.7852470099822187,0.7630260757401993,1.0291221164630098
iris_binary,3,11,0.1,0.04370001261122525,1,0.6522012318675604,0.7630260757401993,0.8547561513345012
iris_binary,3,12,0.0,0.0433000095654279,1,1.5260501264197186,1.5260501264197186,1.0
iris_binary,3,12,0.01,0.04339998122304678,1,1.531874399426477,1.5260501264197186,1.003816567297447
iris_binary,3,12,0.03,0.04370001261122525,1,1.5256009246564959,1.5260501264197186,0.9997056441623732
iris_binary,3,12,0.05,0.042899977415800095,1,1.4907841048183574,1.5260501264197186,0.9768906532027889
iris_binary,3,12,0.1,0.04370001261122525,1,1.5517221211876446,1.5260501264197186,1.0168225108228623
iris_binary,3,13,0.0,0.043400010326877236,1,1.3988792818552787,1.3988792818552787,1.0
iris_binary,3,13,0.01,0.04700000863522291,1,1.3936074558066989,1.3988792818552787,0.996231393146671
iris_binary,3,13,0.03,0.04300000728107989,1,1.4335933587992211,1.3988792818552787,1.0248156344827
iris_binary,3,13,0.05,0.042899977415800095,1,1.4540388343314636,1.3988792818552787,1.0394312455632548
iris_binary,3,13,0.1,0.04290000651963055,1,1.4179877579157227,1.3988792818552787,1.0136598463557922
iris_binary,3,14,0.0,0.042800005758181214,1,0.38151252533975977,0.38151252533975977,1.0
iris_binary,3,14,0.01,0.04279997665435076,1,0.37149968128702365,0.38151252533975977,0.9737548746431874
iris_binary,3,14,0.03,0.043800013372674584,1,0.43791426598501276,0.38151252533975977,1.1478371924880417
iris_binary,3,14,0.05,0.04539999645203352,1,0.39886818999704243,0.38151252533975977,1.0454917296406623
iris_binary,3,14,0.1,0.04369998350739479,1,0.32662536384634455,0.38151252533975977,0.8561327404793987
iris_binary,3,15,0.0,0.04230000195093453,1,0.7630260757401993,0.7630260757401993,1.0
iris_binary,3,15,0.01,0.04270000499673188,1,0.7520847287114717,0.7630260757401993,0.9856605856908447
iris_binary,3,15,0.03,0.042899977415800095,1,0.7265422103551454,0.7630260757401993,0.9521852967480023
iris_binary,3,15,0.05,0.04700000863522291,1,0.7683735689323404,0.7630260757401993,1.0070082705718197
iris_binary,3,15,0.1,0.0425000034738332,1,0.7692743662246987,0.7630260757401993,1.0081888295605599
iris_binary,3,16,0.0,0.04230000195093453,1,0.6358542144686394,0.6358542144686394,1.0
iris_binary,3,16,0.01,0.04199999966658652,1,0.625211529511093,0.6358542144686394,0.9832623819810016
iris_binary,3,16,0.03,0.04260000423528254,1,0.693658860318964,0.6358542144686394,1.0909086462509803
iris_binary,3,16,0.05,0.043100008042529225,1,0.702746785190573,0.6358542144686394,1.1052011124559948
iris_binary,3,16,0.1,0.04279997665435076,1,0.7309381537818666,0.6358542144686394,1.1495373265594935
iris_binary,3,17,0.0,0.04230000195093453,1,0.6358552311757594,0.6358552311757594,1.0
iris_binary,3,17,0.01,0.04329998046159744,1,0.6336717788451439,0.6358552311757594,0.9965661172173137
iris_binary,3,17,0.03,0.0425000034738332,1,0.5932615296391782,0.6358552311757594,0.9330135234433454
iris_binary,3,17,0.05,0.0425000034738332,1,0.6142587824314746,0.6358552311757594,0.9660355884713714
iris_binary,3,17,0.1,0.043199979700148106,1,0.6675937985518204,0.6358552311757594,1.049914769620395
iris_binary,3,18,0.0,0.06540000322274864,1,2.161904349241918,2.161904349241918,1.0
iris_binary,3,18,0.01,0.043599982745945454,1,2.1780787950398515,2.161904349241918,1.0074815732729365
iris_binary,3,18,0.03,0.04270000499673188,1,2.1291926413141065,2.161904349241918,0.9848690308896959
iris_binary,3,18,0.05,0.04549999721348286,1,2.2991348650245884,2.161904349241918,1.063476682412333
iris_binary,3,18,0.1,0.04320000880397856,1,1.9911179179128649,2.161904349241918,0.9210018558920333
iris_binary,3,19,0.0,0.04350001108832657,1,0.8901959035975192,0.8901959035975192,1.0
iris_binary,3,19,0.01,0.04509999416768551,1,0.8999490587695902,0.8901959035975192,1.0109561896798849
iris_binary,3,19,0.03,0.042800005758181214,1,0.8820300674695063,0.8901959035975192,0.9908269223717919
iris_binary,3,19,0.05,0.04370001261122525,1,0.9406813737860342,0.8901959035975192,1.0567127639932847
iris_binary,3,19,0.1,0.0425000034738332,1,0.8010472588997931,0.8901959035975192,0.8998550270367988
iris_binary,3,20,0.0,0.04279997665435076,1,0.7630260757401993,0.7630260757401993,1.0
iris_binary,3,20,0.01,0.04230000195093453,1,0.761219790538418,0.7630260757401993,0.9976327346348826
iris_binary,3,20,0.03,0.048200017772614956,1,0.747383769331489,0.7630260757401993,0.9794996437133082
iris_binary,3,20,0.05,0.043100008042529225,1,0.6921901356922083,0.7630260757401993,0.907164457021637
iris_binary,3,20,0.1,0.04199999966658652,1,0.7401996701684833,0.7630260757401993,0.9700843702496373
iris_binary,3,21,0.0,0.041099992813542485,1,0.7630250590330792,0.7630250590330792,1.0
iris_binary,3,21,0.01,0.041799998143687844,1,0.7858419850691272,0.7630250590330792,1.0299032459890138
iris_binary,3,21,0.03,0.04199999966658652,1,0.7795386758357745,0.7630250590330792,1.021642299433287
iris_binary,3,21,0.05,0.04220000118948519,1,0.7394999861133779,0.7630250590330792,0.9691686758630015
iris_binary,3,21,0.1,0.041799998143687844,1,0.570020416388632,0.7630250590330792,0.747053336768485
iris_binary,3,22,0.0,0.041399995097890496,1,0.7630250590330792,0.7630250590330792,1.0
iris_binary,3,22,0.01,0.04169999738223851,1,0.750847234496119,0.7630250590330792,0.9840400726125664
iris_binary,3,22,0.03,0.043400010326877236,1,0.7311452794787141,0.7630250590330792,0.9582192233702471
iris_binary,3,22,0.05,0.04149999585933983,1,0.7047983490012459,0.7630250590330792,0.9236896490586832
iris_binary,3,22,0.1,0.044800020987167954,1,0.9369437713160015,0.7630250590330792,1.2279331592376739
iris_binary,3,23,0.0,0.04119999357499182,1,0.5086843866113196,0.5086843866113196,1.0
iris_binary,3,23,0.01,0.042100000428035855,1,0.5073713056777976,0.5086843866113196,0.9974186726227843
iris_binary,3,23,0.03,0.041099992813542485,1,0.5433341743594257,0.5086843866113196,1.0681164758740307
iris_binary,3,23,0.05,0.04149999585933983,1,0.49185907062915757,0.5086843866113196,0.9669238600102383
iris_binary,3,23,0.1,0.042400002712383866,1,0.6792253929406004,0.5086843866113196,1.3352589755415263
iris_binary,3,24,0.0,0.041399995097890496,1,1.271708437290839,1.271708437290839,1.0
iris_binary,3,24,0.01,0.04120002267882228,1,1.2952361928467844,1.271708437290839,1.0185009038754727
iris_binary,3,24,0.03,0.04189999890513718,1,1.261561370184082,1.271708437290839,0.9920209170520456
iris_binary,3,24,0.05,0.04169999738223851,1,1.302218351205953,1.271708437290839,1.0239912805643645
iris_binary,3,24,0.1,0.04189999890513718,1,1.2348034401795163,1.271708437290839,0.9709799856404644
iris_binary,3,25,0.0,0.04770001396536827,1,0.6358542144686394,0.6358542144686394,1.0
iris_binary,3,25,0.01,0.05260002217255533,1,0.634790334750351,0.6358542144686394,0.9983268496235768
iris_binary,3,25,0.03,0.04779998562298715,1,0.6349410792707145,0.6358542144686394,0.9985639236523925
iris_binary,3,25,0.05,0.0475000124424696,1,0.6626223260266623,0.6358542144686394,1.0420978755018429
iris_binary,3,25,0.1,0.04730001091957092,1,0.7436203162521164,0.6358542144686394,1.169482405449704
iris_binary,3,26,0.0,0.043100008042529225,1,0.25434168077531977,0.25434168077531977,1.0
iris_binary,3,26,0.01,0.04409998655319214,1,0.2653602931006375,0.25434168077531977,1.0433220866187929
iris_binary,3,26,0.03,0.0433000095654279,1,0.29197315500627385,0.25434168077531977,1.147956379450826
iris_binary,3,26,0.05,0.042800005758181214,1,0.26575598001263123,0.25434168077531977,1.0448778163394878
iris_binary,3,26,0.1,0.04190002800896764,1,0.2028133491791831,0.25434168077531977,0.7974050834331957
iris_binary,3,27,0.0,0.041799998143687844,1,0.5086843866113196,0.5086843866113196,1.0
iris_binary,3,27,0.01,0.04159999662078917,1,0.5111822911844787,0.5086843866113196,1.0049105194476269
iris_binary,3,27,0.03,0.04199999966658652,1,0.541113140013385,0.5086843866113196,1.0637502432856147
iris_binary,3,27,0.05,0.04499999340623617,1,0.4782112381098459,0.5086843866113196,0.9400941933671773
iris_binary,3,27,0.1,0.04300000728107989,1,0.7109245157859289,0.5086843866113196,1.3975748705830413
iris_binary,3,28,0.0,0.041399995097890496,1,1.271708437290839,1.271708437290839,1.0
iris_binary,3,28,0.01,0.04290000651963055,1,1.2564414747494919,1.271708437290839,0.9879949192018646
iris_binary,3,28,0.03,0.041399995097890496,1,1.2457548930471478,1.271708437290839,0.9795915923157821
iris_binary,3,28,0.05,0.04249997437000275,1,1.257350350826334,1.271708437290839,0.9887096082376456
iris_binary,3,28,0.1,0.042100000428035855,1,1.2506198648890243,1.271708437290839,0.983417132588394
iris_binary,3,29,0.0,0.04069998976774514,1,0.7630260757401993,0.7630260757401993,1.0
iris_binary,3,29,0.01,0.04270000499673188,1,0.7573637569423698,0.7630260757401993,0.9925791280562245
iris_binary,3,29,0.03,0.04129999433644116,1,0.7612675360714419,0.7630260757401993,0.9976953085554102
iris_binary,3,29,0.05,0.07350000669248402,1,0.745699148147647,0.7630260757401993,0.9772918277062239
iris_binary,3,29,0.1,0.04770001396536827,1,0.7550215740301812,0.7630260757401993,0.9895095305855005
iris_binary,3,30,0.0,0.04919999628327787,1,1.271708437290839,1.271708437290839,1.0
iris_binary,3,30,0.01,0.047900015488266945,1,1.2623195343515257,1.271708437290839,0.9926170947176267
iris_binary,3,30,0.03,0.04350001108832657,1,1.2862768695589057,1.271708437290839,1.0114557958733863
iris_binary,3,30,0.05,0.0439999857917428,1,1.254847879455592,1.271708437290839,0.9867418054792767
iris_binary,3,30,0.1,0.042800005758181214,1,1.3428218031417627,1.271708437290839,1.0559195518136364
iris_binary,3,31,0.0,0.04329998046159744,1,0.7630250590330792,0.7630250590330792,1.0
iris_binary,3,31,0.01,0.04260000423528254,1,0.7493125596717634,0.7630250590330792,0.9820287693058305
iris_binary,3,31,0.03,0.04300000728107989,1,0.8086010324446214,0.7630250590330792,1.0597306377713165
iris_binary,3,31,0.05,0.04339998122304678,1,0.7914120648607407,0.7630250590330792,1.0372032418746955
iris_binary,3,31,0.1,0.04260000423528254,1,0.8589893689833912,0.7630250590330792,1.1257682284667294
iris_binary,3,32,0.0,0.04260000423528254,1,0.6358542144686394,0.6358542144686394,1.0
iris_binary,3,32,0.01,0.045599997974932194,1,0.638748782278358,0.6358542144686394,1.0045522507264302
iris_binary,3,32,0.03,0.04290000651963055,1,0.6418865837146593,0.6358542144686394,1.0094870319465616
iris_binary,3,32,0.05,0.043199979700148106,1,0.6754711676814047,0.6358542144686394,1.06230508866859
iris_binary,3,32,0.1,0.04159999662078917,1,0.6691333044244946,0.6358542144686394,1.0523376100977255
iris_binary,3,33,0.0,0.04300000728107989,1,0.8901959035975192,0.8901959035975192,1.0
iris_binary,3,33,0.01,0.041399995097890496,1,0.8941787782190749,0.8901959035975192,1.0044741551892789
iris_binary,3,33,0.03,0.04220000118948519,1,0.8309907469832793,0.8901959035975192,0.9334919916223204
iris_binary,3,33,0.05,0.04230000195093453,1,1.010473192982017,0.8901959035975192,1.1351132811310691
iris_binary,3,33,0.1,0.042800005758181214,1,0.8449590631471273,0.8901959035975192,0.9491832749762409
iris_binary,3,34,0.0,0.0425000034738332,1,0.8901959035975192,0.8901959035975192,1.0
iris_binary,3,34,0.01,0.04390001413412392,1,0.8941246955746913,0.8901959035975192,1.004413401545991
iris_binary,3,34,0.03,0.04099999205209315,1,0.892428860665617,0.8901959035975192,1.0025083883885264
iris_binary,3,34,0.05,0.1328999933321029,1,0.8553936884035687,0.8901959035975192,0.9609049928748206
iris_binary,3,34,0.1,0.9550999966450036,1,0.9643552341326758,0.8901959035975192,1.0833067533061642
iris_binary,4,0,0.0,0.05490001058205962,1,2.066543308674798,2.066543308674798,1.0
iris_binary,4,0,0.01,0.050000002374872565,1,2.0631096454004814,2.066543308674798,0.9983384508517663
iris_binary,4,0,0.03,0.048299989430233836,1,2.0725208778760744,2.066543308674798,1.0028925448482904
iris_binary,4,0,0.05,0.04549999721348286,1,2.105776835792379,2.066543308674798,1.0189850979424864
iris_binary,4,0,0.1,0.04469999112188816,1,1.8557450744733752,2.066543308674798,0.8979947657924477
iris_binary,4,1,0.0,0.043199979700148106,1,0.6112321478494892,0.6112321478494892,1.0
iris_binary,4,1,0.01,0.04370001261122525,1,0.6185828871955347,0.6112321478494892,1.0120261006753453
iris_binary,4,1,0.03,0.04199999966658652,1,0.6325901102445094,0.6112321478494892,1.034942472299869
iris_binary,4,1,0.05,0.04290000651963055,1,0.7130841329751855,0.6112321478494892,1.16663388122507
iris_binary,4,1,0.1,0.04220000118948519,1,0.6401557184041692,0.6112321478494892,1.047320106863558
iris_binary,4,2,0.0,0.0425000034738332,1,1.0187185213392076,1.0187185213392076,1.0
iris_binary,4,2,0.01,0.042599975131452084,1,1.016613883955935,1.0187185213392076,0.9979340344372009
iris_binary,4,2,0.03,0.04189999890513718,1,1.0428797510508434,1.0187185213392076,1.023717277349462
iris_binary,4,2,0.05,0.042100000428035855,1,1.0977265530587876,1.0187185213392076,1.0775562926015285
iris_binary,4,2,0.1,0.041799998143687844,1,1.1864508594248617,1.0187185213392076,1.164650327418366
iris_binary,4,3,0.0,0.05189998773857951,1,1.1933559858951392,1.1933559858951392,1.0
iris_binary,4,3,0.01,0.04390001413412392,1,1.2063527147844262,1.1933559858951392,1.0108909068567147
iris_binary,4,3,0.03,0.04300000728107989,1,1.1969050418693101,1.1933559858951392,1.0029740127976219
iris_binary,4,3,0.05,0.04169999738223851,1,1.1422598014490792,1.1933559858951392,0.9571827811231595
iris_binary,4,3,0.1,0.042100000428035855,1,1.1771135902899124,1.1933559858951392,0.9863893123282543
iris_binary,4,4,0.0,0.04129999433644116,1,2.008330820489488,2.008330820489488,1.0
iris_binary,4,4,0.01,0.041799998143687844,1,2.009578679587741,2.008330820489488,1.0006213414072633
iris_binary,4,4,0.03,0.041799998143687844,1,2.022859818477688,2.008330820489488,1.0072343648964461
iris_binary,4,4,0.05,0.04230000195093453,1,1.9975425598386591,2.008330820489488,0.9946282452369081
iris_binary,4,4,0.1,0.041799998143687844,1,1.8883196158476951,2.008330820489488,0.940243308812767
iris_binary,4,5,0.0,0.04119999357499182,1,1.775480867748245,1.775480867748245,1.0
iris_binary,4,5,0.01,0.04260000423528254,1,1.7658547724108542,1.775480867748245,0.9945783164931543
iris_binary,4,5,0.03,0.04230000195093453,1,1.7632026179500158,1.775480867748245,0.9930845496444007
iris_binary,4,5,0.05,0.042400002712383866,1,1.7576079881296403,1.775480867748245,0.989933499175763
iris_binary,4,5,0.1,0.04159999662078917,1,1.8226352307099187,1.775480867748245,1.026558643248844
iris_binary,4,6,0.0,0.04129999433644116,1,1.7172683795629347,1.7172683795629347,1.0
iris_binary,4,6,0.01,0.04159999662078917,1,1.7190127542516078,1.7172683795629347,1.0010157845502967
iris_binary,4,6,0.03,0.04140002420172095,1,1.698395398734887,1.7172683795629347,0.9890098827576089
iris_binary,4,6,0.05,0.04119999357499182,1,1.652626199144828,1.7172683795629347,0.9623575550639563
iris_binary,4,6,0.1,0.04290000651963055,1,1.6965257352369414,1.7172683795629347,0.9879211400076716
iris_binary,4,7,0.0,0.041399995097890496,1,0.5530196596641784,0.5530196596641784,1.0
iris_binary,4,7,0.01,0.04290000651963055,1,0.5588557677956684,0.5530196596641784,1.010553165750082
iris_binary,4,7,0.03,0.042599975131452084,1,0.5550851936637561,0.5530196596641784,1.0037350100732982
iris_binary,4,7,0.05,0.04189999890513718,1,0.5718296486077111,0.5530196596641784,1.034013237350287
iris_binary,4,7,0.1,0.04199999966658652,1,0.470359325902289,0.5530196596641784,0.8505291225775139
iris_binary,4,8,0.0,0.04119999357499182,1,1.2515684740804496,1.2515684740804496,1.0
iris_binary,4,8,0.01,0.04189999890513718,1,1.2456187991409906,1.2515684740804496,0.9952462249867469
iris_binary,4,8,0.03,0.04169999738223851,1,1.2208254524529205,1.2515684740804496,0.9754364045881576
iris_binary,4,8,0.05,0.04270000499673188,1,1.126352061828757,1.2515684740804496,0.899952407842734
iris_binary,4,8,0.1,0.04159999662078917,1,1.2784170185471653,1.2515684740804496,1.0214519181512955
iris_binary,4,9,0.0,0.04220000118948519,1,1.1933559858951392,1.1933559858951392,1.0
iris_binary,4,9,0.01,0.041799998143687844,1,1.2010898064949393,1.1933559858951392,1.0064807322301224
iris_binary,4,9,0.03,0.04270000499673188,1,1.1492697105790854,1.1933559858951392,0.9630568951451779
iris_binary,4,9,0.05,0.04220000118948519,1,1.2371305709404843,1.1933559858951392,1.0366819168485668
iris_binary,4,9,0.1,0.04169999738223851,1,1.426924357013693,1.1933559858951392,1.19572396994628
iris_binary,4,10,0.0,0.04189999890513718,1,0.6694446360347998,0.6694446360347998,1.0
iris_binary,4,10,0.01,0.04159999662078917,1,0.6849281618885471,0.6694446360347998,1.0231289116684212
iris_binary,4,10,0.03,0.041799998143687844,1,0.7067930025923522,0.6694446360347998,1.0557900751565825
iris_binary,4,10,0.05,0.042400002712383866,1,0.653888067843844,0.6694446360347998,0.9767619794773483
iris_binary,4,10,0.1,0.043800013372674584,1,0.638832129066636,0.6694446360347998,0.9542717869105871
iris_binary,4,11,0.0,0.04119999357499182,1,0.8440821005907314,0.8440821005907314,1.0
iris_binary,4,11,0.01,0.04099999205209315,1,0.817486046335059,0.8440821005907314,0.9684911524162647
iris_binary,4,11,0.03,0.042100000428035855,1,0.8416967859279844,0.8440821005907314,0.9971740726866762
iris_binary,4,11,0.05,0.0425000034738332,1,0.8589375104609266,0.8440821005907314,1.0175994845285767
iris_binary,4,11,0.1,0.042800005758181214,1,0.631179946456076,0.8440821005907314,0.7477707986158506
iris_binary,4,12,0.0,0.041399995097890496,1,1.8336933559335555,1.8336933559335555,1.0
iris_binary,4,12,0.01,0.04230000195093453,1,1.8495804077572016,1.8336933559335555,1.008663963236949
iris_binary,4,12,0.03,0.04199999966658652,1,1.8345227866435505,1.8336933559335555,1.0004523279245743
iris_binary,4,12,0.05,0.04199999966658652,1,1.8551832502796717,1.8336933559335555,1.011719459132345
iris_binary,4,12,0.1,0.042100000428035855,1,1.6620472856159865,1.8336933559335555,0.906393252851057
iris_binary,4,13,0.0,0.041799998143687844,1,0.8440810567832756,0.8440810567832756,1.0
iris_binary,4,13,0.01,0.042400002712383866,1,0.8369040723984531,0.8440810567832756,0.9914972805903578
iris_binary,4,13,0.03,0.042800005758181214,1,0.8285292944670093,0.8440810567832756,0.9815755107980592
iris_binary,4,13,0.05,0.041000021155923605,1,0.8115537728835419,0.8440810567832756,0.9614642650272327
iris_binary,4,13,0.1,0.04169999738223851,1,0.8484335791424007,0.8440810567832756,1.0051565217867964
iris_binary,4,14,0.0,0.06560000474564731,1,1.3097809622657604,1.3097809622657604,1.0
iris_binary,4,14,0.01,0.066100008552894,1,1.3128923736774767,1.3097809622657604,1.002375520412462
iris_binary,4,14,0.03,0.06669998401775956,1,1.2988878634446048,1.3097809622657604,0.9916832667942342
iris_binary,4,14,0.05,0.06890000076964498,1,1.2151010706478556,1.3097809622657604,0.9277131869025488
iris_binary,4,14,0.1,0.07460001506842673,1,1.313450142363859,1.3097809622657604,1.0028013692394424
iris_binary,4,15,0.0,0.0678999931551516,1,1.3097809622657604,1.3097809622657604,1.0
iris_binary,4,15,0.01,0.06839999696239829,1,1.312592911648815,1.3097809622657604,1.0021468852152122
iris_binary,4,15,0.03,0.06990000838413835,1,1.2880151614469058,1.3097809622657604,0.9833821062865332
iris_binary,4,15,0.05,0.06709998706355691,1,1.26852394610769,1.3097809622657604,0.9685008277363409
iris_binary,4,15,0.1,0.0672000169288367,1,1.3581684457838055,1.3097809622657604,1.0369431873817594
iris_binary,4,16,0.0,0.06650001159869134,1,0.7858696124054209,0.7858696124054209,1.0
iris_binary,4,16,0.01,0.066100008552894,1,0.7923692325059991,0.7858696124054209,1.0082706087600002
iris_binary,4,16,0.03,0.06619998021051288,1,0.7678398628576718,0.7858696124054209,0.9770575814828074
iris_binary,4,16,0.05,0.06699998630210757,1,0.7782843087073147,0.7858696124054209,0.9903478852237475
iris_binary,4,16,0.1,0.07059998461045325,1,0.9034352944709673,0.7858696124054209,1.14959947580324
iris_binary,4,17,0.0,0.06500000017695129,1,1.484418426821692,1.484418426821692,1.0
iris_binary,4,17,0.01,0.06609997944906354,1,1.4765332422853579,1.484418426821692,0.9946880310875572
iris_binary,4,17,0.03,0.06780002149753273,1,1.4554918130160663,1.484418426821692,0.9805131671212404
iris_binary,4,17,0.05,0.05390000296756625,1,1.5273517136610044,1.484418426821692,1.0289226312901798
iris_binary,4,17,0.1,0.053099996875971556,1,1.358912313103156,1.484418426821692,0.9154509864262068
iris_binary,4,18,0.0,0.05319999763742089,1,0.6112321478494892,0.6112321478494892,1.0
iris_binary,4,18,0.01,0.05549998604692519,1,0.6247451116975563,0.6112321478494892,1.022107743998103
iris_binary,4,18,0.03,0.05479998071677983,1,0.6277051932292391,0.6112321478494892,1.0269505546095823
iris_binary,4,18,0.05,0.05500001134350896,1,0.5419830975642818,0.6112321478494892,0.886705811320874
iris_binary,4,18,0.1,0.05420000525191426,1,0.5648565462430607,0.6112321478494892,0.9241276791975148
iris_binary,4,19,0.0,0.05329999839887023,1,2.4740307259719723,2.4740307259719723,1.0
iris_binary,4,19,0.01,0.05470000905916095,1,2.4486195315702197,2.4740307259719723,0.9897288282902108
iris_binary,4,19,0.03,0.05460000829771161,1,2.456912992137716,2.4740307259719723,0.9930810342593739
iris_binary,4,19,0.05,0.05259999306872487,1,2.429171025657358,2.4740307259719723,0.981867767508429
iris_binary,4,19,0.1,0.058900011936202645,1,2.573066333488878,2.4740307259719723,1.0400300636840303
iris_binary,4,20,0.0,0.052499992307275534,1,1.0187185213392076,1.0187185213392076,1.0
iris_binary,4,20,0.01,0.0543000060133636,1,1.020171516982924,1.0187185213392076,1.0014262974641968
iris_binary,4,20,0.03,0.054100004490464926,1,1.0764611975269254,1.0187185213392076,1.0566816789703688
iris_binary,4,20,0.05,0.053800002206116915,1,0.9652173859874517,1.0187185213392076,0.9474819253492875
iris_binary,4,20,0.1,0.05460000829771161,1,1.0339944966981258,1.0187185213392076,1.01499528578202
iris_binary,4,21,0.0,0.05569998756982386,1,0.5530196596641784,0.5530196596641784,1.0
iris_binary,4,21,0.01,0.057199998991563916,1,0.5578577762474378,0.5530196596641784,1.008748543562081
iris_binary,4,21,0.03,0.050300004659220576,1,0.47539151344454955,0.5530196596641784,0.8596285957233987
iris_binary,4,21,0.05,0.04850002005696297,1,0.5053511537142569,0.5530196596641784,0.9138032344476356
iris_binary,4,21,0.1,0.04949999856762588,1,0.47880752092607703,0.5530196596641784,0.8658056048438373
iris_binary,4,22,0.0,0.04919999628327787,1,1.426205938636382,1.426205938636382,1.0
iris_binary,4,22,0.01,0.04740001168102026,1,1.4203042224795908,1.426205938636382,0.9958619467238835
iris_binary,4,22,0.03,0.046600005589425564,1,1.4025113363952535,1.426205938636382,0.9833862687012906
iris_binary,4,22,0.05,0.05080000846646726,1,1.4368416938500843,1.426205938636382,1.0074573768945818
iris_binary,4,22,0.1,0.04939999780617654,1,1.2626260391970927,1.426205938636382,0.8853041520808064
iris_binary,4,23,0.0,0.047200010158121586,1,1.8336933559335555,1.8336933559335555,1.0
iris_binary,4,23,0.01,0.049299997044727206,1,1.825008553494826,1.8336933559335555,0.9952637651161101
iris_binary,4,23,0.03,0.04800001624971628,1,1.8524424413468155,1.8336933559335555,1.010224765963508
iris_binary,4,23,0.05,0.04900002386420965,1,1.7972013981217998,1.8336933559335555,0.9800992037770802
iris_binary,4,23,0.1,0.048600020818412304,1,1.8768939347338534,1.8336933559335555,1.023559325587622
iris_binary,4,24,0.0,0.048200017772614956,1,1.7172683795629347,1.7172683795629347,1.0
iris_binary,4,24,0.01,0.048900023102760315,1,1.711843358192896,1.7172683795629347,0.9968409006800559
iris_binary,4,24,0.03,0.046699977247044444,1,1.7323094986326766,1.7172683795629347,1.0087587468847299
iris_binary,4,24,0.05,0.05020000389777124,1,1.6766147264959927,1.7172683795629347,0.9763265581834747
iris_binary,4,24,0.1,0.048699992476031184,1,1.6169539756865134,1.7172683795629347,0.9415849001412625
iris_binary,4,25,0.0,0.04640000406652689,1,2.2411807732307296,2.2411807732307296,1.0
iris_binary,4,25,0.01,0.050000002374872565,1,2.229891239473311,2.2411807732307296,0.9949626848970579
iris_binary,4,25,0.03,0.05060000694356859,1,2.2775845578431912,2.2411807732307296,1.016243127304713
iris_binary,4,25,0.05,0.04779998562298715,1,2.2732317389599155,2.2411807732307296,1.0143009283820437
iris_binary,4,25,0.1,0.04759998410008848,1,2.183447095694282,2.2411807732307296,0.9742396159087057
iris_binary,4,26,0.0,0.04800001624971628,1,0.9605060331538966,0.9605060331538966,1.0
iris_binary,4,26,0.01,0.04980000085197389,1,0.9578803325493292,0.9605060331538966,0.9972663361666291
iris_binary,4,26,0.03,0.049700000090524554,1,0.9799702074654386,0.9605060331538966,1.020264499794582
iris_binary,4,26,0.05,0.05160001455806196,1,0.974417546486727,0.9605060331538966,1.014483525196766
iris_binary,4,26,0.1,0.05110001075081527,1,0.8523105059556443,0.9605060331538966,0.887355702657084
iris_binary,4,27,0.0,0.047600013203918934,1,2.4158182377866613,2.4158182377866613,1.0
iris_binary,4,27,0.01,0.04959999932907522,1,2.428273566608872,2.4158182377866613,1.0051557392138997
iris_binary,4,27,0.03,0.05169998621568084,1,2.447471791561888,2.4158182377866613,1.013102622242072
iris_binary,4,27,0.05,0.057900004321709275,1,2.4399893889583693,2.4158182377866613,1.010005368282116
iris_binary,4,27,0.1,0.1934999891091138,1,2.2627808468108768,2.4158182377866613,0.9366519431875822
iris_binary,4,28,0.0,0.0950000248849392,1,1.9501183323041766,1.9501183323041766,1.0
iris_binary,4,28,0.01,0.08150000940077007,1,1.9553161068854257,1.9501183323041766,1.0026653636833964
iris_binary,4,28,0.03,0.06329998723231256,1,1.9314656789567506,1.9501183323041766,0.9904351171729221
iris_binary,4,28,0.05,0.0557999883312732,1,1.9868796174987258,1.9501183323041766,1.018850797198093
iris_binary,4,28,0.1,0.04980000085197389,1,1.941952296204776,1.9501183323041766,0.9958125432882055
iris_binary,4,29,0.0,0.04579999949783087,1,0.9022935449685863,0.9022935449685863,1.0
iris_binary,4,29,0.01,0.04549999721348286,1,0.9039829180945343,0.9022935449685863,1.001872309887806
iris_binary,4,29,0.03,0.04530002479441464,1,0.9398487985650238,0.9022935449685863,1.0416219907654831
iris_binary,4,29,0.05,0.04420001641847193,1,0.8888065326869974,0.9022935449685863,0.9850525226997402
iris_binary,4,29,0.1,0.04350001108832657,1,0.8692712432434911,0.9022935449685863,0.9634018198298816
iris_binary,4,30,0.0,0.04429998807609081,1,0.9605060331538966,0.9605060331538966,1.0
iris_binary,4,30,0.01,0.04370001261122525,1,0.9713727461596344,0.9605060331538966,1.0113135291509374
iris_binary,4,30,0.03,0.04610000178217888,1,0.9550511601975975,0.9605060331538966,0.9943208342602622
iris_binary,4,30,0.05,0.04350001108832657,1,0.8660120609703867,0.9605060331538966,0.9016206364959192
iris_binary,4,30,0.1,0.04300000728107989,1,0.9299318636117511,0.9605060331538966,0.9681686855815441
iris_binary,4,31,0.0,0.04230000195093453,1,0.4365946832935571,0.4365946832935571,1.0
iris_binary,4,31,0.01,0.04320000880397856,1,0.4359457385844726,0.4365946832935571,0.9985136220528638
iris_binary,4,31,0.03,0.04269997589290142,1,0.403185009462936,0.4365946832935571,0.9234766818995889
iris_binary,4,31,0.05,0.043100008042529225,1,0.41997478570624824,0.4365946832935571,0.9619328905658386
iris_binary,4,31,0.1,0.043199979700148106,1,0.6310668146089186,0.4365946832935571,1.4454294538089976
iris_binary,4,32,0.0,0.04189999890513718,1,0.5530196596641784,0.5530196596641784,1.0
iris_binary,4,32,0.01,0.043199979700148106,1,0.5450385966000052,0.5530196596641784,0.9855682109583234
iris_binary,4,32,0.03,0.05080000846646726,1,0.5643580929007089,0.5530196596641784,1.020502767014496
iris_binary,4,32,0.05,0.051000009989365935,1,0.5302471257167561,0.5530196596641784,0.9588214748798426
iris_binary,4,32,0.1,0.04369998350739479,1,0.5506041222252921,0.5530196596641784,0.9956320948149417
iris_binary,4,33,0.0,0.04320000880397856,1,1.5426309150070026,1.5426309150070026,1.0
iris_binary,4,33,0.01,0.04320000880397856,1,1.5408521154319663,1.5426309150070026,0.9988469052721998
iris_binary,4,33,0.03,0.042800005758181214,1,1.5149853458836287,1.5426309150070026,0.9820789478193179
iris_binary,4,33,0.05,0.042599975131452084,1,1.476775738582721,1.5426309150070026,0.9573098297307346
iris_binary,4,33,0.1,0.0433000095654279,1,1.5569591297491736,1.5426309150070026,1.0092881677676646
iris_binary,4,34,0.0,0.04719998105429113,1,1.9501183323041766,1.9501183323041766,1.0
iris_binary,4,34,0.01,0.04849999095313251,1,1.9558733037933806,1.9501183323041766,1.0029510883487793
iris_binary,4,34,0.03,0.04840001929551363,1,1.9487851462547878,1.9501183323041766,0.9993163563321752
iris_binary,4,34,0.05,0.04839999019168317,1,1.9706782322085383,1.9501183323041766,1.0105428986353198
iris_binary,4,34,0.1,0.05129998316988349,1,2.0236957801970767,1.9501183323041766,1.0377297349981651
digits_0_vs_1,0,0,0.0,0.06390002090483904,1,1.4419134849072042,1.4419134849072042,1.0
digits_0_vs_1,0,0,0.01,0.0557999883312732,1,1.4486488213184545,1.4419134849072042,1.004671109939501
digits_0_vs_1,0,0,0.03,0.051000009989365935,1,1.456517407230311,1.4419134849072042,1.010128154342108
digits_0_vs_1,0,0,0.05,0.04959999932907522,1,1.4363395827951682,1.4419134849072042,0.9961343713264498
digits_0_vs_1,0,0,0.1,0.04889999399892986,1,1.5386832023568013,1.4419134849072042,1.0671120136280747
digits_0_vs_1,0,1,0.0,0.08679999154992402,1,2.128538944335941,2.128538944335941,1.0
digits_0_vs_1,0,1,0.01,0.08179998258128762,1,2.1327253911385604,2.128538944335941,1.0019668171041736
digits_0_vs_1,0,1,0.03,0.08349999552592635,1,2.1111341495135783,2.128538944335941,0.9918231259669095
digits_0_vs_1,0,1,0.05,0.08410000009462237,1,2.131214589878156,2.128538944335941,1.0012570338679192
digits_0_vs_1,0,1,0.1,0.07919999188743532,1,2.04631985546954,2.128538944335941,0.9613729929230629
digits_0_vs_1,0,2,0.0,0.04569999873638153,1,1.716563668678699,1.716563668678699,1.0
digits_0_vs_1,0,2,0.01,0.04680000711232424,1,1.72057348257185,1.716563668678699,1.002335954072847
digits_0_vs_1,0,2,0.03,0.04549999721348286,1,1.6814729599324694,1.716563668678699,0.9795575839180843
digits_0_vs_1,0,2,0.05,0.046200002543628216,1,1.8094210994630775,1.716563668678699,1.0540949528868069
digits_0_vs_1,0,2,0.1,0.046600005589425564,1,1.8124144297545643,1.716563668678699,1.0558387450607325
digits_0_vs_1,0,3,0.0,0.04610000178217888,1,0.21724455259561262,0.21724455259561262,1.0
digits_0_vs_1,0,3,0.01,0.04610000178217888,1,0.2153257007060496,0.21724455259561262,0.9911673187353293
digits_0_vs_1,0,3,0.03,0.046200002543628216,1,0.25969196625174334,0.21724455259561262,1.19539000241421
digits_0_vs_1,0,3,0.05,0.04579999949783087,1,0.17891897253191436,0.21724455259561262,0.8235832401513009
digits_0_vs_1,0,3,0.1,0.04600000102072954,1,0.20717584202673675,0.21724455259561262,0.9536526442270884
digits_0_vs_1,0,4,0.0,0.04470002022571862,1,1.716563668678699,1.716563668678699,1.0
digits_0_vs_1,0,4,0.01,0.045199994929134846,1,1.7129097938293638,1.716563668678699,0.9978714015005644
digits_0_vs_1,0,4,0.03,0.04539999645203352,1,1.755357674604491,1.716563668678699,1.0225998060157322
digits_0_vs_1,0,4,0.05,0.04529999569058418,1,1.8027972564504853,1.716563668678699,1.050236172036755
digits_0_vs_1,0,4,0.1,0.045900000259280205,1,1.7929730872752765,1.716563668678699,1.0445130116585728
digits_0_vs_1,0,5,0.0,0.04740001168102026,1,0.21724455259561262,0.21724455259561262,1.0
digits_0_vs_1,0,5,0.01,0.04849999095313251,1,0.21445531489991326,0.21724455259561262,0.9871608394209481
digits_0_vs_1,0,5,0.03,0.046299974201247096,1,0.18637028504046377,0.21724455259561262,0.8578824316362978
digits_0_vs_1,0,5,0.05,0.04640000406652689,1,0.2504550752241878,0.21724455259561262,1.152871601298075
digits_0_vs_1,0,5,0.1,0.045599997974932194,1,0.21076045252255443,0.21724455259561262,0.9701529912000696
digits_0_vs_1,0,6,0.0,0.04569999873638153,1,0.11569910388582368,0.11569910388582368,1.0
digits_0_vs_1,0,6,0.01,0.045900000259280205,1,0.12131388407308338,0.11569910388582368,1.0485291588152712
digits_0_vs_1,0,6,0.03,0.04539999645203352,1,0.09963959974378497,0.11569910388582368,0.8611959505072153
digits_0_vs_1,0,6,0.05,0.04549999721348286,1,0.14534312602200222,0.11569910388582368,1.2562165232103475
digits_0_vs_1,0,6,0.1,0.045900000259280205,1,0.10606832540529354,0.11569910388582368,0.9167601290150513
digits_0_vs_1,0,7,0.0,0.07330000516958535,1,2.128538944335941,2.128538944335941,1.0
digits_0_vs_1,0,7,0.01,0.1154000055976212,1,2.104916595345,2.128538944335941,0.9889020827860351
digits_0_vs_1,0,7,0.03,0.08800000068731606,1,2.109932023824298,2.128538944335941,0.9912583603127599
digits_0_vs_1,0,7,0.05,0.08080000407062471,1,2.082717346691422,2.128538944335941,0.9784727464036068
digits_0_vs_1,0,7,0.1,0.07730000652372837,1,2.0263138678036716,2.128538944335941,0.951974063333776
digits_0_vs_1,0,8,0.0,0.07680000271648169,1,2.128538944335941,2.128538944335941,1.0
digits_0_vs_1,0,8,0.01,0.0771000050008297,1,2.1307697159718986,2.128538944335941,1.0010480295142796
digits_0_vs_1,0,8,0.03,0.07650000043213367,1,2.1252172957038415,2.128538944335941,0.9984394701159036
digits_0_vs_1,0,8,0.05,0.07809998351149261,1,2.1291766494656823,2.128538944335941,1.0002995975861464
digits_0_vs_1,0,8,0.1,0.07500001811422408,1,1.9908306280785302,2.128538944335941,0.9353038305341541
digits_0_vs_1,0,9,0.0,0.08940001134760678,1,2.128538944335941,2.128538944335941,1.0
digits_0_vs_1,0,9,0.01,0.08070000330917537,1,2.109717099659915,2.128538944335941,0.9911573876878734
digits_0_vs_1,0,9,0.03,0.0777999812271446,1,2.100453457106778,2.128538944335941,0.9868052744330102
digits_0_vs_1,0,9,0.05,0.07639999967068434,1,2.1233666770800483,2.128538944335941,0.9975700387020608
digits_0_vs_1,0,9,0.1,0.076299998909235,1,2.2046527973633685,2.128538944335941,1.0357587317018404
digits_0_vs_1,0,10,0.0,0.047200010158121586,1,0.21724455259561262,0.21724455259561262,1.0
digits_0_vs_1,0,10,0.01,0.04600000102072954,1,0.22519353748143478,0.21724455259561262,1.036590030870043
digits_0_vs_1,0,10,0.03,0.04529999569058418,1,0.17855036546875896,0.21724455259561262,0.8218865022641995
digits_0_vs_1,0,10,0.05,0.04650000482797623,1,0.260590692446788,0.21724455259561262,1.1995269355814944
digits_0_vs_1,0,10,0.1,0.04640000406652689,1,0.18295348386596844,0.21724455259561262,0.8421545289861656
digits_0_vs_1,0,11,0.0,0.07300000288523734,1,1.853888760564446,1.853888760564446,1.0
digits_0_vs_1,0,11,0.01,0.07369997911155224,1,1.8493935151711143,1.853888760564446,0.9975752345615585
digits_0_vs_1,0,11,0.03,0.07390000973828137,1,1.8392773878474937,1.853888760564446,0.9921185278061109
digits_0_vs_1,0,11,0.05,0.07280000136233866,1,1.8474494247895545,1.853888760564446,0.9965265792037431
digits_0_vs_1,0,11,0.1,0.07320000440813601,1,1.8260487430429218,1.853888760564446,0.984982908298636
digits_0_vs_1,0,12,0.0,0.07270000060088933,1,1.304588393021457,1.304588393021457,1.0
digits_0_vs_1,0,12,0.01,0.07259999983943999,1,1.2968807443460493,1.304588393021457,0.9940918923419542
digits_0_vs_1,0,12,0.03,0.08060000254772604,1,1.3515037506693948,1.304588393021457,1.035961808259907
digits_0_vs_1,0,12,0.05,0.07350000669248402,1,1.334698478996271,1.304588393021457,1.023080142469364
digits_0_vs_1,0,12,0.1,0.07239999831654131,1,1.2329879737114262,1.304588393021457,0.9451164676207163
digits_0_vs_1,0,13,0.0,0.07329997606575489,1,1.5792385767929515,1.5792385767929515,1.0
digits_0_vs_1,0,13,0.01,0.072900002123788,1,1.5903129997213528,1.5792385767929515,1.0070125078573566
digits_0_vs_1,0,13,0.03,0.07520001963712275,1,1.5665111158579847,1.5792385767929515,0.9919407611224814
digits_0_vs_1,0,13,0.05,0.07619999814778566,1,1.5165276885817212,1.5792385767929515,0.9602904278474624
digits_0_vs_1,0,13,0.1,0.07539999205619097,1,1.6100870906750469,1.5792385767929515,1.0195337894700756
digits_0_vs_1,0,14,0.0,0.04539999645203352,1,0.21724455259561262,0.21724455259561262,1.0
digits_0_vs_1,0,14,0.01,0.04610000178217888,1,0.2137597767216301,0.21724455259561262,0.9839592025100431
digits_0_vs_1,0,14,0.03,0.04509999416768551,1,0.23713744514797222,0.21724455259561262,1.091569120213518
digits_0_vs_1,0,14,0.05,0.04539999645203352,1,0.1786853653040521,0.21724455259561262,0.8225079210002744
digits_0_vs_1,0,14,0.1,0.04779998562298715,1,0.1277182866239489,0.21724455259561262,0.5879009857691974
digits_0_vs_1,0,15,0.0,0.0447999918833375,1,0.21724455259561262,0.21724455259561262,1.0
digits_0_vs_1,0,15,0.01,0.04490002174861729,1,0.20958923260727952,0.21724455259561262,0.9647617401823511
digits_0_vs_1,0,15,0.03,0.04569999873638153,1,0.2625021001948598,0.21724455259561262,1.2083253506636429
digits_0_vs_1,0,15,0.05,0.045900000259280205,1,0.1422106595806008,0.21724455259561262,0.654610934458353
digits_0_vs_1,0,15,0.1,0.044899992644786835,1,0.3592933205099406,0.21724455259561262,1.6538657297370445
digits_0_vs_1,0,16,0.0,0.045599997974932194,1,0.21724455259561262,0.21724455259561262,1.0
digits_0_vs_1,0,16,0.01,0.04640000406652689,1,0.220822974883122,0.21724455259561262,1.016471861985743
digits_0_vs_1,0,16,0.03,0.05110001075081527,1,0.17453118509577725,0.21724455259561262,0.8033857834891553
digits_0_vs_1,0,16,0.05,0.0467000063508749,1,0.22482819656924452,0.21724455259561262,1.0349083274265034
digits_0_vs_1,0,16,0.1,0.045599997974932194,1,0.26607036578804755,0.21724455259561262,1.2247504602949524
digits_0_vs_1,0,17,0.0,0.07300000288523734,1,1.853888760564446,1.853888760564446,1.0
digits_0_vs_1,0,17,0.01,0.07310000364668667,1,1.866103260624152,1.853888760564446,1.0065885830474461
digits_0_vs_1,0,17,0.03,0.07350000669248402,1,1.8776276528816453,1.853888760564446,1.0128049173295444
digits_0_vs_1,0,17,0.05,0.07509998977184296,1,1.8418981846899691,1.853888760564446,0.9935322031561235
digits_0_vs_1,0,17,0.1,0.07469998672604561,1,2.0044292583617658,1.853888760564446,1.0812025516307058
digits_0_vs_1,0,18,0.0,0.04549999721348286,1,1.0299382092499623,1.0299382092499623,1.0
digits_0_vs_1,0,18,0.01,0.04579999949783087,1,1.020039356560483,1.0299382092499623,0.9903888868277954
digits_0_vs_1,0,18,0.03,0.046200002543628216,1,1.0611771104831467,1.0299382092499623,1.0303308499020865
digits_0_vs_1,0,18,0.05,0.04560002707876265,1,1.0094242729792025,1.0299382092499623,0.9800823621392795
digits_0_vs_1,0,18,0.1,0.04700000863522291,1,0.7909399085817945,1.0299382092499623,0.7679488939028538
digits_0_vs_1,0,19,0.0,0.07690000347793102,1,2.128538944335941,2.128538944335941,1.0
digits_0_vs_1,0,19,0.01,0.07919999188743532,1,2.1306744439608662,2.128538944335941,1.001003270168304
digits_0_vs_1,0,19,0.03,0.08190001244656742,1,2.1074453718674917,2.128538944335941,0.9900901167326164
digits_0_vs_1,0,19,0.05,0.17059998936019838,1,2.1409910792192752,2.128538944335941,1.0058500855323647
digits_0_vs_1,0,19,0.1,0.11289998656138778,1,2.0938492557701,2.128538944335941,0.983702582159396
digits_0_vs_1,0,20,0.0,0.22509999689646065,1,1.716563668678699,1.716563668678699,1.0
digits_0_vs_1,0,20,0.01,0.10890001431107521,1,1.7026074668043438,1.716563668678699,0.9918696858561048
digits_0_vs_1,0,20,0.03,0.09190000128000975,1,1.6999380313860941,1.716563668678699,0.9903145816284216
digits_0_vs_1,0,20,0.05,0.08830000297166407,1,1.730550576075793,1.716563668678699,1.0081482019294166
digits_0_vs_1,0,20,0.1,0.08420000085607171,1,1.6542843939651186,1.716563668678699,0.9637186340070224
digits_0_vs_1,0,21,0.0,0.04990000161342323,1,0.21724455259561262,0.21724455259561262,1.0
digits_0_vs_1,0,21,0.01,0.05110001075081527,1,0.20449309183683498,0.21724455259561262,0.9413036570702249
digits_0_vs_1,0,21,0.03,0.049299997044727206,1,0.20639351414751078,0.21724455259561262,0.9500515050045909
digits_0_vs_1,0,21,0.05,0.047699984861537814,1,0.22473188438070005,0.21724455259561262,1.0344649920821012
digits_0_vs_1,0,21,0.1,0.046999979531392455,1,0.26418651916108526,0.21724455259561262,1.2160789120123634
digits_0_vs_1,0,22,0.0,0.07539999205619097,1,2.128538944335941,2.128538944335941,1.0
digits_0_vs_1,0,22,0.01,0.07499998901039362,1,2.132059000624297,2.128538944335941,1.0016537429572163
digits_0_vs_1,0,22,0.03,0.07419998291879892,1,2.1033005184244296,2.128538944335941,0.988142840431146
digits_0_vs_1,0,22,0.05,0.07750000804662704,1,2.1093570342278136,2.128538944335941,0.9909882268496095
digits_0_vs_1,0,22,0.1,0.07720000576227903,1,2.142717608368188,2.128538944335941,1.0066612189877835
digits_0_vs_1,0,23,0.0,0.07459998596459627,1,1.716563668678699,1.716563668678699,1.0
digits_0_vs_1,0,23,0.01,0.07440001354552805,1,1.7328213789232887,1.716563668678699,1.009471079075735
digits_0_vs_1,0,23,0.03,0.07470001582987607,1,1.6746421181603734,1.716563668678699,0.975578214031179
digits_0_vs_1,0,23,0.05,0.072900002123788,1,1.7339097512464579,1.716563668678699,1.0101051204125222
digits_0_vs_1,0,23,0.1,0.07389998063445091,1,1.5854401638675073,1.716563668678699,0.9236127926952328
digits_0_vs_1,0,24,0.0,0.0447999918833375,1,0.21724455259561262,0.21724455259561262,1.0
digits_0_vs_1,0,24,0.01,0.047699984861537814,1,0.21615993523636742,0.21724455259561262,0.9950073898457461
digits_0_vs_1,0,24,0.03,0.04689997876994312,1,0.228436148378166,0.21724455259561262,1.0515161169697353
digits_0_vs_1,0,24,0.05,0.046600005589425564,1,0.19100548461774391,0.21724455259561262,0.8792187529474623
digits_0_vs_1,0,24,0.1,0.047900015488266945,1,0.2244047958534484,0.21724455259561262,1.032959368473391
digits_0_vs_1,0,25,0.0,0.047999987145885825,1,0.21724455259561262,0.21724455259561262,1.0
digits_0_vs_1,0,25,0.01,0.0481999886687845,1,0.22911668847772582,0.21724455259561262,1.0546487161140121
digits_0_vs_1,0,25,0.03,0.04800001624971628,1,0.18304840913445972,0.21724455259561262,0.8425914801886567
digits_0_vs_1,0,25,0.05,0.04630000330507755,1,0.3670097332667567,0.21724455259561262,1.689385206127229
digits_0_vs_1,0,25,0.1,0.04630000330507755,1,0.16905733074086426,0.21724455259561262,0.7781890441946044
digits_0_vs_1,0,26,0.0,0.045199994929134846,1,0.21724455259561262,0.21724455259561262,1.0
digits_0_vs_1,0,26,0.01,0.045599997974932194,1,0.22262050728377297,0.21724455259561262,1.0247460966175173
digits_0_vs_1,0,26,0.03,0.04560002707876265,1,0.23194402508150302,0.21724455259561262,1.0676632500574252
digits_0_vs_1,0,26,0.05,0.04840001929551363,1,0.3207174364400331,0.21724455259561262,1.4762967936739426
digits_0_vs_1,0,26,0.1,0.05259999306872487,1,0.3189059089306737,0.21724455259561262,1.4679581380542022
digits_0_vs_1,0,27,0.0,0.04529999569058418,1,0.21724455259561262,0.21724455259561262,1.0
digits_0_vs_1,0,27,0.01,0.04610000178217888,1,0.21319057574205222,0.21724455259561262,0.9813391092889374
digits_0_vs_1,0,27,0.03,0.04600000102072954,1,0.25197643062636305,0.21724455259561262,1.1598745635541974
digits_0_vs_1,0,27,0.05,0.04579999949783087,1,0.23972853152680565,0.21724455259561262,1.1034961690065737
digits_0_vs_1,0,27,0.1,0.04509999416768551,1,0.10306181766849541,0.21724455259561262,0.47440461193215117
digits_0_vs_1,0,28,0.0,0.0740000104997307,1,1.304588393021457,1.304588393021457,1.0
digits_0_vs_1,0,28,0.01,0.07330000516958535,1,1.298874625785423,1.304588393021457,0.9956202528961637
digits_0_vs_1,0,28,0.03,0.0737000082153827,1,1.3440435976934244,1.304588393021457,1.0302434123153497
digits_0_vs_1,0,28,0.05,0.07300000288523734,1,1.360489944533394,1.304588393021457,1.0428499531430504
digits_0_vs_1,0,28,0.1,0.07340000593103468,1,1.2407334437432076,1.304588393021457,0.9510535663050321
digits_0_vs_1,0,29,0.0,0.04490002174861729,1,0.06866256604973087,0.06866256604973087,1.0
digits_0_vs_1,0,29,0.01,0.045199994929134846,1,0.08099627982368507,0.06866256604973087,1.1796279178529556
digits_0_vs_1,0,29,0.03,0.04730001091957092,1,0.06344948959999885,0.06866256604973087,0.9240768769702505
digits_0_vs_1,0,29,0.05,0.045400025555863976,1,0.058225280933752455,0.06866256604973087,0.8479916246005297
digits_0_vs_1,0,29,0.1,0.04529999569058418,1,0.17679510911426888,0.06866256604973087,2.574839818631594
digits_0_vs_1,0,30,0.0,0.04539999645203352,1,0.21724455259561262,0.21724455259561262,1.0
digits_0_vs_1,0,30,0.01,0.04409998655319214,1,0.22317159389427385,0.21724455259561262,1.0272828074529172
digits_0_vs_1,0,30,0.03,0.04789998638443649,1,0.22174515562832275,0.21724455259561262,1.0207167589655872
digits_0_vs_1,0,30,0.05,0.04680000711232424,1,0.21263897321997638,0.21724455259561262,0.9788000236571673
digits_0_vs_1,0,30,0.1,0.045199994929134846,1,0.36337411534464537,0.21724455259561262,1.6726500664946198
digits_0_vs_1,0,31,0.0,0.046200002543628216,1,0.11569910388582368,0.11569910388582368,1.0
digits_0_vs_1,0,31,0.01,0.04579999949783087,1,0.10559174738224102,0.11569910388582368,0.9126410130751144
digits_0_vs_1,0,31,0.03,0.0447999918833375,1,0.18113566284333155,0.11569910388582368,1.5655753308347418
digits_0_vs_1,0,31,0.05,0.045199994929134846,1,0.17378789150217402,0.11569910388582368,1.5020677400723397
digits_0_vs_1,0,31,0.1,0.04449998959898949,1,0.1363755138645833,0.11569910388582368,1.1787084712355587
digits_0_vs_1,0,32,0.0,0.04449998959898949,1,0.21724455259561262,0.21724455259561262,1.0
digits_0_vs_1,0,32,0.01,0.045199994929134846,1,0.2273380826915441,0.21724455259561262,1.0464616027206903
digits_0_vs_1,0,32,0.03,0.04579999949783087,1,0.1817870625225797,0.21724455259561262,0.8367853663100365
digits_0_vs_1,0,32,0.05,0.04529999569058418,1,0.22932889827946612,0.21724455259561262,1.0556255406152704
digits_0_vs_1,0,32,0.1,0.045900000259280205,1,0.2587192973049805,0.21724455259561262,1.1909127028219233
digits_0_vs_1,0,33,0.0,0.04529999569058418,1,0.11569910388582368,0.11569910388582368,1.0
digits_0_vs_1,0,33,0.01,0.04509999416768551,1,0.12057820695403616,0.11569910388582368,1.0421706210709063
digits_0_vs_1,0,33,0.03,0.045900000259280205,1,0.11142083565847223,0.11569910388582368,0.9630224601257638
digits_0_vs_1,0,33,0.05,0.04530002479441464,1,0.15005608776485502,0.11569910388582368,1.2969511666480678
digits_0_vs_1,0,33,0.1,0.045900000259280205,1,0.15183637272021955,0.11569910388582368,1.312338364090162
digits_0_vs_1,0,34,0.0,0.04600000102072954,1,1.0299382092499623,1.0299382092499623,1.0
digits_0_vs_1,0,34,0.01,0.046600005589425564,1,1.0304729727969983,1.0299382092499623,1.0005192190582244
digits_0_vs_1,0,34,0.03,0.05019997479394078,1,1.027661108974385,1.0299382092499623,0.9977890903986992
digits_0_vs_1,0,34,0.05,0.0473999825771898,1,1.0114628167495046,1.0299382092499623,0.9820616495877824
digits_0_vs_1,0,34,0.1,0.04640000406652689,1,1.0628888957444544,1.0299382092499623,1.0319928770469522
digits_0_vs_1,1,0,0.0,0.058900011936202645,1,0.0967624497266831,0.0967624497266831,1.0
digits_0_vs_1,1,0,0.01,0.06520000169984996,1,0.10728081549771838,0.0967624497266831,1.1087029710465748
digits_0_vs_1,1,0,0.03,0.052499992307275534,1,0.08215893814715904,0.0967624497266831,0.8490787322895048
digits_0_vs_1,1,0,0.05,0.050700007705017924,1,0.14253767310216006,0.0967624497266831,1.4730680496904993
digits_0_vs_1,1,0,0.1,0.04809998790733516,1,0.08211771552933168,0.0967624497266831,0.8486527135400438
digits_0_vs_1,1,1,0.0,0.045900000259280205,1,2.111860156925741,2.111860156925741,1.0
digits_0_vs_1,1,1,0.01,0.04680000711232424,1,2.11061251081383,2.111860156925741,0.9994092193520393
digits_0_vs_1,1,1,0.03,0.04710000939667225,1,2.1363345992302487,2.111860156925741,1.0115890449584197
digits_0_vs_1,1,1,0.05,0.04609997267834842,1,2.0682194655138093,2.111860156925741,0.9793354255636605
digits_0_vs_1,1,1,0.1,0.04570002784021199,1,2.0806700832204825,2.111860156925741,0.985230994768772
digits_0_vs_1,1,2,0.0,0.044599990360438824,1,1.5668639835193305,1.5668639835193305,1.0
digits_0_vs_1,1,2,0.01,0.04529999569058418,1,1.5462041207326873,1.5668639835193305,0.9868145142118596
digits_0_vs_1,1,2,0.03,0.04569999873638153,1,1.560051291050973,1.5668639835193305,0.9956520205071945
digits_0_vs_1,1,2,0.05,0.04700000863522291,1,1.556920235322504,1.5668639835193305,0.9936537259765893
digits_0_vs_1,1,2,0.1,0.04579999949783087,1,1.563517732537207,1.5668639835193305,0.9978643640945735
digits_0_vs_1,1,3,0.0,0.044899992644786835,1,0.06871595830998312,0.06871595830998312,1.0
digits_0_vs_1,1,3,0.01,0.04980000085197389,1,0.040640605226241244,0.06871595830998312,0.5914289231463274
digits_0_vs_1,1,3,0.03,0.04579999949783087,1,0.07795487836441217,0.06871595830998312,1.1344508652961158
digits_0_vs_1,1,3,0.05,0.045599997974932194,1,0.0,0.06871595830998312,0.0
digits_0_vs_1,1,3,0.1,0.0447999918833375,1,0.12422624152321726,0.06871595830998312,1.8078222959916075
digits_0_vs_1,1,4,0.0,0.04529999569058418,1,0.0967624497266831,0.0967624497266831,1.0
digits_0_vs_1,1,4,0.01,0.045900000259280205,1,0.09410111616639251,0.0967624497266831,0.972496215548409
digits_0_vs_1,1,4,0.03,0.04569999873638153,1,0.08075860093063236,0.0967624497266831,0.8346068248452215
digits_0_vs_1,1,4,0.05,0.04680000711232424,1,0.12479978692370286,0.0967624497266831,1.2897543135401646
digits_0_vs_1,1,4,0.1,0.05120001151226461,1,0.039126573298388534,0.0967624497266831,0.4043569939465788
digits_0_vs_1,1,5,0.0,0.04499999340623617,1,0.06812553669990085,0.06812553669990085,1.0
digits_0_vs_1,1,5,0.01,0.04499999340623617,1,0.06291794460325151,0.06812553669990085,0.9235588833657303
digits_0_vs_1,1,5,0.03,0.04539999645203352,1,0.08195885715230733,0.06812553669990085,1.203056315186822
digits_0_vs_1,1,5,0.05,0.044899992644786835,1,0.038631186959908304,0.06812553669990085,0.567058827442082
digits_0_vs_1,1,5,0.1,0.044199987314641476,1,0.060418091363941495,0.06812553669990085,0.8868640790323408
digits_0_vs_1,1,6,0.0,0.04400001489557326,1,0.4810047825142242,0.4810047825142242,1.0
digits_0_vs_1,1,6,0.01,0.045199994929134846,1,0.4784376614269717,0.4810047825142242,0.9946630029875502
digits_0_vs_1,1,6,0.03,0.04539999645203352,1,0.5011985465545014,0.4810047825142242,1.0419824599970169
digits_0_vs_1,1,6,0.05,0.0467000063508749,1,0.5631485895360548,0.4810047825142242,1.1707754475796746
digits_0_vs_1,1,6,0.1,0.04889999399892986,1,0.4165857717407151,0.4810047825142242,0.8660740742809473
digits_0_vs_1,1,7,0.0,0.04509999416768551,1,2.1301640049868458,2.1301640049868458,1.0
digits_0_vs_1,1,7,0.01,0.047200010158121586,1,2.126657981655378,2.1301640049868458,0.9983541063865224
digits_0_vs_1,1,7,0.03,0.04470002022571862,1,2.071485400918606,2.1301640049868458,0.9724534806095354
digits_0_vs_1,1,7,0.05,0.04469999112188816,1,2.115110580211246,2.1301640049868458,0.9929332085509104
digits_0_vs_1,1,7,0.1,0.04529999569058418,1,1.8979743280391348,2.1301640049868458,0.8909991548049162
digits_0_vs_1,1,8,0.0,0.044100015657022595,1,2.111860156925741,2.111860156925741,1.0
digits_0_vs_1,1,8,0.01,0.04490002174861729,1,2.1162917710558498,2.111860156925741,1.0020984410902283
digits_0_vs_1,1,8,0.03,0.04529999569058418,1,2.1131805956373926,2.111860156925741,1.0006252491233008
digits_0_vs_1,1,8,0.05,0.044599990360438824,1,2.146050288548288,2.111860156925741,1.0161895812610615
digits_0_vs_1,1,8,0.1,0.04469999112188816,1,2.0850030495534018,2.111860156925741,0.9872827245287702
digits_0_vs_1,1,9,0.0,0.04469999112188816,1,2.1301640049868458,2.1301640049868458,1.0
digits_0_vs_1,1,9,0.01,0.04509999416768551,1,2.1386248524152682,2.1301640049868458,1.0039719230109114
digits_0_vs_1,1,9,0.03,0.05080000846646726,1,2.0939607283301243,2.1301640049868458,0.9830044651153773
digits_0_vs_1,1,9,0.05,0.044599990360438824,1,2.1064354911650334,2.1301640049868458,0.9888607103649003
digits_0_vs_1,1,9,0.1,0.04420001641847193,1,2.153479429519465,2.1301640049868458,1.0109453659333443
digits_0_vs_1,1,10,0.0,0.04420001641847193,1,0.0967624497266831,0.0967624497266831,1.0
digits_0_vs_1,1,10,0.01,0.04630000330507755,1,0.10963004533262859,0.0967624497266831,1.1329812922501603
digits_0_vs_1,1,10,0.03,0.045400025555863976,1,0.10919641154218813,0.0967624497266831,1.1284998659151997
digits_0_vs_1,1,10,0.05,0.04460001946426928,1,0.0,0.0967624497266831,0.0
digits_0_vs_1,1,10,0.1,0.04499999340623617,1,0.09437185937772273,0.0967624497266831,0.9752942349463777
digits_0_vs_1,1,11,0.0,0.04409998655319214,1,2.1118601569259847,2.1118601569259847,1.0
digits_0_vs_1,1,11,0.01,0.04569999873638153,1,2.125767899818328,2.1118601569259847,1.0065855415884106
digits_0_vs_1,1,11,0.03,0.05729999975301325,1,2.1122110465065997,2.1118601569259847,1.000166151901424
digits_0_vs_1,1,11,0.05,0.08420000085607171,1,2.028283126786765,2.1118601569259847,0.9604249221402643
digits_0_vs_1,1,11,0.1,0.15809998149052262,1,2.0459621604644402,2.1118601569259847,0.9687962310167992
digits_0_vs_1,1,12,0.0,0.05400000372901559,1,0.0967624497266831,0.0967624497266831,1.0
digits_0_vs_1,1,12,0.01,0.056200020480901,1,0.0866696295375504,0.0967624497266831,0.8956948669898184
digits_0_vs_1,1,12,0.03,0.05269999383017421,1,0.07518483289733645,0.0967624497266831,0.777004231597121
digits_0_vs_1,1,12,0.05,0.051799986977130175,1,0.21803896293768016,0.0967624497266831,2.2533427331940934
digits_0_vs_1,1,12,0.1,0.05040000542066991,1,0.1148311159204548,0.0967624497266831,1.1867322111501803
digits_0_vs_1,1,13,0.0,0.04759998410008848,1,0.0967624497266831,0.0967624497266831,1.0
digits_0_vs_1,1,13,0.01,0.046900007873773575,1,0.09408722139008409,0.0967624497266831,0.9723526187673471
digits_0_vs_1,1,13,0.03,0.045900000259280205,1,0.15950772630451465,0.0967624497266831,1.648446548791013
digits_0_vs_1,1,13,0.05,0.046200002543628216,1,0.0802769825086863,0.0967624497266831,0.8296294971390045
digits_0_vs_1,1,13,0.1,0.04619997343979776,1,0.19337590781161226,0.0967624497266831,1.998460232846783
digits_0_vs_1,1,14,0.0,0.04569999873638153,1,1.4430143289565869,1.4430143289565869,1.0
digits_0_vs_1,1,14,0.01,0.04579999949783087,1,1.4405845480129007,1.4430143289565869,0.9983161768425106
digits_0_vs_1,1,14,0.03,0.04509999416768551,1,1.3858111013372771,1.4430143289565869,0.9603585172569477
digits_0_vs_1,1,14,0.05,0.04470002022571862,1,1.521409819127658,1.4430143289565869,1.054327589544975
digits_0_vs_1,1,14,0.1,0.04509999416768551,1,1.4544101608105908,1.4430143289565869,1.0078972409527243
digits_0_vs_1,1,15,0.0,0.044400017941370606,1,2.1301640049868458,2.1301640049868458,1.0
digits_0_vs_1,1,15,0.01,0.045500026317313313,1,2.125149952052463,2.1301640049868458,0.9976461657775436
digits_0_vs_1,1,15,0.03,0.04530002479441464,1,2.1105968213980106,2.1301640049868458,0.9908142361137325
digits_0_vs_1,1,15,0.05,0.04499999340623617,1,2.105508447932044,2.1301640049868458,0.9884255123093425
digits_0_vs_1,1,15,0.1,0.04490002174861729,1,2.103204475484184,2.1301640049868458,0.9873439183839611
digits_0_vs_1,1,16,0.0,0.04490002174861729,1,0.0967624497266831,0.0967624497266831,1.0
digits_0_vs_1,1,16,0.01,0.044800020987167954,1,0.07932546967976042,0.0967624497266831,0.8197960045846764
digits_0_vs_1,1,16,0.03,0.0452000240329653,1,0.1642745291808196,0.0967624497266831,1.6977094900432173
digits_0_vs_1,1,16,0.05,0.04600000102072954,1,0.07977161715911195,0.0967624497266831,0.8244067547321946
digits_0_vs_1,1,16,0.1,0.044899992644786835,1,0.21263794504652356,0.0967624497266831,2.1975254413994727
digits_0_vs_1,1,17,0.0,0.04429998807609081,1,1.305584393750535,1.305584393750535,1.0
digits_0_vs_1,1,17,0.01,0.04499999340623617,1,1.3096462565168832,1.305584393750535,1.003111145312238
digits_0_vs_1,1,17,0.03,0.0447999918833375,1,1.3162558493427479,1.305584393750535,1.008173700331663
digits_0_vs_1,1,17,0.05,0.04529999569058418,1,1.3636485765777682,1.305584393750535,1.0444737108571227
digits_0_vs_1,1,17,0.1,0.044199987314641476,1,1.5379151175677237,1.305584393750535,1.1779515172893384
digits_0_vs_1,1,18,0.0,0.04689997876994312,1,1.9756111135741385,1.9756111135741385,1.0
digits_0_vs_1,1,18,0.01,0.04439998883754015,1,1.9776578572269794,1.9756111135741385,1.001036005334642
digits_0_vs_1,1,18,0.03,0.04430001717992127,1,1.9688965719016718,1.9756111135741385,0.9966012837109833
digits_0_vs_1,1,18,0.05,0.045100023271515965,1,1.9614969846314565,1.9756111135741385,0.9928558161848221
digits_0_vs_1,1,18,0.1,0.04420001641847193,1,1.9348949461840363,1.9756111135741385,0.979390596099431
digits_0_vs_1,1,19,0.0,0.04460001946426928,1,0.0967624497266831,0.0967624497266831,1.0
digits_0_vs_1,1,19,0.01,0.044199987314641476,1,0.1230547303688371,0.0967624497266831,1.271719873943039
digits_0_vs_1,1,19,0.03,0.04449998959898949,1,0.09287255640506765,0.0967624497266831,0.9597995572393743
digits_0_vs_1,1,19,0.05,0.04460001946426928,1,0.05766251136252676,0.0967624497266831,0.5959182671108606
digits_0_vs_1,1,19,0.1,0.044800020987167954,1,0.1291509234728846,0.0967624497266831,1.3347215147785794
digits_0_vs_1,1,20,0.0,0.04369998350739479,1,2.111860156925741,2.111860156925741,1.0
digits_0_vs_1,1,20,0.01,0.04429998807609081,1,2.1237915053668734,2.111860156925741,1.0056496867948401
digits_0_vs_1,1,20,0.03,0.04390001413412392,1,2.117392497696918,2.111860156925741,1.0026196529884017
digits_0_vs_1,1,20,0.05,0.04610000178217888,1,2.1258278373752444,2.111860156925741,1.0066139229928162
digits_0_vs_1,1,20,0.1,0.04569999873638153,1,1.9934949155474928,2.111860156925741,0.943952140490896
digits_0_vs_1,1,21,0.0,0.04360001184977591,1,1.305584393750535,1.305584393750535,1.0
digits_0_vs_1,1,21,0.01,0.0439999857917428,1,1.2921829175853228,1.305584393750535,0.9897352662689894
digits_0_vs_1,1,21,0.03,0.0447999918833375,1,1.2731391581823872,1.305584393750535,0.9751488791353099
digits_0_vs_1,1,21,0.05,0.044400017941370606,1,1.2591764176737363,1.305584393750535,0.9644542502966943
digits_0_vs_1,1,21,0.1,0.04449998959898949,1,1.3065519715507574,1.305584393750535,1.0007411070512593
digits_0_vs_1,1,22,0.0,0.04469999112188816,1,2.111860156925741,2.111860156925741,1.0
digits_0_vs_1,1,22,0.01,0.045900000259280205,1,2.1081902863390813,2.111860156925741,0.9982622568191248
digits_0_vs_1,1,22,0.03,0.04430001717992127,1,2.148690055869471,2.111860156925741,1.0174395538563235
digits_0_vs_1,1,22,0.05,0.04420001641847193,1,2.071385087932332,2.111860156925741,0.9808343990672521
digits_0_vs_1,1,22,0.1,0.04730001091957092,1,2.1738894325617952,2.111860156925741,1.0293718669925338
digits_0_vs_1,1,23,0.0,0.04430001717992127,1,2.1301640049868458,2.1301640049868458,1.0
digits_0_vs_1,1,23,0.01,0.045199994929134846,1,2.141857187218882,2.1301640049868458,1.0054893342506313
digits_0_vs_1,1,23,0.03,0.04509999416768551,1,2.1393600155065875,2.1301640049868458,1.0043170434286812
digits_0_vs_1,1,23,0.05,0.04469999112188816,1,2.076593093363882,2.1301640049868458,0.9748512736589525
digits_0_vs_1,1,23,0.1,0.04509999416768551,1,2.1626636132270907,2.1301640049868458,1.0152568572955702
digits_0_vs_1,1,24,0.0,0.04379998426884413,1,0.0967624497266831,0.0967624497266831,1.0
digits_0_vs_1,1,24,0.01,0.04420001641847193,1,0.0911463075058327,0.0967624497266831,0.9419594870043715
digits_0_vs_1,1,24,0.03,0.0439999857917428,1,0.07597891580929785,0.0967624497266831,0.7852107509050175
digits_0_vs_1,1,24,0.05,0.04539999645203352,1,0.10437696067971222,0.0967624497266831,1.0786928294450708
digits_0_vs_1,1,24,0.1,0.04450001870281994,1,0.2272143201284355,0.0967624497266831,2.3481662646019092
digits_0_vs_1,1,25,0.0,0.04339998122304678,1,2.1301640049868458,2.1301640049868458,1.0
digits_0_vs_1,1,25,0.01,0.045100023271515965,1,2.1194713976216697,2.1301640049868458,0.9949803830408626
digits_0_vs_1,1,25,0.03,0.044100015657022595,1,2.093156581318328,2.1301640049868458,0.9826269603739989
digits_0_vs_1,1,25,0.05,0.04429998807609081,1,2.1169079207331385,2.1301640049868458,0.9937769654248809
digits_0_vs_1,1,25,0.1,0.04390001413412392,1,2.2061881261782466,2.1301640049868458,1.0356893276824806
digits_0_vs_1,1,26,0.0,0.04539999645203352,1,0.0967624497266831,0.0967624497266831,1.0
digits_0_vs_1,1,26,0.01,0.04370001261122525,1,0.10216386388380903,0.0967624497266831,1.0558213870399402
digits_0_vs_1,1,26,0.03,0.0439999857917428,1,0.09233698180753176,0.0967624497266831,0.9542646147172628
digits_0_vs_1,1,26,0.05,0.04600000102072954,1,0.08414352849048139,0.0967624497266831,0.8695886547741883
digits_0_vs_1,1,26,0.1,0.04390001413412392,1,0.13321103916680654,0.0967624497266831,1.376681135534257
digits_0_vs_1,1,27,0.0,0.04350001108832657,1,0.0967624497266831,0.0967624497266831,1.0
digits_0_vs_1,1,27,0.01,0.0447999918833375,1,0.0774728712255948,0.0967624497266831,0.8006501638231155
digits_0_vs_1,1,27,0.03,0.04409998655319214,1,0.03913115118228374,0.0967624497266831,0.40440430448809705
digits_0_vs_1,1,27,0.05,0.045199994929134846,1,0.13230679705668894,0.0967624497266831,1.3673361663579726
digits_0_vs_1,1,27,0.1,0.044400017941370606,1,0.19416819388901352,0.0967624497266831,2.0066481826107583
digits_0_vs_1,1,28,0.0,0.044599990360438824,1,0.0967624497266831,0.0967624497266831,1.0
digits_0_vs_1,1,28,0.01,0.04469999112188816,1,0.09852020912064921,0.0967624497266831,1.0181657181988581
digits_0_vs_1,1,28,0.03,0.04449998959898949,1,0.07817085120377194,0.0967624497266831,0.8078634989562035
digits_0_vs_1,1,28,0.05,0.044599990360438824,1,0.09219055931256989,0.0967624497266831,0.9527513986362783
digits_0_vs_1,1,28,0.1,0.04400001489557326,1,0.0,0.0967624497266831,0.0
digits_0_vs_1,1,29,0.0,0.04350001108832657,1,1.7178741993686906,1.7178741993686906,1.0
digits_0_vs_1,1,29,0.01,0.04350001108832657,1,1.7246330363986453,1.7178741993686906,1.003934419081699
digits_0_vs_1,1,29,0.03,0.04449998959898949,1,1.692519556836337,1.7178741993686906,0.9852406872740325
digits_0_vs_1,1,29,0.05,0.04349998198449612,1,1.7619430536152045,1.7178741993686906,1.0256531323787905
digits_0_vs_1,1,29,0.1,0.044199987314641476,1,1.7074282426084701,1.7178741993686906,0.9939192539453359
digits_0_vs_1,1,30,0.0,0.044100015657022595,1,2.1301640049868458,2.1301640049868458,1.0
digits_0_vs_1,1,30,0.01,0.044100015657022595,1,2.125890360335926,2.1301640049868458,0.9979937485372418
digits_0_vs_1,1,30,0.03,0.04449998959898949,1,2.123376770885864,2.1301640049868458,0.9968137504506261
digits_0_vs_1,1,30,0.05,0.04779998562298715,1,2.1983338789593563,2.1301640049868458,1.032002171575954
digits_0_vs_1,1,30,0.1,0.06079999729990959,1,2.249113484031608,2.1301640049868458,1.0558405262535158
digits_0_vs_1,1,31,0.0,0.05400000372901559,1,0.0967624497266831,0.0967624497266831,1.0
digits_0_vs_1,1,31,0.01,0.05110001075081527,1,0.0817819317067204,0.0967624497266831,0.845182526256033
digits_0_vs_1,1,31,0.03,0.08159998105838895,1,0.11895585390870478,0.0967624497266831,1.2293596766587613
digits_0_vs_1,1,31,0.05,0.06120000034570694,1,0.13626555254609055,0.0967624497266831,1.408248271214594
digits_0_vs_1,1,31,0.1,0.05160001455806196,1,0.15812811827581746,0.0967624497266831,1.634188868951426
digits_0_vs_1,1,32,0.0,0.04490002174861729,1,2.1301640049868458,2.1301640049868458,1.0
digits_0_vs_1,1,32,0.01,0.04439998883754015,1,2.1474387745190366,2.1301640049868458,1.0081095960178417
digits_0_vs_1,1,32,0.03,0.044899992644786835,1,2.1505675692276087,2.1301640049868458,1.0095784006268986
digits_0_vs_1,1,32,0.05,0.04509999416768551,1,2.1633619783923,2.1301640049868458,1.015584703021803
digits_0_vs_1,1,32,0.1,0.045199994929134846,1,2.0763709145404654,2.1301640049868458,0.974746972383137
digits_0_vs_1,1,33,0.0,0.04709998029284179,1,0.0967624497266831,0.0967624497266831,1.0
digits_0_vs_1,1,33,0.01,0.04529999569058418,1,0.10041003555855818,0.0967624497266831,1.0376962948145496
digits_0_vs_1,1,33,0.03,0.048699992476031184,1,0.11402582173987014,0.0967624497266831,1.1784098280061062
digits_0_vs_1,1,33,0.05,0.04839999019168317,1,0.12425843084027088,0.0967624497266831,1.2841596217463842
digits_0_vs_1,1,33,0.1,0.04780001472681761,1,0.19943638564260716,0.0967624497266831,2.061092771069135
digits_0_vs_1,1,34,0.0,0.04600000102072954,1,2.111860156925741,2.111860156925741,1.0
digits_0_vs_1,1,34,0.01,0.04460001946426928,1,2.1112900148675484,2.111860156925741,0.9997300284981832
digits_0_vs_1,1,34,0.03,0.04639997496269643,1,2.101814630001777,2.111860156925741,0.9952432802470277
digits_0_vs_1,1,34,0.05,0.04509999416768551,1,2.144093714792227,2.111860156925741,1.0152631118877724
digits_0_vs_1,1,34,0.1,0.04499999340623617,1,2.0746449649973133,2.111860156925741,0.9823780036730263
digits_0_vs_1,2,0,0.0,0.05840000812895596,1,2.1195930755103616,2.1195930755103616,1.0
digits_0_vs_1,2,0,0.01,0.05329999839887023,1,2.1002267104795407,2.1195930755103616,0.990863168381432
digits_0_vs_1,2,0,0.03,0.05120001151226461,1,2.1307990657034273,2.1195930755103616,1.0052868592196016
digits_0_vs_1,2,0,0.05,0.048999994760379195,1,2.050371877246729,2.1195930755103616,0.9673422228712626
digits_0_vs_1,2,0,0.1,0.058200006606057286,1,2.1348641948329155,2.1195930755103616,1.0072047410887472
digits_0_vs_1,2,1,0.0,0.04509999416768551,1,0.06979071272730464,0.06979071272730464,1.0
digits_0_vs_1,2,1,0.01,0.04719998105429113,1,0.06511556956017095,0.06979071272730464,0.9330119584048236
digits_0_vs_1,2,1,0.03,0.046200002543628216,1,0.14447903578486632,0.06979071272730464,2.0701756743679294
digits_0_vs_1,2,1,0.05,0.045100023271515965,1,0.10292974279148093,0.06979071272730464,1.4748343836759688
digits_0_vs_1,2,1,0.1,0.04500002251006663,1,0.07539597437691226,0.06979071272730464,1.0803152945508556
digits_0_vs_1,2,2,0.0,0.04369998350739479,1,1.5726013160448695,1.5726013160448695,1.0
digits_0_vs_1,2,2,0.01,0.04560002707876265,1,1.5706374145565123,1.5726013160448695,0.9987511764944363
digits_0_vs_1,2,2,0.03,0.0452000240329653,1,1.5975726071437593,1.5726013160448695,1.0158789712587124
digits_0_vs_1,2,2,0.05,0.04539999645203352,1,1.5922317728107949,1.5726013160448695,1.012482793042102
digits_0_vs_1,2,2,0.1,0.045599997974932194,1,1.5510296521852311,1.5726013160448695,0.9862828145700071
digits_0_vs_1,2,3,0.0,0.044599990360438824,1,0.06979071272730464,0.06979071272730464,1.0
digits_0_vs_1,2,3,0.01,0.04569999873638153,1,0.051938260943267256,0.06979071272730464,0.7442001795598104
digits_0_vs_1,2,3,0.03,0.04889999399892986,1,0.05412340194223042,0.06979071272730464,0.7755100904859422
digits_0_vs_1,2,3,0.05,0.044599990360438824,1,0.0632130177558824,0.06979071272730464,0.9057511420305525
digits_0_vs_1,2,3,0.1,0.04499999340623617,1,0.05648664709851381,0.06979071272730464,0.8093719764580395
digits_0_vs_1,2,4,0.0,0.04390001413412392,1,1.2991054363121235,1.2991054363121235,1.0
digits_0_vs_1,2,4,0.01,0.04499999340623617,1,1.3017443081342268,1.2991054363121235,1.00203129919123
digits_0_vs_1,2,4,0.03,0.045599997974932194,1,1.3616561262381515,1.2991054363121235,1.0481490479353206
digits_0_vs_1,2,4,0.05,0.04569999873638153,1,1.302398375504501,1.2991054363121235,1.0025347743919273
digits_0_vs_1,2,4,0.1,0.045199994929134846,1,1.2746441153853734,1.2991054363121235,0.9811706423181551
digits_0_vs_1,2,5,0.0,0.0447999918833375,1,0.7521136768466312,0.7521136768466312,1.0
digits_0_vs_1,2,5,0.01,0.04499999340623617,1,0.7811554531244276,0.7521136768466312,1.0386135462920434
digits_0_vs_1,2,5,0.03,0.05169998621568084,1,0.7753423335019087,0.7521136768466312,1.0308845023968554
digits_0_vs_1,2,5,0.05,0.04569999873638153,1,0.7425465877299962,0.7521136768466312,0.9872797298983489
digits_0_vs_1,2,5,0.1,0.044599990360438824,1,0.7576235156045176,0.7521136768466312,1.0073258058289636
digits_0_vs_1,2,6,0.0,0.04429998807609081,1,1.982845135643989,1.982845135643989,1.0
digits_0_vs_1,2,6,0.01,0.0447999918833375,1,1.9804816161032588,1.982845135643989,0.9988080160683035
digits_0_vs_1,2,6,0.03,0.0447999918833375,1,2.065934670514132,1.982845135643989,1.0419041978501047
digits_0_vs_1,2,6,0.05,0.045199994929134846,1,1.9210314625622444,1.982845135643989,0.9688257686036239
digits_0_vs_1,2,6,0.1,0.04509999416768551,1,1.8195123019704114,1.982845135643989,0.9176270346395307
digits_0_vs_1,2,7,0.0,0.04499999340623617,1,0.06979071272730464,0.06979071272730464,1.0
digits_0_vs_1,2,7,0.01,0.04770001396536827,1,0.07865164206310493,0.06979071272730464,1.126964304984574
digits_0_vs_1,2,7,0.03,0.045199994929134846,1,0.09988032004693126,0.06979071272730464,1.4311405650375955
digits_0_vs_1,2,7,0.05,0.04509999416768551,1,0.032440049518846825,0.06979071272730464,0.4648190031473215
digits_0_vs_1,2,7,0.1,0.04439998883754015,1,0.0,0.06979071272730464,0.0
digits_0_vs_1,2,8,0.0,0.2714000002015382,1,1.4358533761784966,1.4358533761784966,1.0
digits_0_vs_1,2,8,0.01,0.14069999451749027,1,1.442793494284932,1.4358533761784966,1.0048334448499934
digits_0_vs_1,2,8,0.03,0.09079999290406704,1,1.4699444162323128,1.4358533761784966,1.0237427028549035
digits_0_vs_1,2,8,0.05,0.08260001777671278,1,1.4976984957721293,1.4358533761784966,1.0430720299298475
digits_0_vs_1,2,8,0.1,0.07829998503439128,1,1.3783587681677019,1.4358533761784966,0.9599578836079936
digits_0_vs_1,2,9,0.0,0.07280000136233866,1,0.06979071272730464,0.06979071272730464,1.0
digits_0_vs_1,2,9,0.01,0.07390000973828137,1,0.07814944531365486,0.06979071272730464,1.1197685517127551
digits_0_vs_1,2,9,0.03,0.08079997496679425,1,0.0586739269657679,0.06979071272730464,0.840712534274099
digits_0_vs_1,2,9,0.05,0.07929999264888465,1,0.11157427250789242,0.06979071272730464,1.5986979950161844
digits_0_vs_1,2,9,0.1,0.07979999645613134,1,0.0,0.06979071272730464,0.0
digits_0_vs_1,2,10,0.0,0.09339998359791934,1,2.1195930755103616,2.1195930755103616,1.0
digits_0_vs_1,2,10,0.01,0.08040000102482736,1,2.1109253624140587,2.1195930755103616,0.9959106711583232
digits_0_vs_1,2,10,0.03,0.07790001109242439,1,2.100616095642926,2.1195930755103616,0.9910468758901441
digits_0_vs_1,2,10,0.05,0.07869998808018863,1,2.000292478068212,2.1195930755103616,0.9437153296920334
digits_0_vs_1,2,10,0.1,0.07890001870691776,1,2.0951124746337193,2.1195930755103616,0.9884503298489273
digits_0_vs_1,2,11,0.0,0.07730000652372837,1,0.0977030145879279,0.0977030145879279,1.0
digits_0_vs_1,2,11,0.01,0.08019999950192869,1,0.09158200458737475,0.0977030145879279,0.9373508583499791
digits_0_vs_1,2,11,0.03,0.0777999812271446,1,0.036904545531246356,0.0977030145879279,0.3777216668993778
digits_0_vs_1,2,11,0.05,0.076299998909235,1,0.06963608903300343,0.0977030145879279,0.7127322460489116
digits_0_vs_1,2,11,0.1,0.07239999831654131,1,0.11369237558718652,0.0977030145879279,1.1636526883709302
digits_0_vs_1,2,12,0.0,0.06500000017695129,1,2.1195930755103616,2.1195930755103616,1.0
digits_0_vs_1,2,12,0.01,0.06650001159869134,1,2.1102055206770167,2.1195930755103616,0.9955710579819268
digits_0_vs_1,2,12,0.03,0.066100008552894,1,2.0816142721305635,2.1195930755103616,0.9820820308300671
digits_0_vs_1,2,12,0.05,0.06639998173341155,1,2.1113528798335395,2.1195930755103616,0.996112369033458
digits_0_vs_1,2,12,0.1,0.06629998097196221,1,2.2124471439881805,2.1195930755103616,1.0438074975572664
digits_0_vs_1,2,13,0.0,0.0644999963697046,1,0.06979071272730464,0.06979071272730464,1.0
digits_0_vs_1,2,13,0.01,0.06590000702999532,1,0.0837603911837177,0.06979071272730464,1.2001652929236761
digits_0_vs_1,2,13,0.03,0.06630001007579267,1,0.06435550108686972,0.06979071272730464,0.9221212761979937
digits_0_vs_1,2,13,0.05,0.06489999941550195,1,0.11639094928987215,0.06979071272730464,1.6677140086625855
digits_0_vs_1,2,13,0.1,0.06399999256245792,1,0.12244018795809108,0.06979071272730464,1.7543908519247444
digits_0_vs_1,2,14,0.0,0.06489999941550195,1,2.1195930755103616,2.1195930755103616,1.0
digits_0_vs_1,2,14,0.01,0.06569997640326619,1,2.1137458500767625,2.1195930755103616,0.9972413452840748
digits_0_vs_1,2,14,0.03,0.06609997944906354,1,2.109737353492715,2.1195930755103616,0.9953501820082737
digits_0_vs_1,2,14,0.05,0.0659999786876142,1,2.009585479281273,2.1195930755103616,0.9480996623832616
digits_0_vs_1,2,14,0.1,0.06570000550709665,1,2.0474984841129604,2.1195930755103616,0.9659865885436326
digits_0_vs_1,2,15,0.0,0.05649999366141856,1,0.06979071272730464,0.06979071272730464,1.0
digits_0_vs_1,2,15,0.01,0.0577000027988106,1,0.06780524409447142,0.06979071272730464,0.9715511053656795
digits_0_vs_1,2,15,0.03,0.05740000051446259,1,0.09051413291286137,0.06979071272730464,1.2969366463777203
digits_0_vs_1,2,15,0.05,0.05750000127591193,1,0.059827266236044396,0.06979071272730464,0.8572382183544862
digits_0_vs_1,2,15,0.1,0.05740000051446259,1,0.0,0.06979071272730464,0.0
digits_0_vs_1,2,16,0.0,0.05679999594576657,1,1.982845135643989,1.982845135643989,1.0
digits_0_vs_1,2,16,0.01,0.06469999789260328,1,1.9960654708069125,1.982845135643989,1.006667356378606
digits_0_vs_1,2,16,0.03,0.05900001269765198,1,2.01694124929859,1.982845135643989,1.0171955504954386
digits_0_vs_1,2,16,0.05,0.05750000127591193,1,1.9818317292376761,1.982845135643989,0.999488912982615
digits_0_vs_1,2,16,0.1,0.057199998991563916,1,1.9284563766928473,1.982845135643989,0.9725703445148391
digits_0_vs_1,2,17,0.0,0.05709999823011458,1,2.1195930755103616,2.1195930755103616,1.0
digits_0_vs_1,2,17,0.01,0.05780000356025994,1,2.11734752382704,2.1195930755103616,0.998940574155829
digits_0_vs_1,2,17,0.03,0.050000002374872565,1,2.1023354915390327,2.1195930755103616,0.9918580673947647
digits_0_vs_1,2,17,0.05,0.0501000031363219,1,2.0419983169880185,2.1195930755103616,0.9633916720058827
digits_0_vs_1,2,17,0.1,0.050300004659220576,1,2.0823392795123787,2.1195930755103616,0.9824240810991455
digits_0_vs_1,2,18,0.0,0.04990000161342323,1,2.1195930755103616,2.1195930755103616,1.0
digits_0_vs_1,2,18,0.01,0.05080000846646726,1,2.123835176857277,2.1195930755103616,1.0020013753563966
digits_0_vs_1,2,18,0.03,0.050799979362636805,1,2.1232144881207935,2.1195930755103616,1.001708541442352
digits_0_vs_1,2,18,0.05,0.04990000161342323,1,2.136702744750509,2.1195930755103616,1.0080721481108008
digits_0_vs_1,2,18,0.1,0.050099974032491446,1,1.9543999568812016,2.1195930755103616,0.9220637581157486
digits_0_vs_1,2,19,0.0,0.04959999932907522,1,2.1195930755103616,2.1195930755103616,1.0
digits_0_vs_1,2,19,0.01,0.051000009989365935,1,2.1240605561005035,2.1195930755103616,1.0021077067300128
digits_0_vs_1,2,19,0.03,0.050000002374872565,1,2.066326775872384,2.1195930755103616,0.974869563288627
digits_0_vs_1,2,19,0.05,0.04990000161342323,1,2.1279056874245685,2.1195930755103616,1.0039217961269313
digits_0_vs_1,2,19,0.1,0.05060000694356859,1,1.96319135553909,2.1195930755103616,0.9262114404041386
digits_0_vs_1,2,20,0.0,0.04959999932907522,1,2.1195930755103616,2.1195930755103616,1.0
digits_0_vs_1,2,20,0.01,0.05080000846646726,1,2.1164854116849128,2.1195930755103616,0.9985338394141052
digits_0_vs_1,2,20,0.03,0.051499984692782164,1,2.1258057290905557,2.1195930755103616,1.0029310595755263
digits_0_vs_1,2,20,0.05,0.04740001168102026,1,2.1591670206529505,2.1195930755103616,1.0186705389821393
digits_0_vs_1,2,20,0.1,0.04600000102072954,1,2.20827670683236,2.1195930755103616,1.0418399325543395
digits_0_vs_1,2,21,0.0,0.04569999873638153,1,0.06979071272730464,0.06979071272730464,1.0
digits_0_vs_1,2,21,0.01,0.04549999721348286,1,0.04769027245255586,0.06979071272730464,0.683332646836514
digits_0_vs_1,2,21,0.03,0.0452000240329653,1,0.06826530959412158,0.06979071272730464,0.9781431787472452
digits_0_vs_1,2,21,0.05,0.04469999112188816,1,0.027565383041954772,0.06979071272730464,0.3949720810226115
digits_0_vs_1,2,21,0.1,0.044899992644786835,1,0.18875185049331422,0.06979071272730464,2.704541093179977
digits_0_vs_1,2,22,0.0,0.0447999918833375,1,0.0977030145879279,0.0977030145879279,1.0
digits_0_vs_1,2,22,0.01,0.04539999645203352,1,0.09740154579350517,0.0977030145879279,0.9969144371266925
digits_0_vs_1,2,22,0.03,0.04509999416768551,1,0.07158464534539609,0.0977030145879279,0.7326759122767234
digits_0_vs_1,2,22,0.05,0.04569999873638153,1,0.12307095708666951,0.0977030145879279,1.259643395914992
digits_0_vs_1,2,22,0.1,0.059699988923966885,1,0.16899699843174965,0.0977030145879279,1.729700963112665
digits_0_vs_1,2,23,0.0,0.05089998012408614,1,0.06979071272730464,0.06979071272730464,1.0
digits_0_vs_1,2,23,0.01,0.048299989430233836,1,0.07725645859496821,0.06979071272730464,1.1069733432417392
digits_0_vs_1,2,23,0.03,0.046999979531392455,1,0.12726622820873346,0.06979071272730464,1.8235410305380408
digits_0_vs_1,2,23,0.05,0.0467000063508749,1,0.05335136765882875,0.06979071272730464,0.7644479555222508
digits_0_vs_1,2,23,0.1,0.046600005589425564,1,0.1508569389455735,0.06979071272730464,2.161561804577371
digits_0_vs_1,2,24,0.0,0.0467000063508749,1,1.5726013160448695,1.5726013160448695,1.0
digits_0_vs_1,2,24,0.01,0.04549999721348286,1,1.5781842939101995,1.5726013160448695,1.0035501546440082
digits_0_vs_1,2,24,0.03,0.04610000178217888,1,1.6010096629738075,1.5726013160448695,1.0180645575195026
digits_0_vs_1,2,24,0.05,0.04710000939667225,1,1.5958549152744066,1.5726013160448695,1.014786709760628
digits_0_vs_1,2,24,0.1,0.072900002123788,1,1.6766103206340244,1.5726013160448695,1.0661381899709585
digits_0_vs_1,2,25,0.0,0.0473999825771898,1,0.06979071272730464,0.06979071272730464,1.0
digits_0_vs_1,2,25,0.01,0.047699984861537814,1,0.05490165435135608,0.06979071272730464,0.7866613222002041
digits_0_vs_1,2,25,0.03,0.046900007873773575,1,0.073743670599272,0.06979071272730464,1.056640170554109
digits_0_vs_1,2,25,0.05,0.04700000863522291,1,0.07405902618682525,0.06979071272730464,1.0611587601375891
digits_0_vs_1,2,25,0.1,0.04719998105429113,1,0.04947935464194386,0.06979071272730464,0.7089676076998388
digits_0_vs_1,2,26,0.0,0.04569999873638153,1,0.06979071272730464,0.06979071272730464,1.0
digits_0_vs_1,2,26,0.01,0.04630000330507755,1,0.078568833517071,0.06979071272730464,1.125777778256333
digits_0_vs_1,2,26,0.03,0.04609997267834842,1,0.029140356907001563,0.06979071272730464,0.41753917918652816
digits_0_vs_1,2,26,0.05,0.0467000063508749,1,0.09288841099433431,0.06979071272730464,1.3309566182148047
digits_0_vs_1,2,26,0.1,0.04839999019168317,1,0.25686118079245135,0.06979071272730464,3.680449314167242
digits_0_vs_1,2,27,0.0,0.04610000178217888,1,2.1195930755103616,2.1195930755103616,1.0
digits_0_vs_1,2,27,0.01,0.04569999873638153,1,2.1249654764101367,2.1195930755103616,1.0025346378801892
digits_0_vs_1,2,27,0.03,0.046200002543628216,1,2.1502933888069826,2.1195930755103616,1.0144840600072393
digits_0_vs_1,2,27,0.05,0.04579999949783087,1,2.119639944145548,2.1195930755103616,1.0000221120911026
digits_0_vs_1,2,27,0.1,0.04579999949783087,1,2.031497559093019,2.1195930755103616,0.9584375333948801
digits_0_vs_1,2,28,0.0,0.04490002174861729,1,0.06979071272730464,0.06979071272730464,1.0
digits_0_vs_1,2,28,0.01,0.04579999949783087,1,0.08599450352866422,0.06979071272730464,1.2321768924279817
digits_0_vs_1,2,28,0.03,0.04549999721348286,1,0.08034037121453674,0.06979071272730464,1.1511613519187447
digits_0_vs_1,2,28,0.05,0.045900000259280205,1,0.017504475504054984,0.06979071272730464,0.2508138235018569
digits_0_vs_1,2,28,0.1,0.045599997974932194,1,0.034662814338768944,0.06979071272730464,0.49666800902590014
digits_0_vs_1,2,29,0.0,0.044599990360438824,1,0.0977030145879279,0.0977030145879279,1.0
digits_0_vs_1,2,29,0.01,0.0475000124424696,1,0.09786264210906771,0.0977030145879279,1.0016338034380317
digits_0_vs_1,2,29,0.03,0.04610000178217888,1,0.10263340668967547,0.0977030145879279,1.0504630499124512
digits_0_vs_1,2,29,0.05,0.04610000178217888,1,0.04498230064654131,0.0977030145879279,0.46039828797769033
digits_0_vs_1,2,29,0.1,0.04650000482797623,1,0.09222860090773011,0.0977030145879279,0.9439688355237893
digits_0_vs_1,2,30,0.0,0.045199994929134846,1,1.0468454623156245,1.0468454623156245,1.0
digits_0_vs_1,2,30,0.01,0.045900000259280205,1,1.0587951045556783,1.0468454623156245,1.0114149057050132
digits_0_vs_1,2,30,0.03,0.045599997974932194,1,1.0682846652957665,1.0468454623156245,1.0204798165076996
digits_0_vs_1,2,30,0.05,0.047900015488266945,1,0.9908577508241274,1.0468454623156245,0.9465176919545966
digits_0_vs_1,2,30,0.1,0.046600005589425564,1,0.9352047334780236,1.0468454623156245,0.8933551007704124
digits_0_vs_1,2,31,0.0,0.045199994929134846,1,0.06979071272730464,0.06979071272730464,1.0
digits_0_vs_1,2,31,0.01,0.04579999949783087,1,0.08056466988792899,0.06979071272730464,1.1543752275853918
digits_0_vs_1,2,31,0.03,0.045999971916899085,1,0.07744162921255127,0.06979071272730464,1.1096265704455732
digits_0_vs_1,2,31,0.05,0.045199994929134846,1,0.09500694173614044,0.06979071272730464,1.3613121004705016
digits_0_vs_1,2,31,0.1,0.04610000178217888,1,0.0,0.06979071272730464,0.0
digits_0_vs_1,2,32,0.0,0.045100023271515965,1,2.1195930755103616,2.1195930755103616,1.0
digits_0_vs_1,2,32,0.01,0.04579999949783087,1,2.122173819735421,2.1195930755103616,1.0012175658879419
digits_0_vs_1,2,32,0.03,0.0467000063508749,1,2.096419229523015,2.1195930755103616,0.9890668420013747
digits_0_vs_1,2,32,0.05,0.04569999873638153,1,2.1197120727320806,2.1195930755103616,1.0000561415410787
digits_0_vs_1,2,32,0.1,0.046200002543628216,1,2.0528113095507825,2.1195930755103616,0.9684931193958071
digits_0_vs_1,2,33,0.0,0.04490002174861729,1,0.06979071272730464,0.06979071272730464,1.0
digits_0_vs_1,2,33,0.01,0.046600005589425564,1,0.07767079849585645,0.06979071272730464,1.1129102349096494
digits_0_vs_1,2,33,0.03,0.04529999569058418,1,0.0645245197052331,0.06979071272730464,0.9245430686078777
digits_0_vs_1,2,33,0.05,0.04579999949783087,1,0.042448480170665714,0.06979071272730464,0.6082253427691152
digits_0_vs_1,2,33,0.1,0.05120001151226461,1,0.054695765647353234,0.06979071272730464,0.7837112347751434
digits_0_vs_1,2,34,0.0,0.045900000259280205,1,1.5726013160448695,1.5726013160448695,1.0
digits_0_vs_1,2,34,0.01,0.04530002479441464,1,1.5784097618871007,1.5726013160448695,1.0036935272678262
digits_0_vs_1,2,34,0.03,0.04529999569058418,1,1.551313052141837,1.5726013160448695,0.9864630255069524
digits_0_vs_1,2,34,0.05,0.04730001091957092,1,1.4487650003962966,1.5726013160448695,0.9212538394918655
digits_0_vs_1,2,34,0.1,0.044599990360438824,1,1.5333758939741329,1.5726013160448695,0.9750569825482599
digits_0_vs_1,3,0,0.0,0.05930001498199999,1,0.4836271966921141,0.4836271966921141,1.0
digits_0_vs_1,3,0,0.01,0.053000025218352675,1,0.4742795735620751,0.4836271966921141,0.9806718414638913
digits_0_vs_1,3,0,0.03,0.05050000618211925,1,0.4919305765344471,0.4836271966921141,1.01716896795533
digits_0_vs_1,3,0,0.05,0.04990000161342323,1,0.43412931105483427,0.4836271966921141,0.8976528078324943
digits_0_vs_1,3,0,0.1,0.04830001853406429,1,0.4955632843592221,0.4836271966921141,1.024680348311153
digits_0_vs_1,3,1,0.0,0.04680000711232424,1,0.4836271966921141,0.4836271966921141,1.0
digits_0_vs_1,3,1,0.01,0.04789998638443649,1,0.4613944471111699,0.4836271966921141,0.9540291577210493
digits_0_vs_1,3,1,0.03,0.04789998638443649,1,0.4699545006773536,0.4836271966921141,0.971728852082186
digits_0_vs_1,3,1,0.05,0.046900007873773575,1,0.514557028793041,0.4836271966921141,1.0639538725540643
digits_0_vs_1,3,1,0.1,0.0473999825771898,1,0.3844163079910899,0.4836271966921141,0.7948608155628938
digits_0_vs_1,3,2,0.0,0.04309997893869877,1,1.7488214377922031,1.7488214377922031,1.0
digits_0_vs_1,3,2,0.01,0.04300000728107989,1,1.744218236437429,1.7488214377922031,0.9973678265514715
digits_0_vs_1,3,2,0.03,0.04270000499673188,1,1.7415369200510444,1.7488214377922031,0.9958346131950698
digits_0_vs_1,3,2,0.05,0.04260000423528254,1,1.7098075629596559,1.7488214377922031,0.9776913331518853
digits_0_vs_1,3,2,0.1,0.04370001261122525,1,1.6187650384779408,1.7488214377922031,0.9256319733371683
digits_0_vs_1,3,3,0.0,0.0425000034738332,1,1.7272363949092686,1.7272363949092686,1.0
digits_0_vs_1,3,3,0.01,0.043100008042529225,1,1.7313174095762776,1.7272363949092686,1.0023627424011194
digits_0_vs_1,3,3,0.03,0.0467000063508749,1,1.7019458462775616,1.7272363949092686,0.9853577954319128
digits_0_vs_1,3,3,0.05,0.04290000651963055,1,1.6940047968731193,1.7272363949092686,0.9807602490694999
digits_0_vs_1,3,3,0.1,0.04349998198449612,1,1.6510719594841794,1.7272363949092686,0.9559038730022302
digits_0_vs_1,3,4,0.0,0.04709998029284179,1,0.4836271966921141,0.4836271966921141,1.0
digits_0_vs_1,3,4,0.01,0.04740001168102026,1,0.4802144357773955,0.4836271966921141,0.9929434057098917
digits_0_vs_1,3,4,0.03,0.046699977247044444,1,0.47525435752574724,0.4836271966921141,0.9826874104193583
digits_0_vs_1,3,4,0.05,0.04730001091957092,1,0.47296594043494694,0.4836271966921141,0.9779556312587724
digits_0_vs_1,3,4,0.1,0.04680000711232424,1,0.4101045694049649,0.4836271966921141,0.8479766485631389
digits_0_vs_1,3,5,0.0,0.045599997974932194,1,0.4836271966921141,0.4836271966921141,1.0
digits_0_vs_1,3,5,0.01,0.04710000939667225,1,0.48027991499178085,0.4836271966921141,0.9930787976291908
digits_0_vs_1,3,5,0.03,0.0473999825771898,1,0.48166138127807395,0.4836271966921141,0.9959352670249195
digits_0_vs_1,3,5,0.05,0.046600005589425564,1,0.5045182575635847,0.4836271966921141,1.0431966213115393
digits_0_vs_1,3,5,0.1,0.04749998333863914,1,0.7338161638189569,0.4836271966921141,1.517317820085535
digits_0_vs_1,3,6,0.0,0.04199999966658652,1,1.7272363949098442,1.7272363949098442,1.0
digits_0_vs_1,3,6,0.01,0.042100000428035855,1,1.7219209374718942,1.7272363949098442,0.9969225651719622
digits_0_vs_1,3,6,0.03,0.042400002712383866,1,1.6557096002863,1.7272363949098442,0.9585888794178185
digits_0_vs_1,3,6,0.05,0.04159999662078917,1,1.7417902747136553,1.7272363949098442,1.0084261076519123
digits_0_vs_1,3,6,0.1,0.04220000118948519,1,1.786771700882243,1.7272363949098442,1.0344685337501276
digits_0_vs_1,3,7,0.0,0.04640000406652689,1,0.4836271966921141,0.4836271966921141,1.0
digits_0_vs_1,3,7,0.01,0.04639997496269643,1,0.4878208921527864,0.4836271966921141,1.008671339183065
digits_0_vs_1,3,7,0.03,0.04710000939667225,1,0.49038154193693045,0.4836271966921141,1.0139660161608246
digits_0_vs_1,3,7,0.05,0.05319999763742089,1,0.5108741027300248,0.4836271966921141,1.056338655526969
digits_0_vs_1,3,7,0.1,0.04650000482797623,1,0.5291913446840408,0.4836271966921141,1.0942133699336467
digits_0_vs_1,3,8,0.0,0.04220000118948519,1,1.7670196229775872,1.7670196229775872,1.0
digits_0_vs_1,3,8,0.01,0.041799998143687844,1,1.7736193696554492,1.7670196229775872,1.0037349594718936
digits_0_vs_1,3,8,0.03,0.04199999966658652,1,1.7860488360963567,1.7670196229775872,1.0107691011867224
digits_0_vs_1,3,8,0.05,0.04149999585933983,1,1.7160938772843997,1.7670196229775872,0.9711798640881117
digits_0_vs_1,3,8,0.1,0.042100000428035855,1,1.7598199560390457,1.7670196229775872,0.9959255308515423
digits_0_vs_1,3,9,0.0,0.041099992813542485,1,1.6232338095119059,1.6232338095119059,1.0
digits_0_vs_1,3,9,0.01,0.042400002712383866,1,1.6382013385781358,1.6232338095119059,1.0092208090901769
digits_0_vs_1,3,9,0.03,0.04159999662078917,1,1.6642266321336838,1.6232338095119059,1.0252538003962006
digits_0_vs_1,3,9,0.05,0.04290000651963055,1,1.6186832973089054,1.6232338095119059,0.9971966378618193
digits_0_vs_1,3,9,0.1,0.04300000728107989,1,1.5726000312978403,1.6232338095119059,0.9688068484543882
digits_0_vs_1,3,10,0.0,0.046900007873773575,1,0.4836271966921141,0.4836271966921141,1.0
digits_0_vs_1,3,10,0.01,0.04630000330507755,1,0.4896770192783418,0.4836271966921141,1.0125092687665354
digits_0_vs_1,3,10,0.03,0.04700000863522291,1,0.49768547567204785,0.4836271966921141,1.0290684210401913
digits_0_vs_1,3,10,0.05,0.04719998105429113,1,0.523269651408184,0.4836271966921141,1.0819690352139295
digits_0_vs_1,3,10,0.1,0.04680000711232424,1,0.636750713388101,0.4836271966921141,1.316614776305618
digits_0_vs_1,3,11,0.0,0.04159999662078917,1,0.89816292305875,0.89816292305875,1.0
digits_0_vs_1,3,11,0.01,0.076299998909235,1,0.880177349329198,0.89816292305875,0.9799751545428963
digits_0_vs_1,3,11,0.03,0.0481999886687845,1,0.8806158115213558,0.89816292305875,0.9804633312209812
digits_0_vs_1,3,11,0.05,0.08249998791143298,1,0.9347302064114312,0.89816292305875,1.0407134189286606
digits_0_vs_1,3,11,0.1,0.05199998850002885,1,1.078351672444092,0.89816292305875,1.200619224819143
digits_0_vs_1,3,12,0.0,0.04600000102072954,1,1.2322790955149265,1.2322790955149265,1.0
digits_0_vs_1,3,12,0.01,0.044599990360438824,1,1.2285811086208662,1.2322790955149265,0.9969990670883571
digits_0_vs_1,3,12,0.03,0.04439998883754015,1,1.176028586920996,1.2322790955149265,0.9543524605759661
digits_0_vs_1,3,12,0.05,0.04379998426884413,1,1.1904683100487587,1.2322790955149265,0.9660703605065243
digits_0_vs_1,3,12,0.1,0.04350001108832657,1,1.1428727456430998,1.2322790955149265,0.9274463470189219
digits_0_vs_1,3,13,0.0,0.0425000034738332,1,0.6218050991085771,0.6218050991085771,1.0
digits_0_vs_1,3,13,0.01,0.04270000499673188,1,0.6086348695142387,0.6218050991085771,0.9788193605790315
digits_0_vs_1,3,13,0.03,0.04230000195093453,1,0.6275461369746984,0.6218050991085771,1.0092328574891902
digits_0_vs_1,3,13,0.05,0.04260000423528254,1,0.6339071993328012,0.6218050991085771,1.0194628513686583
digits_0_vs_1,3,13,0.1,0.0425000034738332,1,0.8143128944373224,0.6218050991085771,1.3095950734478141
digits_0_vs_1,3,14,0.0,0.04809998790733516,1,0.4836271966921141,0.4836271966921141,1.0
digits_0_vs_1,3,14,0.01,0.04749998333863914,1,0.47470176606247455,0.4836271966921141,0.9815448124284837
digits_0_vs_1,3,14,0.03,0.047200010158121586,1,0.438120992751408,0.4836271966921141,0.905906441465747
digits_0_vs_1,3,14,0.05,0.047299981815740466,1,0.49344482686909347,0.4836271966921141,1.0202999960385384
digits_0_vs_1,3,14,0.1,0.04710000939667225,1,0.5325415108122109,0.4836271966921141,1.1011405364600215
digits_0_vs_1,3,15,0.0,0.042400002712383866,1,1.7488214377922031,1.7488214377922031,1.0
digits_0_vs_1,3,15,0.01,0.04260000423528254,1,1.7483429212966755,1.7488214377922031,0.9997263777277732
digits_0_vs_1,3,15,0.03,0.04230000195093453,1,1.6381909685069855,1.7488214377922031,0.9367399856300465
digits_0_vs_1,3,15,0.05,0.043199979700148106,1,1.7013897915118525,1.7488214377922031,0.9728779363888457
digits_0_vs_1,3,15,0.1,0.043100008042529225,1,1.7467471698047592,1.7488214377922031,0.9988139052148957
digits_0_vs_1,3,16,0.0,0.04220000118948519,1,1.7272363949092686,1.7272363949092686,1.0
digits_0_vs_1,3,16,0.01,0.041799998143687844,1,1.7485961507593226,1.7272363949092686,1.0123664345615968
digits_0_vs_1,3,16,0.03,0.04230000195093453,1,1.6647984089854293,1.7272363949092686,0.9638509319813637
digits_0_vs_1,3,16,0.05,0.04189999890513718,1,1.7009917003840103,1.7272363949092686,0.9848053835580294
digits_0_vs_1,3,16,0.1,0.04129999433644116,1,1.592166786722737,1.7272363949092686,0.9218001608901792
digits_0_vs_1,3,17,0.0,0.046900007873773575,1,0.4836271966921141,0.4836271966921141,1.0
digits_0_vs_1,3,17,0.01,0.0473999825771898,1,0.48296035805398624,0.4836271966921141,0.9986211721700332
digits_0_vs_1,3,17,0.03,0.046600005589425564,1,0.45563367992133036,0.4836271966921141,0.9421175712154894
digits_0_vs_1,3,17,0.05,0.0467000063508749,1,0.5558874296982906,0.4836271966921141,1.1494130882225357
digits_0_vs_1,3,17,0.1,0.04719998105429113,1,0.44978083007413466,0.4836271966921141,0.9300155846290699
digits_0_vs_1,3,18,0.0,0.04199999966658652,1,1.7670196229775872,1.7670196229775872,1.0
digits_0_vs_1,3,18,0.01,0.041799998143687844,1,1.754064604243378,1.7670196229775872,0.9926684352761297
digits_0_vs_1,3,18,0.03,0.04249997437000275,1,1.7668870125187548,1.7670196229775872,0.9999249524696229
digits_0_vs_1,3,18,0.05,0.042100000428035855,1,1.7059973249291427,1.7670196229775872,0.9654659760112814
digits_0_vs_1,3,18,0.1,0.04270000499673188,1,1.632693978545766,1.7670196229775872,0.9239818037756307
digits_0_vs_1,3,19,0.0,0.04680000711232424,1,0.4836271966921141,0.4836271966921141,1.0
digits_0_vs_1,3,19,0.01,0.0467000063508749,1,0.4872962302495257,0.4836271966921141,1.00758649137705
digits_0_vs_1,3,19,0.03,0.04630000330507755,1,0.4765472054128029,0.4836271966921141,0.9853606428097167
digits_0_vs_1,3,19,0.05,0.047699984861537814,1,0.5184129919189477,0.4836271966921141,1.0719268797635029
digits_0_vs_1,3,19,0.1,0.046900007873773575,1,0.4227281046493864,0.4836271966921141,0.8740784379802008
digits_0_vs_1,3,20,0.0,0.04230000195093453,1,1.3409739938116458,1.3409739938116458,1.0
digits_0_vs_1,3,20,0.01,0.047999987145885825,1,1.3443893054600662,1.3409739938116458,1.002546888801857
digits_0_vs_1,3,20,0.03,0.04320000880397856,1,1.3670465946292394,1.3409739938116458,1.0194430324062316
digits_0_vs_1,3,20,0.05,0.0439999857917428,1,1.348118237361141,1.3409739938116458,1.0053276525737744
digits_0_vs_1,3,20,0.1,0.044899992644786835,1,1.3029560394920483,1.3409739938116458,0.9716489995368713
digits_0_vs_1,3,21,0.0,0.04220000118948519,1,0.8078406739482951,0.8078406739482951,1.0
digits_0_vs_1,3,21,0.01,0.04230000195093453,1,0.816452326659157,0.8078406739482951,1.0106600880452983
digits_0_vs_1,3,21,0.03,0.04230000195093453,1,0.8145515044036358,0.8078406739482951,1.0083071212823955
digits_0_vs_1,3,21,0.05,0.04149999585933983,1,0.7971478965794605,0.8078406739482951,0.9867637546441256
digits_0_vs_1,3,21,0.1,0.041799998143687844,1,0.8627256578458791,0.8078406739482951,1.0679403571366808
digits_0_vs_1,3,22,0.0,0.04600000102072954,1,0.4836271966921141,0.4836271966921141,1.0
digits_0_vs_1,3,22,0.01,0.04640000406652689,1,0.4836879186107889,0.4836271966921141,1.000125555219165
digits_0_vs_1,3,22,0.03,0.04579999949783087,1,0.46860116019252646,0.4836271966921141,0.9689305386414124
digits_0_vs_1,3,22,0.05,0.04650000482797623,1,0.48297021878965024,0.4836271966921141,0.9986415612956479
digits_0_vs_1,3,22,0.1,0.046999979531392455,1,0.36670179229588235,0.4836271966921141,0.7582323632831828
digits_0_vs_1,3,23,0.0,0.04260000423528254,1,1.7272363949092686,1.7272363949092686,1.0
digits_0_vs_1,3,23,0.01,0.042100000428035855,1,1.7226409534265867,1.7272363949092686,0.9973394252829397
digits_0_vs_1,3,23,0.03,0.04260000423528254,1,1.7600646062734036,1.7272363949092686,1.019006206365782
digits_0_vs_1,3,23,0.05,0.042400002712383866,1,1.8105522301238337,1.7272363949092686,1.04823649817716
digits_0_vs_1,3,23,0.1,0.04260000423528254,1,1.8242216981217625,1.7272363949092686,1.0561505671709681
digits_0_vs_1,3,24,0.0,0.045900000259280205,1,0.4836271966921141,0.4836271966921141,1.0
digits_0_vs_1,3,24,0.01,0.04710000939667225,1,0.485017572084054,0.4836271966921141,1.0028748908279965
digits_0_vs_1,3,24,0.03,0.046699977247044444,1,0.5142227556284258,0.4836271966921141,1.0632626931354925
digits_0_vs_1,3,24,0.05,0.04650000482797623,1,0.5035873222621683,0.4836271966921141,1.0412717186017997
digits_0_vs_1,3,24,0.1,0.04579999949783087,1,0.6205528298495422,0.4836271966921141,1.283122277022393
digits_0_vs_1,3,25,0.0,0.04230000195093453,1,1.7488214377922031,1.7488214377922031,1.0
digits_0_vs_1,3,25,0.01,0.04270000499673188,1,1.740825614386418,1.7488214377922031,0.9954278788943259
digits_0_vs_1,3,25,0.03,0.041799998143687844,1,1.8292359766950201,1.7488214377922031,1.045982132403601
digits_0_vs_1,3,25,0.05,0.042100000428035855,1,1.7335328505813465,1.7488214377922031,0.991257776877348
digits_0_vs_1,3,25,0.1,0.04199999966658652,1,1.8059345223873893,1.7488214377922031,1.032658042359824
digits_0_vs_1,3,26,0.0,0.04149999585933983,1,0.725020251693782,0.725020251693782,1.0
digits_0_vs_1,3,26,0.01,0.04159999662078917,1,0.7272477577735078,0.725020251693782,1.0030723363582217
digits_0_vs_1,3,26,0.03,0.04189999890513718,1,0.7190541473620933,0.725020251693782,0.9917711204373245
digits_0_vs_1,3,26,0.05,0.042100000428035855,1,0.70305984730176,0.725020251693782,0.9697106331296009
digits_0_vs_1,3,26,0.1,0.043899985030293465,1,0.7400528711309747,0.725020251693782,1.0207340683271586
digits_0_vs_1,3,27,0.0,0.041099992813542485,1,0.09130675740818273,0.09130675740818273,1.0
digits_0_vs_1,3,27,0.01,0.04230000195093453,1,0.08558306704906826,0.09130675740818273,0.9373136170685926
digits_0_vs_1,3,27,0.03,0.04199999966658652,1,0.045608088154549975,0.09130675740818273,0.499503973738341
digits_0_vs_1,3,27,0.05,0.044199987314641476,1,0.07433709508643682,0.09130675740818273,0.8141466984104605
digits_0_vs_1,3,27,0.1,0.04129999433644116,1,0.12953245840900274,0.09130675740818273,1.4186513910458318
digits_0_vs_1,3,28,0.0,0.04579999949783087,1,0.4836271966921141,0.4836271966921141,1.0
digits_0_vs_1,3,28,0.01,0.0475000124424696,1,0.5001164733132346,0.4836271966921141,1.0340950151974555
digits_0_vs_1,3,28,0.03,0.04719998105429113,1,0.4298921128222765,0.4836271966921141,0.8888915176041137
digits_0_vs_1,3,28,0.05,0.046600005589425564,1,0.493725889294056,0.4836271966921141,1.0208811511656382
digits_0_vs_1,3,28,0.1,0.04630000330507755,1,0.5100514792535411,0.4836271966921141,1.0546377100836395
digits_0_vs_1,3,29,0.0,0.04169999738223851,1,1.5890574829341821,1.5890574829341821,1.0
digits_0_vs_1,3,29,0.01,0.043100008042529225,1,1.6102663387280949,1.5890574829341821,1.0133468147135563
digits_0_vs_1,3,29,0.03,0.042100000428035855,1,1.6237155834670622,1.5890574829341821,1.0218104762760905
digits_0_vs_1,3,29,0.05,0.041799998143687844,1,1.6740081025299218,1.5890574829341821,1.0534597524054818
digits_0_vs_1,3,29,0.1,0.0473999825771898,1,1.467693398332112,1.5890574829341821,0.9236251136881642
digits_0_vs_1,3,30,0.0,0.04169999738223851,1,1.4765092228126204,1.4765092228126204,1.0
digits_0_vs_1,3,30,0.01,0.04230000195093453,1,1.4699803653623909,1.4765092228126204,0.9955781803802128
digits_0_vs_1,3,30,0.03,0.041799998143687844,1,1.4654989452309026,1.4765092228126204,0.9925430350101409
digits_0_vs_1,3,30,0.05,0.042400002712383866,1,1.483033287731694,1.4765092228126204,1.0044185737672846
digits_0_vs_1,3,30,0.1,0.04390001413412392,1,1.5336741631679356,1.4765092228126204,1.0387162771976601
digits_0_vs_1,3,31,0.0,0.04169999738223851,1,1.7587296211108125,1.7587296211108125,1.0
digits_0_vs_1,3,31,0.01,0.04300000728107989,1,1.7561379474874093,1.7587296211108125,0.9985263945109616
digits_0_vs_1,3,31,0.03,0.04199999966658652,1,1.7699392095909792,1.7587296211108125,1.006373684928947
digits_0_vs_1,3,31,0.05,0.04169999738223851,1,1.7244198191715898,1.7587296211108125,0.9804917131505679
digits_0_vs_1,3,31,0.1,0.0425000034738332,1,1.8403643331782278,1.7587296211108125,1.0464168631081876
digits_0_vs_1,3,32,0.0,0.046200002543628216,1,0.4836271966921141,0.4836271966921141,1.0
digits_0_vs_1,3,32,0.01,0.04579999949783087,1,0.4789758675096086,0.4836271966921141,0.9903824077423283
digits_0_vs_1,3,32,0.03,0.0467000063508749,1,0.4924232651109223,0.4836271966921141,1.0181877042461034
digits_0_vs_1,3,32,0.05,0.046600005589425564,1,0.44510039200845747,0.4836271966921141,0.9203378036901768
digits_0_vs_1,3,32,0.1,0.04579999949783087,1,0.6081425437989696,0.4836271966921141,1.2574614247472196
digits_0_vs_1,3,33,0.0,0.04509999416768551,1,0.4836271966921141,0.4836271966921141,1.0
digits_0_vs_1,3,33,0.01,0.04529999569058418,1,0.4870939013216961,0.4836271966921141,1.0071681341605545
digits_0_vs_1,3,33,0.03,0.046200002543628216,1,0.4499627019369155,0.4836271966921141,0.9303916426010466
digits_0_vs_1,3,33,0.05,0.04569999873638153,1,0.5029795746391743,0.4836271966921141,1.0400150737581044
digits_0_vs_1,3,33,0.1,0.04640000406652689,1,0.4587943886280657,0.4836271966921141,0.9486529950468079
digits_0_vs_1,3,34,0.0,0.04260000423528254,1,1.7670196229775872,1.7670196229775872,1.0
digits_0_vs_1,3,34,0.01,0.04220000118948519,1,1.7844061743497803,1.7670196229775872,1.0098394783770965
digits_0_vs_1,3,34,0.03,0.04189999890513718,1,1.762533517952853,1.7670196229775872,0.997461202486719
digits_0_vs_1,3,34,0.05,0.04379998426884413,1,1.73842307939557,1.7670196229775872,0.9838165104619327
digits_0_vs_1,3,34,0.1,0.04230000195093453,1,1.957750434291604,1.7670196229775872,1.1079392717736876
digits_0_vs_1,4,0,0.0,0.07579999510198832,1,0.4827687219952597,0.4827687219952597,1.0
digits_0_vs_1,4,0,0.01,0.06459999713115394,1,0.4659702841993077,0.4827687219952597,0.9652039640709843
digits_0_vs_1,4,0,0.03,0.058399979025125504,1,0.45785069937397443,0.4827687219952597,0.9483851759942105
digits_0_vs_1,4,0,0.05,0.05530001362785697,1,0.561431132517282,0.4827687219952597,1.1629401552712744
digits_0_vs_1,4,0,0.1,0.05210001836530864,1,0.40436353663913466,0.4827687219952597,0.8375926571380179
digits_0_vs_1,4,1,0.0,0.04919999628327787,1,0.4827687219952597,0.4827687219952597,1.0
digits_0_vs_1,4,1,0.01,0.048999994760379195,1,0.4834610576711877,0.4827687219952597,1.0014340938929651
digits_0_vs_1,4,1,0.03,0.04849999095313251,1,0.47334768885355377,0.4827687219952597,0.9804854111037491
digits_0_vs_1,4,1,0.05,0.047999987145885825,1,0.4024757734334972,0.4827687219952597,0.8336823723170887
digits_0_vs_1,4,1,0.1,0.04800001624971628,1,0.6050335870655492,0.4827687219952597,1.2532576355919969
digits_0_vs_1,4,2,0.0,0.044599990360438824,1,1.7241704838261,1.7241704838261,1.0
digits_0_vs_1,4,2,0.01,0.04439998883754015,1,1.7311711812666968,1.7241704838261,1.0040603278540423
digits_0_vs_1,4,2,0.03,0.05539998528547585,1,1.7225272061726553,1.7241704838261,0.9990469169558001
digits_0_vs_1,4,2,0.05,0.04420001641847193,1,1.6882004673057138,1.7241704838261,0.9791377843097248
digits_0_vs_1,4,2,0.1,0.04439998883754015,1,1.7364401747498852,1.7241704838261,1.0071162863759027
digits_0_vs_1,4,3,0.0,0.044100015657022595,1,0.3478914297196529,0.3478914297196529,1.0
digits_0_vs_1,4,3,0.01,0.04350001108832657,1,0.3457731703466238,0.3478914297196529,0.993911148156952
digits_0_vs_1,4,3,0.03,0.04409998655319214,1,0.324601190393103,0.3478914297196529,0.9330531386032754
digits_0_vs_1,4,3,0.05,0.047600013203918934,1,0.2977925877220083,0.3478914297196529,0.8559928824978051
digits_0_vs_1,4,3,0.1,0.043800013372674584,1,0.23632983106331873,0.3478914297196529,0.6793206468287083
digits_0_vs_1,4,4,0.0,0.04300000728107989,1,0.0689668294600802,0.0689668294600802,1.0
digits_0_vs_1,4,4,0.01,0.043599982745945454,1,0.06114203393187301,0.0689668294600802,0.8865426236139159
digits_0_vs_1,4,4,0.03,0.043800013372674584,1,0.11924149896241781,0.0689668294600802,1.7289688375690504
digits_0_vs_1,4,4,0.05,0.04320000880397856,1,0.14404398710014188,0.0689668294600802,2.0885980728390345
digits_0_vs_1,4,4,0.1,0.04430001717992127,1,0.10302184561205618,0.0689668294600802,1.493788338808411
digits_0_vs_1,4,5,0.0,0.04650000482797623,1,0.4827687219952597,0.4827687219952597,1.0
digits_0_vs_1,4,5,0.01,0.04749998333863914,1,0.4960960203643025,0.4827687219952597,1.0276059689906207
digits_0_vs_1,4,5,0.03,0.046900007873773575,1,0.4499881889872492,0.4827687219952597,0.9320988881124481
digits_0_vs_1,4,5,0.05,0.04780001472681761,1,0.5019859984629202,0.4827687219952597,1.0398063826261081
digits_0_vs_1,4,5,0.1,0.04710000939667225,1,0.40360547924168116,0.4827687219952597,0.8360224282418283
digits_0_vs_1,4,6,0.0,0.04270000499673188,1,1.7241704838261,1.7241704838261,1.0
digits_0_vs_1,4,6,0.01,0.04270000499673188,1,1.7301691817898521,1.7241704838261,1.0034791791299202
digits_0_vs_1,4,6,0.03,0.04279997665435076,1,1.7680248825977496,1.7241704838261,1.0254350710576674
digits_0_vs_1,4,6,0.05,0.04220000118948519,1,1.648180795974203,1.7241704838261,0.9559268131749543
digits_0_vs_1,4,6,0.1,0.04220000118948519,1,1.7750382585759081,1.7241704838261,1.0295027523246585
digits_0_vs_1,4,7,0.0,0.053099996875971556,1,0.3448350841314248,0.3448350841314248,1.0
digits_0_vs_1,4,7,0.01,0.0467000063508749,1,0.34739593918160844,0.3448350841314248,1.0074263181678105
digits_0_vs_1,4,7,0.03,0.04959999932907522,1,0.3209621529590479,0.3448350841314248,0.9307700049358135
digits_0_vs_1,4,7,0.05,0.046900007873773575,1,0.3473527891009401,0.3448350841314248,1.0073011856547514
digits_0_vs_1,4,7,0.1,0.04630000330507755,1,0.27590772263693036,0.3448350841314248,0.8001149979616791
digits_0_vs_1,4,8,0.0,0.04230000195093453,1,1.310369570235157,1.310369570235157,1.0
digits_0_vs_1,4,8,0.01,0.04309997893869877,1,1.2964130154819107,1.310369570235157,0.9893491461719904
digits_0_vs_1,4,8,0.03,0.04260000423528254,1,1.3118024755940567,1.310369570235157,1.001093512388755
digits_0_vs_1,4,8,0.05,0.04290000651963055,1,1.2590405637815416,1.310369570235157,0.9608286031517017
digits_0_vs_1,4,8,0.1,0.04270000499673188,1,1.2854273910664005,1.310369570235157,0.9809655384745538
digits_0_vs_1,4,9,0.0,0.042400002712383866,1,1.7241704838261,1.7241704838261,1.0
digits_0_vs_1,4,9,0.01,0.04199999966658652,1,1.736546060461388,1.7241704838261,1.0071776989290673
digits_0_vs_1,4,9,0.03,0.04189999890513718,1,1.7148409926118449,1.7241704838261,0.9945889972588139
digits_0_vs_1,4,9,0.05,0.042100000428035855,1,1.6879650188758117,1.7241704838261,0.979001226798672
digits_0_vs_1,4,9,0.1,0.042400002712383866,1,1.6908999906313795,1.7241704838261,0.9807034782773394
digits_0_vs_1,4,10,0.0,0.04659997648559511,1,0.4827687219952597,0.4827687219952597,1.0
digits_0_vs_1,4,10,0.01,0.04680000711232424,1,0.4712546163599319,0.4827687219952597,0.9761498516562122
digits_0_vs_1,4,10,0.03,0.04689997876994312,1,0.5010754514245863,0.4827687219952597,1.0379202889401486
digits_0_vs_1,4,10,0.05,0.047600013203918934,1,0.5772158229055466,0.4827687219952597,1.1956363297935741
digits_0_vs_1,4,10,0.1,0.04640000406652689,1,0.4533121706978344,0.4827687219952597,0.9389841347308442
digits_0_vs_1,4,11,0.0,0.04600000102072954,1,0.4827687219952597,0.4827687219952597,1.0
digits_0_vs_1,4,11,0.01,0.04640000406652689,1,0.4905301647299249,0.4827687219952597,1.016076937840106
digits_0_vs_1,4,11,0.03,0.04810001701116562,1,0.531983188789589,0.4827687219952597,1.1019421195949237
digits_0_vs_1,4,11,0.05,0.0473999825771898,1,0.49884399833006615,0.4827687219952597,1.0332980899598634
digits_0_vs_1,4,11,0.1,0.05299999611452222,1,0.5608647757531793,0.4827687219952597,1.161767012235491
digits_0_vs_1,4,12,0.0,0.04260000423528254,1,1.758917935598336,1.758917935598336,1.0
digits_0_vs_1,4,12,0.01,0.043199979700148106,1,1.7511851638748923,1.758917935598336,0.9956036768021169
digits_0_vs_1,4,12,0.03,0.042100000428035855,1,1.7351033367264965,1.758917935598336,0.9864606537975074
digits_0_vs_1,4,12,0.05,0.04270000499673188,1,1.768035633678606,1.758917935598336,1.0051836972582626
digits_0_vs_1,4,12,0.1,0.04379998426884413,1,1.7603181874521105,1.758917935598336,1.0007960870859494
digits_0_vs_1,4,13,0.0,0.046600005589425564,1,0.4827687219952597,0.4827687219952597,1.0
digits_0_vs_1,4,13,0.01,0.04689997876994312,1,0.5020237828438017,0.4827687219952597,1.0398846486345712
digits_0_vs_1,4,13,0.03,0.045599997974932194,1,0.5331247727545712,0.4827687219952597,1.1043067797582087
digits_0_vs_1,4,13,0.05,0.04569999873638153,1,0.5416346945714088,0.4827687219952597,1.1219341061137078
digits_0_vs_1,4,13,0.1,0.045599997974932194,1,0.48037984021640273,0.4827687219952597,0.9950517055682815
digits_0_vs_1,4,14,0.0,0.041799998143687844,1,1.758917935598336,1.758917935598336,1.0
digits_0_vs_1,4,14,0.01,0.042800005758181214,1,1.7538944936163066,1.758917935598336,0.9971440157153661
digits_0_vs_1,4,14,0.03,0.04260000423528254,1,1.756080140326704,1.758917935598336,0.998386624404585
digits_0_vs_1,4,14,0.05,0.04189999890513718,1,1.813278716683129,1.758917935598336,1.0309058086136924
digits_0_vs_1,4,14,0.1,0.04199999966658652,1,1.7992223863526788,1.758917935598336,1.0229143440626935
digits_0_vs_1,4,15,0.0,0.04169999738223851,1,1.7241704838261,1.7241704838261,1.0
digits_0_vs_1,4,15,0.01,0.043800013372674584,1,1.7228198285451821,1.7241704838261,0.999216634727489
digits_0_vs_1,4,15,0.03,0.042100000428035855,1,1.7358582848235757,1.7241704838261,1.0067787965906592
digits_0_vs_1,4,15,0.05,0.041799998143687844,1,1.7019974815703762,1.7241704838261,0.9871399014983021
digits_0_vs_1,4,15,0.1,0.04230000195093453,1,1.6069542245052537,1.7241704838261,0.9320158531766927
digits_0_vs_1,4,16,0.0,0.041799998143687844,1,1.3103695702345952,1.3103695702345952,1.0
digits_0_vs_1,4,16,0.01,0.04189999890513718,1,1.318164424260345,1.3103695702345952,1.0059485920635003
digits_0_vs_1,4,16,0.03,0.04279997665435076,1,1.3159466382606326,1.3103695702345952,1.0042561031274857
digits_0_vs_1,4,16,0.05,0.04279997665435076,1,1.3797914785783787,1.3103695702345952,1.052978877044096
digits_0_vs_1,4,16,0.1,0.042800005758181214,1,1.3804987104807174,1.3103695702345952,1.053518596462498
digits_0_vs_1,4,17,0.0,0.04300000728107989,1,1.7241704838261,1.7241704838261,1.0
digits_0_vs_1,4,17,0.01,0.04269997589290142,1,1.7408473678392058,1.7241704838261,1.00967241010651
digits_0_vs_1,4,17,0.03,0.04270000499673188,1,1.6819845046295638,1.7241704838261,0.9755325940257825
digits_0_vs_1,4,17,0.05,0.04199999966658652,1,1.6933270673088516,1.7241704838261,0.982111156172443
digits_0_vs_1,4,17,0.1,0.04089999129064381,1,1.630046565183899,1.7241704838261,0.9454091578964215
digits_0_vs_1,4,18,0.0,0.04169999738223851,1,0.0689668294600802,0.0689668294600802,1.0
digits_0_vs_1,4,18,0.01,0.04230000195093453,1,0.0814999813492141,0.0689668294600802,1.1817272446370528
digits_0_vs_1,4,18,0.03,0.04150002496317029,1,0.1110438438594501,0.0689668294600802,1.6101051002166942
digits_0_vs_1,4,18,0.05,0.04169999738223851,1,0.09164687959761031,0.0689668294600802,1.3288544698239015
digits_0_vs_1,4,18,0.1,0.042400002712383866,1,0.05992093783899338,0.0689668294600802,0.8688370671538146
digits_0_vs_1,4,19,0.0,0.042899977415800095,1,1.758917935598336,1.758917935598336,1.0
digits_0_vs_1,4,19,0.01,0.04529999569058418,1,1.783129751624812,1.758917935598336,1.0137651766102662
digits_0_vs_1,4,19,0.03,0.042800005758181214,1,1.7153602142108362,1.758917935598336,0.9752360695709873
digits_0_vs_1,4,19,0.05,0.04279997665435076,1,1.6268314986819832,1.758917935598336,0.9249047188370272
digits_0_vs_1,4,19,0.1,0.04199999966658652,1,1.7517643108407714,1.758917935598336,0.9959329400122746
digits_0_vs_1,4,20,0.0,0.042400002712383866,1,1.6239383542366068,1.6239383542366068,1.0
digits_0_vs_1,4,20,0.01,0.04270000499673188,1,1.6208371895489426,1.6239383542366068,0.9980903433436535
digits_0_vs_1,4,20,0.03,0.04269997589290142,1,1.6078486401570304,1.6239383542366068,0.9900921644977466
digits_0_vs_1,4,20,0.05,0.0425000034738332,1,1.5851327734902492,1.6239383542366068,0.9761040308918625
digits_0_vs_1,4,20,0.1,0.04430001717992127,1,1.3974505237043235,1.6239383542366068,0.8605317560599446
digits_0_vs_1,4,21,0.0,0.042100000428035855,1,1.758917935598336,1.758917935598336,1.0
digits_0_vs_1,4,21,0.01,0.04189999890513718,1,1.7372099923917104,1.758917935598336,0.9876583536006521
digits_0_vs_1,4,21,0.03,0.04169999738223851,1,1.7609113917937342,1.758917935598336,1.0011333423550088
digits_0_vs_1,4,21,0.05,0.04220000118948519,1,1.7936165589173365,1.758917935598336,1.019727255386248
digits_0_vs_1,4,21,0.1,0.04270000499673188,1,1.8143934518869493,1.758917935598336,1.0315395705313233
digits_0_vs_1,4,22,0.0,0.042400002712383866,1,1.7241704838261,1.7241704838261,1.0
digits_0_vs_1,4,22,0.01,0.04189999890513718,1,1.7454832904287019,1.7241704838261,1.0123611944425046
digits_0_vs_1,4,22,0.03,0.042400002712383866,1,1.7454198015053064,1.7241704838261,1.0123243715621741
digits_0_vs_1,4,22,0.05,0.04189999890513718,1,1.6731427459714663,1.7241704838261,0.9704044708262269
digits_0_vs_1,4,22,0.1,0.04199999966658652,1,1.6472289326462877,1.7241704838261,0.9553747428681927
digits_0_vs_1,4,23,0.0,0.047900015488266945,1,0.4827687219952597,0.4827687219952597,1.0
digits_0_vs_1,4,23,0.01,0.04680000711232424,1,0.4746337461640127,0.4827687219952597,0.9831493312209094
digits_0_vs_1,4,23,0.03,0.11250001261942089,1,0.5754020961557562,0.4827687219952597,1.19187940299373
digits_0_vs_1,4,23,0.05,0.060399994254112244,1,0.37172941202532966,0.4827687219952597,0.7699948134356965
digits_0_vs_1,4,23,0.1,0.07829998503439128,1,0.6273272537534889,0.4827687219952597,1.2994364074805338
digits_0_vs_1,4,24,0.0,0.04740001168102026,1,0.4827687219952597,0.4827687219952597,1.0
digits_0_vs_1,4,24,0.01,0.04789998638443649,1,0.4921637867460395,0.4827687219952597,1.019460798354853
digits_0_vs_1,4,24,0.03,0.04990000161342323,1,0.5017785059589492,0.4827687219952597,1.039376585718153
digits_0_vs_1,4,24,0.05,0.04650000482797623,1,0.5672678053255016,0.4827687219952597,1.1750301531155773
digits_0_vs_1,4,24,0.1,0.04680000711232424,1,0.3524259728247819,0.4827687219952597,0.7300099545973534
digits_0_vs_1,4,25,0.0,0.05670002428814769,1,1.7329227276753691,1.7329227276753691,1.0
digits_0_vs_1,4,25,0.01,0.05669999518431723,1,1.723089638952347,1.7329227276753691,0.9943257200301061
digits_0_vs_1,4,25,0.03,0.09889999637380242,1,1.7557852786934425,1.7329227276753691,1.0131930585553242
digits_0_vs_1,4,25,0.05,0.04950002767145634,1,1.7523264224134174,1.7329227276753691,1.011197091727268
digits_0_vs_1,4,25,0.1,0.04800001624971628,1,1.9648999441290125,1.7329227276753691,1.1338647204222598
digits_0_vs_1,4,26,0.0,0.04879999323748052,1,0.4827687219952597,0.4827687219952597,1.0
digits_0_vs_1,4,26,0.01,0.048699992476031184,1,0.48395766398151413,0.4827687219952597,1.002462756869046
digits_0_vs_1,4,26,0.03,0.04779998562298715,1,0.4688767443469241,0.4827687219952597,0.9712243626908539
digits_0_vs_1,4,26,0.05,0.04779998562298715,1,0.4949628969602879,0.4827687219952597,1.0252588339083573
digits_0_vs_1,4,26,0.1,0.047299981815740466,1,0.5450311175448219,0.4827687219952597,1.128969406493931
digits_0_vs_1,4,27,0.0,0.043400010326877236,1,1.7241704838261,1.7241704838261,1.0
digits_0_vs_1,4,27,0.01,0.0433000095654279,1,1.7174991668668425,1.7241704838261,0.9961307092182362
digits_0_vs_1,4,27,0.03,0.04360001184977591,1,1.7350237345454795,1.7241704838261,1.0062947665681499
digits_0_vs_1,4,27,0.05,0.044199987314641476,1,1.7058359336455862,1.7241704838261,0.9893661616687535
digits_0_vs_1,4,27,0.1,0.04429998807609081,1,1.686977246610612,1.7241704838261,0.9784283297015081
digits_0_vs_1,4,28,0.0,0.04710000939667225,1,0.4827687219952597,0.4827687219952597,1.0
digits_0_vs_1,4,28,0.01,0.047299981815740466,1,0.4871936567548662,0.4827687219952597,1.0091657445024989
digits_0_vs_1,4,28,0.03,0.04640000406652689,1,0.5064916524298999,0.4827687219952597,1.0491393277024958
digits_0_vs_1,4,28,0.05,0.04649997572414577,1,0.4927646028600841,0.4827687219952597,1.0207053199791236
digits_0_vs_1,4,28,0.1,0.04700000863522291,1,0.3468048211333385,0.4827687219952597,0.7183663840109835
digits_0_vs_1,4,29,0.0,0.04579999949783087,1,0.4827687219952597,0.4827687219952597,1.0
digits_0_vs_1,4,29,0.01,0.04719998105429113,1,0.4807874787428081,0.4827687219952597,0.995896081990848
digits_0_vs_1,4,29,0.03,0.05539998528547585,1,0.4417515928374934,0.4827687219952597,0.9150377245065825
digits_0_vs_1,4,29,0.05,0.046900007873773575,1,0.4990220165630936,0.4827687219952597,1.033666834298336
digits_0_vs_1,4,29,0.1,0.0914999982342124,1,0.6176882957627146,0.4827687219952597,1.2794704122707843
digits_0_vs_1,4,30,0.0,0.07750000804662704,1,1.1724359323707603,1.1724359323707603,1.0
digits_0_vs_1,4,30,0.01,0.05810000584460795,1,1.164447461061663,1.1724359323707603,0.9931864325473684
digits_0_vs_1,4,30,0.03,0.051499984692782164,1,1.1979044808177741,1.1724359323707603,1.0217227634737485
digits_0_vs_1,4,30,0.05,0.04859999171458185,1,1.1815300379608182,1.1724359323707603,1.0077565906494088
digits_0_vs_1,4,30,0.1,0.04990000161342323,1,1.0676101364457293,1.1724359323707603,0.9105914506449281
digits_0_vs_1,4,31,0.0,0.15300000086426735,1,1.7241704838261,1.7241704838261,1.0
digits_0_vs_1,4,31,0.01,0.06120000034570694,1,1.7240171563611406,1.7241704838261,0.9999110717493439
digits_0_vs_1,4,31,0.03,0.053800002206116915,1,1.7341020348015506,1.7241704838261,1.0057601908097924
digits_0_vs_1,4,31,0.05,0.05040000542066991,1,1.789729946652773,1.7241704838261,1.0380237705271407
digits_0_vs_1,4,31,0.1,0.048299989430233836,1,1.7088589352785746,1.7241704838261,0.9911194695123491
digits_0_vs_1,4,32,0.0,0.045900000259280205,1,1.758917935598336,1.758917935598336,1.0
digits_0_vs_1,4,32,0.01,0.04630000330507755,1,1.7469119425211743,1.758917935598336,0.9931742164690148
digits_0_vs_1,4,32,0.03,0.048900023102760315,1,1.80357736492948,1.758917935598336,1.0253902859407436
digits_0_vs_1,4,32,0.05,0.04569999873638153,1,1.6942275548325847,1.758917935598336,0.9632214900669909
digits_0_vs_1,4,32,0.1,0.04469999112188816,1,1.8823212640910725,1.758917935598336,1.0701586617517536
digits_0_vs_1,4,33,0.0,0.09650000720284879,1,1.7241704838261,1.7241704838261,1.0
digits_0_vs_1,4,33,0.01,0.06389999180100858,1,1.752180529463765,1.7241704838261,1.0162455197443747
digits_0_vs_1,4,33,0.03,0.05569998756982386,1,1.7110116481937747,1.7241704838261,0.9923680194297697
digits_0_vs_1,4,33,0.05,0.051000009989365935,1,1.6646813233449627,1.7241704838261,0.9654969383601062
digits_0_vs_1,4,33,0.1,0.047999987145885825,1,1.8824797337761028,1.7241704838261,1.091817631397273
digits_0_vs_1,4,34,0.0,0.04630000330507755,1,1.7241704838261,1.7241704838261,1.0
digits_0_vs_1,4,34,0.01,0.04549999721348286,1,1.7348988492171535,1.7241704838261,1.0062223344452843
digits_0_vs_1,4,34,0.03,0.10549998842179775,1,1.7193458308795881,1.7241704838261,0.9972017541236378
digits_0_vs_1,4,34,0.05,0.062700011767447,1,1.6256825726238406,1.7241704838261,0.9428780899997167
digits_0_vs_1,4,34,0.1,0.05900001269765198,1,1.7978650396887572,1.7241704838261,1.0427420354042496
synthetic_20,0,0,0.0,0.08349999552592635,1,0.3629614211052774,0.3629614211052774,1.0
synthetic_20,0,0,0.01,0.07330000516958535,1,0.3515383506016222,0.3629614211052774,0.9685281414513144
synthetic_20,0,0,0.03,0.06859999848529696,1,0.36212506056265925,0.3629614211052774,0.9976957315736992
synthetic_20,0,0,0.05,0.06510000093840063,1,0.45363580113047375,0.3629614211052774,1.2498182306788361
synthetic_20,0,0,0.1,0.06290001329034567,1,0.5832765262354773,0.3629614211052774,1.6069931742588621
synthetic_20,0,1,0.0,0.06330001633614302,1,0.02745658799139975,0.02745658799139975,1.0
synthetic_20,0,1,0.01,0.06500000017695129,1,0.02857943091581985,0.02745658799139975,1.0408952097315154
synthetic_20,0,1,0.03,0.062000006437301636,1,0.06293608737678028,0.02745658799139975,2.292203510374042
synthetic_20,0,1,0.05,0.061799975810572505,1,0.1470335567030547,0.02745658799139975,5.355128494083465
synthetic_20,0,1,0.1,0.0610999995842576,1,0.18804248472504115,0.02745658799139975,6.848720051593514
synthetic_20,0,2,0.0,0.060399994254112244,1,0.2722864915624028,0.2722864915624028,1.0
synthetic_20,0,2,0.01,0.060200021835044026,1,0.2734630569140501,0.2722864915624028,1.0043210566374265
synthetic_20,0,2,0.03,0.0604000233579427,1,0.2590803268484991,0.2722864915624028,0.9514990088633276
synthetic_20,0,2,0.05,0.059900019550696015,1,0.28804857637042636,0.2722864915624028,1.0578878691982823
synthetic_20,0,2,0.1,0.0610999995842576,1,0.24839650999098128,0.2722864915624028,0.912261598310152
synthetic_20,0,3,0.0,0.059200014220550656,1,1.1042431347487363,1.1042431347487363,1.0
synthetic_20,0,3,0.01,0.05880001117475331,1,1.1162631633409754,1.1042431347487363,1.010885309778244
synthetic_20,0,3,0.03,0.058600009651854634,1,1.1167219140778377,1.1042431347487363,1.011300753372527
synthetic_20,0,3,0.05,0.05859998054802418,1,1.1214838226127817,1.1042431347487363,1.0156131266036519
synthetic_20,0,3,0.1,0.05780000356025994,1,1.1663002886730571,1.1042431347487363,1.0561988134419704
synthetic_20,0,4,0.0,0.061400001868605614,1,1.6890151016190325,1.6890151016190325,1.0
synthetic_20,0,4,0.01,0.06160000339150429,1,1.6837203959108689,1.6890151016190325,0.996865211149925
synthetic_20,0,4,0.03,0.05959998816251755,1,1.632410919306054,1.6890151016190325,0.9664868702128717
synthetic_20,0,4,0.05,0.11379999341443181,1,1.7610372337925908,1.6890151016190325,1.042641496872657
synthetic_20,0,4,0.1,0.05979998968541622,1,1.6944194740077418,1.6890151016190325,1.0031997182165684
synthetic_20,0,5,0.0,0.05759997293353081,1,0.9094926093038136,0.9094926093038136,1.0
synthetic_20,0,5,0.01,0.05810000584460795,1,0.9186275450612473,0.9094926093038136,1.0100439911924366
synthetic_20,0,5,0.03,0.05699999746866524,1,0.9237956722892611,0.9094926093038136,1.0157264202469947
synthetic_20,0,5,0.05,0.056899996707215905,1,0.8735764451975843,0.9094926093038136,0.9605096690849176
synthetic_20,0,5,0.1,0.05750000127591193,1,0.9473203860956358,0.9094926093038136,1.0415921761263989
synthetic_20,0,6,0.0,0.059999991208314896,1,0.496793838226235,0.496793838226235,1.0
synthetic_20,0,6,0.01,0.05959998816251755,1,0.5039532747129447,0.496793838226235,1.0144112827813483
synthetic_20,0,6,0.03,0.05870001041330397,1,0.4903601518120583,0.496793838226235,0.9870495849200792
synthetic_20,0,6,0.05,0.05959998816251755,1,0.47365075942292983,0.496793838226235,0.9534151251031296
synthetic_20,0,6,0.1,0.06009999196976423,1,0.5048734056315581,0.496793838226235,1.0162634211289145
synthetic_20,0,7,0.0,0.059200014220550656,1,0.4343550275764415,0.4343550275764415,1.0
synthetic_20,0,7,0.01,0.058600009651854634,1,0.4180298468499537,0.4343550275764415,0.9624151219854022
synthetic_20,0,7,0.03,0.05859998054802418,1,0.4504946440086446,0.4343550275764415,1.0371576599959182
synthetic_20,0,7,0.05,0.07139999070204794,1,0.4485081633564242,0.4343550275764415,1.032584256843883
synthetic_20,0,7,0.1,0.05930001498199999,1,0.3240342083105303,0.4343550275764415,0.7460123349291818
synthetic_20,0,8,0.0,0.0591999851167202,1,0.961121460150191,0.961121460150191,1.0
synthetic_20,0,8,0.01,0.05910001345910132,1,0.9579486274590099,0.961121460150191,0.9966988223416786
synthetic_20,0,8,0.03,0.05859998054802418,1,0.9648745891590755,0.961121460150191,1.0039049476725845
synthetic_20,0,8,0.05,0.05880001117475331,1,0.8757504071359,0.961121460150191,0.9111755833638858
synthetic_20,0,8,0.1,0.05889998283237219,1,1.0302204169844547,0.961121460150191,1.071894094242226
synthetic_20,0,9,0.0,0.0585000088904053,1,0.02941998867871773,0.02941998867871773,1.0
synthetic_20,0,9,0.01,0.05929998587816954,1,0.038794033496085345,0.02941998867871773,1.3186284304775668
synthetic_20,0,9,0.03,0.058699981309473515,1,0.05316796892334458,0.02941998867871773,1.8072056214557968
synthetic_20,0,9,0.05,0.05959998816251755,1,0.0,0.02941998867871773,0.0
synthetic_20,0,9,0.1,0.05910001345910132,1,0.03032975776366767,0.02941998867871773,1.0309235022108647
synthetic_20,0,10,0.0,0.05709999823011458,1,0.11569691522215254,0.11569691522215254,1.0
synthetic_20,0,10,0.01,0.05780000356025994,1,0.1325774689186562,0.11569691522215254,1.1459032305579704
synthetic_20,0,10,0.03,0.05709999823011458,1,0.13485335236791696,0.11569691522215254,1.1655743120633912
synthetic_20,0,10,0.05,0.06540000322274864,1,0.024386087390440347,0.11569691522215254,0.2107756057593758
synthetic_20,0,10,0.1,0.05709999823011458,1,0.12294183103351733,0.11569691522215254,1.0626197837466422
synthetic_20,0,11,0.0,0.08670001989230514,1,0.973103745695755,0.973103745695755,1.0
synthetic_20,0,11,0.01,0.08639998850412667,1,0.9799375895152171,0.973103745695755,1.0070227289224707
synthetic_20,0,11,0.03,0.08769999840296805,1,0.9955219240975446,0.973103745695755,1.023037809176
synthetic_20,0,11,0.05,0.08600001456215978,1,1.0472605090825073,0.973103745695755,1.0762064309327382
synthetic_20,0,11,0.1,0.08679999154992402,1,0.9789583620821246,0.973103745695755,1.0060164359784514
synthetic_20,0,12,0.0,0.05750000127591193,1,0.042061417330281015,0.042061417330281015,1.0
synthetic_20,0,12,0.01,0.057600002037361264,1,0.0431330131043727,0.042061417330281015,1.0254769297400785
synthetic_20,0,12,0.03,0.0577000027988106,1,0.03951296682562908,0.042061417330281015,0.9394112070774837
synthetic_20,0,12,0.05,0.05709999823011458,1,0.0,0.042061417330281015,0.0
synthetic_20,0,12,0.1,0.05720002809539437,1,0.07304423097213872,0.042061417330281015,1.7366088831141797
synthetic_20,0,13,0.0,0.05669999518431723,1,1.1941040958678772,1.1941040958678772,1.0
synthetic_20,0,13,0.01,0.2761000068858266,1,1.2089007891667503,1.1941040958678772,1.0123914601332296
synthetic_20,0,13,0.03,0.30819998937658966,1,1.141440927440342,1.1941040958678772,0.9558973387581763
synthetic_20,0,13,0.05,0.10410000686533749,1,1.263504842130772,1.1941040958678772,1.058119511107157
synthetic_20,0,13,0.1,0.063000014051795,1,1.133812727824769,1.1941040958678772,0.9495091188014991
synthetic_20,0,14,0.0,0.06390002090483904,1,0.20041229506909158,0.20041229506909158,1.0
synthetic_20,0,14,0.01,0.06410002242773771,1,0.21358887511073749,0.20041229506909158,1.0657473636390586
synthetic_20,0,14,0.03,0.06180000491440296,1,0.1901602875487466,0.20041229506909158,0.9488454163113563
synthetic_20,0,14,0.05,0.061700004152953625,1,0.16744853011412442,0.20041229506909158,0.835520246182486
synthetic_20,0,14,0.1,0.06150000263005495,1,0.24268928266337175,0.20041229506909158,1.21095006960379
synthetic_20,0,15,0.0,0.06150000263005495,1,0.5313333938411944,0.5313333938411944,1.0
synthetic_20,0,15,0.01,0.06150000263005495,1,0.5307615425381069,0.5313333938411944,0.9989237429649332
synthetic_20,0,15,0.03,0.060900027165189385,1,0.5279134770038896,0.5313333938411944,0.9935635198597607
synthetic_20,0,15,0.05,0.060399994254112244,1,0.5563698358018481,0.5313333938411944,1.0471200234181717
synthetic_20,0,15,0.1,0.059999991208314896,1,0.5405403698597362,0.5313333938411944,1.0173280582874367
synthetic_20,0,16,0.0,0.05740000051446259,1,0.10465313745680349,0.10465313745680349,1.0
synthetic_20,0,16,0.01,0.059399986639618874,1,0.10253420026200766,0.10465313745680349,0.979752759962209
synthetic_20,0,16,0.03,0.058200006606057286,1,0.09545142844829024,0.10465313745680349,0.9120742174374721
synthetic_20,0,16,0.05,0.05840000812895596,1,0.05109444281893405,0.10465313745680349,0.4882265745737793
synthetic_20,0,16,0.1,0.058200006606057286,1,0.12398052705530771,0.10465313745680349,1.1846804603109178
synthetic_20,0,17,0.0,0.05709999823011458,1,0.5472908029248561,0.5472908029248561,1.0
synthetic_20,0,17,0.01,0.05830000736750662,1,0.5425074837043176,0.5472908029248561,0.9912600043798008
synthetic_20,0,17,0.03,0.0585000088904053,1,0.5517298599463232,0.5472908029248561,1.0081109658663066
synthetic_20,0,17,0.05,0.05829997826367617,1,0.5714380119478318,0.5472908029248561,1.044121349918411
synthetic_20,0,17,0.1,0.057600002037361264,1,0.5237940285468328,0.5472908029248561,0.9570671126712694
synthetic_20,0,18,0.0,0.06059999577701092,1,0.44376634974601253,0.44376634974601253,1.0
synthetic_20,0,18,0.01,0.06049999501556158,1,0.4235201621446971,0.44376634974601253,0.9543764694801595
synthetic_20,0,18,0.03,0.059999991208314896,1,0.40497906354372937,0.44376634974601253,0.9125952514775334
synthetic_20,0,18,0.05,0.05949998740106821,1,0.4098618623291553,0.44376634974601253,0.9235983362950744
synthetic_20,0,18,0.1,0.06709998706355691,1,0.3776293101049091,0.44376634974601253,0.8509642750538506
synthetic_20,0,19,0.0,0.05979998968541622,1,0.38880672269391137,0.38880672269391137,1.0
synthetic_20,0,19,0.01,0.06239998037926853,1,0.3628302992525886,0.38880672269391137,0.9331893665280763
synthetic_20,0,19,0.03,0.05930001498199999,1,0.4439300269556688,0.38880672269391137,1.1417755945160273
synthetic_20,0,19,0.05,0.05900001269765198,1,0.4143383837852173,0.38880672269391137,1.0656667171658083
synthetic_20,0,19,0.1,0.05959998816251755,1,0.49062443908712955,0.38880672269391137,1.2618723145725397
synthetic_20,0,20,0.0,0.05880001117475331,1,0.11062832175371133,0.11062832175371133,1.0
synthetic_20,0,20,0.01,0.057900004321709275,1,0.11229673833646812,0.11062832175371133,1.0150812789736714
synthetic_20,0,20,0.03,0.05810000584460795,1,0.09970371097430611,0.11062832175371133,0.9012494214300171
synthetic_20,0,20,0.05,0.05729999975301325,1,0.10061551144618189,0.11062832175371133,0.9094914380982776
synthetic_20,0,20,0.1,0.05669999518431723,1,0.15358976288781814,0.11062832175371133,1.388340349497036
synthetic_20,0,21,0.0,0.0591999851167202,1,0.4874299226713629,0.4874299226713629,1.0
synthetic_20,0,21,0.01,0.05940001574344933,1,0.4774973996654951,0.4874299226713629,0.9796226646254449
synthetic_20,0,21,0.03,0.05870001041330397,1,0.4868123483009833,0.4874299226713629,0.9987329986493341
synthetic_20,0,21,0.05,0.059600017266348004,1,0.4407733517474168,0.4874299226713629,0.9042804539609622
synthetic_20,0,21,0.1,0.05909998435527086,1,0.6757664532470227,0.4874299226713629,1.386386887254439
synthetic_20,0,22,0.0,0.05750000127591193,1,0.2529989170768695,0.2529989170768695,1.0
synthetic_20,0,22,0.01,0.06329998723231256,1,0.2604834768558467,0.2529989170768695,1.0295833668596421
synthetic_20,0,22,0.03,0.06059999577701092,1,0.29425495691372605,0.2529989170768695,1.1630680491186514
synthetic_20,0,22,0.05,0.057900004321709275,1,0.2970715758265232,0.2529989170768695,1.174200977849494
synthetic_20,0,22,0.1,0.056800025049597025,1,0.24928034675355668,0.2529989170768695,0.9853020306716056
synthetic_20,0,23,0.0,0.05900001269765198,1,1.298562518325319,1.298562518325319,1.0
synthetic_20,0,23,0.01,0.05830000736750662,1,1.3032432643684955,1.298562518325319,1.0036045596396952
synthetic_20,0,23,0.03,0.05819997750222683,1,1.2681784695033849,1.298562518325319,0.976601782052728
synthetic_20,0,23,0.05,0.0850000069476664,1,1.331894741003818,1.298562518325319,1.0256685544270026
synthetic_20,0,23,0.1,0.0850000069476664,1,1.3804841169723279,1.298562518325319,1.0630863724240696
synthetic_20,0,24,0.0,0.05709999823011458,1,0.03417996691531178,0.03417996691531178,1.0
synthetic_20,0,24,0.01,0.057600002037361264,1,0.023940785304766454,0.03417996691531178,0.7004332498063822
synthetic_20,0,24,0.03,0.05740000051446259,1,0.004586946105012174,0.03417996691531178,0.13419984040292726
synthetic_20,0,24,0.05,0.05709999823011458,1,0.04343650592562551,0.03417996691531178,1.2708176702817997
synthetic_20,0,24,0.1,0.05670002428814769,1,0.07556041169999,0.03417996691531178,2.2106636875104995
synthetic_20,0,25,0.0,0.07410001126118004,1,0.42788897509467483,0.42788897509467483,1.0
synthetic_20,0,25,0.01,0.06469999789260328,1,0.4331711876735681,0.42788897509467483,1.0123448204706011
synthetic_20,0,25,0.03,0.10270002530887723,1,0.42408617460337455,0.42788897509467483,0.9911126467082755
synthetic_20,0,25,0.05,0.06709998706355691,1,0.42704068520393407,0.42788897509467483,0.9980175000055725
synthetic_20,0,25,0.1,0.06279998342506588,1,0.32655273915525584,0.42788897509467483,0.7631716593843128
synthetic_20,0,26,0.0,0.0591999851167202,1,0.3112255610019147,0.3112255610019147,1.0
synthetic_20,0,26,0.01,0.06459999713115394,1,0.3167177629146404,0.3112255610019147,1.0176470142588703
synthetic_20,0,26,0.03,0.06690001464448869,1,0.27910905462472935,0.3112255610019147,0.8968063346924524
synthetic_20,0,26,0.05,0.06620000931434333,1,0.3701261023738518,0.3112255610019147,1.1892535471132937
synthetic_20,0,26,0.1,0.06749999010935426,1,0.2549838510163196,0.3112255610019147,0.819289553838256
synthetic_20,0,27,0.0,0.06910000229254365,1,0.0998527863247615,0.0998527863247615,1.0
synthetic_20,0,27,0.01,0.06849999772384763,1,0.09197639433706292,0.0998527863247615,0.9211199579140299
synthetic_20,0,27,0.03,0.06790002225898206,1,0.14038617412346643,0.0998527863247615,1.4059314646150587
synthetic_20,0,27,0.05,0.06730001769028604,1,0.06724164081908873,0.0998527863247615,0.67340775649857
synthetic_20,0,27,0.1,0.06790002225898206,1,0.11697486573820412,0.0998527863247615,1.1714732261727252
synthetic_20,0,28,0.0,0.06749999010935426,1,0.4998505665181192,0.4998505665181192,1.0
synthetic_20,0,28,0.01,0.0678999931551516,1,0.4912263412724249,0.4998505665181192,0.9827463929754661
synthetic_20,0,28,0.03,0.06809999467805028,1,0.5136711815367748,0.4998505665181192,1.0276494935575002
synthetic_20,0,28,0.05,0.06689998554065824,1,0.5215898473583903,0.4998505665181192,1.0434915598709902
synthetic_20,0,28,0.1,0.07569999434053898,1,0.5535483958828133,0.4998505665181192,1.1074277653394389
synthetic_20,0,29,0.0,0.06569997640326619,1,0.27108658604442226,0.27108658604442226,1.0
synthetic_20,0,29,0.01,0.06640001083724201,1,0.24271950227464667,0.27108658604442226,0.8953578478976192
synthetic_20,0,29,0.03,0.06579997716471553,1,0.262284553890894,0.27108658604442226,0.9675305507293308
synthetic_20,0,29,0.05,0.0653000024612993,1,0.35856631798074257,0.27108658604442226,1.322700334283546
synthetic_20,0,29,0.1,0.06620000931434333,1,0.4028220815096526,0.27108658604442226,1.4859535744186294
synthetic_20,0,30,0.0,0.06799999391660094,1,0.14950746660653622,0.14950746660653622,1.0
synthetic_20,0,30,0.01,0.06699998630210757,1,0.15121127082238586,0.14950746660653622,1.0113961145521488
synthetic_20,0,30,0.03,0.06029999349266291,1,0.12891018856275746,0.14950746660653622,0.862232445567516
synthetic_20,0,30,0.05,0.05949998740106821,1,0.2362445529722353,0.14950746660653622,1.5801522046652556
synthetic_20,0,30,0.1,0.06029999349266291,1,0.35956957420906743,0.14950746660653622,2.4050275372223293
synthetic_20,0,31,0.0,0.05870001041330397,1,1.3663837894552981,1.3663837894552981,1.0
synthetic_20,0,31,0.01,0.058200006606057286,1,1.3602938978391583,1.3663837894552981,0.9955430592318667
synthetic_20,0,31,0.03,0.05699999746866524,1,1.332406432131494,1.3663837894552981,0.9751333720540192
synthetic_20,0,31,0.05,0.05810000584460795,1,1.445710125454247,1.3663837894552981,1.0580556770441283
synthetic_20,0,31,0.1,0.057600002037361264,1,1.1972577717218083,1.3663837894552981,0.8762236356734654
synthetic_20,0,32,0.0,0.08709999383427203,1,1.1996502705289243,1.1996502705289243,1.0
synthetic_20,0,32,0.01,0.08800000068731606,1,1.2218650865776124,1.1996502705289243,1.0185177435411186
synthetic_20,0,32,0.03,0.08779999916441739,1,1.2068077481916473,1.1996502705289243,1.0059663035457553
synthetic_20,0,32,0.05,0.08739999611862004,1,1.2349667212800322,1.1996502705289243,1.0294389553511598
synthetic_20,0,32,0.1,0.08629998774267733,1,1.015559810627968,1.1996502705289243,0.8465465607574189
synthetic_20,0,33,0.0,0.08719999459572136,1,0.5730392862131398,0.5730392862131398,1.0
synthetic_20,0,33,0.01,0.08639998850412667,1,0.5832196146790075,0.5730392862131398,1.0177654983014222
synthetic_20,0,33,0.03,0.0866000191308558,1,0.5048504661364179,0.5730392862131398,0.8810049821761098
synthetic_20,0,33,0.05,0.08709999383427203,1,0.6049810270581923,0.5730392862131398,1.0557409266930644
synthetic_20,0,33,0.1,0.08589998469687998,1,0.5214699361701535,0.5730392862131398,0.91000730441402
synthetic_20,0,34,0.0,0.11399999493733048,1,1.7609340265607387,1.7609340265607387,1.0
synthetic_20,0,34,0.01,0.1120000088121742,1,1.7764536148746162,1.7609340265607387,1.008813270730073
synthetic_20,0,34,0.03,0.11389999417588115,1,1.7391921596002387,1.7609340265607387,0.9876532188982889
synthetic_20,0,34,0.05,0.1120000088121742,1,1.7068528108462302,1.7609340265607387,0.9692883351114897
synthetic_20,0,34,0.1,0.11300001642666757,1,1.703102139384229,1.7609340265607387,0.9671584021296581
synthetic_20,1,0,0.0,0.08359999628737569,1,0.40669678479312216,0.40669678479312216,1.0
synthetic_20,1,0,0.01,0.08589998469687998,1,0.41554123193965875,0.40669678479312216,1.0217470299182119
synthetic_20,1,0,0.03,0.08270001853816211,1,0.43981528036345074,0.40669678479312216,1.081432892534853
synthetic_20,1,0,0.05,0.08009999874047935,1,0.3556387669641653,0.40669678479312216,0.874456794993034
synthetic_20,1,0,0.1,0.0940999889280647,1,0.5143350677149682,0.40669678479312216,1.2646647009432328
synthetic_20,1,1,0.0,0.08419997175224125,1,0.1869965779683419,0.1869965779683419,1.0
synthetic_20,1,1,0.01,0.08140000863932073,1,0.18782972082536636,0.1869965779683419,1.0044553909278784
synthetic_20,1,1,0.03,0.0782000133767724,1,0.23786812119863154,0.1869965779683419,1.2720453164597594
synthetic_20,1,1,0.05,0.07740000728517771,1,0.20065626378326862,0.1869965779683419,1.0730477849559326
synthetic_20,1,1,0.1,0.09640000644139946,1,0.1380026209902015,0.1869965779683419,0.737995435475643
synthetic_20,1,2,0.0,0.07430001278407872,1,0.005611880531826818,0.005611880531826818,1.0
synthetic_20,1,2,0.01,0.07380000897683203,1,0.012500136454190902,0.005611880531826818,2.2274416540584783
synthetic_20,1,2,0.03,0.07100001676008105,1,0.039554807802895886,0.005611880531826818,7.048405178721745
synthetic_20,1,2,0.05,0.06520000169984996,1,0.05675716515371568,0.005611880531826818,10.113751501270768
synthetic_20,1,2,0.1,0.06429999484680593,1,0.1340021455489703,0.005611880531826818,23.87829619483168
synthetic_20,1,3,0.0,0.07050001295283437,1,0.6325478129081019,0.6325478129081019,1.0
synthetic_20,1,3,0.01,0.06400002166628838,1,0.6368486144935397,0.6325478129081019,1.006799172327646
synthetic_20,1,3,0.03,0.063000014051795,1,0.5768046555577769,0.6325478129081019,0.9118751875940428
synthetic_20,1,3,0.05,0.06310001481324434,1,0.666118942542304,0.6325478129081019,1.0530728728313212
synthetic_20,1,3,0.1,0.06370001938194036,1,0.674812453245878,0.6325478129081019,1.0668165148551647
synthetic_20,1,4,0.0,0.06369999027810991,1,0.6199762972130114,0.6199762972130114,1.0
synthetic_20,1,4,0.01,0.06379999103955925,1,0.614516465609469,0.6199762972130114,0.9911934833184978
synthetic_20,1,4,0.03,0.06329998723231256,1,0.5856191874059595,0.6199762972130114,0.9445831881613895
synthetic_20,1,4,0.05,0.06299998494796455,1,0.6146167124544886,0.6199762972130114,0.9913551779598416
synthetic_20,1,4,0.1,0.06250001024454832,1,0.7119560989134928,0.6199762972130114,1.1483601907265801
synthetic_20,1,5,0.0,0.0625999819021672,1,0.12294388380717458,0.12294388380717458,1.0
synthetic_20,1,5,0.01,0.05810000584460795,1,0.12045210717074553,0.12294388380717458,0.9797324066942837
synthetic_20,1,5,0.03,0.05669999518431723,1,0.07223715828677775,0.12294388380717458,0.5875620327732175
synthetic_20,1,5,0.05,0.056899996707215905,1,0.07522415176564247,0.12294388380717458,0.6118576169565635
synthetic_20,1,5,0.1,0.05709999823011458,1,0.05145948143320819,0.12294388380717458,0.41856072737963396
synthetic_20,1,6,0.0,0.08839997462928295,1,0.8324564465691251,0.8324564465691251,1.0
synthetic_20,1,6,0.01,0.08840000373311341,1,0.831771592915657,0.8324564465691251,0.9991773099285968
synthetic_20,1,6,0.03,0.08739999611862004,1,0.793704583657032,0.8324564465691251,0.953448780327422
synthetic_20,1,6,0.05,0.09250000584870577,1,0.8250294889654106,0.8324564465691251,0.9910782628516797
synthetic_20,1,6,0.1,0.08880000677891076,1,0.8225040863992956,0.8324564465691251,0.9880445875446734
synthetic_20,1,7,0.0,0.05669999518431723,1,0.5419064574153989,0.5419064574153989,1.0
synthetic_20,1,7,0.01,0.057199998991563916,1,0.5460023180928653,0.5419064574153989,1.0075582429797965
synthetic_20,1,7,0.03,0.05800000508315861,1,0.5361380649814322,0.5419064574153989,0.9893553723986263
synthetic_20,1,7,0.05,0.05669999518431723,1,0.5620085594500852,0.5419064574153989,1.037095151311838
synthetic_20,1,7,0.1,0.057600002037361264,1,0.5646154323099244,0.5419064574153989,1.0419057100792544
synthetic_20,1,8,0.0,0.05570001667365432,1,0.20346472287982922,0.20346472287982922,1.0
synthetic_20,1,8,0.01,0.05630002124235034,1,0.19475908325114322,0.20346472287982922,0.9572130268802039
synthetic_20,1,8,0.03,0.05979998968541622,1,0.20240880515661022,0.20346472287982922,0.9948103154774273
synthetic_20,1,8,0.05,0.0570000265724957,1,0.2181476880582754,0.20346472287982922,1.0721646729252337
synthetic_20,1,8,0.1,0.05630002124235034,1,0.1698980083521766,0.20346472287982922,0.835024401023671
synthetic_20,1,9,0.0,0.05970001802779734,1,0.0014509994974349905,0.0014509994974349905,1.0
synthetic_20,1,9,0.01,0.059600017266348004,1,0.0,0.0014509994974349905,0.0
synthetic_20,1,9,0.03,0.0591999851167202,1,0.03095336186346498,0.0014509994974349905,21.33244147787983
synthetic_20,1,9,0.05,0.05979998968541622,1,0.0,0.0014509994974349905,0.0
synthetic_20,1,9,0.1,0.058200006606057286,1,0.0,0.0014509994974349905,0.0
synthetic_20,1,10,0.0,0.05600001895800233,1,0.5083474992174479,0.5083474992174479,1.0
synthetic_20,1,10,0.01,0.05699999746866524,1,0.5051869377599526,0.5083474992174479,0.9937826753109621
synthetic_20,1,10,0.03,0.33239999902434647,1,0.508556153825452,0.5083474992174479,1.0004104566429959
synthetic_20,1,10,0.05,0.10390000534243882,1,0.5708267966196221,0.5083474992174479,1.1229066681715854
synthetic_20,1,10,0.1,0.6397000106517226,1,0.5529100445086331,0.5083474992174479,1.0876615806309364
synthetic_20,1,11,0.0,0.9276000200770795,1,0.16327761464493326,0.16327761464493326,1.0
synthetic_20,1,11,0.01,0.8726000087335706,1,0.18029298130082416,0.16327761464493326,1.1042112643113562
synthetic_20,1,11,0.03,0.7205000147223473,1,0.14963046560097723,0.16327761464493326,0.9164175133643802
synthetic_20,1,11,0.05,0.6627999828197062,1,0.18408527359028704,0.16327761464493326,1.1274373035801786
synthetic_20,1,11,0.1,0.7021999917924404,1,0.0033666633740566387,0.16327761464493326,0.020619258686365865
synthetic_20,1,12,0.0,1.1021000100299716,1,0.5447874170307224,0.5447874170307224,1.0
synthetic_20,1,12,0.01,0.8716000011190772,1,0.5471334004810163,0.5447874170307224,1.0043062364822601
synthetic_20,1,12,0.03,0.46609999844804406,1,0.5157969620951149,0.5447874170307224,0.9467857479278516
synthetic_20,1,12,0.05,0.6745999853592366,1,0.5594269008898881,0.5447874170307224,1.0268719199480705
synthetic_20,1,12,0.1,0.447900005383417,1,0.5342691726029526,0.5447874170307224,0.9806929380177357
synthetic_20,1,13,0.0,0.5781000072602183,1,0.8334038881692872,0.8334038881692872,1.0
synthetic_20,1,13,0.01,0.18360000103712082,1,0.8263236176127925,0.8334038881692872,0.991504394619459
synthetic_20,1,13,0.03,0.2567000046838075,1,0.8206300922480093,0.8334038881692872,0.9846727425890252
synthetic_20,1,13,0.05,0.11900000390596688,1,0.8308504156890539,0.8334038881692872,0.996936092431915
synthetic_20,1,13,0.1,0.10259999544359744,1,0.9781089803562646,0.8334038881692872,1.1736314099815957
synthetic_20,1,14,0.0,0.06329998723231256,1,0.7487339708830515,0.7487339708830515,1.0
synthetic_20,1,14,0.01,0.0619000056758523,1,0.7536747740335764,0.7487339708830515,1.0065988766940783
synthetic_20,1,14,0.03,0.06230000872164965,1,0.7779423749087941,0.7487339708830515,1.0390103897533787
synthetic_20,1,14,0.05,0.060399994254112244,1,0.775889336349287,0.7487339708830515,1.0362683763823468
synthetic_20,1,14,0.1,0.05970001802779734,1,0.7346007109713859,0.7487339708830515,0.9811237896752608
synthetic_20,1,15,0.0,0.06049999501556158,1,0.8972270081946409,0.8972270081946409,1.0
synthetic_20,1,15,0.01,0.0610999995842576,1,0.8881196829900984,0.8972270081946409,0.9898494749696982
synthetic_20,1,15,0.03,0.060699996538460255,1,0.8656802623402657,0.8972270081946409,0.9648397277765278
synthetic_20,1,15,0.05,0.06049999501556158,1,0.8867860069798318,0.8972270081946409,0.9883630328562913
synthetic_20,1,15,0.1,0.06029999349266291,1,0.9574211390749975,0.8972270081946409,1.0670890759312701
synthetic_20,1,16,0.0,0.08689999231137335,1,0.5258704520443654,0.5258704520443654,1.0
synthetic_20,1,16,0.01,0.09509999654255807,1,0.5220598802369475,0.5258704520443654,0.9927537822431285
synthetic_20,1,16,0.03,0.08659999002702534,1,0.5519873237058451,0.5258704520443654,1.0496640789760066
synthetic_20,1,16,0.05,0.08739999611862004,1,0.4855221886508737,0.5258704520443654,0.9232733780028247
synthetic_20,1,16,0.1,0.08480000542476773,1,0.4101251370178912,0.5258704520443654,0.7798976638133887
synthetic_20,1,17,0.0,0.11590000940486789,1,0.2890242322878987,0.2890242322878987,1.0
synthetic_20,1,17,0.01,0.11599998106248677,1,0.28702708567925916,0.2890242322878987,0.9930900374932917
synthetic_20,1,17,0.03,0.11550000635907054,1,0.27603933162161015,0.2890242322878987,0.9550733149137675
synthetic_20,1,17,0.05,0.11490000179037452,1,0.3072334802433747,0.2890242322878987,1.0630024957123239
synthetic_20,1,17,0.1,0.08689999231137335,1,0.2790014761106468,0.2890242322878987,0.9653220904769391
synthetic_20,1,18,0.0,0.08779999916441739,1,1.2354795256031417,1.2354795256031417,1.0
synthetic_20,1,18,0.01,0.08719999459572136,1,1.2251103624570705,1.2354795256031417,0.9916071752455718
synthetic_20,1,18,0.03,0.08820000221021473,1,1.2315527963055681,1.2354795256031417,0.9968216961785291
synthetic_20,1,18,0.05,0.08769999840296805,1,1.23036522671773,1.2354795256031417,0.9958604745935269
synthetic_20,1,18,0.1,0.08709999383427203,1,1.2289621245045992,1.2354795256031417,0.9947248004005887
synthetic_20,1,19,0.0,0.06340001709759235,1,0.05707999775552311,0.05707999775552311,1.0
synthetic_20,1,19,0.01,0.05840000812895596,1,0.04744793906841141,0.05707999775552311,0.8312533450269856
synthetic_20,1,19,0.03,0.05699999746866524,1,0.07079363382922232,0.05707999775552311,1.2402529189373044
synthetic_20,1,19,0.05,0.05750000127591193,1,0.0743135908568642,0.05707999775552311,1.301920003135837
synthetic_20,1,19,0.1,0.056200020480901,1,0.10497675506065496,0.05707999775552311,1.8391163137440263
synthetic_20,1,20,0.0,0.05629999213851988,1,1.1552835760508233,1.1552835760508233,1.0
synthetic_20,1,20,0.01,0.05679999594576657,1,1.1631795144068644,1.1552835760508233,1.0068346322233994
synthetic_20,1,20,0.03,0.05590001819655299,1,1.1783690198248813,1.1552835760508233,1.0199824910979627
synthetic_20,1,20,0.05,0.05639999289996922,1,1.1854619003300757,1.1552835760508233,1.026122005804335
synthetic_20,1,20,0.1,0.05629999213851988,1,1.0978380386194053,1.1552835760508233,0.9502758122574653
synthetic_20,1,21,0.0,0.055800017435103655,1,0.47703602567528075,0.47703602567528075,1.0
synthetic_20,1,21,0.01,0.055599986808374524,1,0.4666769691705118,0.47703602567528075,0.9782845404807637
synthetic_20,1,21,0.03,0.05669999518431723,1,0.5131429170215202,0.47703602567528075,1.0756900724533904
synthetic_20,1,21,0.05,0.056599994422867894,1,0.35220518096138853,0.47703602567528075,0.7383198794321987
synthetic_20,1,21,0.1,0.055899989092722535,1,0.645276386252595,0.47703602567528075,1.352678522212567
synthetic_20,1,22,0.0,0.05929998587816954,1,0.635293218911197,0.635293218911197,1.0
synthetic_20,1,22,0.01,0.05959998816251755,1,0.651478117453172,0.635293218911197,1.0254762652271239
synthetic_20,1,22,0.03,0.059399986639618874,1,0.6315855062085343,0.635293218911197,0.9941637773042544
synthetic_20,1,22,0.05,0.059200014220550656,1,0.6752197898604769,0.635293218911197,1.0628474691067982
synthetic_20,1,22,0.1,0.058699981309473515,1,0.473729884572018,0.635293218911197,0.7456869843250085
synthetic_20,1,23,0.0,0.06210000719875097,1,0.12704564081975855,0.12704564081975855,1.0
synthetic_20,1,23,0.01,0.05729999975301325,1,0.11900193685612184,0.12704564081975855,0.9366865017033648
synthetic_20,1,23,0.03,0.05679999594576657,1,0.10934551110622143,0.12704564081975855,0.8606789686027201
synthetic_20,1,23,0.05,0.05690002581104636,1,0.18204432847694643,0.12704564081975855,1.4329049568510208
synthetic_20,1,23,0.1,0.05560001591220498,1,0.18161797313333092,0.12704564081975855,1.4295490342009838
synthetic_20,1,24,0.0,0.08850000449456275,1,0.7693308636894788,0.7693308636894788,1.0
synthetic_20,1,24,0.01,0.08779999916441739,1,0.7703344895775774,0.7693308636894788,1.0013045439036277
synthetic_20,1,24,0.03,0.11409999569877982,1,0.7879325989337859,0.7693308636894788,1.02417910956425
synthetic_20,1,24,0.05,0.08930001058615744,1,0.8367672767022708,0.7693308636894788,1.087655930881789
synthetic_20,1,24,0.1,0.0872999953571707,1,0.8271180513161007,0.7693308636894788,1.075113569926848
synthetic_20,1,25,0.0,0.05670002428814769,1,0.7063658090995676,0.7063658090995676,1.0
synthetic_20,1,25,0.01,0.05750000127591193,1,0.7120792676960488,0.7063658090995676,1.0080885265437243
synthetic_20,1,25,0.03,0.05629999213851988,1,0.6730797279502936,0.7063658090995676,0.9528769927416149
synthetic_20,1,25,0.05,0.056599994422867894,1,0.683299271400217,0.7063658090995676,0.9673447703694005
synthetic_20,1,25,0.1,0.05679999594576657,1,0.6894083751281195,0.7063658090995676,0.9759934105629144
synthetic_20,1,26,0.0,0.058900011936202645,1,0.8933747060620254,0.8933747060620254,1.0
synthetic_20,1,26,0.01,0.05880001117475331,1,0.8940148000472208,0.8933747060620254,1.0007164899351324
synthetic_20,1,26,0.03,0.0585000088904053,1,0.9383055038393128,0.8933747060620254,1.0502933399304992
synthetic_20,1,26,0.05,0.06540000322274864,1,0.9054621290059809,0.8933747060620254,1.0135300707104598
synthetic_20,1,26,0.1,0.05959998816251755,1,0.8716816822015391,0.8933747060620254,0.9757178889067627
synthetic_20,1,27,0.0,0.05699999746866524,1,0.187808122838462,0.187808122838462,1.0
synthetic_20,1,27,0.01,0.0619000056758523,1,0.19346993660563616,0.187808122838462,1.030146799199117
synthetic_20,1,27,0.03,0.060999998822808266,1,0.2376809900046254,0.187808122838462,1.2655522371045698
synthetic_20,1,27,0.05,0.05749997217208147,1,0.21972711407718115,0.187808122838462,1.1699553286423794
synthetic_20,1,27,0.1,0.05810000584460795,1,0.08485869049742867,0.187808122838462,0.4518371687811264
synthetic_20,1,28,0.0,0.07410001126118004,1,1.2052484334428977,1.2052484334428977,1.0
synthetic_20,1,28,0.01,0.07539999205619097,1,1.2162828818654083,1.2052484334428977,1.009155331063978
synthetic_20,1,28,0.03,0.0756000226829201,1,1.2318695637590897,1.2052484334428977,1.0220876705395472
synthetic_20,1,28,0.05,0.07459998596459627,1,1.1614472260431183,1.2052484334428977,0.9636579428901165
synthetic_20,1,28,0.1,0.07529999129474163,1,1.2469211304883103,1.2052484334428977,1.0345760225768317
synthetic_20,1,29,0.0,0.0709999876562506,1,0.8349605649019525,0.8349605649019525,1.0
synthetic_20,1,29,0.01,0.0701999815646559,1,0.8461604000015601,0.8349605649019525,1.0134136096606225
synthetic_20,1,29,0.03,0.07079998613335192,1,0.8061027716992126,0.8349605649019525,0.9654381363434469
synthetic_20,1,29,0.05,0.07169999298639596,1,0.8105278344147012,0.8349605649019525,0.9707378629431196
synthetic_20,1,29,0.1,0.0714000198058784,1,0.8075279619821304,0.8349605649019525,0.967145031666204
synthetic_20,1,30,0.0,0.0740000104997307,1,1.1445520462813228,1.1445520462813228,1.0
synthetic_20,1,30,0.01,0.0756000226829201,1,1.1465972937172442,1.1445520462813228,1.0017869413999707
synthetic_20,1,30,0.03,0.07390000973828137,1,1.1924752323266277,1.1445520462813228,1.0418706918580143
synthetic_20,1,30,0.05,0.0743999844416976,1,1.1106215372911352,1.1445520462813228,0.970354769710623
synthetic_20,1,30,0.1,0.07450001430697739,1,1.1337600222573179,1.1445520462813228,0.9905709626232652
synthetic_20,1,31,0.0,0.06980000762268901,1,0.8218398159561034,0.8218398159561034,1.0
synthetic_20,1,31,0.01,0.06349998875521123,1,0.8070057892035268,0.8218398159561034,0.9819502213636131
synthetic_20,1,31,0.03,0.06340001709759235,1,0.7291824989745329,0.8218398159561034,0.8872562326835238
synthetic_20,1,31,0.05,0.0633999879937619,1,0.7680067049572572,0.8218398159561034,0.9344968326507539
synthetic_20,1,31,0.1,0.06369999027810991,1,0.7422772152195309,0.8218398159561034,0.9031896493795305
synthetic_20,1,32,0.0,0.062700011767447,1,0.7497356577762752,0.7497356577762752,1.0
synthetic_20,1,32,0.01,0.06379999103955925,1,0.7317019517919852,0.7497356577762752,0.9759465809085589
synthetic_20,1,32,0.03,0.0644999963697046,1,0.7059971719972284,0.7497356577762752,0.9416614571744185
synthetic_20,1,32,0.05,0.06359998951666057,1,0.7676404022384583,0.7497356577762752,1.0238814097695297
synthetic_20,1,32,0.1,0.06399999256245792,1,0.7706445307282204,0.7497356577762752,1.0278883266856498
synthetic_20,1,33,0.0,0.09389998740516603,1,0.7213585714051588,0.7213585714051588,1.0
synthetic_20,1,33,0.01,0.10109998402185738,1,0.7272262542760928,0.7213585714051588,1.0081342110616418
synthetic_20,1,33,0.03,0.09470002260059118,1,0.6679877850086442,0.7213585714051588,0.9260135132344074
synthetic_20,1,33,0.05,0.09300000965595245,1,0.6442864048327683,0.7213585714051588,0.8931569269049385
synthetic_20,1,33,0.1,0.0934000127017498,1,0.6077052234095349,0.7213585714051588,0.8424454182692601
synthetic_20,1,34,0.0,0.06389999180100858,1,0.3250452693255758,0.3250452693255758,1.0
synthetic_20,1,34,0.01,0.06389999180100858,1,0.3068695782103427,0.3250452693255758,0.9440825853182077
synthetic_20,1,34,0.03,0.05829997826367617,1,0.2874621676664723,0.3250452693255758,0.8843757925255049
synthetic_20,1,34,0.05,0.05810000584460795,1,0.38857853218461474,0.3250452693255758,1.195459737010976
synthetic_20,1,34,0.1,0.05780000356025994,1,0.35988797643840237,0.3250452693255758,1.1071933985845122
synthetic_20,2,0,0.0,0.10580001980997622,1,0.03766895556849481,0.03766895556849481,1.0
synthetic_20,2,0,0.01,0.07569999434053898,1,0.04116628112770265,0.03766895556849481,1.0928437092673975
synthetic_20,2,0,0.03,0.0678999931551516,1,0.002646423570326961,0.03766895556849481,0.07025476364787642
synthetic_20,2,0,0.05,0.06459999713115394,1,0.04521467698314868,0.03766895556849481,1.200316714407789
synthetic_20,2,0,0.1,0.062700011767447,1,0.0,0.03766895556849481,0.0
synthetic_20,2,1,0.0,0.06409999332390726,1,0.8361801873350891,0.8361801873350891,1.0
synthetic_20,2,1,0.01,0.06329998723231256,1,0.8463158883163159,0.8361801873350891,1.0121214316420595
synthetic_20,2,1,0.03,0.0633999879937619,1,0.8456005469827215,0.8361801873350891,1.0112659445778727
synthetic_20,2,1,0.05,0.0633999879937619,1,0.9560912921956414,0.8361801873350891,1.1434034274869744
synthetic_20,2,1,0.1,0.06250001024454832,1,0.9361089892930842,0.8361801873350891,1.119506301956841
synthetic_20,2,2,0.0,0.06029999349266291,1,0.18026571203090525,0.18026571203090525,1.0
synthetic_20,2,2,0.01,0.06150000263005495,1,0.1754746860320313,0.18026571203090525,0.9734224221295475
synthetic_20,2,2,0.03,0.06009999196976423,1,0.20005382578108954,0.18026571203090525,1.109771922387502
synthetic_20,2,2,0.05,0.05929998587816954,1,0.22396564486309245,0.18026571203090525,1.2424195502286934
synthetic_20,2,2,0.1,0.059200014220550656,1,0.2354752481750686,0.18026571203090525,1.3062675398563763
synthetic_20,2,3,0.0,0.06510000093840063,1,0.5084328902480768,0.5084328902480768,1.0
synthetic_20,2,3,0.01,0.0610999995842576,1,0.5028713668038001,0.5084328902480768,0.9890614404556654
synthetic_20,2,3,0.03,0.05980001878924668,1,0.5279292009674698,0.5084328902480768,1.0383458881070424
synthetic_20,2,3,0.05,0.05800000508315861,1,0.4980032316410786,0.5084328902480768,0.9794866563374582
synthetic_20,2,3,0.1,0.0619000056758523,1,0.4731161258886696,0.5084328902480768,0.9305380020907473
synthetic_20,2,4,0.0,0.06150000263005495,1,0.2650949226267648,0.2650949226267648,1.0
synthetic_20,2,4,0.01,0.06320001557469368,1,0.24535385262295914,0.2650949226267648,0.9255320705195107
synthetic_20,2,4,0.03,0.060399994254112244,1,0.2654323539128336,0.2650949226267648,1.0012728696676845
synthetic_20,2,4,0.05,0.06150000263005495,1,0.2048991091495487,0.2650949226267648,0.772927323991159
synthetic_20,2,4,0.1,0.05989999044686556,1,0.3225810970009876,0.2650949226267648,1.2168512840781915
synthetic_20,2,5,0.0,0.05979998968541622,1,0.6621263606718037,0.6621263606718037,1.0
synthetic_20,2,5,0.01,0.059999991208314896,1,0.6628743072889682,0.6621263606718037,1.0011296131095062
synthetic_20,2,5,0.03,0.059999991208314896,1,0.6236241632865787,0.6621263606718037,0.9418506803653608
synthetic_20,2,5,0.05,0.05979998968541622,1,0.6626482462295684,0.6621263606718037,1.0007881963153304
synthetic_20,2,5,0.1,0.05889998283237219,1,0.5189703340628056,0.6621263606718037,0.7837934945472496
synthetic_20,2,6,0.0,0.05699999746866524,1,0.23292092400948117,0.23292092400948117,1.0
synthetic_20,2,6,0.01,0.05699999746866524,1,0.22269615160065223,0.23292092400948117,0.9561019584122347
synthetic_20,2,6,0.03,0.05810000584460795,1,0.2307381858365628,0.23292092400948117,0.9906288446080975
synthetic_20,2,6,0.05,0.06560000474564731,1,0.23270178082837345,0.23292092400948117,0.9990591520189109
synthetic_20,2,6,0.1,0.057600002037361264,1,0.1935065377825072,0.23292092400948117,0.8307821145971
synthetic_20,2,7,0.0,0.05709999823011458,1,0.8502066440603855,0.8502066440603855,1.0
synthetic_20,2,7,0.01,0.05729999975301325,1,0.8467581914946964,0.8502066440603855,0.9959439830424989
synthetic_20,2,7,0.03,0.05679999594576657,1,0.8640925123606736,0.8502066440603855,1.0163323450802177
synthetic_20,2,7,0.05,0.05750000127591193,1,0.819050815781939,0.8502066440603855,0.9633549931700678
synthetic_20,2,7,0.1,0.05629999213851988,1,0.9050479361074976,0.8502066440603855,1.0645034856293325
synthetic_20,2,8,0.0,0.056100019719451666,1,0.3609008255177286,0.3609008255177286,1.0
synthetic_20,2,8,0.01,0.05880001117475331,1,0.3644916314103026,0.3609008255177286,1.0099495640870946
synthetic_20,2,8,0.03,0.05709999823011458,1,0.3739917546571686,0.3609008255177286,1.036272926559978
synthetic_20,2,8,0.05,0.05699999746866524,1,0.3822308253553684,0.3609008255177286,1.0591021087497956
synthetic_20,2,8,0.1,0.05600001895800233,1,0.33175368405758826,0.3609008255177286,0.9192378088403442
synthetic_20,2,9,0.0,0.06010002107359469,1,0.24389093000799186,0.24389093000799186,1.0
synthetic_20,2,9,0.01,0.05979998968541622,1,0.23707250045258838,0.24389093000799186,0.9720431196224474
synthetic_20,2,9,0.03,0.059399986639618874,1,0.2494149431536386,0.24389093000799186,1.0226495226594352
synthetic_20,2,9,0.05,0.06009999196976423,1,0.22915563883584333,0.24389093000799186,0.9395824552734877
synthetic_20,2,9,0.1,0.0585000088904053,1,0.2621021089700983,0.24389093000799186,1.0746693571651462
synthetic_20,2,10,0.0,0.05740000051446259,1,0.03297605151233629,0.03297605151233629,1.0
synthetic_20,2,10,0.01,0.3005000180564821,1,0.021845175200627842,0.03297605151233629,0.662455758005339
synthetic_20,2,10,0.03,0.10649999603629112,1,0.056949159809063676,0.03297605151233629,1.7269854090250643
synthetic_20,2,10,0.05,0.07800001185387373,1,0.0,0.03297605151233629,0.0
synthetic_20,2,10,0.1,0.1509999856352806,1,0.1596703826675776,0.03297605151233629,4.842010348262743
synthetic_20,2,11,0.0,0.07239999831654131,1,0.6770488914343914,0.6770488914343914,1.0
synthetic_20,2,11,0.01,0.06729998858645558,1,0.6797279345350191,0.6770488914343914,1.003956941861247
synthetic_20,2,11,0.03,0.06409999332390726,1,0.6303703160121367,0.6770488914343914,0.9310558277063835
synthetic_20,2,11,0.05,0.09439999121241271,1,0.8211954684938841,0.6770488914343914,1.2129042361388478
synthetic_20,2,11,0.1,0.09129999671131372,1,0.7072427657635233,0.6770488914343914,1.0445962983044892
synthetic_20,2,12,0.0,0.059200014220550656,1,0.5340953573169903,0.5340953573169903,1.0
synthetic_20,2,12,0.01,0.05940001574344933,1,0.5382162724750267,0.5340953573169903,1.0077156917797183
synthetic_20,2,12,0.03,0.05810000584460795,1,0.5526671570859198,0.5340953573169903,1.0347724418767172
synthetic_20,2,12,0.05,0.05729999975301325,1,0.5524688450066302,0.5340953573169903,1.0344011372462372
synthetic_20,2,12,0.1,0.05830000736750662,1,0.5083071999504587,0.5340953573169903,0.9517161925988693
synthetic_20,2,13,0.0,0.08549998165108263,1,0.6867850131564007,0.6867850131564007,1.0
synthetic_20,2,13,0.01,0.08540000999346375,1,0.6855436607225907,0.6867850131564007,0.998192516711882
synthetic_20,2,13,0.03,0.08480000542476773,1,0.6783876750955998,0.6867850131564007,0.9877729742205534
synthetic_20,2,13,0.05,0.08630001684650779,1,0.6876079350567703,0.6867850131564007,1.0011982234390753
synthetic_20,2,13,0.1,0.08549998165108263,1,0.4647210906874193,0.6867850131564007,0.6766616652736843
synthetic_20,2,14,0.0,0.06059999577701092,1,0.6432954067634271,0.6432954067634271,1.0
synthetic_20,2,14,0.01,0.06120000034570694,1,0.6617897798648342,0.6432954067634271,1.02874942508055
synthetic_20,2,14,0.03,0.06019999273121357,1,0.6366563956985353,0.6432954067634271,0.9896796852657563
synthetic_20,2,14,0.05,0.059600017266348004,1,0.6447908310314361,0.6432954067634271,1.0023246307253038
synthetic_20,2,14,0.1,0.05940001574344933,1,0.5213588010433573,0.6432954067634271,0.8104500600531845
synthetic_20,2,15,0.0,0.05829997826367617,1,0.3425713124191456,0.3425713124191456,1.0
synthetic_20,2,15,0.01,0.058900011936202645,1,0.32423572771971165,0.3425713124191456,0.9464765903193906
synthetic_20,2,15,0.03,0.059600017266348004,1,0.3416826600545102,0.3425713124191456,0.997405934669894
synthetic_20,2,15,0.05,0.0610999995842576,1,0.22320001162053416,0.3425713124191456,0.6515432072941434
synthetic_20,2,15,0.1,0.05910001345910132,1,0.18374798603417353,0.3425713124191456,0.5363787899710432
synthetic_20,2,16,0.0,0.11309998808428645,1,1.4446490488029287,1.4446490488029287,1.0
synthetic_20,2,16,0.01,0.11260001338087022,1,1.44703063845539,1.4446490488029287,1.001648559319258
synthetic_20,2,16,0.03,0.11229998199269176,1,1.456444587848753,1.4446490488029287,1.0081649858528605
synthetic_20,2,16,0.05,0.11310001718811691,1,1.4148261700768965,1.4446490488029287,0.9793563158119655
synthetic_20,2,16,0.1,0.09249997674487531,1,1.2366406046450693,1.4446490488029287,0.8560145494643006
synthetic_20,2,17,0.0,0.05729999975301325,1,0.7707146527628139,0.7707146527628139,1.0
synthetic_20,2,17,0.01,0.05740000051446259,1,0.7531632020427257,0.7707146527628139,0.977227044202195
synthetic_20,2,17,0.03,0.0570000265724957,1,0.7996775701420449,0.7707146527628139,1.0375793002966873
synthetic_20,2,17,0.05,0.05729999975301325,1,0.7333385632006647,0.7707146527628139,0.9515046334876786
synthetic_20,2,17,0.1,0.05709999823011458,1,0.6553727275295791,0.7707146527628139,0.8503441905252953
synthetic_20,2,18,0.0,0.05600001895800233,1,0.5560077411999446,0.5560077411999446,1.0
synthetic_20,2,18,0.01,0.05600001895800233,1,0.5482822781751692,0.5560077411999446,0.9861054757832999
synthetic_20,2,18,0.03,0.055800017435103655,1,0.5354937912537137,0.5560077411999446,0.9631049202625149
synthetic_20,2,18,0.05,0.055599986808374524,1,0.5616188929049704,0.5560077411999446,1.0100918589603018
synthetic_20,2,18,0.1,0.05669999518431723,1,0.5261942341608664,0.5560077411999446,0.9463793310238158
synthetic_20,2,19,0.0,0.05679999594576657,1,0.4267651421516113,0.4267651421516113,1.0
synthetic_20,2,19,0.01,0.05599998985417187,1,0.41003298197336335,0.4267651421516113,0.960793048621802
synthetic_20,2,19,0.03,0.05830000736750662,1,0.3484256866454015,0.4267651421516113,0.8164342684802051
synthetic_20,2,19,0.05,0.055899989092722535,1,0.44599609236969656,0.4267651421516113,1.0450621391455006
synthetic_20,2,19,0.1,0.056599994422867894,1,0.30700068902880817,0.4267651421516113,0.7193668336664292
synthetic_20,2,20,0.0,0.058600009651854634,1,0.19336956851330422,0.19336956851330422,1.0
synthetic_20,2,20,0.01,0.0610999995842576,1,0.19686918170589107,0.19336956851330422,1.0180980555497596
synthetic_20,2,20,0.03,0.05940001574344933,1,0.22385573726561858,0.19336956851330422,1.1576575310515669
synthetic_20,2,20,0.05,0.05950001650489867,1,0.22086615959262346,0.19336956851330422,1.1421970959066778
synthetic_20,2,20,0.1,0.058600009651854634,1,0.3519613652489286,0.19336956851330422,1.820148681899308
synthetic_20,2,21,0.0,0.0585000088904053,1,0.24310887253824964,0.24310887253824964,1.0
synthetic_20,2,21,0.01,0.05840000812895596,1,0.2530701127488854,0.24310887253824964,1.0409744000975059
synthetic_20,2,21,0.03,0.05889998283237219,1,0.2286396307869809,0.24310887253824964,0.9404824612109037
synthetic_20,2,21,0.05,0.05900001269765198,1,0.20920545212203204,0.24310887253824964,0.8605422333531517
synthetic_20,2,21,0.1,0.05900001269765198,1,0.2820578844323778,0.24310887253824964,1.160212218860914
synthetic_20,2,22,0.0,0.0577000027988106,1,0.2772778948547493,0.2772778948547493,1.0
synthetic_20,2,22,0.01,0.05840000812895596,1,0.26968841519068965,0.2772778948547493,0.9726286162550557
synthetic_20,2,22,0.03,0.058600009651854634,1,0.18738417485301218,0.2772778948547493,0.6757991831666657
synthetic_20,2,22,0.05,0.05809997674077749,1,0.2655419206421763,0.2772778948547493,0.9576743244580646
synthetic_20,2,22,0.1,0.05830000736750662,1,0.3280513455750737,0.2772778948547493,1.183113950525778
synthetic_20,2,23,0.0,0.056599994422867894,1,0.5329282525540191,0.5329282525540191,1.0
synthetic_20,2,23,0.01,0.056599994422867894,1,0.53527413318137,0.5329282525540191,1.0044018695126566
synthetic_20,2,23,0.03,0.056899996707215905,1,0.5084575262596485,0.5329282525540191,0.9540825126513813
synthetic_20,2,23,0.05,0.056899996707215905,1,0.5075401762875089,0.5329282525540191,0.9523611740514043
synthetic_20,2,23,0.1,0.08480000542476773,1,0.45014445373615775,0.5329282525540191,0.844662394194479
synthetic_20,2,24,0.0,0.0625999819021672,1,0.3780228191925218,0.3780228191925218,1.0
synthetic_20,2,24,0.01,0.058200006606057286,1,0.3775320558289156,0.3780228191925218,0.9987017625955636
synthetic_20,2,24,0.03,0.05690002581104636,1,0.3524875393661733,0.3780228191925218,0.9324504275141555
synthetic_20,2,24,0.05,0.05570001667365432,1,0.3792036664360495,0.3780228191925218,1.003123745931661
synthetic_20,2,24,0.1,0.05669999518431723,1,0.22231170991697802,0.3780228191925218,0.5880907147135944
synthetic_20,2,25,0.0,0.05679999594576657,1,0.5192340340438251,0.5192340340438251,1.0
synthetic_20,2,25,0.01,0.05679999594576657,1,0.524282218486047,0.5192340340438251,1.00972236816394
synthetic_20,2,25,0.03,0.05669999518431723,1,0.535641970914367,0.5192340340438251,1.0316002723141162
synthetic_20,2,25,0.05,0.05679999594576657,1,0.47964011333980794,0.5192340340438251,0.9237455210790838
synthetic_20,2,25,0.1,0.05979998968541622,1,0.40026179467727696,0.5192340340438251,0.7708697204611467
synthetic_20,2,26,0.0,0.05940001574344933,1,0.004639842549985618,0.004639842549985618,1.0
synthetic_20,2,26,0.01,0.06029999349266291,1,0.0035447608300351874,0.004639842549985618,0.7639829998210123
synthetic_20,2,26,0.03,0.059900019550696015,1,0.028429386232282194,0.004639842549985618,6.12723081139258
synthetic_20,2,26,0.05,0.05989999044686556,1,0.0,0.004639842549985618,0.0
synthetic_20,2,26,0.1,0.05979998968541622,1,0.027397346010746393,0.004639842549985618,5.904800802094312
synthetic_20,2,27,0.0,0.05979998968541622,1,0.7868909976760174,0.7868909976760174,1.0
synthetic_20,2,27,0.01,0.06029999349266291,1,0.7834396648473502,0.7868909976760174,0.995613963256842
synthetic_20,2,27,0.03,0.06660001236014068,1,0.8079569015461066,0.7868909976760174,1.026771057150615
synthetic_20,2,27,0.05,0.06079999729990959,1,0.7855770224071134,0.7868909976760174,0.9983301686348113
synthetic_20,2,27,0.1,0.05980001878924668,1,0.8992893873725457,0.7868909976760174,1.1428385761541084
synthetic_20,2,28,0.0,0.06289998418651521,1,0.06672195853223162,0.06672195853223162,1.0
synthetic_20,2,28,0.01,0.06230000872164965,1,0.07623166487103639,0.06672195853223162,1.142527386006076
synthetic_20,2,28,0.03,0.06219997885636985,1,0.047500598144954775,0.06672195853223162,0.7119185226256284
synthetic_20,2,28,0.05,0.06199997733347118,1,0.07259145487631535,0.06672195853223162,1.0879694852070079
synthetic_20,2,28,0.1,0.06180000491440296,1,0.03105953385521154,0.06672195853223162,0.4655069266320697
synthetic_20,2,29,0.0,0.08550001075491309,1,0.4564911559415278,0.4564911559415278,1.0
synthetic_20,2,29,0.01,0.08519997936673462,1,0.4707012432562926,0.4564911559415278,1.0311289433098787
synthetic_20,2,29,0.03,0.08410000009462237,1,0.44017839732634734,0.4564911559415278,0.9642648966954577
synthetic_20,2,29,0.05,0.08350002462975681,1,0.4388476386153436,0.4564911559415278,0.961349706130026
synthetic_20,2,29,0.1,0.083099992480129,1,0.4130630643950568,0.4564911559415278,0.9048654262383262
synthetic_20,2,30,0.0,0.08369999704882503,1,1.1981827135953393,1.1981827135953393,1.0
synthetic_20,2,30,0.01,0.08450000314041972,1,1.2121222647716474,1.1981827135953393,1.011633911103992
synthetic_20,2,30,0.03,0.08450000314041972,1,1.2232024302729563,1.1981827135953393,1.0208813867816047
synthetic_20,2,30,0.05,0.08310002158395946,1,1.1699513103692203,1.1981827135953393,0.9764381484511605
synthetic_20,2,30,0.1,0.0847000046633184,1,1.2233945269791993,1.1981827135953393,1.0210417101647276
synthetic_20,2,31,0.0,0.05640002200379968,1,0.8923788803171256,0.8923788803171256,1.0
synthetic_20,2,31,0.01,0.05520001286640763,1,0.904345600876594,0.8923788803171256,1.0134099100991898
synthetic_20,2,31,0.03,0.05609999061562121,1,0.9249306624621464,0.8923788803171256,1.0364775353417741
synthetic_20,2,31,0.05,0.056899996707215905,1,0.8463685806358155,0.8923788803171256,0.9484408464878065
synthetic_20,2,31,0.1,0.056199991377070546,1,0.9203475619399315,0.8923788803171256,1.0313417117322035
synthetic_20,2,32,0.0,0.0585000088904053,1,0.005399400480137095,0.005399400480137095,1.0
synthetic_20,2,32,0.01,0.05950001650489867,1,0.011897863879721582,0.005399400480137095,2.2035527691436374
synthetic_20,2,32,0.03,0.05759997293353081,1,0.028366805895801567,0.005399400480137095,5.253695479739875
synthetic_20,2,32,0.05,0.05840000812895596,1,0.10636345516173232,0.005399400480137095,19.699123180992803
synthetic_20,2,32,0.1,0.05889998283237219,1,0.0,0.005399400480137095,0.0
synthetic_20,2,33,0.0,0.055800017435103655,1,0.3051468604400174,0.3051468604400174,1.0
synthetic_20,2,33,0.01,0.05599998985417187,1,0.32478516257820744,0.3051468604400174,1.0643568874012728
synthetic_20,2,33,0.03,0.05569998756982386,1,0.2854023515213504,0.3051468604400174,0.93529506123643
synthetic_20,2,33,0.05,0.055800017435103655,1,0.2820790552791477,0.3051468604400174,0.9244042520129283
synthetic_20,2,33,0.1,0.05629999213851988,1,0.19029086502685,0.3051468604400174,0.6236042040624417
synthetic_20,2,34,0.0,0.05880001117475331,1,0.1590699550218746,0.1590699550218746,1.0
synthetic_20,2,34,0.01,0.058600009651854634,1,0.14759090331533,0.1590699550218746,0.9278364559481642
synthetic_20,2,34,0.03,0.0591999851167202,1,0.15974371477180965,0.1590699550218746,1.0042356191641746
synthetic_20,2,34,0.05,0.06350001785904169,1,0.21437474734997328,0.1590699550218746,1.3476759160489697
synthetic_20,2,34,0.1,0.05929998587816954,1,0.10247655889512214,0.1590699550218746,0.6442232216701765
synthetic_20,3,0,0.0,0.08209998486563563,1,0.35585803362060053,0.35585803362060053,1.0
synthetic_20,3,0,0.01,0.07159999222494662,1,0.3430005962743927,0.35585803362060053,0.9638691946465487
synthetic_20,3,0,0.03,0.06639998173341155,1,0.35922600956840056,0.35585803362060053,1.0094643808193209
synthetic_20,3,0,0.05,0.06390002090483904,1,0.3313860260357875,0.35585803362060053,0.9312309818164622
synthetic_20,3,0,0.1,0.06309998570941389,1,0.2568515766767009,0.35585803362060053,0.7217810261677111
synthetic_20,3,1,0.0,0.06429999484680593,1,0.8781670877619137,0.8781670877619137,1.0
synthetic_20,3,1,0.01,0.06199997733347118,1,0.8828923485268307,0.8781670877619137,1.0053808219765556
synthetic_20,3,1,0.03,0.060699996538460255,1,0.8703501238665479,0.8781670877619137,0.991098546046302
synthetic_20,3,1,0.05,0.08950001210905612,1,0.9282347700361311,0.8781670877619137,1.0570138450551811
synthetic_20,3,1,0.1,0.06029999349266291,1,0.8222572749078387,0.8781670877619137,0.9363335137091439
synthetic_20,3,2,0.0,0.057600002037361264,1,0.254441299669024,0.254441299669024,1.0
synthetic_20,3,2,0.01,0.05729999975301325,1,0.2655237840562879,0.254441299669024,1.0435561538228264
synthetic_20,3,2,0.03,0.05750000127591193,1,0.26225185723859734,0.254441299669024,1.030696893860129
synthetic_20,3,2,0.05,0.05709999823011458,1,0.2723185753969804,0.254441299669024,1.0702609039932238
synthetic_20,3,2,0.1,0.05660002352669835,1,0.1995541381756088,0.254441299669024,0.7842835987521988
synthetic_20,3,3,0.0,0.059600017266348004,1,0.23715620737932586,0.23715620737932586,1.0
synthetic_20,3,3,0.01,0.06769999163225293,1,0.22764781344800314,0.23715620737932586,0.9599066200442552
synthetic_20,3,3,0.03,0.05989999044686556,1,0.24667777759214415,0.23715620737932586,1.0401489394607697
synthetic_20,3,3,0.05,0.06009999196976423,1,0.3225494230438525,0.23715620737932586,1.3600716026291573
synthetic_20,3,3,0.1,0.06049999501556158,1,0.32630485207705195,0.23715620737932586,1.3759068576903615
synthetic_20,3,4,0.0,0.05670002428814769,1,0.7272271678684774,0.7272271678684774,1.0
synthetic_20,3,4,0.01,0.057199998991563916,1,0.7201571854945648,0.7272271678684774,0.990278165219494
synthetic_20,3,4,0.03,0.05639999289996922,1,0.7298353357175715,0.7272271678684774,1.0035864554630691
synthetic_20,3,4,0.05,0.05649999366141856,1,0.7596226971788382,0.7272271678684774,1.0445466433897306
synthetic_20,3,4,0.1,0.05649999366141856,1,0.7193700068514963,0.7272271678684774,0.9891957267768053
synthetic_20,3,5,0.0,0.055899989092722535,1,0.45481678134090486,0.45481678134090486,1.0
synthetic_20,3,5,0.01,0.05679999594576657,1,0.4563219997215373,0.45481678134090486,1.0033095049311829
synthetic_20,3,5,0.03,0.056199991377070546,1,0.40956400537933646,0.45481678134090486,0.9005032843595772
synthetic_20,3,5,0.05,0.05669999518431723,1,0.46837059560660244,0.45481678134090486,1.0298006028399784
synthetic_20,3,5,0.1,0.05649999366141856,1,0.5313386026833221,0.45481678134090486,1.1682475767864442
synthetic_20,3,6,0.0,0.19200000679120421,1,1.4937285977638763,1.4937285977638763,1.0
synthetic_20,3,6,0.01,0.19389999215491116,1,1.4841321667688452,1.4937285977638763,0.9935755190003076
synthetic_20,3,6,0.03,0.2049999893642962,1,1.48374487077712,1.4937285977638763,0.9933162376339971
synthetic_20,3,6,0.05,0.19359998987056315,1,1.5163470179890723,1.4937285977638763,1.015142255600553
synthetic_20,3,6,0.1,0.19500000053085387,1,1.4195692672287197,1.4937285977638763,0.9503528749157151
synthetic_20,3,7,0.0,0.059900019550696015,1,0.022825332513944863,0.022825332513944863,1.0
synthetic_20,3,7,0.01,0.0577000027988106,1,0.043986985773042664,0.022825332513944863,1.927112595015619
synthetic_20,3,7,0.03,0.05880001117475331,1,0.004051221199786348,0.022825332513944863,0.17748793790019501
synthetic_20,3,7,0.05,0.059600017266348004,1,0.04175106836516945,0.022825332513944863,1.8291548804234128
synthetic_20,3,7,0.1,0.05950001650489867,1,0.0,0.022825332513944863,0.0
synthetic_20,3,8,0.0,0.0585000088904053,1,0.7758093992928167,0.7758093992928167,1.0
synthetic_20,3,8,0.01,0.058999983593821526,1,0.7713929065775936,0.7758093992928167,0.9943072451568016
synthetic_20,3,8,0.03,0.06059999577701092,1,0.7926203295530916,0.7758093992928167,1.0216688922248156
synthetic_20,3,8,0.05,0.058900011936202645,1,0.7774949742224556,0.7758093992928167,1.0021726662904258
synthetic_20,3,8,0.1,0.05819997750222683,1,0.6944612348669996,0.7758093992928167,0.8951441365624477
synthetic_20,3,9,0.0,0.058999983593821526,1,1.489132552890679,1.489132552890679,1.0
synthetic_20,3,9,0.01,0.058999983593821526,1,1.4910683547535888,1.489132552890679,1.001299952686651
synthetic_20,3,9,0.03,0.09109999518841505,1,1.5040863183498405,1.489132552890679,1.0100419304044719
synthetic_20,3,9,0.05,0.05669999518431723,1,1.483046633898021,1.489132552890679,0.9959131113070868
synthetic_20,3,9,0.1,0.0585000088904053,1,1.4614946086522196,1.489132552890679,0.9814402390272048
synthetic_20,3,10,0.0,0.06019999273121357,1,0.2722544731406107,0.2722544731406107,1.0
synthetic_20,3,10,0.01,0.060699996538460255,1,0.2785958912881846,0.2722544731406107,1.0232922459433709
synthetic_20,3,10,0.03,0.05950001650489867,1,0.24345607552258341,0.2722544731406107,0.8942224996863364
synthetic_20,3,10,0.05,0.06089999806135893,1,0.2662316378432805,0.2722544731406107,0.9778779197716999
synthetic_20,3,10,0.1,0.2601000014692545,1,0.2898589658434644,0.2722544731406107,1.0646619043565229
synthetic_20,3,11,0.0,0.06459999713115394,1,0.1503852844506671,0.1503852844506671,1.0
synthetic_20,3,11,0.01,0.07010000990703702,1,0.16893210509333959,0.1503852844506671,1.123328693431814
synthetic_20,3,11,0.03,0.06659998325631022,1,0.16515739642417995,0.1503852844506671,1.0982284405517
synthetic_20,3,11,0.05,0.05819997750222683,1,0.11221769884764085,0.1503852844506671,0.7462013271947039
synthetic_20,3,11,0.1,0.05740000051446259,1,0.0,0.1503852844506671,0.0
synthetic_20,3,12,0.0,0.05910001345910132,1,0.9674294025081606,0.9674294025081606,1.0
synthetic_20,3,12,0.01,0.059900019550696015,1,0.9767730777836466,0.9674294025081606,1.009658250257085
synthetic_20,3,12,0.03,0.06009999196976423,1,0.9588403750833716,0.9674294025081606,0.9911218044412119
synthetic_20,3,12,0.05,0.059600017266348004,1,0.9806411515765904,0.9674294025081606,1.0136565510973483
synthetic_20,3,12,0.1,0.08749999688006938,1,1.113245134942434,0.9674294025081606,1.150724933577821
synthetic_20,3,13,0.0,0.05549998604692519,1,0.7218672917251414,0.7218672917251414,1.0
synthetic_20,3,13,0.01,0.056599994422867894,1,0.7053916768458204,0.7218672917251414,0.9771763936831837
synthetic_20,3,13,0.03,0.056199991377070546,1,0.7053608315968332,0.7218672917251414,0.9771336638776629
synthetic_20,3,13,0.05,0.05709999823011458,1,0.76435999527497,0.7218672917251414,1.0588649798057455
synthetic_20,3,13,0.1,0.05629999213851988,1,0.6583681645719281,0.7218672917251414,0.9120349018703132
synthetic_20,3,14,0.0,0.056199991377070546,1,0.8595001235219611,0.8595001235219611,1.0
synthetic_20,3,14,0.01,0.05849997978657484,1,0.8673889375941953,0.8595001235219611,1.0091783745648673
synthetic_20,3,14,0.03,0.05840000812895596,1,0.8571542517974079,0.8595001235219611,0.9972706557447129
synthetic_20,3,14,0.05,0.05669999518431723,1,0.8820359508116065,0.8595001235219611,1.0262196905770071
synthetic_20,3,14,0.1,0.056899996707215905,1,0.9128684041753945,0.8595001235219611,1.0620922315109704
synthetic_20,3,15,0.0,0.3794000076595694,1,0.9083336094096457,0.9083336094096457,1.0
synthetic_20,3,15,0.01,0.10899998596869409,1,0.9016454728030352,0.9083336094096457,0.9926369160655001
synthetic_20,3,15,0.03,0.0740000104997307,1,0.9259356106337582,0.9083336094096457,1.0193783440817
synthetic_20,3,15,0.05,0.0675999908708036,1,0.9453919857617966,0.9083336094096457,1.0407982000976892
synthetic_20,3,15,0.1,0.06399999256245792,1,0.8386964096023144,0.9083336094096457,0.9233352161739444
synthetic_20,3,16,0.0,0.05949998740106821,1,0.8078369539158122,0.8078369539158122,1.0
synthetic_20,3,16,0.01,0.05959998816251755,1,0.8133565582632202,0.8078369539158122,1.006832572242026
synthetic_20,3,16,0.03,0.05859998054802418,1,0.8624849029622358,0.8078369539158122,1.0676472508239807
synthetic_20,3,16,0.05,0.05829997826367617,1,0.8160281345039863,0.8078369539158122,1.0101396458140088
synthetic_20,3,16,0.1,0.0577000027988106,1,0.8157369838992664,0.8078369539158122,1.009779238180626
synthetic_20,3,17,0.0,0.05959998816251755,1,0.8263014543860622,0.8263014543860622,1.0
synthetic_20,3,17,0.01,0.06989997928030789,1,0.8330652933457591,0.8263014543860622,1.0081856796013053
synthetic_20,3,17,0.03,0.06009999196976423,1,0.8567842807242616,0.8263014543860622,1.0368906845999055
synthetic_20,3,17,0.05,0.06030002259649336,1,0.8230428476050914,0.8263014543860622,0.9960563947168749
synthetic_20,3,17,0.1,0.05930001498199999,1,0.7345751282440763,0.8263014543860622,0.8889916922509375
synthetic_20,3,18,0.0,0.05880001117475331,1,0.2544056661813053,0.2544056661813053,1.0
synthetic_20,3,18,0.01,0.05970001802779734,1,0.2351104511127699,0.2544056661813053,0.9241557180775037
synthetic_20,3,18,0.03,0.05989999044686556,1,0.23285860668042307,0.2544056661813053,0.9153043254723484
synthetic_20,3,18,0.05,0.05949998740106821,1,0.25611471041776973,0.2544056661813053,1.0067177915575454
synthetic_20,3,18,0.1,0.060399994254112244,1,0.2770422212985798,0.2544056661813053,1.0889781876994136
synthetic_20,3,19,0.0,0.05810000584460795,1,0.37954336047657966,0.37954336047657966,1.0
synthetic_20,3,19,0.01,0.05800000508315861,1,0.38360169020762247,0.37954336047657966,1.010692664274108
synthetic_20,3,19,0.03,0.05810000584460795,1,0.3940296705062558,0.37954336047657966,1.0381677340145963
synthetic_20,3,19,0.05,0.05729999975301325,1,0.3796176975562495,0.37954336047657966,1.000195859254596
synthetic_20,3,19,0.1,0.057199998991563916,1,0.3498340449444719,0.37954336047657966,0.9217235272017332
synthetic_20,3,20,0.0,0.1422999775968492,1,0.8525260778859397,0.8525260778859397,1.0
synthetic_20,3,20,0.01,0.1432000135537237,1,0.8521879434323754,0.8525260778859397,0.9996033734775565
synthetic_20,3,20,0.03,0.2041999832727015,1,0.8763646704637741,0.8525260778859397,1.0279623030851424
synthetic_20,3,20,0.05,0.1708000199869275,1,0.9044570010971561,0.8525260778859397,1.0609141755991707
synthetic_20,3,20,0.1,0.1412999990861863,1,0.9207519382927588,0.8525260778859397,1.0800278867433626
synthetic_20,3,21,0.0,0.11640001321211457,1,1.0206532339208834,1.0206532339208834,1.0
synthetic_20,3,21,0.01,0.11369999265298247,1,1.0258557193434246,1.0206532339208834,1.0050972115206607
synthetic_20,3,21,0.03,0.11339999036863446,1,1.0645324837176557,1.0206532339208834,1.0429913396033719
synthetic_20,3,21,0.05,0.11690001701936126,1,0.9780478190309684,1.0206532339208834,0.9582567188600927
synthetic_20,3,21,0.1,0.11420002556405962,1,1.1087180582719733,1.0206532339208834,1.0862828053880602
synthetic_20,3,22,0.0,0.057199998991563916,1,1.5444443409027138,1.5444443409027138,1.0
synthetic_20,3,22,0.01,0.05699999746866524,1,1.5585899458783126,1.5444443409027138,1.0091590254183784
synthetic_20,3,22,0.03,0.05740000051446259,1,1.5572749478744592,1.5444443409027138,1.008307587804845
synthetic_20,3,22,0.05,0.05649999366141856,1,1.4962927339055763,1.5444443409027138,0.9688226984152803
synthetic_20,3,22,0.1,0.05809997674077749,1,1.550392476105163,1.5444443409027138,1.0038513108209342
synthetic_20,3,23,0.0,0.05880001117475331,1,0.6019836098942937,0.6019836098942937,1.0
synthetic_20,3,23,0.01,0.060999998822808266,1,0.5914448309385835,0.6019836098942937,0.9824932460244876
synthetic_20,3,23,0.03,0.059399986639618874,1,0.6006736949426023,0.6019836098942937,0.9978240022981333
synthetic_20,3,23,0.05,0.057900004321709275,1,0.642645971169894,0.6019836098942937,1.0675472896724556
synthetic_20,3,23,0.1,0.060399994254112244,1,0.5478888410050435,0.6019836098942937,0.9101391333582172
synthetic_20,3,24,0.0,0.0577000027988106,1,0.007646710168910553,0.007646710168910553,1.0
synthetic_20,3,24,0.01,0.057900004321709275,1,0.0,0.007646710168910553,0.0
synthetic_20,3,24,0.03,0.05629999213851988,1,0.0,0.007646710168910553,0.0
synthetic_20,3,24,0.05,0.058200006606057286,1,0.0,0.007646710168910553,0.0
synthetic_20,3,24,0.1,0.05859998054802418,1,0.0,0.007646710168910553,0.0
synthetic_20,3,25,0.0,0.08930001058615744,1,0.6300633352000337,0.6300633352000337,1.0
synthetic_20,3,25,0.01,0.08789999992586672,1,0.6157127219291456,0.6300633352000337,0.9772235385410389
synthetic_20,3,25,0.03,0.08869997691363096,1,0.6398166829987381,0.6300633352000337,1.0154799482112506
synthetic_20,3,25,0.05,0.09060002048499882,1,0.6536298373513904,0.6300633352000337,1.0374033860324132
synthetic_20,3,25,0.1,0.08970001363195479,1,0.6877256087059684,0.6300633352000337,1.0915182177481064
synthetic_20,3,26,0.0,0.05909998435527086,1,0.18489450637452903,0.18489450637452903,1.0
synthetic_20,3,26,0.01,0.06080002640374005,1,0.18091293319558746,0.18489450637452903,0.9784657031892752
synthetic_20,3,26,0.03,0.0625999819021672,1,0.19047836747288832,0.18489450637452903,1.030200254230639
synthetic_20,3,26,0.05,0.05930001498199999,1,0.13108787128344196,0.18489450637452903,0.7089873780127658
synthetic_20,3,26,0.1,0.0610999995842576,1,0.18812396707625903,0.18489450637452903,1.017466504359996
synthetic_20,3,27,0.0,0.05929998587816954,1,0.4020260790779311,0.4020260790779311,1.0
synthetic_20,3,27,0.01,0.05780000356025994,1,0.3849740632452052,0.4020260790779311,0.9575848017824227
synthetic_20,3,27,0.03,0.058200006606057286,1,0.43132486734438125,0.4020260790779311,1.0728778300493553
synthetic_20,3,27,0.05,0.05840000812895596,1,0.3995249915627022,0.4020260790779311,0.9937787928560126
synthetic_20,3,27,0.1,0.05709999823011458,1,0.21557035006114966,0.4020260790779311,0.5362098661747817
synthetic_20,3,28,0.0,0.0847000046633184,1,0.8909848905122566,0.8909848905122566,1.0
synthetic_20,3,28,0.01,0.086199986981228,1,0.8973574926769885,0.8909848905122566,1.0071523122699286
synthetic_20,3,28,0.03,0.08759999764151871,1,0.9179941295056728,0.8909848905122566,1.0303139136039532
synthetic_20,3,28,0.05,0.08650001836940646,1,0.789454388180979,0.8909848905122566,0.8860468865269934
synthetic_20,3,28,0.1,0.08450000314041972,1,1.0089711726789747,0.8909848905122566,1.1324223153760598
synthetic_20,3,29,0.0,0.05989999044686556,1,0.19726751465551812,0.19726751465551812,1.0
synthetic_20,3,29,0.01,0.058600009651854634,1,0.17955245379181375,0.19726751465551812,0.9101977794233399
synthetic_20,3,29,0.03,0.05649999366141856,1,0.17612182597986475,0.19726751465551812,0.892807040669725
synthetic_20,3,29,0.05,0.05829997826367617,1,0.20198209530732394,0.19726751465551812,1.0238994274350683
synthetic_20,3,29,0.1,0.06560000474564731,1,0.15495112667024963,0.19726751465551812,0.7854872959738747
synthetic_20,3,30,0.0,0.057199998991563916,1,0.4334898947763429,0.4334898947763429,1.0
synthetic_20,3,30,0.01,0.057600002037361264,1,0.43213359801193807,0.4334898947763429,0.9968712148062768
synthetic_20,3,30,0.03,0.05819997750222683,1,0.4146581302971899,0.4334898947763429,0.9565577774566828
synthetic_20,3,30,0.05,0.05830000736750662,1,0.4134414621054112,0.4334898947763429,0.9537510956713867
synthetic_20,3,30,0.1,0.05900001269765198,1,0.29160499904882436,0.4334898947763429,0.6726915726588658
synthetic_20,3,31,0.0,0.06150000263005495,1,0.687233655508854,0.687233655508854,1.0
synthetic_20,3,31,0.01,0.06089999806135893,1,0.6749455394761789,0.687233655508854,0.9821194495726835
synthetic_20,3,31,0.03,0.059699988923966885,1,0.6201502975470833,0.687233655508854,0.9023863900959571
synthetic_20,3,31,0.05,0.06510000093840063,1,0.6644658093121005,0.687233655508854,0.9668702980212818
synthetic_20,3,31,0.1,0.058900011936202645,1,0.9330253190150705,0.687233655508854,1.3576537056006417
synthetic_20,3,32,0.0,0.05880001117475331,1,0.8898168129622277,0.8898168129622277,1.0
synthetic_20,3,32,0.01,0.05889998283237219,1,0.8891989874965053,0.8898168129622277,0.9993056711710518
synthetic_20,3,32,0.03,0.058900011936202645,1,0.9367042745334095,0.8898168129622277,1.0526933868726216
synthetic_20,3,32,0.05,0.08789999992586672,1,0.943367484227228,0.8898168129622277,1.0601816806391064
synthetic_20,3,32,0.1,0.05870001041330397,1,1.032553710112133,0.8898168129622277,1.1604115533339157
synthetic_20,3,33,0.0,0.057600002037361264,1,0.05038461021459956,0.05038461021459956,1.0
synthetic_20,3,33,0.01,0.0591999851167202,1,0.05747219448162147,0.05038461021459956,1.140669625840793
synthetic_20,3,33,0.03,0.05729999975301325,1,0.06284298200751715,0.05038461021459956,1.247265419735402
synthetic_20,3,33,0.05,0.06360001862049103,1,0.0514553190875747,0.05038461021459956,1.021250712636552
synthetic_20,3,33,0.1,0.08560001151636243,1,0.09042914915141124,0.05038461021459956,1.794777190222428
synthetic_20,3,34,0.0,0.05980001878924668,1,0.5444241130170211,0.5444241130170211,1.0
synthetic_20,3,34,0.01,0.06009999196976423,1,0.539021086166678,0.5444241130170211,0.9900757025246342
synthetic_20,3,34,0.03,0.08830000297166407,1,0.5373901822842446,0.5444241130170211,0.9870800529135333
synthetic_20,3,34,0.05,0.05880001117475331,1,0.5373848803019787,0.5444241130170211,0.9870703142150827
synthetic_20,3,34,0.1,0.09180000051856041,1,0.6164277956251316,0.5444241130170211,1.1322566008494546
synthetic_20,4,0,0.0,0.09010001667775214,1,0.5133633548208631,0.5133633548208631,1.0
synthetic_20,4,0,0.01,0.07909999112598598,1,0.5203408352271416,0.5133633548208631,1.0135916994089171
synthetic_20,4,0,0.03,0.072900002123788,1,0.5283945777625634,0.5133633548208631,1.0292798907451144
synthetic_20,4,0,0.05,0.07280000136233866,1,0.5003805433363179,0.5133633548208631,0.97471028782513
synthetic_20,4,0,0.1,0.06910000229254365,1,0.45357479366948483,0.5133633548208631,0.8835355882146255
synthetic_20,4,1,0.0,0.09250000584870577,1,0.9929827252847967,0.9929827252847967,1.0
synthetic_20,4,1,0.01,0.09280000813305378,1,0.9852066653475444,0.9929827252847967,0.9921689876981273
synthetic_20,4,1,0.03,0.09380001574754715,1,0.9680647026635114,0.9929827252847967,0.9749058850805903
synthetic_20,4,1,0.05,0.09330001194030046,1,0.9463909962245378,0.9929827252847967,0.9530790134874744
synthetic_20,4,1,0.1,0.09699998190626502,1,1.05591851315918,0.9929827252847967,1.0633805465813442
synthetic_20,4,2,0.0,0.06459999713115394,1,0.24571754284168623,0.24571754284168623,1.0
synthetic_20,4,2,0.01,0.06510000093840063,1,0.2554054428023689,0.24571754284168623,1.0394269772057931
synthetic_20,4,2,0.03,0.06350001785904169,1,0.22370905927959894,0.24571754284168623,0.9104317774483559
synthetic_20,4,2,0.05,0.06280001252889633,1,0.17013228623023213,0.24571754284168623,0.6923896611641073
synthetic_20,4,2,0.1,0.06369999027810991,1,0.17720803421988696,0.24571754284168623,0.7211859282430666
synthetic_20,4,3,0.0,0.06159997428767383,1,0.6944326535749654,0.6944326535749654,1.0
synthetic_20,4,3,0.01,0.061799975810572505,1,0.6929549322911354,0.6944326535749654,0.9978720452210553
synthetic_20,4,3,0.03,0.06009999196976423,1,0.6755464232718896,0.6944326535749654,0.972803366595956
synthetic_20,4,3,0.05,0.058999983593821526,1,0.6858687992232826,0.6944326535749654,0.9876678403476625
synthetic_20,4,3,0.1,0.05989999044686556,1,0.5659504167481467,0.6944326535749654,0.8149824375835621
synthetic_20,4,4,0.0,0.145800004247576,1,0.3196171140472214,0.3196171140472214,1.0
synthetic_20,4,4,0.01,0.14180000289343297,1,0.30957703187512337,0.3196171140472214,0.968587157161382
synthetic_20,4,4,0.03,0.14250000822357833,1,0.33568583572908095,0.3196171140472214,1.0502749101210067
synthetic_20,4,4,0.05,0.14170000213198364,1,0.27561540937546664,0.3196171140472214,0.8623299481226973
synthetic_20,4,4,0.1,0.08939998224377632,1,0.21673779753861536,0.3196171140472214,0.6781169969096015
synthetic_20,4,5,0.0,0.059699988923966885,1,0.6647505477508361,0.6647505477508361,1.0
synthetic_20,4,5,0.01,0.06009999196976423,1,0.660424253774965,0.6647505477508361,0.9934918534621612
synthetic_20,4,5,0.03,0.06000002031214535,1,0.6575878137273834,0.6647505477508361,0.989224929490186
synthetic_20,4,5,0.05,0.05979998968541622,1,0.7289465761235274,0.6647505477508361,1.0965716065821935
synthetic_20,4,5,0.1,0.060699996538460255,1,0.743613366250931,0.6647505477508361,1.1186352064950151
synthetic_20,4,6,0.0,0.06059999577701092,1,0.20468723579687928,0.20468723579687928,1.0
synthetic_20,4,6,0.01,0.06160000339150429,1,0.200345662781333,0.20468723579687928,0.9787892342253592
synthetic_20,4,6,0.03,0.15890001668594778,1,0.205429389166332,0.20468723579687928,1.0036257921338543
synthetic_20,4,6,0.05,0.07619999814778566,1,0.19293635458675415,0.20468723579687928,0.9425910405972453
synthetic_20,4,6,0.1,0.06310001481324434,1,0.19508020978466376,0.20468723579687928,0.953064850503189
synthetic_20,4,7,0.0,0.06089999806135893,1,0.49127981685339783,0.49127981685339783,1.0
synthetic_20,4,7,0.01,0.060999998822808266,1,0.5082957136605484,0.49127981685339783,1.0346358556232491
synthetic_20,4,7,0.03,0.06019999273121357,1,0.5196244161743757,0.49127981685339783,1.057695428040424
synthetic_20,4,7,0.05,0.06019999273121357,1,0.5169650139753901,0.49127981685339783,1.052282215228184
synthetic_20,4,7,0.1,0.06029999349266291,1,0.4130232826808897,0.49127981685339783,0.840708835397037
synthetic_20,4,8,0.0,0.060399994254112244,1,0.03409410054076095,0.03409410054076095,1.0
synthetic_20,4,8,0.01,0.059900019550696015,1,0.06330252105564643,0.03409410054076095,1.8567001343814766
synthetic_20,4,8,0.03,0.06019999273121357,1,0.04014982415528334,0.03409410054076095,1.177617931503502
synthetic_20,4,8,0.05,0.05980001878924668,1,0.06000080526618695,0.03409410054076095,1.7598588704357643
synthetic_20,4,8,0.1,0.05970001802779734,1,0.0,0.03409410054076095,0.0
synthetic_20,4,9,0.0,0.06210000719875097,1,0.10994823272746278,0.10994823272746278,1.0
synthetic_20,4,9,0.01,0.0610999995842576,1,0.10648456692524688,0.10994823272746278,0.9684973035373697
synthetic_20,4,9,0.03,0.06029999349266291,1,0.09672554308924464,0.10994823272746278,0.8797371334653987
synthetic_20,4,9,0.05,0.059699988923966885,1,0.11247195314780345,0.10994823272746278,1.0229537151960997
synthetic_20,4,9,0.1,0.059600017266348004,1,0.12879474034366376,0.10994823272746278,1.1714125561519235
synthetic_20,4,10,0.0,0.060999998822808266,1,0.805491036583459,0.805491036583459,1.0
synthetic_20,4,10,0.01,0.05929998587816954,1,0.7910480596635117,0.805491036583459,0.982069351160991
synthetic_20,4,10,0.03,0.059399986639618874,1,0.8220363386687397,0.805491036583459,1.0205406408437003
synthetic_20,4,10,0.05,0.060699996538460255,1,0.7352396749052283,0.805491036583459,0.9127844277743844
synthetic_20,4,10,0.1,0.06080002640374005,1,0.9024577489886829,0.805491036583459,1.1203821122783866
synthetic_20,4,11,0.0,0.058600009651854634,1,0.2894614172286174,0.2894614172286174,1.0
synthetic_20,4,11,0.01,0.05930001498199999,1,0.2935484949176099,0.2894614172286174,1.014119593996752
synthetic_20,4,11,0.03,0.05979998968541622,1,0.29958406226671486,0.2894614172286174,1.034970619348908
synthetic_20,4,11,0.05,0.05930001498199999,1,0.4032554465604613,0.2894614172286174,1.393123306108769
synthetic_20,4,11,0.1,0.06250001024454832,1,0.28712485999877946,0.2894614172286174,0.9919279147728607
synthetic_20,4,12,0.0,0.05879998207092285,1,0.1931593028212063,0.1931593028212063,1.0
synthetic_20,4,12,0.01,0.059699988923966885,1,0.18245816891385985,0.1931593028212063,0.944599438126717
synthetic_20,4,12,0.03,0.05910001345910132,1,0.22720312108999569,0.1931593028212063,1.1762473656280552
synthetic_20,4,12,0.05,0.05929998587816954,1,0.2130484852231078,0.1931593028212063,1.1029677686314259
synthetic_20,4,12,0.1,0.06029999349266291,1,0.2126661379110027,0.1931593028212063,1.1009883283118518
synthetic_20,4,13,0.0,0.08900000830180943,1,0.6420669968971541,0.6420669968971541,1.0
synthetic_20,4,13,0.01,0.08949998300522566,1,0.6613036965452449,0.6420669968971541,1.0299605800345664
synthetic_20,4,13,0.03,0.08970001363195479,1,0.645029530799362,0.6420669968971541,1.0046140572814435
synthetic_20,4,13,0.05,0.08739999611862004,1,0.6253528413562496,0.6420669968971541,0.9739682063995235
synthetic_20,4,13,0.1,0.08719999459572136,1,0.4698989047069221,0.6420669968971541,0.7318533844252241
synthetic_20,4,14,0.0,0.05910001345910132,1,0.3494104900909282,0.3494104900909282,1.0
synthetic_20,4,14,0.01,0.059399986639618874,1,0.3502492594019992,0.3494104900909282,1.0024005269871912
synthetic_20,4,14,0.03,0.05959998816251755,1,0.31467358018712377,0.3494104900909282,0.9005842386278535
synthetic_20,4,14,0.05,0.06019999273121357,1,0.4071282688015452,0.3494104900909282,1.1651861645470256
synthetic_20,4,14,0.1,0.06089999806135893,1,0.27910559736439217,0.3494104900909282,0.7987899770603899
synthetic_20,4,15,0.0,0.059999991208314896,1,0.3102256338871342,0.3102256338871342,1.0
synthetic_20,4,15,0.01,0.06130000110715628,1,0.3056458693801557,0.3102256338871342,0.9852373111480378
synthetic_20,4,15,0.03,0.06059999577701092,1,0.33488474874458574,0.3102256338871342,1.0794876765935564
synthetic_20,4,15,0.05,0.05840000812895596,1,0.33930007794797395,0.3102256338871342,1.0937203147803627
synthetic_20,4,15,0.1,0.0610999995842576,1,0.25974716294989497,0.3102256338871342,0.837284655349905
synthetic_20,4,16,0.0,0.15170002006925642,1,0.8289215937267423,0.8289215937267423,1.0
synthetic_20,4,16,0.01,0.1488000270910561,1,0.8277425826921586,0.8289215937267423,0.9985776567488331
synthetic_20,4,16,0.03,0.11750002158805728,1,0.8064119439240715,0.8289215937267423,0.9728446574766259
synthetic_20,4,16,0.05,0.1433999859727919,1,0.8341971993239012,0.8289215937267423,1.0063644205158662
synthetic_20,4,16,0.1,0.1453000004403293,1,0.8687994203222985,0.8289215937267423,1.048108080302589
synthetic_20,4,17,0.0,0.059699988923966885,1,0.8583740147977763,0.8583740147977763,1.0
synthetic_20,4,17,0.01,0.06079999729990959,1,0.8542240360599924,0.8583740147977763,0.995165302459952
synthetic_20,4,17,0.03,0.05929998587816954,1,0.8802436640211251,0.8583740147977763,1.0254779954266218
synthetic_20,4,17,0.05,0.059600017266348004,1,0.8495219943959463,0.8583740147977763,0.9896874552942805
synthetic_20,4,17,0.1,0.06010002107359469,1,0.8927099617053577,0.8583740147977763,1.040001149051175
synthetic_20,4,18,0.0,0.05849997978657484,1,0.002048854181280424,0.002048854181280424,1.0
synthetic_20,4,18,0.01,0.05949998740106821,1,0.0,0.002048854181280424,0.0
synthetic_20,4,18,0.03,0.058600009651854634,1,0.0,0.002048854181280424,0.0
synthetic_20,4,18,0.05,0.05989999044686556,1,0.060977672034118,0.002048854181280424,29.761840833401926
synthetic_20,4,18,0.1,0.06649998249486089,1,0.023272553564464754,0.002048854181280424,11.35881400301541
synthetic_20,4,19,0.0,0.08769999840296805,1,0.13889242699662324,0.13889242699662324,1.0
synthetic_20,4,19,0.01,0.08800000068731606,1,0.14371090085553412,0.13889242699662324,1.0346921280238557
synthetic_20,4,19,0.03,0.08749999688006938,1,0.15629479738440602,0.13889242699662324,1.1252938750087926
synthetic_20,4,19,0.05,0.08730002446100116,1,0.17116604437704394,0.13889242699662324,1.232364125807992
synthetic_20,4,19,0.1,0.061700004152953625,1,0.0,0.13889242699662324,0.0
synthetic_20,4,20,0.0,0.059200014220550656,1,0.8773763437507754,0.8773763437507754,1.0
synthetic_20,4,20,0.01,0.06030002259649336,1,0.8742365600922924,0.8773763437507754,0.9964213946719142
synthetic_20,4,20,0.03,0.060699996538460255,1,0.8529188038098597,0.8773763437507754,0.97212423139156
synthetic_20,4,20,0.05,0.059999991208314896,1,0.7889469857430903,0.8773763437507754,0.8992115998595877
synthetic_20,4,20,0.1,0.06400002166628838,1,0.8936367936458777,0.8773763437507754,1.0185330388845326
synthetic_20,4,21,0.0,0.059699988923966885,1,0.6573537966267394,0.6573537966267394,1.0
synthetic_20,4,21,0.01,0.06009999196976423,1,0.6535995572327544,0.6573537966267394,0.9942888602556946
synthetic_20,4,21,0.03,0.05859998054802418,1,0.6794000045824613,0.6573537966267394,1.033537811858475
synthetic_20,4,21,0.05,0.06059999577701092,1,0.6692419317718945,0.6573537966267394,1.018084835298982
synthetic_20,4,21,0.1,0.059200014220550656,1,0.6267233466670152,0.6573537966267394,0.9534034029819153
synthetic_20,4,22,0.0,0.061400001868605614,1,0.00736908595257918,0.00736908595257918,1.0
synthetic_20,4,22,0.01,0.06709998706355691,1,0.0,0.00736908595257918,0.0
synthetic_20,4,22,0.03,0.06309998570941389,1,0.0,0.00736908595257918,0.0
synthetic_20,4,22,0.05,0.06279998342506588,1,0.09516873365676437,0.00736908595257918,12.914591344053372
synthetic_20,4,22,0.1,0.06210000719875097,1,0.0,0.00736908595257918,0.0
synthetic_20,4,23,0.0,0.06030002259649336,1,0.09728511591537148,0.09728511591537148,1.0
synthetic_20,4,23,0.01,0.06019999273121357,1,0.07875029401929334,0.09728511591537148,0.8094793666874837
synthetic_20,4,23,0.03,0.05930001498199999,1,0.11600818706855354,0.09728511591537148,1.192455659604387
synthetic_20,4,23,0.05,0.059600017266348004,1,0.05910339388352226,0.09728511591537148,0.6075276092073162
synthetic_20,4,23,0.1,0.05989999044686556,1,0.017708678674115297,0.09728511591537148,0.18202865368963647
synthetic_20,4,24,0.0,0.05870001041330397,1,0.5009514508522592,0.5009514508522592,1.0
synthetic_20,4,24,0.01,0.0591999851167202,1,0.5066103868891562,0.5009514508522592,1.0112963761803055
synthetic_20,4,24,0.03,0.05979998968541622,1,0.5446356875724051,0.5009514508522592,1.0872025355866854
synthetic_20,4,24,0.05,0.06049999501556158,1,0.4375841453535004,0.5009514508522592,0.8735060944709248
synthetic_20,4,24,0.1,0.05810000584460795,1,0.6003279490739544,0.5009514508522592,1.1983755073523148
synthetic_20,4,25,0.0,0.08759999764151871,1,1.1920301030751181,1.1920301030751181,1.0
synthetic_20,4,25,0.01,0.08970001363195479,1,1.1877523360399938,1.1920301030751181,0.9964113598942771
synthetic_20,4,25,0.03,0.09350001346319914,1,1.2098163889140445,1.1920301030751181,1.014921003918477
synthetic_20,4,25,0.05,0.1066999975591898,1,1.2288677569442805,1.1920301030751181,1.0309032915981997
synthetic_20,4,25,0.1,0.2919000107795,1,1.0422072110043494,1.1920301030751181,0.8743128284392602
synthetic_20,4,26,0.0,0.08430000161752105,1,0.24969005346266943,0.24969005346266943,1.0
synthetic_20,4,26,0.01,0.07999999797903001,1,0.25315677693783456,0.24969005346266943,1.013884107224493
synthetic_20,4,26,0.03,0.07369997911155224,1,0.2765534846001153,0.24969005346266943,1.1075871095580592
synthetic_20,4,26,0.05,0.06980000762268901,1,0.29679283360521813,0.24969005346266943,1.1886450000283688
synthetic_20,4,26,0.1,0.06649998249486089,1,0.326369926980981,0.24969005346266943,1.3071002326881866
synthetic_20,4,27,0.0,0.06319998647086322,1,0.01908545810302653,0.01908545810302653,1.0
synthetic_20,4,27,0.01,0.06330001633614302,1,0.008120532031452021,0.01908545810302653,0.42548268884173573
synthetic_20,4,27,0.03,0.06269998266361654,1,0.018300465616995498,0.01908545810302653,0.9588696020921526
synthetic_20,4,27,0.05,0.062499981140717864,1,0.0,0.01908545810302653,0.0
synthetic_20,4,27,0.1,0.06260001100599766,1,0.0,0.01908545810302653,0.0
synthetic_20,4,28,0.0,0.06089999806135893,1,0.3565166038072032,0.3565166038072032,1.0
synthetic_20,4,28,0.01,0.06839999696239829,1,0.3478006326624281,0.3565166038072032,0.9755524117202449
synthetic_20,4,28,0.03,0.06130000110715628,1,0.31237595318173317,0.3565166038072032,0.8761890746346828
synthetic_20,4,28,0.05,0.06120000034570694,1,0.32542257173139477,0.3565166038072032,0.9127837757238835
synthetic_20,4,28,0.1,0.06210000719875097,1,0.34962801644943986,0.3565166038072032,0.9806780742209457
synthetic_20,4,29,0.0,0.17290000687353313,1,1.4571155183810616,1.4571155183810616,1.0
synthetic_20,4,29,0.01,0.17139999545179307,1,1.4556598462321804,1.4571155183810616,0.9990009905662809
synthetic_20,4,29,0.03,0.16820000018924475,1,1.4305904756457095,1.4571155183810616,0.9817961977614357
synthetic_20,4,29,0.05,0.16789999790489674,1,1.5533140387459814,1.4571155183810616,1.0660198310644593
synthetic_20,4,29,0.1,0.17139999545179307,1,1.4929163179882023,1.4571155183810616,1.0245696371739403
synthetic_20,4,30,0.0,0.0619000056758523,1,1.4740421973094096,1.4740421973094096,1.0
synthetic_20,4,30,0.01,0.06620000931434333,1,1.4527035597961533,1.4740421973094096,0.9855237268293906
synthetic_20,4,30,0.03,0.06059999577701092,1,1.5108632555234762,1.4740421973094096,1.024979650027168
synthetic_20,4,30,0.05,0.05979998968541622,1,1.4268110008144932,1.4740421973094096,0.9679580431407404
synthetic_20,4,30,0.1,0.05979998968541622,1,1.4213938374776829,1.4740421973094096,0.964283003615618
synthetic_20,4,31,0.0,0.15510001685470343,1,0.13000369339606055,0.13000369339606055,1.0
synthetic_20,4,31,0.01,0.09039998985826969,1,0.11655282669080208,0.13000369339606055,0.8965347340995924
synthetic_20,4,31,0.03,0.08430000161752105,1,0.11094856219271368,0.13000369339606055,0.8534262319356206
synthetic_20,4,31,0.05,0.07000000914558768,1,0.19190799440268444,0.13000369339606055,1.4761734023819646
synthetic_20,4,31,0.1,0.06690001464448869,1,0.08626897150461223,0.13000369339606055,0.6635886200693618
synthetic_20,4,32,0.0,0.06489999941550195,1,0.4001085175568776,0.4001085175568776,1.0
synthetic_20,4,32,0.01,0.06640001083724201,1,0.3863343040239009,0.4001085175568776,0.9655738057837806
synthetic_20,4,32,0.03,0.06489999941550195,1,0.36041119676964806,0.4001085175568776,0.900783614831228
synthetic_20,4,32,0.05,0.2162999880965799,1,0.4416244713354712,0.4001085175568776,1.1037617345216648
synthetic_20,4,32,0.1,0.10430000838823617,1,0.326094846560059,0.4001085175568776,0.8150160075352628
synthetic_20,4,33,0.0,0.09370001498609781,1,0.6667849439529714,0.6667849439529714,1.0
synthetic_20,4,33,0.01,0.09059999138116837,1,0.6636840334683709,0.6667849439529714,0.9953494593530906
synthetic_20,4,33,0.03,0.09029998909682035,1,0.6302738235794755,0.6667849439529714,0.9452430341977381
synthetic_20,4,33,0.05,0.09139999747276306,1,0.6800024553548564,0.6667849439529714,1.0198227502311707
synthetic_20,4,33,0.1,0.06469999789260328,1,0.6176038790284636,0.6667849439529714,0.926241488548103
synthetic_20,4,34,0.0,0.06590000702999532,1,0.09977300817792505,0.09977300817792505,1.0
synthetic_20,4,34,0.01,0.06239998037926853,1,0.10349279969407991,0.09977300817792505,1.0372825434863242
synthetic_20,4,34,0.03,0.06160000339150429,1,0.15226012137370895,0.09977300817792505,1.5260652570701658
synthetic_20,4,34,0.05,0.06279998342506588,1,0.13374167382618848,0.09977300817792505,1.3404594716407385
synthetic_20,4,34,0.1,0.06349998875521123,1,0.21578046332049572,0.09977300817792505,2.16271381670376
