dataset,seed,query_id,method,runtime_ms,distance_l2,success
breast_cancer,0,0,treesat_exact,0.11400002404116094,0.16072203118186226,1
breast_cancer,0,0,nearest_neighbor,0.02340000355616212,3.0854550722334477,1
breast_cancer,0,0,random_search,0.5132000078447163,0.6197690303455589,1
breast_cancer,0,1,treesat_exact,0.06630001007579267,0.2975400858174128,1
breast_cancer,0,1,nearest_neighbor,0.015600002370774746,3.130630145825508,1
breast_cancer,0,1,random_search,2.2183999826665968,1.355287875522443,1
breast_cancer,0,2,treesat_exact,0.19520000205375254,0.6506307533732318,1
breast_cancer,0,2,nearest_neighbor,0.04220000118948519,4.028856838814168,1
breast_cancer,0,2,random_search,0.4844999930355698,1.845685463225311,1
breast_cancer,0,3,treesat_exact,0.06359998951666057,0.20389494274672273,1
breast_cancer,0,3,nearest_neighbor,0.013900018529966474,2.539849847645424,1
breast_cancer,0,3,random_search,0.42150000808760524,1.1314855433527877,1
breast_cancer,0,4,treesat_exact,0.05959998816251755,0.40972552102118776,1
breast_cancer,0,4,nearest_neighbor,0.013400014722719789,5.490358175113679,1
breast_cancer,0,4,random_search,0.4124999977648258,1.0671825818680334,1
breast_cancer,0,5,treesat_exact,0.05959998816251755,0.5404908611848829,1
breast_cancer,0,5,nearest_neighbor,0.013200013199821115,4.379117489057707,1
breast_cancer,0,5,random_search,0.3989000106230378,1.7235657911005882,1
breast_cancer,0,6,treesat_exact,0.05889998283237219,0.4130681954005144,1
breast_cancer,0,6,nearest_neighbor,0.013100012438371778,2.244495690245592,1
breast_cancer,0,6,random_search,0.40339998668059707,1.0369811673613045,1
breast_cancer,0,7,treesat_exact,0.06130000110715628,0.6322347158456704,1
breast_cancer,0,7,nearest_neighbor,0.012899981811642647,2.9059870237395073,1
breast_cancer,0,7,random_search,0.39760000072419643,1.8411659434442877,1
breast_cancer,0,8,treesat_exact,0.055500015150755644,0.38765629168756727,1
breast_cancer,0,8,nearest_neighbor,0.012600008631125093,4.2961507678068305,1
breast_cancer,0,8,random_search,0.40309998439624906,1.1192407689942234,1
breast_cancer,0,9,treesat_exact,0.0557999883312732,0.5780291765000131,1
breast_cancer,0,9,nearest_neighbor,0.012600008631125093,3.438730113143542,1
breast_cancer,0,9,random_search,0.4039999912492931,2.43537749753773,1
breast_cancer,0,10,treesat_exact,0.06280001252889633,0.6310004013999575,1
breast_cancer,0,10,nearest_neighbor,0.0185999961104244,3.2557882138637253,1
breast_cancer,0,10,random_search,0.397899973904714,2.3142132589912907,1
breast_cancer,0,11,treesat_exact,0.08629998774267733,1.3706497573249776,1
breast_cancer,0,11,nearest_neighbor,0.016600009985268116,5.1059458827498965,1
breast_cancer,0,11,random_search,0.38330000825226307,4.138799131125128,1
breast_cancer,0,12,treesat_exact,0.05679999594576657,1.4087692462502133,1
breast_cancer,0,12,nearest_neighbor,0.015700003132224083,6.498903266919479,1
breast_cancer,0,12,random_search,0.3704999980982393,5.894169194047177,1
breast_cancer,0,13,treesat_exact,0.06299998494796455,0.22219309292372463,1
breast_cancer,0,13,nearest_neighbor,0.016299978597089648,2.849736275679567,1
breast_cancer,0,13,random_search,0.4254000086802989,0.5790168621894872,1
breast_cancer,0,14,treesat_exact,0.07280000136233866,0.5535831369545119,1
breast_cancer,0,14,nearest_neighbor,0.016600009985268116,3.5928001407831354,1
breast_cancer,0,14,random_search,0.5203000036999583,1.9843927029026416,1
breast_cancer,0,15,treesat_exact,0.07259999983943999,0.40126902024768235,1
breast_cancer,0,15,nearest_neighbor,0.016300007700920105,2.3230063401286425,1
breast_cancer,0,15,random_search,0.5270000256132334,1.046550514647792,1
breast_cancer,0,16,treesat_exact,0.07360000745393336,0.7494266491751403,1
breast_cancer,0,16,nearest_neighbor,0.01680001150816679,4.866402906651512,1
breast_cancer,0,16,random_search,0.47420000191777945,1.8180298672336361,1
breast_cancer,0,17,treesat_exact,0.06130000110715628,0.5073744327502399,1
breast_cancer,0,17,nearest_neighbor,0.01409999094903469,3.0300533292461487,1
breast_cancer,0,17,random_search,0.4413000133354217,1.9625389069892314,1
breast_cancer,0,18,treesat_exact,0.09779998799785972,0.3949219319977215,1
breast_cancer,0,18,nearest_neighbor,0.0185999961104244,6.443674620756584,1
breast_cancer,0,18,random_search,0.45950000640004873,0.2391959758157343,1
breast_cancer,0,19,treesat_exact,0.07190002361312509,0.58380430193311,1
breast_cancer,0,19,nearest_neighbor,0.014599994756281376,4.787367915804506,1
breast_cancer,0,19,random_search,0.44159998651593924,2.0810903635589417,1
breast_cancer,0,20,treesat_exact,0.0641999940853566,0.5627663449982568,1
breast_cancer,0,20,nearest_neighbor,0.014100020052865148,7.480968905761325,1
breast_cancer,0,20,random_search,0.4326000052969903,2.268375584243765,1
breast_cancer,0,21,treesat_exact,0.055199983762577176,0.966837304643649,1
breast_cancer,0,21,nearest_neighbor,0.016099977074190974,6.105544901995573,1
breast_cancer,0,21,random_search,0.3735999925993383,3.6518353877142467,1
breast_cancer,0,22,treesat_exact,0.053800002206116915,0.11457867157708532,1
breast_cancer,0,22,nearest_neighbor,0.012299977242946625,2.463350897111738,1
breast_cancer,0,22,random_search,0.41329997475259006,0.27540073527292885,1
breast_cancer,0,23,treesat_exact,0.054800009820610285,0.26411722239020097,1
breast_cancer,0,23,nearest_neighbor,0.012600008631125093,2.992651555102408,1
breast_cancer,0,23,random_search,0.6930999807082117,0.999735036323303,1
breast_cancer,0,24,treesat_exact,0.08019999950192869,0.07810669750920463,1
breast_cancer,0,24,nearest_neighbor,0.037500023609027267,3.3150745030241984,1
breast_cancer,0,24,random_search,0.49649999709799886,0.24388260847873827,1
breast_cancer,0,25,treesat_exact,0.06520000169984996,0.6442368645008745,1
breast_cancer,0,25,nearest_neighbor,0.014500023098662496,3.9491741821833704,1
breast_cancer,0,25,random_search,0.45190000673756003,1.9622425219429043,1
breast_cancer,0,26,treesat_exact,0.06740001845173538,0.06758120328036848,1
breast_cancer,0,26,nearest_neighbor,0.01939997309818864,1.6527059716556074,1
breast_cancer,0,26,random_search,0.457499991171062,0.25168618270669013,1
breast_cancer,0,27,treesat_exact,0.06269998266361654,0.31486459256685073,1
breast_cancer,0,27,nearest_neighbor,0.014399993233382702,2.6853891100645533,1
breast_cancer,0,27,random_search,0.42070000199601054,0.9255111646690912,1
breast_cancer,0,28,treesat_exact,0.05909998435527086,0.6518682802517526,1
breast_cancer,0,28,nearest_neighbor,0.01300001167692244,3.317515760495755,1
breast_cancer,0,28,random_search,0.4155999922659248,2.1864884782785854,1
breast_cancer,0,29,treesat_exact,0.05859998054802418,0.10576500453505502,1
breast_cancer,0,29,nearest_neighbor,0.013600016245618463,1.879008005968563,1
breast_cancer,0,29,random_search,0.4326000052969903,0.2849177238514318,1
breast_cancer,1,0,treesat_exact,0.10009997640736401,0.11840819688095766,1
breast_cancer,1,0,nearest_neighbor,0.025500019546598196,3.092306045452009,1
breast_cancer,1,0,random_search,0.47840000479482114,0.5531461687259154,1
breast_cancer,1,1,treesat_exact,0.06469999789260328,0.41897708632386016,1
breast_cancer,1,1,nearest_neighbor,0.01750001683831215,10.355741553106286,1
breast_cancer,1,1,random_search,0.4262999864295125,1.0762276837494684,1
breast_cancer,1,2,treesat_exact,0.06390002090483904,0.05862831127973887,1
breast_cancer,1,2,nearest_neighbor,0.01680001150816679,1.7673840900581756,1
breast_cancer,1,2,random_search,0.44350000098347664,0.2185676058867436,1
breast_cancer,1,3,treesat_exact,0.06210000719875097,0.29545028790354344,1
breast_cancer,1,3,nearest_neighbor,0.01689998316578567,4.025405180870878,1
breast_cancer,1,3,random_search,0.42329999268986285,1.2744814138681466,1
breast_cancer,1,4,treesat_exact,0.06230000872164965,0.5646212597571887,1
breast_cancer,1,4,nearest_neighbor,0.016299978597089648,2.564257807386424,1
breast_cancer,1,4,random_search,0.4178000090178102,1.7351251813110218,1
breast_cancer,1,5,treesat_exact,0.06009999196976423,0.7846146694443734,1
breast_cancer,1,5,nearest_neighbor,0.014299992471933365,6.0561760874776756,1
breast_cancer,1,5,random_search,0.39939998532645404,2.324399309058482,1
breast_cancer,1,6,treesat_exact,0.05979998968541622,0.5329194315805638,1
breast_cancer,1,6,nearest_neighbor,0.01270000939257443,3.5493494318223284,1
breast_cancer,1,6,random_search,0.39790000300854445,3.861313970183777,1
breast_cancer,1,7,treesat_exact,0.05840000812895596,0.3247841860779921,1
breast_cancer,1,7,nearest_neighbor,0.01270000939257443,3.31983733754593,1
breast_cancer,1,7,random_search,0.39370000013150275,1.640994545511272,1
breast_cancer,1,8,treesat_exact,0.0577000027988106,0.4772597160366726,1
breast_cancer,1,8,nearest_neighbor,0.012400007108226418,3.598233844412464,1
breast_cancer,1,8,random_search,0.38979999953880906,2.1508072528455706,1
breast_cancer,1,9,treesat_exact,0.05699999746866524,0.36766709393300195,1
breast_cancer,1,9,nearest_neighbor,0.012200005585327744,3.4192188595000075,1
breast_cancer,1,9,random_search,0.80750000779517,1.2450054334466343,1
breast_cancer,1,10,treesat_exact,0.08490000618621707,1.801739755208003,1
breast_cancer,1,10,nearest_neighbor,0.02710000262595713,13.266825703860288,1
breast_cancer,1,10,random_search,0.4453000146895647,4.416171100720036,1
breast_cancer,1,11,treesat_exact,0.06540000322274864,0.2513382814275898,1
breast_cancer,1,11,nearest_neighbor,0.015600002370774746,3.7934747334783134,1
breast_cancer,1,11,random_search,0.4292000085115433,2.0581982804233823,1
breast_cancer,1,12,treesat_exact,0.0619000056758523,0.49836330367223514,1
breast_cancer,1,12,nearest_neighbor,0.013900018529966474,4.463788859574463,1
breast_cancer,1,12,random_search,0.41790000977925956,1.2476193024269475,1
breast_cancer,1,13,treesat_exact,0.05959998816251755,0.3478364584559366,1
breast_cancer,1,13,nearest_neighbor,0.013300013961270452,3.7111834919993734,1
breast_cancer,1,13,random_search,0.40950000402517617,1.0703952371130823,1
breast_cancer,1,14,treesat_exact,0.06049999501556158,0.45778356812393933,1
breast_cancer,1,14,nearest_neighbor,0.013200013199821115,5.476275763148334,1
breast_cancer,1,14,random_search,0.4039999912492931,1.7225227761056097,1
breast_cancer,1,15,treesat_exact,0.06980000762268901,0.5349609867397085,1
breast_cancer,1,15,nearest_neighbor,0.013400014722719789,6.842387785183736,1
breast_cancer,1,15,random_search,0.40530000114813447,2.473118353781084,1
breast_cancer,1,16,treesat_exact,0.05930001498199999,0.8656571986959428,1
breast_cancer,1,16,nearest_neighbor,0.012600008631125093,5.746477675052737,1
breast_cancer,1,16,random_search,0.4039999912492931,3.7990120416191107,1
breast_cancer,1,17,treesat_exact,0.06120000034570694,0.5521832234263658,1
breast_cancer,1,17,nearest_neighbor,0.018699996871873736,5.797777153698367,1
breast_cancer,1,17,random_search,0.4008000250905752,1.9377494563586652,1
breast_cancer,1,18,treesat_exact,0.06029999349266291,0.6939136913749001,1
breast_cancer,1,18,nearest_neighbor,0.013200013199821115,4.15761828678728,1
breast_cancer,1,18,random_search,0.43059999006800354,1.8705313425646797,1
breast_cancer,1,19,treesat_exact,0.08789999992586672,0.4996288578875371,1
breast_cancer,1,19,nearest_neighbor,0.016600009985268116,2.9123605761976634,1
breast_cancer,1,19,random_search,0.4081999941263348,1.199384390948315,1
breast_cancer,1,20,treesat_exact,0.05549998604692519,0.5043184587766191,1
breast_cancer,1,20,nearest_neighbor,0.012300006346777081,3.880036533691969,1
breast_cancer,1,20,random_search,0.38559999666176736,1.5857123974827363,1
breast_cancer,1,21,treesat_exact,0.05660002352669835,0.8072809882882539,1
breast_cancer,1,21,nearest_neighbor,0.012400007108226418,5.186659490706587,1
breast_cancer,1,21,random_search,0.3890999942086637,3.628248729748842,1
breast_cancer,1,22,treesat_exact,0.06579997716471553,0.4431316254024377,1
breast_cancer,1,22,nearest_neighbor,0.012999982573091984,3.789798973818775,1
breast_cancer,1,22,random_search,0.398799980757758,1.1715779146352017,1
breast_cancer,1,23,treesat_exact,0.05630002124235034,0.7061849216913428,1
breast_cancer,1,23,nearest_neighbor,0.012400007108226418,3.300422099974699,1
breast_cancer,1,23,random_search,0.39000000106170774,2.193983945718439,1
breast_cancer,1,24,treesat_exact,0.059399986639618874,0.2278724059351941,1
breast_cancer,1,24,nearest_neighbor,0.012600008631125093,4.213205472701538,1
breast_cancer,1,24,random_search,0.40859999717213213,0.7549423521098283,1
breast_cancer,1,25,treesat_exact,0.08599998545832932,0.6919425180619645,1
breast_cancer,1,25,nearest_neighbor,0.016699981642886996,4.775670298241732,1
breast_cancer,1,25,random_search,0.4002000205218792,2.0815099497671175,1
breast_cancer,1,26,treesat_exact,0.05679999594576657,0.5132585046944843,1
breast_cancer,1,26,nearest_neighbor,0.012600008631125093,3.7673728185113116,1
breast_cancer,1,26,random_search,0.40649998118169606,2.1679132437932025,1
breast_cancer,1,27,treesat_exact,0.06019999273121357,0.6175758240455943,1
breast_cancer,1,27,nearest_neighbor,0.013100012438371778,2.5684619630076138,1
breast_cancer,1,27,random_search,0.391699984902516,2.289267880377229,1
breast_cancer,1,28,treesat_exact,0.05959998816251755,1.1422825616073742,1
breast_cancer,1,28,nearest_neighbor,0.016799982404336333,10.019729422107474,1
breast_cancer,1,28,random_search,0.38519999361597,4.306025040340242,1
breast_cancer,1,29,treesat_exact,0.06359998951666057,0.7886874456347553,1
breast_cancer,1,29,nearest_neighbor,0.013200013199821115,3.358325947095865,1
breast_cancer,1,29,random_search,0.38809998659417033,3.2878843934596222,1
breast_cancer,2,0,treesat_exact,0.14980000560171902,0.7168761105379724,1
breast_cancer,2,0,nearest_neighbor,0.024899985874071717,3.242808430019889,1
breast_cancer,2,0,random_search,0.4717000119853765,2.257890435821239,1
breast_cancer,2,1,treesat_exact,0.0653000024612993,0.1985887968311434,1
breast_cancer,2,1,nearest_neighbor,0.014399993233382702,2.722710749537017,1
breast_cancer,2,1,random_search,0.4314000252634287,0.914279614888326,1
breast_cancer,2,2,treesat_exact,0.06150000263005495,0.22693482793408196,1
breast_cancer,2,2,nearest_neighbor,0.013299984857439995,1.9285794249802226,1
breast_cancer,2,2,random_search,0.41569999302737415,0.92582174172458,1
breast_cancer,2,3,treesat_exact,0.05859998054802418,0.7811370400864489,1
breast_cancer,2,3,nearest_neighbor,0.013100012438371778,2.3900333643834992,1
breast_cancer,2,3,random_search,0.3997999883722514,3.9134577067999174,1
breast_cancer,2,4,treesat_exact,0.0641999940853566,0.009555348180530387,1
breast_cancer,2,4,nearest_neighbor,0.023300002794712782,1.6852189737929928,1
breast_cancer,2,4,random_search,0.4631000047083944,0.18979727973349653,1
breast_cancer,2,5,treesat_exact,0.06219997885636985,0.3878828578922162,1
breast_cancer,2,5,nearest_neighbor,0.013400014722719789,5.3549419451772495,1
breast_cancer,2,5,random_search,0.4031000135000795,1.764860740252232,1
breast_cancer,2,6,treesat_exact,0.06049999501556158,0.2057765214558464,1
breast_cancer,2,6,nearest_neighbor,0.01719998545013368,2.7489444943700225,1
breast_cancer,2,6,random_search,0.41030001011677086,0.523978866036007,1
breast_cancer,2,7,treesat_exact,0.0881000014487654,0.6025155410236184,1
breast_cancer,2,7,nearest_neighbor,0.013400014722719789,2.988252929039207,1
breast_cancer,2,7,random_search,0.4091000009793788,2.0482285981670048,1
breast_cancer,2,8,treesat_exact,0.05840000812895596,0.29040674120695154,1
breast_cancer,2,8,nearest_neighbor,0.012600008631125093,2.8829950861442057,1
breast_cancer,2,8,random_search,0.3997000167146325,1.0310231593088302,1
breast_cancer,2,9,treesat_exact,0.058699981309473515,1.0141024829528662,1
breast_cancer,2,9,nearest_neighbor,0.01270000939257443,3.597568326480583,1
breast_cancer,2,9,random_search,0.3877999843098223,4.356740409889648,1
breast_cancer,2,10,treesat_exact,0.05959998816251755,0.5449630364149534,1
breast_cancer,2,10,nearest_neighbor,0.017000013031065464,2.920385303630522,1
breast_cancer,2,10,random_search,0.3926999925170094,1.799536482032904,1
breast_cancer,2,11,treesat_exact,0.057600002037361264,0.2727273498387093,1
breast_cancer,2,11,nearest_neighbor,0.01270000939257443,3.10789288449881,1
breast_cancer,2,11,random_search,0.4116999916732311,1.0649715247374438,1
breast_cancer,2,12,treesat_exact,0.057199998991563916,1.2607574453333235,1
breast_cancer,2,12,nearest_neighbor,0.01270000939257443,6.415117799631398,1
breast_cancer,2,12,random_search,0.3843999875243753,4.546822079663098,1
breast_cancer,2,13,treesat_exact,0.05930001498199999,0.29179404263964037,1
breast_cancer,2,13,nearest_neighbor,0.012800010154023767,2.5412847383465267,1
breast_cancer,2,13,random_search,0.4022000066470355,0.886287739960718,1
breast_cancer,2,14,treesat_exact,0.0591999851167202,0.6484993698870185,1
breast_cancer,2,14,nearest_neighbor,0.016499980119988322,2.623639153087569,1
breast_cancer,2,14,random_search,0.3944000054616481,2.2209185166510315,1
breast_cancer,2,15,treesat_exact,0.05750000127591193,0.5993498166945225,1
breast_cancer,2,15,nearest_neighbor,0.012999982573091984,7.892205466350007,1
breast_cancer,2,15,random_search,0.3902000025846064,2.394989032552348,1
breast_cancer,2,16,treesat_exact,0.05729999975301325,0.313303002159265,1
breast_cancer,2,16,nearest_neighbor,0.012600008631125093,2.275562048769582,1
breast_cancer,2,16,random_search,0.3913000109605491,1.0986718682284091,1
breast_cancer,2,17,treesat_exact,0.0858000130392611,0.8793293732285091,1
breast_cancer,2,17,nearest_neighbor,0.012500007869675756,4.082294288507017,1
breast_cancer,2,17,random_search,0.6625999812968075,2.3059851365642254,1
breast_cancer,2,18,treesat_exact,0.06290001329034567,0.7640490639720341,1
breast_cancer,2,18,nearest_neighbor,0.013399985618889332,2.1415313818102426,1
breast_cancer,2,18,random_search,0.39989998913370073,3.1940343672344853,1
breast_cancer,2,19,treesat_exact,0.06059999577701092,0.6852189085997686,1
breast_cancer,2,19,nearest_neighbor,0.017200014553964138,5.1745311172350545,1
breast_cancer,2,19,random_search,0.3939000016544014,2.6607444727854097,1
breast_cancer,2,20,treesat_exact,0.057900004321709275,0.4596651766012705,1
breast_cancer,2,20,nearest_neighbor,0.012900010915473104,3.6193205819901673,1
breast_cancer,2,20,random_search,0.4068999842274934,1.0886144295391864,1
breast_cancer,2,21,treesat_exact,0.05859998054802418,0.584248964153537,1
breast_cancer,2,21,nearest_neighbor,0.016299978597089648,2.8586437570673744,1
breast_cancer,2,21,random_search,0.39450000622309744,2.5261214279374764,1
breast_cancer,2,22,treesat_exact,0.05740000051446259,0.27127821939868957,1
breast_cancer,2,22,nearest_neighbor,0.012600008631125093,2.837237003636547,1
breast_cancer,2,22,random_search,0.9943000040948391,0.7761746285149952,1
breast_cancer,2,23,treesat_exact,0.08260001777671278,0.15350208921451328,1
breast_cancer,2,23,nearest_neighbor,0.03739999374374747,2.738474665602184,1
breast_cancer,2,23,random_search,0.6579000037163496,0.4666112701373355,1
breast_cancer,2,24,treesat_exact,0.0678999931551516,0.7297830906209709,1
breast_cancer,2,24,nearest_neighbor,0.016299978597089648,3.0103313188693477,1
breast_cancer,2,24,random_search,0.5397999775595963,2.019003098372043,1
breast_cancer,2,25,treesat_exact,0.1412999990861863,0.23685637677522553,1
breast_cancer,2,25,nearest_neighbor,0.02720000338740647,2.751527917725418,1
breast_cancer,2,25,random_search,0.906000001123175,1.0335187328015256,1
breast_cancer,2,26,treesat_exact,0.1762000028975308,0.6712001411727102,1
breast_cancer,2,26,nearest_neighbor,0.04879999323748052,3.452148421542242,1
breast_cancer,2,26,random_search,0.9970999963115901,2.7061519773394496,1
breast_cancer,2,27,treesat_exact,0.12630000128410757,0.728940254818363,1
breast_cancer,2,27,nearest_neighbor,0.028300011763349175,3.7430551093075426,1
breast_cancer,2,27,random_search,0.8694000134710222,2.053435490621979,1
breast_cancer,2,28,treesat_exact,0.1354999840259552,0.28480599139424756,1
breast_cancer,2,28,nearest_neighbor,0.0391000066883862,1.738167577541696,1
breast_cancer,2,28,random_search,0.877000013133511,1.1423168440387477,1
breast_cancer,2,29,treesat_exact,0.12459998833946884,0.777024742965618,1
breast_cancer,2,29,nearest_neighbor,0.02750000567175448,3.890909652772442,1
breast_cancer,2,29,random_search,0.7885999802965671,3.4962446118097743,1
breast_cancer,3,0,treesat_exact,0.20199999562464654,1.4816310327280302,1
breast_cancer,3,0,nearest_neighbor,0.041399995097890496,2.627729634652897,1
breast_cancer,3,0,random_search,0.534699996933341,3.6284932449556684,1
breast_cancer,3,1,treesat_exact,0.2507000172045082,4.0581735057085995,1
breast_cancer,3,1,nearest_neighbor,0.02020000829361379,10.01564352626241,1
breast_cancer,3,1,random_search,0.40320001426152885,,0
breast_cancer,3,2,treesat_exact,0.06729998858645558,0.3694077727973709,1
breast_cancer,3,2,nearest_neighbor,0.029000017093494534,3.209237515546636,1
breast_cancer,3,2,random_search,0.4158999945502728,1.1182296790865278,1
breast_cancer,3,3,treesat_exact,0.17449998995289207,1.8563835756745128,1
breast_cancer,3,3,nearest_neighbor,0.01719998545013368,4.261562426503132,1
breast_cancer,3,3,random_search,0.3918000147677958,5.2155190082941605,1
breast_cancer,3,4,treesat_exact,0.063000014051795,0.6622974846905593,1
breast_cancer,3,4,nearest_neighbor,0.01479999627918005,3.265795809551451,1
breast_cancer,3,4,random_search,0.3971999976783991,2.5624853380813715,1
breast_cancer,3,5,treesat_exact,0.09109999518841505,0.23013377326650566,1
breast_cancer,3,5,nearest_neighbor,0.01729998621158302,1.6627589378974703,1
breast_cancer,3,5,random_search,0.443600001744926,0.607711557123757,1
breast_cancer,3,6,treesat_exact,0.06340001709759235,0.4928459258349047,1
breast_cancer,3,6,nearest_neighbor,0.01409999094903469,3.288152671696747,1
breast_cancer,3,6,random_search,0.40779999108053744,1.2952543523139428,1
breast_cancer,3,7,treesat_exact,0.0610999995842576,0.39994886783346517,1
breast_cancer,3,7,nearest_neighbor,0.013199984095990658,2.688727809575065,1
breast_cancer,3,7,random_search,0.4186000151094049,1.9790647304624227,1
breast_cancer,3,8,treesat_exact,0.09429999045096338,0.45727879654764353,1
breast_cancer,3,8,nearest_neighbor,0.019400002202019095,6.189343138827581,1
breast_cancer,3,8,random_search,0.44490001164376736,0.47061978138434307,1
breast_cancer,3,9,treesat_exact,0.06570000550709665,0.30353909356363856,1
breast_cancer,3,9,nearest_neighbor,0.018099992303177714,3.780353378806042,1
breast_cancer,3,9,random_search,0.42740002390928566,1.1285574367009428,1
breast_cancer,3,10,treesat_exact,0.06219997885636985,0.7580059217004999,1
breast_cancer,3,10,nearest_neighbor,0.013399985618889332,3.6213302239664706,1
breast_cancer,3,10,random_search,0.4081999941263348,2.2841222406804977,1
breast_cancer,3,11,treesat_exact,0.17519999528303742,0.9999383169675659,1
breast_cancer,3,11,nearest_neighbor,0.018399994587525725,2.129277333002649,1
breast_cancer,3,11,random_search,0.44929998693987727,0.20972377325705635,1
breast_cancer,3,12,treesat_exact,0.06279998342506588,0.04420240474304121,1
breast_cancer,3,12,nearest_neighbor,0.014199991710484028,4.351024000661194,1
breast_cancer,3,12,random_search,0.42019999818876386,0.21675528076978126,1
breast_cancer,3,13,treesat_exact,0.06029999349266291,0.5970103322976723,1
breast_cancer,3,13,nearest_neighbor,0.01300001167692244,3.4244388262370524,1
breast_cancer,3,13,random_search,0.40110002737492323,1.7923858993989101,1
breast_cancer,3,14,treesat_exact,0.1136000209953636,1.222471032624173,1
breast_cancer,3,14,nearest_neighbor,0.017099984688684344,4.032912880765089,1
breast_cancer,3,14,random_search,0.3884000179823488,3.610045027569459,1
breast_cancer,3,15,treesat_exact,0.14799999189563096,0.7993071612267613,1
breast_cancer,3,15,nearest_neighbor,0.01759998849593103,1.9651885678757168,1
breast_cancer,3,15,random_search,0.4050999996252358,0.5201546434957346,1
breast_cancer,3,16,treesat_exact,0.08730002446100116,0.5648738075755506,1
breast_cancer,3,16,nearest_neighbor,0.016400008462369442,3.5409975485862444,1
breast_cancer,3,16,random_search,0.40669998270459473,0.7924667891022893,1
breast_cancer,3,17,treesat_exact,0.05870001041330397,0.3122549789969916,1
breast_cancer,3,17,nearest_neighbor,0.013199984095990658,2.6713524301345988,1
breast_cancer,3,17,random_search,0.5093999789096415,1.1412385031678944,1
breast_cancer,3,18,treesat_exact,0.31460000900551677,2.7300700922441576,1
breast_cancer,3,18,nearest_neighbor,0.026699999580159783,5.791086813426221,1
breast_cancer,3,18,random_search,0.4096000047866255,3.8958739495772226,1
breast_cancer,3,19,treesat_exact,0.06160000339150429,0.3002576005030112,1
breast_cancer,3,19,nearest_neighbor,0.013999990187585354,2.720713101384963,1
breast_cancer,3,19,random_search,0.4023999790661037,1.2219217153300197,1
breast_cancer,3,20,treesat_exact,0.059399986639618874,0.5072153569926762,1
breast_cancer,3,20,nearest_neighbor,0.012900010915473104,2.0566311250127334,1
breast_cancer,3,20,random_search,0.3912000101990998,1.7725621657599826,1
breast_cancer,3,21,treesat_exact,0.06320001557469368,0.5299489390306745,1
breast_cancer,3,21,nearest_neighbor,0.013199984095990658,3.005638870836409,1
breast_cancer,3,21,random_search,0.4023000074084848,2.1449056124992665,1
breast_cancer,3,22,treesat_exact,0.05909998435527086,0.8679052566736197,1
breast_cancer,3,22,nearest_neighbor,0.013299984857439995,4.081084520473805,1
breast_cancer,3,22,random_search,0.3834000090137124,3.6523659733489966,1
breast_cancer,3,23,treesat_exact,0.16769999638199806,1.1453709055885484,1
breast_cancer,3,23,nearest_neighbor,0.016999983927235007,3.550847589018446,1
breast_cancer,3,23,random_search,0.3930999955628067,2.081062742523117,1
breast_cancer,3,24,treesat_exact,0.05740000051446259,0.7821569554877219,1
breast_cancer,3,24,nearest_neighbor,0.013199984095990658,3.495454047382554,1
breast_cancer,3,24,random_search,0.39820000529289246,2.7002657484988646,1
breast_cancer,3,25,treesat_exact,0.37579998024739325,0.1733485180881467,1
breast_cancer,3,25,nearest_neighbor,0.027300004148855805,2.4643953217044725,1
breast_cancer,3,25,random_search,5.138899985468015,0.49626351341425273,1
breast_cancer,3,26,treesat_exact,0.5323000077623874,0.7389337981248996,1
breast_cancer,3,26,nearest_neighbor,0.11119997361674905,3.7599568231991647,1
breast_cancer,3,26,random_search,2.9661000007763505,3.8633667756039065,1
breast_cancer,3,27,treesat_exact,0.43509999522939324,0.5950662759346201,1
breast_cancer,3,27,nearest_neighbor,0.09190000128000975,3.779981399155216,1
breast_cancer,3,27,random_search,2.0533000060822815,1.9893560402648631,1
breast_cancer,3,28,treesat_exact,0.2871000033337623,0.26599877694247487,1
breast_cancer,3,28,nearest_neighbor,0.08310002158395946,2.5379360314423014,1
breast_cancer,3,28,random_search,2.021499996772036,0.8956663328576575,1
breast_cancer,3,29,treesat_exact,0.13830000534653664,0.4847763000078118,1
breast_cancer,3,29,nearest_neighbor,0.03220001235604286,2.7102367690698883,1
breast_cancer,3,29,random_search,1.1682000185828656,1.8226686269813703,1
breast_cancer,4,0,treesat_exact,0.11500000255182385,1.388271059558869,1
breast_cancer,4,0,nearest_neighbor,0.03229998401366174,8.840731712929985,1
breast_cancer,4,0,random_search,0.48719998449087143,4.991325273687527,1
breast_cancer,4,1,treesat_exact,0.0701999815646559,0.10216711373022094,1
breast_cancer,4,1,nearest_neighbor,0.01619997783564031,2.5997565404358336,1
breast_cancer,4,1,random_search,0.4411999834701419,0.365035697710848,1
breast_cancer,4,2,treesat_exact,0.06469999789260328,0.076450669374709,1
breast_cancer,4,2,nearest_neighbor,0.016600009985268116,2.4829496008527348,1
breast_cancer,4,2,random_search,0.44389997492544353,0.28416809971208523,1
breast_cancer,4,3,treesat_exact,0.06350001785904169,0.38882450011501335,1
breast_cancer,4,3,nearest_neighbor,0.01379998866468668,2.842930260072115,1
breast_cancer,4,3,random_search,0.39870000910013914,1.3057857524207654,1
breast_cancer,4,4,treesat_exact,0.06960000609979033,0.47825586696625894,1
breast_cancer,4,4,nearest_neighbor,0.016999983927235007,3.8483391977915766,1
breast_cancer,4,4,random_search,0.4112999886274338,2.182642371618307,1
breast_cancer,4,5,treesat_exact,0.06139997276477516,1.2334275391895417,1
breast_cancer,4,5,nearest_neighbor,0.013800017768517137,5.028739618744311,1
breast_cancer,4,5,random_search,0.3887999919243157,3.800539512699603,1
breast_cancer,4,6,treesat_exact,0.06769999163225293,0.7412235598235903,1
breast_cancer,4,6,nearest_neighbor,0.01379998866468668,3.7670704661080214,1
breast_cancer,4,6,random_search,0.3960000176448375,2.1380074231827066,1
breast_cancer,4,7,treesat_exact,0.06010002107359469,0.41941345490631327,1
breast_cancer,4,7,nearest_neighbor,0.015700003132224083,6.942354545400531,1
breast_cancer,4,7,random_search,0.39770000148564577,1.8089868914875693,1
breast_cancer,4,8,treesat_exact,0.06150000263005495,0.6525666080111878,1
breast_cancer,4,8,nearest_neighbor,0.013500015484169126,2.8630728237519247,1
breast_cancer,4,8,random_search,0.401599972974509,2.319558053444274,1
breast_cancer,4,9,treesat_exact,0.05900001269765198,0.22498321572333435,1
breast_cancer,4,9,nearest_neighbor,0.013299984857439995,4.866112676007529,1
breast_cancer,4,9,random_search,0.40770001942291856,0.9785276515511819,1
breast_cancer,4,10,treesat_exact,0.057900004321709275,0.4621282270276236,1
breast_cancer,4,10,nearest_neighbor,0.013400014722719789,2.576930240048268,1
breast_cancer,4,10,random_search,0.39679999463260174,1.8214713767513397,1
breast_cancer,4,11,treesat_exact,0.05709999823011458,0.8226177123018652,1
breast_cancer,4,11,nearest_neighbor,0.01270000939257443,3.2897841712845106,1
breast_cancer,4,11,random_search,0.3782999992836267,4.426250252939405,1
breast_cancer,4,12,treesat_exact,0.0610999995842576,0.2012399798503876,1
breast_cancer,4,12,nearest_neighbor,0.016699981642886996,3.024287846399977,1
breast_cancer,4,12,random_search,0.4125000268686563,0.4579530219823238,1
breast_cancer,4,13,treesat_exact,0.06799999391660094,0.9043723331013813,1
breast_cancer,4,13,nearest_neighbor,0.016099977074190974,4.794331510136605,1
breast_cancer,4,13,random_search,0.6939999875612557,2.523777914892426,1
breast_cancer,4,14,treesat_exact,0.11100000119768083,0.14954849990952526,1
breast_cancer,4,14,nearest_neighbor,0.028400012524798512,2.7492154157964444,1
breast_cancer,4,14,random_search,0.6818000110797584,0.4690125751206919,1
breast_cancer,4,15,treesat_exact,0.0709999876562506,0.8267791249315051,1
breast_cancer,4,15,nearest_neighbor,0.021599989850074053,3.3877431292099147,1
breast_cancer,4,15,random_search,0.44010000419802964,4.1538062053641545,1
breast_cancer,4,16,treesat_exact,0.06769999163225293,0.11993513354745997,1
breast_cancer,4,16,nearest_neighbor,0.01729998621158302,1.9510535241275655,1
breast_cancer,4,16,random_search,0.4573000187519938,0.48128411798116655,1
breast_cancer,4,17,treesat_exact,0.06749999010935426,0.41666106449535467,1
breast_cancer,4,17,nearest_neighbor,0.015300000086426735,2.5252228630378104,1
breast_cancer,4,17,random_search,0.4207999736536294,1.0721356827893125,1
breast_cancer,4,18,treesat_exact,0.06540000322274864,1.7572868251526288,1
breast_cancer,4,18,nearest_neighbor,0.025800021830946207,8.15448164262099,1
breast_cancer,4,18,random_search,0.4566000134218484,4.997643940753145,1
breast_cancer,4,19,treesat_exact,0.06850002682767808,0.8931401292609852,1
breast_cancer,4,19,nearest_neighbor,0.01610000617802143,3.928706056677856,1
breast_cancer,4,19,random_search,0.42130000656470656,3.941253017019254,1
breast_cancer,4,20,treesat_exact,0.0641999940853566,0.06477378672946477,1
breast_cancer,4,20,nearest_neighbor,0.01409999094903469,2.707214232618895,1
breast_cancer,4,20,random_search,0.4470999992918223,0.24792385563694053,1
breast_cancer,4,21,treesat_exact,0.06479999865405262,0.6180319557573987,1
breast_cancer,4,21,nearest_neighbor,0.014100020052865148,5.472206791360076,1
breast_cancer,4,21,random_search,0.4191000189166516,2.0390825417700085,1
breast_cancer,4,22,treesat_exact,0.06500000017695129,0.40009751339910554,1
breast_cancer,4,22,nearest_neighbor,0.020400009816512465,6.125274724937297,1
breast_cancer,4,22,random_search,0.4151000175625086,1.7641008916926595,1
breast_cancer,4,23,treesat_exact,0.060399994254112244,1.584705662986841,1
breast_cancer,4,23,nearest_neighbor,0.013999990187585354,5.728466557226353,1
breast_cancer,4,23,random_search,0.42699999175965786,3.9426939281051854,1
breast_cancer,4,24,treesat_exact,0.06719998782500625,0.3977796016039312,1
breast_cancer,4,24,nearest_neighbor,0.017399986973032355,3.7141055064555495,1
breast_cancer,4,24,random_search,0.4430999979376793,0.980972363144839,1
breast_cancer,4,25,treesat_exact,0.07029998232610524,0.8800538272058653,1
breast_cancer,4,25,nearest_neighbor,0.013699987903237343,4.759161057049673,1
breast_cancer,4,25,random_search,0.3980000037699938,2.3707967298920187,1
breast_cancer,4,26,treesat_exact,0.05679999594576657,0.24436829119977388,1
breast_cancer,4,26,nearest_neighbor,0.012600008631125093,5.20847227264836,1
breast_cancer,4,26,random_search,0.4010999982710928,1.0040046813643864,1
breast_cancer,4,27,treesat_exact,0.06010002107359469,0.8459094200104199,1
breast_cancer,4,27,nearest_neighbor,0.017399986973032355,4.5446771518945654,1
breast_cancer,4,27,random_search,0.3904000041075051,3.530973012367692,1
breast_cancer,4,28,treesat_exact,0.06659998325631022,0.4930534109123082,1
breast_cancer,4,28,nearest_neighbor,0.014100020052865148,2.872666514413298,1
breast_cancer,4,28,random_search,0.3895999980159104,1.9250870977361108,1
breast_cancer,4,29,treesat_exact,0.056599994422867894,1.2941051098033496,1
breast_cancer,4,29,nearest_neighbor,0.01300001167692244,9.53288309736579,1
breast_cancer,4,29,random_search,0.3924000193364918,3.6011156129444815,1
breast_cancer,5,0,treesat_exact,0.11230001109652221,0.5305712371175022,1
breast_cancer,5,0,nearest_neighbor,0.027400004910305142,3.67797288253357,1
breast_cancer,5,0,random_search,0.4982000100426376,2.0631951413577885,1
breast_cancer,5,1,treesat_exact,0.07270000060088933,0.1829309891625633,1
breast_cancer,5,1,nearest_neighbor,0.024300010409206152,3.2735488469954066,1
breast_cancer,5,1,random_search,0.4861000052187592,0.5521346372737244,1
breast_cancer,5,2,treesat_exact,0.07190002361312509,1.3341703742242048,1
breast_cancer,5,2,nearest_neighbor,0.01680001150816679,4.836827095513455,1
breast_cancer,5,2,random_search,0.434900022810325,4.857717783024671,1
breast_cancer,5,3,treesat_exact,0.06809999467805028,0.605397861984362,1
breast_cancer,5,3,nearest_neighbor,0.01650000922381878,3.0584519964117542,1
breast_cancer,5,3,random_search,0.4267000185791403,1.9451685244034522,1
breast_cancer,5,4,treesat_exact,0.06309998570941389,0.07958014808283624,1
breast_cancer,5,4,nearest_neighbor,0.018700025975704193,2.776732313581763,1
breast_cancer,5,4,random_search,0.4267000185791403,0.24090052755510807,1
breast_cancer,5,5,treesat_exact,0.06199997733347118,0.196130983214704,1
breast_cancer,5,5,nearest_neighbor,0.016000005416572094,3.2393807626407796,1
breast_cancer,5,5,random_search,0.43760001426562667,0.5347534063400267,1
breast_cancer,5,6,treesat_exact,0.0619000056758523,0.9106716764053384,1
breast_cancer,5,6,nearest_neighbor,0.014399993233382702,3.8292616134703525,1
breast_cancer,5,6,random_search,0.3994000144302845,4.305887064149331,1
breast_cancer,5,7,treesat_exact,0.06429999484680593,0.20938606083215675,1
breast_cancer,5,7,nearest_neighbor,0.014999997802078724,4.08794574350301,1
breast_cancer,5,7,random_search,0.4361000028438866,0.4980718843099341,1
breast_cancer,5,8,treesat_exact,0.06030002259649336,0.5385628136677825,1
breast_cancer,5,8,nearest_neighbor,0.014399993233382702,3.094711344822042,1
breast_cancer,5,8,random_search,0.41680000140331686,2.484676643146007,1
breast_cancer,5,9,treesat_exact,0.05989999044686556,0.7655034480992451,1
breast_cancer,5,9,nearest_neighbor,0.014699995517730713,3.40491546174915,1
breast_cancer,5,9,random_search,0.40450002416037023,2.2153332230513882,1
breast_cancer,5,10,treesat_exact,0.05959998816251755,0.7780722920662644,1
breast_cancer,5,10,nearest_neighbor,0.013900018529966474,3.2135731420272613,1
breast_cancer,5,10,random_search,0.4020999767817557,2.1531284512910895,1
breast_cancer,5,11,treesat_exact,0.06369999027810991,0.1870650228057523,1
breast_cancer,5,11,nearest_neighbor,0.02239999594166875,3.3651345930303553,1
breast_cancer,5,11,random_search,0.43009998626075685,0.542952640317098,1
breast_cancer,5,12,treesat_exact,0.06210000719875097,0.20655361713271841,1
breast_cancer,5,12,nearest_neighbor,0.015400000847876072,1.9308518218070663,1
breast_cancer,5,12,random_search,0.4144999838899821,0.519672982345315,1
breast_cancer,5,13,treesat_exact,0.06120000034570694,0.41650389000274624,1
breast_cancer,5,13,nearest_neighbor,0.017399986973032355,7.250869934091,1
breast_cancer,5,13,random_search,0.3996000159531832,1.0814817046944198,1
breast_cancer,5,14,treesat_exact,0.11699998867698014,1.786936042719927,1
breast_cancer,5,14,nearest_neighbor,0.016399979358538985,6.04589325970628,1
breast_cancer,5,14,random_search,0.38400001358240843,5.719110591281713,1
breast_cancer,5,15,treesat_exact,0.0577000027988106,0.7979025577328503,1
breast_cancer,5,15,nearest_neighbor,0.014499993994832039,3.352401430092905,1
breast_cancer,5,15,random_search,1.2267999991308898,2.117172967904459,1
breast_cancer,5,16,treesat_exact,0.29349999385885894,0.14336494436712952,1
breast_cancer,5,16,nearest_neighbor,0.048299989430233836,1.7536642518013712,1
breast_cancer,5,16,random_search,1.2614000006578863,0.2740186730328052,1
breast_cancer,5,17,treesat_exact,0.3352999920025468,1.0159387682651637,1
breast_cancer,5,17,nearest_neighbor,0.05930001498199999,3.257562357968023,1
breast_cancer,5,17,random_search,0.9623000223655254,2.1942442734240495,1
breast_cancer,5,18,treesat_exact,0.14519999967887998,0.10438434994197093,1
breast_cancer,5,18,nearest_neighbor,0.0405999890062958,3.5964768754334475,1
breast_cancer,5,18,random_search,0.9605000086594373,0.44624251750556343,1
breast_cancer,5,19,treesat_exact,0.12250000145286322,0.38963267132201745,1
breast_cancer,5,19,nearest_neighbor,0.029499991796910763,3.8348401007989317,1
breast_cancer,5,19,random_search,0.7859999896027148,1.2583037358867284,1
breast_cancer,5,20,treesat_exact,0.15129998791962862,0.17852389787539888,1
breast_cancer,5,20,nearest_neighbor,0.034500000765547156,2.2886261158858865,1
breast_cancer,5,20,random_search,1.0760999866761267,0.6253878043440816,1
breast_cancer,5,21,treesat_exact,0.08549998165108263,0.6633228257785724,1
breast_cancer,5,21,nearest_neighbor,0.027600006433203816,4.181148682019898,1
breast_cancer,5,21,random_search,0.4759000148624182,2.1265762539740134,1
breast_cancer,5,22,treesat_exact,0.1430999836884439,1.0076707009787849,1
breast_cancer,5,22,nearest_neighbor,0.024200009647756815,4.3327574500263655,1
breast_cancer,5,22,random_search,0.4369000089354813,4.161054426388189,1
breast_cancer,5,23,treesat_exact,0.06829999620094895,0.5935484016936395,1
breast_cancer,5,23,nearest_neighbor,0.015900004655122757,3.054534113051836,1
breast_cancer,5,23,random_search,0.4212000058032572,2.6139299059047443,1
breast_cancer,5,24,treesat_exact,0.06769999163225293,0.4922807209114123,1
breast_cancer,5,24,nearest_neighbor,0.015600002370774746,3.0692721976552106,1
breast_cancer,5,24,random_search,0.4288000054657459,1.6880214629719976,1
breast_cancer,5,25,treesat_exact,0.06510000093840063,0.3971166165896921,1
breast_cancer,5,25,nearest_neighbor,0.014499993994832039,2.4307447958717763,1
breast_cancer,5,25,random_search,0.4459999909158796,1.80470406397262,1
breast_cancer,5,26,treesat_exact,0.07510001887567341,0.8965576672595733,1
breast_cancer,5,26,nearest_neighbor,0.015400000847876072,3.5350614482359295,1
breast_cancer,5,26,random_search,0.4236999957356602,1.9889998583098198,1
breast_cancer,5,27,treesat_exact,0.0990999978967011,1.6061210131063115,1
breast_cancer,5,27,nearest_neighbor,0.02069998299703002,5.510238608209281,1
breast_cancer,5,27,random_search,0.4120999947190285,4.197880213059272,1
breast_cancer,5,28,treesat_exact,0.06510000093840063,0.8522188850487762,1
breast_cancer,5,28,nearest_neighbor,0.01829999382607639,5.391878359438772,1
breast_cancer,5,28,random_search,0.3992000129073858,4.033516009300894,1
breast_cancer,5,29,treesat_exact,0.11950000771321356,0.5839322525519038,1
breast_cancer,5,29,nearest_neighbor,0.017999991541728377,3.357771885792316,1
breast_cancer,5,29,random_search,0.41799998143687844,1.0153075210608908,1
breast_cancer,6,0,treesat_exact,0.10000000474974513,0.4026124648632717,1
breast_cancer,6,0,nearest_neighbor,0.02139998832717538,2.6800428250741883,1
breast_cancer,6,0,random_search,0.4723999882116914,1.91928177594815,1
breast_cancer,6,1,treesat_exact,0.06890000076964498,0.4273241597695806,1
breast_cancer,6,1,nearest_neighbor,0.020400009816512465,2.9190931810920295,1
breast_cancer,6,1,random_search,0.4217000096105039,1.0469562130467038,1
breast_cancer,6,2,treesat_exact,0.06370001938194036,0.902591421231884,1
breast_cancer,6,2,nearest_neighbor,0.01659998088143766,5.690946262234642,1
breast_cancer,6,2,random_search,0.3896999987773597,4.067327210834262,1
breast_cancer,6,3,treesat_exact,0.059399986639618874,1.130720172091885,1
breast_cancer,6,3,nearest_neighbor,0.013200013199821115,4.015680958405177,1
breast_cancer,6,3,random_search,0.8964999869931489,3.9444594822419825,1
breast_cancer,6,4,treesat_exact,0.30380001408047974,0.5437897679047473,1
breast_cancer,6,4,nearest_neighbor,0.032100011594593525,2.548348231581986,1
breast_cancer,6,4,random_search,0.701499986462295,2.4569842152353645,1
breast_cancer,6,5,treesat_exact,0.07929999264888465,0.7178537287468805,1
breast_cancer,6,5,nearest_neighbor,0.04549999721348286,2.9928844964128016,1
breast_cancer,6,5,random_search,0.4447000101208687,3.199700410084745,1
breast_cancer,6,6,treesat_exact,0.06929997471161187,1.35064732156836,1
breast_cancer,6,6,nearest_neighbor,0.024200009647756815,4.402379691773404,1
breast_cancer,6,6,random_search,0.41470001451671124,4.145882172339767,1
breast_cancer,6,7,treesat_exact,0.07530002039857209,0.5273416614829747,1
breast_cancer,6,7,nearest_neighbor,0.014599994756281376,2.535578557369966,1
breast_cancer,6,7,random_search,0.4163999983575195,3.6076973305776487,1
breast_cancer,6,8,treesat_exact,0.06900000153109431,0.6734848868800493,1
breast_cancer,6,8,nearest_neighbor,0.019500002963468432,7.113601655861279,1
breast_cancer,6,8,random_search,0.43080002069473267,2.1246171919816823,1
breast_cancer,6,9,treesat_exact,0.0653000024612993,0.8552821287532426,1
breast_cancer,6,9,nearest_neighbor,0.015199999324977398,4.080689769172152,1
breast_cancer,6,9,random_search,0.4349999944679439,3.875525615991631,1
breast_cancer,6,10,treesat_exact,0.06840002606622875,0.657958467421265,1
breast_cancer,6,10,nearest_neighbor,0.021099986042827368,4.815644372679915,1
breast_cancer,6,10,random_search,0.4687999899033457,2.977001114924854,1
breast_cancer,6,11,treesat_exact,0.06930000381544232,0.3371480162663184,1
breast_cancer,6,11,nearest_neighbor,0.021100015146657825,2.6116476934410238,1
breast_cancer,6,11,random_search,0.4459999909158796,1.003081735490333,1
breast_cancer,6,12,treesat_exact,0.06299998494796455,0.8492258946182072,1
breast_cancer,6,12,nearest_neighbor,0.015700003132224083,3.837775620550248,1
breast_cancer,6,12,random_search,0.4124999977648258,4.13438052207961,1
breast_cancer,6,13,treesat_exact,0.06349998875521123,0.4273333495038271,1
breast_cancer,6,13,nearest_neighbor,0.014299992471933365,2.3899041457545804,1
breast_cancer,6,13,random_search,0.44440000783652067,1.015113468868167,1
breast_cancer,6,14,treesat_exact,0.06779999239370227,1.4108511068821763,1
breast_cancer,6,14,nearest_neighbor,0.02020000829361379,8.593545620429033,1
breast_cancer,6,14,random_search,0.39400000241585076,5.8802074466763,1
breast_cancer,6,15,treesat_exact,0.059999991208314896,0.530024977961606,1
breast_cancer,6,15,nearest_neighbor,0.013999990187585354,3.296771815338553,1
breast_cancer,6,15,random_search,0.4227000172249973,2.032844992175735,1
breast_cancer,6,16,treesat_exact,0.06779999239370227,0.13266452254908445,1
breast_cancer,6,16,nearest_neighbor,0.019400002202019095,4.650802300797562,1
breast_cancer,6,16,random_search,0.4369999805931002,0.4283693773403878,1
breast_cancer,6,17,treesat_exact,0.06310001481324434,0.7669309143103843,1
breast_cancer,6,17,nearest_neighbor,0.017600017599761486,5.415443692619057,1
breast_cancer,6,17,random_search,0.4068000125698745,1.6946355810540268,1
breast_cancer,6,18,treesat_exact,0.05870001041330397,0.6860529131923419,1
breast_cancer,6,18,nearest_neighbor,0.013599987141788006,2.818661558703436,1
breast_cancer,6,18,random_search,0.3918000147677958,2.2540124837029416,1
breast_cancer,6,19,treesat_exact,0.06010002107359469,1.2935425789554682,1
breast_cancer,6,19,nearest_neighbor,0.013500015484169126,4.194725391229414,1
breast_cancer,6,19,random_search,0.391699984902516,5.199473274355572,1
breast_cancer,6,20,treesat_exact,0.058399979025125504,0.42683998812978674,1
breast_cancer,6,20,nearest_neighbor,0.01279998105019331,3.1865092027746305,1
breast_cancer,6,20,random_search,0.3981000045314431,2.2607288578888274,1
breast_cancer,6,21,treesat_exact,0.058200006606057286,0.39008192126682806,1
breast_cancer,6,21,nearest_neighbor,0.013599987141788006,2.5313511574931757,1
breast_cancer,6,21,random_search,0.3902000025846064,1.766755217769987,1
breast_cancer,6,22,treesat_exact,0.06019999273121357,0.660104173668367,1
breast_cancer,6,22,nearest_neighbor,0.01780001912266016,5.006947464155419,1
breast_cancer,6,22,random_search,0.3929999948013574,2.153421908511748,1
breast_cancer,6,23,treesat_exact,0.05900001269765198,0.5858458540004163,1
breast_cancer,6,23,nearest_neighbor,0.016399979358538985,3.3348595514935746,1
breast_cancer,6,23,random_search,0.39840000681579113,2.1152970354082528,1
breast_cancer,6,24,treesat_exact,0.05669999518431723,1.1810509953128812,1
breast_cancer,6,24,nearest_neighbor,0.013400014722719789,3.9774861494117437,1
breast_cancer,6,24,random_search,0.391699984902516,3.9503422308085443,1
breast_cancer,6,25,treesat_exact,0.05800000508315861,0.9154324021349468,1
breast_cancer,6,25,nearest_neighbor,0.013499986380338669,3.623522948291246,1
breast_cancer,6,25,random_search,0.39090000791475177,4.915284955398206,1
breast_cancer,6,26,treesat_exact,0.056199991377070546,0.45359133111198335,1
breast_cancer,6,26,nearest_neighbor,0.01309998333454132,2.6248865014472536,1
breast_cancer,6,26,random_search,0.3947000077459961,1.2539515099788248,1
breast_cancer,6,27,treesat_exact,0.056199991377070546,1.8315553732577408,1
breast_cancer,6,27,nearest_neighbor,0.013399985618889332,5.333230690218652,1
breast_cancer,6,27,random_search,0.7743000169284642,4.914440179613386,1
breast_cancer,6,28,treesat_exact,0.07210002513602376,0.7183588492031203,1
breast_cancer,6,28,nearest_neighbor,0.01960000372491777,4.238478142401605,1
breast_cancer,6,28,random_search,0.4126999992877245,4.362056070636684,1
breast_cancer,6,29,treesat_exact,0.05929998587816954,0.2976418116208305,1
breast_cancer,6,29,nearest_neighbor,0.013399985618889332,4.799126199882947,1
breast_cancer,6,29,random_search,0.41119998786598444,0.9337478881560602,1
breast_cancer,7,0,treesat_exact,0.09460002183914185,1.2718828996501377,1
breast_cancer,7,0,nearest_neighbor,0.03789999755099416,4.884850575234698,1
breast_cancer,7,0,random_search,0.47030000132508576,4.585436383049126,1
breast_cancer,7,1,treesat_exact,0.07009998080320656,0.4679033554307931,1
breast_cancer,7,1,nearest_neighbor,0.018799997633323073,3.2060302504430838,1
breast_cancer,7,1,random_search,0.42230001417919993,1.81000481842837,1
breast_cancer,7,2,treesat_exact,0.06180000491440296,0.7210711148212507,1
breast_cancer,7,2,nearest_neighbor,0.018499995348975062,3.7698726078614344,1
breast_cancer,7,2,random_search,0.3947000077459961,3.822574779892091,1
breast_cancer,7,3,treesat_exact,0.0604000233579427,0.7257417831497768,1
breast_cancer,7,3,nearest_neighbor,0.016699981642886996,4.838084865683176,1
breast_cancer,7,3,random_search,0.39319999632425606,2.6305798535229705,1
breast_cancer,7,4,treesat_exact,0.058600009651854634,0.2821996258438685,1
breast_cancer,7,4,nearest_neighbor,0.014599994756281376,2.8515819428563245,1
breast_cancer,7,4,random_search,0.41310000233352184,1.0794814331173936,1
breast_cancer,7,5,treesat_exact,0.06349998875521123,2.109489186186352,1
breast_cancer,7,5,nearest_neighbor,0.016600009985268116,8.799650305266502,1
breast_cancer,7,5,random_search,0.3795000084210187,5.0260344146325195,1
breast_cancer,7,6,treesat_exact,0.05829997826367617,0.7495592963440115,1
breast_cancer,7,6,nearest_neighbor,0.016099977074190974,5.434571046517001,1
breast_cancer,7,6,random_search,0.3924000193364918,1.9377707406152418,1
breast_cancer,7,7,treesat_exact,0.05729999975301325,0.3204681260932789,1
breast_cancer,7,7,nearest_neighbor,0.015900004655122757,3.0487723948657166,1
breast_cancer,7,7,random_search,0.4015000013168901,0.9951010474913902,1
breast_cancer,7,8,treesat_exact,0.057900004321709275,1.4053717526689886,1
breast_cancer,7,8,nearest_neighbor,0.015999976312741637,8.935367286636083,1
breast_cancer,7,8,random_search,0.378400000045076,5.3290252564038685,1
breast_cancer,7,9,treesat_exact,0.05740000051446259,2.372370826667144,1
breast_cancer,7,9,nearest_neighbor,0.016000005416572094,8.364031559320635,1
breast_cancer,7,9,random_search,0.3654999891296029,,0
breast_cancer,7,10,treesat_exact,0.05870001041330397,0.3584274797087038,1
breast_cancer,7,10,nearest_neighbor,0.013999990187585354,2.6874860768712745,1
breast_cancer,7,10,random_search,0.3944000054616481,0.9886251908559106,1
breast_cancer,7,11,treesat_exact,0.05629999213851988,1.1228849682722504,1
breast_cancer,7,11,nearest_neighbor,0.01689998316578567,5.450529077810847,1
breast_cancer,7,11,random_search,0.38510002195835114,4.331321376194896,1
breast_cancer,7,12,treesat_exact,0.05669999518431723,0.42774592039400205,1
breast_cancer,7,12,nearest_neighbor,0.01610000617802143,5.644257987232658,1
breast_cancer,7,12,random_search,0.3904000041075051,1.0631249652097572,1
breast_cancer,7,13,treesat_exact,0.056100019719451666,0.9759261319117831,1
breast_cancer,7,13,nearest_neighbor,0.015700003132224083,3.219118787093808,1
breast_cancer,7,13,random_search,0.38519999361597,3.5802504549211496,1
breast_cancer,7,14,treesat_exact,0.05639999289996922,0.026446398784362675,1
breast_cancer,7,14,nearest_neighbor,0.016300007700920105,1.6234839443145568,1
breast_cancer,7,14,random_search,0.42729999404400587,0.21631484938210715,1
breast_cancer,7,15,treesat_exact,0.17579999985173345,0.47510276623651293,1
breast_cancer,7,15,nearest_neighbor,0.03840000135824084,2.7352368283371575,1
breast_cancer,7,15,random_search,0.7017000170890242,1.9794619173548682,1
breast_cancer,7,16,treesat_exact,0.0914999982342124,0.7865499361278423,1
breast_cancer,7,16,nearest_neighbor,0.027900008717551827,3.3862661701236765,1
breast_cancer,7,16,random_search,0.447600003099069,3.906704163707454,1
breast_cancer,7,17,treesat_exact,0.066100008552894,0.10611582081129378,1
breast_cancer,7,17,nearest_neighbor,0.014599994756281376,5.576589627342668,1
breast_cancer,7,17,random_search,0.44150001485832036,0.554601733785951,1
breast_cancer,7,18,treesat_exact,0.08279999019578099,0.8045937753910456,1
breast_cancer,7,18,nearest_neighbor,0.014900026144459844,3.996935309052821,1
breast_cancer,7,18,random_search,0.4181999829597771,3.645130142377018,1
breast_cancer,7,19,treesat_exact,0.09549999958835542,0.708480567593675,1
breast_cancer,7,19,nearest_neighbor,0.014399993233382702,2.6609418131739813,1
breast_cancer,7,19,random_search,0.4163999983575195,3.5328476416265673,1
breast_cancer,7,20,treesat_exact,0.0672000169288367,1.2585894039138208,1
breast_cancer,7,20,nearest_neighbor,0.029199989512562752,4.878983388903786,1
breast_cancer,7,20,random_search,0.4120999947190285,3.864954382728131,1
breast_cancer,7,21,treesat_exact,0.0990999978967011,0.9598940335863061,1
breast_cancer,7,21,nearest_neighbor,0.01610000617802143,3.8327581520391534,1
breast_cancer,7,21,random_search,0.4256000102031976,3.8881512222907406,1
breast_cancer,7,22,treesat_exact,0.06580000626854599,0.9549090994611374,1
breast_cancer,7,22,nearest_neighbor,0.015199999324977398,4.489363017747327,1
breast_cancer,7,22,random_search,0.41480001527816057,3.6952068977004457,1
breast_cancer,7,23,treesat_exact,0.06620000931434333,0.11512061027720843,1
breast_cancer,7,23,nearest_neighbor,0.014399993233382702,2.668264912221459,1
breast_cancer,7,23,random_search,0.44070000876672566,0.4773167007400145,1
breast_cancer,7,24,treesat_exact,0.06730001769028604,0.9673462351042743,1
breast_cancer,7,24,nearest_neighbor,0.015399971744045615,6.443616617268682,1
breast_cancer,7,24,random_search,0.43070001993328333,2.3695456836918796,1
breast_cancer,7,25,treesat_exact,0.066100008552894,0.8364438050399249,1
breast_cancer,7,25,nearest_neighbor,0.016300007700920105,3.9530294591149286,1
breast_cancer,7,25,random_search,0.4022000066470355,3.6284737603276995,1
breast_cancer,7,26,treesat_exact,0.062700011767447,0.3126907673898027,1
breast_cancer,7,26,nearest_neighbor,0.014200020814314485,2.641161362214212,1
breast_cancer,7,26,random_search,0.4217000096105039,0.979402822356843,1
breast_cancer,7,27,treesat_exact,0.09310001041740179,0.9673281330733828,1
breast_cancer,7,27,nearest_neighbor,0.01400001929141581,2.3120956209086665,1
breast_cancer,7,27,random_search,0.4045999958179891,4.117135938679612,1
breast_cancer,7,28,treesat_exact,0.06150000263005495,3.5300974214279726,1
breast_cancer,7,28,nearest_neighbor,0.020800012862309813,11.832870320037598,1
breast_cancer,7,28,random_search,0.38259997381828725,,0
breast_cancer,7,29,treesat_exact,0.06059999577701092,0.2582413066117807,1
breast_cancer,7,29,nearest_neighbor,0.017400016076862812,5.284469419400052,1
breast_cancer,7,29,random_search,0.4010999982710928,1.169506690001876,1
breast_cancer,8,0,treesat_exact,0.09839999256655574,0.2600907285465761,1
breast_cancer,8,0,nearest_neighbor,0.021299987565726042,4.564654669532622,1
breast_cancer,8,0,random_search,0.4619999963324517,1.001176184081674,1
breast_cancer,8,1,treesat_exact,1.6345000185538083,0.5341455737679254,1
breast_cancer,8,1,nearest_neighbor,0.2933999930974096,3.184493228929114,1
breast_cancer,8,1,random_search,6.428399996366352,1.7576396702954955,1
breast_cancer,8,2,treesat_exact,0.7275999814737588,0.0524744427260031,1
breast_cancer,8,2,nearest_neighbor,0.19839999731630087,2.2454054892362345,1
breast_cancer,8,2,random_search,5.012100009480491,0.25416697377743946,1
breast_cancer,8,3,treesat_exact,0.11709998943842947,0.47835500921536667,1
breast_cancer,8,3,nearest_neighbor,0.03269998705945909,2.6772167464093424,1
breast_cancer,8,3,random_search,0.5757999897468835,1.1830657745417006,1
breast_cancer,8,4,treesat_exact,0.07539999205619097,0.5409245642530806,1
breast_cancer,8,4,nearest_neighbor,0.017600017599761486,4.850093372170128,1
breast_cancer,8,4,random_search,0.4861000052187592,1.6347406258871768,1
breast_cancer,8,5,treesat_exact,0.07350000669248402,0.6892273586044972,1
breast_cancer,8,5,nearest_neighbor,0.017399986973032355,4.332199588037595,1
breast_cancer,8,5,random_search,0.5090000049676746,2.169643768637618,1
breast_cancer,8,6,treesat_exact,0.08220001473091543,0.9767037253583817,1
breast_cancer,8,6,nearest_neighbor,0.02789997961372137,6.275019130357602,1
breast_cancer,8,6,random_search,0.6713999900966883,2.1884051594558414,1
breast_cancer,8,7,treesat_exact,0.0872999953571707,0.1920445149348016,1
breast_cancer,8,7,nearest_neighbor,0.02239999594166875,5.30223511284231,1
breast_cancer,8,7,random_search,0.5350999999791384,1.1995172657770383,1
breast_cancer,8,8,treesat_exact,0.07589999586343765,1.0238737080226488,1
breast_cancer,8,8,nearest_neighbor,0.023699976736679673,5.067974562946874,1
breast_cancer,8,8,random_search,0.4776999994646758,5.770551865230379,1
breast_cancer,8,9,treesat_exact,0.07380000897683203,0.2334774075439838,1
breast_cancer,8,9,nearest_neighbor,0.01829999382607639,1.958924683575251,1
breast_cancer,8,9,random_search,0.4785000055562705,1.066915174359112,1
breast_cancer,8,10,treesat_exact,0.06790002225898206,0.8923455468950448,1
breast_cancer,8,10,nearest_neighbor,0.019099999917671084,5.308421642000311,1
breast_cancer,8,10,random_search,0.4192999913357198,2.4646546172187453,1
breast_cancer,8,11,treesat_exact,0.07460001506842673,0.5087749780798396,1
breast_cancer,8,11,nearest_neighbor,0.017399986973032355,6.334458507988923,1
breast_cancer,8,11,random_search,0.46519999159500003,2.2947411440900205,1
breast_cancer,8,12,treesat_exact,0.06540000322274864,0.430068131613484,1
breast_cancer,8,12,nearest_neighbor,0.015300000086426735,3.0434386476561084,1
breast_cancer,8,12,random_search,0.4241999995429069,1.1832618732598654,1
breast_cancer,8,13,treesat_exact,0.06420002318918705,0.48638660947178236,1
breast_cancer,8,13,nearest_neighbor,0.018900027498602867,2.9555435361900346,1
breast_cancer,8,13,random_search,0.4149000160396099,2.071413877851999,1
breast_cancer,8,14,treesat_exact,0.06429999484680593,0.634021938548043,1
breast_cancer,8,14,nearest_neighbor,0.017399986973032355,3.1545267356295352,1
breast_cancer,8,14,random_search,0.4099000070709735,1.845912276741021,1
breast_cancer,8,15,treesat_exact,0.06859999848529696,1.1087964411751237,1
breast_cancer,8,15,nearest_neighbor,0.019700004486367106,5.2125395761054225,1
breast_cancer,8,15,random_search,0.39909998304210603,3.9893103049732104,1
breast_cancer,8,16,treesat_exact,0.05949998740106821,0.4755789588575279,1
breast_cancer,8,16,nearest_neighbor,0.01650000922381878,3.7775544603997173,1
breast_cancer,8,16,random_search,0.3963999915868044,2.068639924615237,1
breast_cancer,8,17,treesat_exact,0.058399979025125504,1.1345137376220484,1
breast_cancer,8,17,nearest_neighbor,0.013999990187585354,4.912144971654353,1
breast_cancer,8,17,random_search,0.3865000035148114,3.9667930196460244,1
breast_cancer,8,18,treesat_exact,0.08670001989230514,2.5500174994155698,1
breast_cancer,8,18,nearest_neighbor,0.016200006939470768,8.676295442687916,1
breast_cancer,8,18,random_search,0.3905000048689544,4.373023810562753,1
breast_cancer,8,19,treesat_exact,0.05889998283237219,1.3249751653142394,1
breast_cancer,8,19,nearest_neighbor,0.01650000922381878,4.918013774520108,1
breast_cancer,8,19,random_search,0.3932999970857054,3.7325207350365845,1
breast_cancer,8,20,treesat_exact,0.05940001574344933,0.23945124382496674,1
breast_cancer,8,20,nearest_neighbor,0.016399979358538985,5.843975327262718,1
breast_cancer,8,20,random_search,0.44460000935941935,0.535214608943078,1
breast_cancer,8,21,treesat_exact,0.06540000322274864,0.18258589693348504,1
breast_cancer,8,21,nearest_neighbor,0.014899997040629387,2.703249682605574,1
breast_cancer,8,21,random_search,0.48080002306960523,0.5651032762751488,1
breast_cancer,8,22,treesat_exact,0.0667999847792089,0.4193445627658884,1
breast_cancer,8,22,nearest_neighbor,0.01479999627918005,3.730038086257823,1
breast_cancer,8,22,random_search,0.44720000005327165,1.8699241869760528,1
breast_cancer,8,23,treesat_exact,0.06620000931434333,0.04485102318302835,1
breast_cancer,8,23,nearest_neighbor,0.01829999382607639,1.7743095151463792,1
breast_cancer,8,23,random_search,0.4749000072479248,0.23462580673930408,1
breast_cancer,8,24,treesat_exact,0.06359998951666057,0.569462815964463,1
breast_cancer,8,24,nearest_neighbor,0.01409999094903469,3.1053247912965154,1
breast_cancer,8,24,random_search,0.7810000097379088,1.8852168288537865,1
breast_cancer,8,25,treesat_exact,0.07360000745393336,0.4498069568496712,1
breast_cancer,8,25,nearest_neighbor,0.018999999156221747,4.935784656281364,1
breast_cancer,8,25,random_search,0.7994000043254346,1.1274548090678378,1
breast_cancer,8,26,treesat_exact,0.12989999959245324,0.6795831032538552,1
breast_cancer,8,26,nearest_neighbor,0.032800016924738884,3.779532835428649,1
breast_cancer,8,26,random_search,0.5583000020124018,0.9220601732446378,1
breast_cancer,8,27,treesat_exact,0.07609999738633633,0.39622109328128957,1
breast_cancer,8,27,nearest_neighbor,0.01650000922381878,3.075470056792039,1
breast_cancer,8,27,random_search,0.4715999821200967,2.122239698956883,1
breast_cancer,8,28,treesat_exact,0.06880000000819564,0.03726445829376668,1
breast_cancer,8,28,nearest_neighbor,0.022199994418770075,2.8320537155602947,1
breast_cancer,8,28,random_search,0.4805999924428761,0.20531154592625156,1
breast_cancer,8,29,treesat_exact,0.06609997944906354,0.6035305352042196,1
breast_cancer,8,29,nearest_neighbor,0.014899997040629387,4.711111004500643,1
breast_cancer,8,29,random_search,0.4428999964147806,1.1211986892284238,1
breast_cancer,9,0,treesat_exact,0.09810001938603818,0.4112489690063537,1
breast_cancer,9,0,nearest_neighbor,0.020400009816512465,2.355142612642703,1
breast_cancer,9,0,random_search,0.4726000188384205,2.072999813505634,1
breast_cancer,9,1,treesat_exact,0.0703000114299357,0.2850918980227372,1
breast_cancer,9,1,nearest_neighbor,0.02020000829361379,4.094772361607193,1
breast_cancer,9,1,random_search,0.4306999908294529,1.0537421013744819,1
breast_cancer,9,2,treesat_exact,0.06309998570941389,0.9545022849429865,1
breast_cancer,9,2,nearest_neighbor,0.016700010746717453,4.815070123823855,1
breast_cancer,9,2,random_search,0.5154999962542206,2.300179051004486,1
breast_cancer,9,3,treesat_exact,0.0693999754730612,0.45418874051608965,1
breast_cancer,9,3,nearest_neighbor,0.014999997802078724,3.865621957346902,1
breast_cancer,9,3,random_search,0.4188000166323036,2.0629914450557862,1
breast_cancer,9,4,treesat_exact,0.06220000796020031,0.16936981925559014,1
breast_cancer,9,4,nearest_neighbor,0.013299984857439995,1.9445848182339112,1
breast_cancer,9,4,random_search,0.42799999937415123,0.5648055710819405,1
breast_cancer,9,5,treesat_exact,0.06309998570941389,0.8750570479375779,1
breast_cancer,9,5,nearest_neighbor,0.013500015484169126,3.5180035823144644,1
breast_cancer,9,5,random_search,0.4030000127386302,2.2886211798036817,1
breast_cancer,9,6,treesat_exact,0.06049999501556158,0.6807939006631009,1
breast_cancer,9,6,nearest_neighbor,0.01409999094903469,3.3470923467415923,1
breast_cancer,9,6,random_search,0.40099999750964344,2.196873813027154,1
breast_cancer,9,7,treesat_exact,0.06079999729990959,0.7377722913272742,1
breast_cancer,9,7,nearest_neighbor,0.012800010154023767,5.061032638579759,1
breast_cancer,9,7,random_search,0.3992999845650047,2.1733846361159586,1
breast_cancer,9,8,treesat_exact,0.06210000719875097,0.8350968006449906,1
breast_cancer,9,8,nearest_neighbor,0.012999982573091984,4.2044890572851426,1
breast_cancer,9,8,random_search,0.38979999953880906,3.3873390346395555,1
breast_cancer,9,9,treesat_exact,0.05949998740106821,0.9246906683091123,1
breast_cancer,9,9,nearest_neighbor,0.012800010154023767,3.2880669164887544,1
breast_cancer,9,9,random_search,0.8642000029794872,2.432522839566462,1
breast_cancer,9,10,treesat_exact,0.13410000246949494,0.4365350980549657,1
breast_cancer,9,10,nearest_neighbor,0.02509998739697039,2.4644432342193654,1
breast_cancer,9,10,random_search,0.5441000103019178,1.9224143063058599,1
breast_cancer,9,11,treesat_exact,0.06819999543949962,2.5170143005880905,1
breast_cancer,9,11,nearest_neighbor,0.022599997464567423,11.258220454947109,1
breast_cancer,9,11,random_search,0.3921999887097627,5.84499978867922,1
breast_cancer,9,12,treesat_exact,0.060900027165189385,0.08247030874405101,1
breast_cancer,9,12,nearest_neighbor,0.013999990187585354,2.2145453313572,1
breast_cancer,9,12,random_search,0.4220000118948519,0.27966639793676157,1
breast_cancer,9,13,treesat_exact,0.06019999273121357,0.026755312829224512,1
breast_cancer,9,13,nearest_neighbor,0.016200006939470768,1.129880672001291,1
breast_cancer,9,13,random_search,0.4219000111334026,0.23159039541101903,1
breast_cancer,9,14,treesat_exact,0.0610999995842576,0.681221649594199,1
breast_cancer,9,14,nearest_neighbor,0.01270000939257443,2.692999663881788,1
breast_cancer,9,14,random_search,0.4975000047124922,1.6489639095486954,1
breast_cancer,9,15,treesat_exact,0.061499973526224494,0.744625039884541,1
breast_cancer,9,15,nearest_neighbor,0.013599987141788006,4.497485555996765,1
breast_cancer,9,15,random_search,0.39820000529289246,2.285066110969476,1
breast_cancer,9,16,treesat_exact,0.059600017266348004,0.19043486100819618,1
breast_cancer,9,16,nearest_neighbor,0.015700003132224083,2.0160528817364773,1
breast_cancer,9,16,random_search,0.40809999336488545,0.5513562743977702,1
breast_cancer,9,17,treesat_exact,0.059999991208314896,0.0393470471391727,1
breast_cancer,9,17,nearest_neighbor,0.012499978765845299,2.3123873370137034,1
breast_cancer,9,17,random_search,0.42260001646354795,0.2423545942716031,1
breast_cancer,9,18,treesat_exact,0.05930001498199999,0.5377069629135423,1
breast_cancer,9,18,nearest_neighbor,0.012300006346777081,6.547944226100102,1
breast_cancer,9,18,random_search,0.3963999915868044,1.835344129891362,1
breast_cancer,9,19,treesat_exact,0.08850000449456275,0.20643613856268156,1
breast_cancer,9,19,nearest_neighbor,0.015600002370774746,1.278905514876415,1
breast_cancer,9,19,random_search,0.4318999999668449,0.18903480875894027,1
breast_cancer,9,20,treesat_exact,0.05950001650489867,0.9780411824368869,1
breast_cancer,9,20,nearest_neighbor,0.015199999324977398,4.496700444980062,1
breast_cancer,9,20,random_search,0.3892999957315624,2.3734684272148936,1
breast_cancer,9,21,treesat_exact,0.09190000128000975,0.782199381347557,1
breast_cancer,9,21,nearest_neighbor,0.01610000617802143,3.6790867529699773,1
breast_cancer,9,21,random_search,0.40290001197718084,0.9074168192218928,1
breast_cancer,9,22,treesat_exact,0.05859998054802418,0.012943352977706607,1
breast_cancer,9,22,nearest_neighbor,0.015500001609325409,3.058519625337771,1
breast_cancer,9,22,random_search,0.42279998888261616,0.20975531560057414,1
breast_cancer,9,23,treesat_exact,0.059399986639618874,1.539208498691471,1
breast_cancer,9,23,nearest_neighbor,0.014999997802078724,5.958521579845059,1
breast_cancer,9,23,random_search,0.38059998769313097,4.729664716464298,1
breast_cancer,9,24,treesat_exact,0.05729999975301325,0.5693203285523102,1
breast_cancer,9,24,nearest_neighbor,0.012600008631125093,2.5614534151744777,1
breast_cancer,9,24,random_search,0.6061999883968383,1.7975799942584978,1
breast_cancer,9,25,treesat_exact,0.19639998208731413,1.9064152995963162,1
breast_cancer,9,25,nearest_neighbor,0.040700018871575594,6.193196767687347,1
breast_cancer,9,25,random_search,0.8353999874088913,5.9352799157940686,1
breast_cancer,9,26,treesat_exact,0.1303000026382506,0.8008518409830404,1
breast_cancer,9,26,nearest_neighbor,0.02920001861639321,4.978649915510904,1
breast_cancer,9,26,random_search,0.741700001526624,3.9594831780844038,1
breast_cancer,9,27,treesat_exact,0.10720000136643648,0.3955111114648281,1
breast_cancer,9,27,nearest_neighbor,0.028000009479001164,3.3468852056756377,1
breast_cancer,9,27,random_search,0.7045000093057752,2.151510048832163,1
breast_cancer,9,28,treesat_exact,0.10659999679774046,0.08624752908664282,1
breast_cancer,9,28,nearest_neighbor,0.022799998987466097,3.391551705920934,1
breast_cancer,9,28,random_search,0.6915999983903021,0.2637162086580577,1
breast_cancer,9,29,treesat_exact,0.222400005441159,1.3409256707223685,1
breast_cancer,9,29,nearest_neighbor,0.023600005079060793,5.802279810640786,1
breast_cancer,9,29,random_search,0.6199000054039061,4.032673693456555,1
breast_cancer,10,0,treesat_exact,0.1629000180400908,2.5024902651920264,1
breast_cancer,10,0,nearest_neighbor,0.02479998511262238,8.261826830763093,1
breast_cancer,10,0,random_search,0.44850000995211303,5.541946959967532,1
breast_cancer,10,1,treesat_exact,0.06619998021051288,0.8309121054762796,1
breast_cancer,10,1,nearest_neighbor,0.01680001150816679,3.9784958699059376,1
breast_cancer,10,1,random_search,0.41710000368766487,3.760880381480586,1
breast_cancer,10,2,treesat_exact,0.06180000491440296,0.6740871921646948,1
breast_cancer,10,2,nearest_neighbor,0.013699987903237343,3.539494248200276,1
breast_cancer,10,2,random_search,0.39420000393874943,3.0922323353747765,1
breast_cancer,10,3,treesat_exact,0.08870000601746142,0.25161180480038375,1
breast_cancer,10,3,nearest_neighbor,0.013999990187585354,3.2756992445733193,1
breast_cancer,10,3,random_search,0.41290000081062317,0.5793071410282826,1
breast_cancer,10,4,treesat_exact,0.05979998968541622,0.5913377860168486,1
breast_cancer,10,4,nearest_neighbor,0.013100012438371778,3.2859951377623244,1
breast_cancer,10,4,random_search,0.3908999788109213,3.543526676687499,1
breast_cancer,10,5,treesat_exact,0.08880000677891076,2.347222090266391,1
breast_cancer,10,5,nearest_neighbor,0.017200014553964138,9.267840966100747,1
breast_cancer,10,5,random_search,0.39629999082535505,4.414883020695264,1
breast_cancer,10,6,treesat_exact,0.08999998681247234,1.3087070842064068,1
breast_cancer,10,6,nearest_neighbor,0.016499980119988322,6.012158208972327,1
breast_cancer,10,6,random_search,0.3845000173896551,4.2682906240402065,1
breast_cancer,10,7,treesat_exact,0.05819997750222683,0.6203996085670811,1
breast_cancer,10,7,nearest_neighbor,0.013100012438371778,3.3241365043636595,1
breast_cancer,10,7,random_search,0.40740001713857055,2.1915034882667386,1
breast_cancer,10,8,treesat_exact,0.05800000508315861,0.37894502914998834,1
breast_cancer,10,8,nearest_neighbor,0.012599979527294636,3.007850770091167,1
breast_cancer,10,8,random_search,0.3986000083386898,1.028025656095472,1
breast_cancer,10,9,treesat_exact,0.05880001117475331,0.32673028178716335,1
breast_cancer,10,9,nearest_neighbor,0.016499980119988322,2.4660793966726473,1
breast_cancer,10,9,random_search,0.5710000114049762,1.0964892771702375,1
breast_cancer,10,10,treesat_exact,0.07639999967068434,0.4172512480857904,1
breast_cancer,10,10,nearest_neighbor,0.021299987565726042,7.998983673781672,1
breast_cancer,10,10,random_search,0.44689999776892364,1.0965361056291507,1
breast_cancer,10,11,treesat_exact,0.0926000066101551,0.42781145761584416,1
breast_cancer,10,11,nearest_neighbor,0.017999991541728377,3.0484963826899287,1
breast_cancer,10,11,random_search,0.42379999649710953,0.611950984716991,1
breast_cancer,10,12,treesat_exact,0.07229999755509198,0.6871604200440119,1
breast_cancer,10,12,nearest_neighbor,0.016000005416572094,2.8791951810791496,1
breast_cancer,10,12,random_search,0.4160999960731715,2.1085657030138134,1
breast_cancer,10,13,treesat_exact,0.06639998173341155,0.6449998364288475,1
breast_cancer,10,13,nearest_neighbor,0.014499993994832039,3.0177716692786194,1
breast_cancer,10,13,random_search,0.4299999854993075,2.334213060784823,1
breast_cancer,10,14,treesat_exact,0.06489999941550195,0.3302640432673054,1
breast_cancer,10,14,nearest_neighbor,0.013900018529966474,2.7087070770216255,1
breast_cancer,10,14,random_search,0.43310000910423696,1.1132920058272344,1
breast_cancer,10,15,treesat_exact,0.06399999256245792,0.8825155827699565,1
breast_cancer,10,15,nearest_neighbor,0.01400001929141581,3.227768620091849,1
breast_cancer,10,15,random_search,0.4135000053793192,3.616370197609086,1
breast_cancer,10,16,treesat_exact,0.05859998054802418,0.7499969166242585,1
breast_cancer,10,16,nearest_neighbor,0.012900010915473104,2.686481157545495,1
breast_cancer,10,16,random_search,0.38330000825226307,3.0958531671056937,1
breast_cancer,10,17,treesat_exact,0.20489998860284686,0.8254833126768456,1
breast_cancer,10,17,nearest_neighbor,0.028799986466765404,2.6159367999796848,1
breast_cancer,10,17,random_search,1.000799995381385,2.2748477561209444,1
breast_cancer,10,18,treesat_exact,0.12270000297576189,0.4415063150570711,1
breast_cancer,10,18,nearest_neighbor,0.06429999484680593,2.76386479420651,1
breast_cancer,10,18,random_search,0.6605999951716512,2.2600858470063683,1
breast_cancer,10,19,treesat_exact,0.07529999129474163,0.7284341652147066,1
breast_cancer,10,19,nearest_neighbor,0.017400016076862812,5.572267504765489,1
breast_cancer,10,19,random_search,0.4284000024199486,2.965941850252584,1
breast_cancer,10,20,treesat_exact,0.06369999027810991,1.1891096967778663,1
breast_cancer,10,20,nearest_neighbor,0.014399993233382702,4.63319714631323,1
breast_cancer,10,20,random_search,0.3955999854952097,4.971125635564815,1
breast_cancer,10,21,treesat_exact,0.07179999374784529,0.7255169810605298,1
breast_cancer,10,21,nearest_neighbor,0.014499993994832039,4.237205824332352,1
breast_cancer,10,21,random_search,0.39319999632425606,3.262309411489327,1
breast_cancer,10,22,treesat_exact,0.11850000009872019,1.230054844776864,1
breast_cancer,10,22,nearest_neighbor,0.021899992134422064,5.119959937784328,1
breast_cancer,10,22,random_search,0.4093000025022775,1.9744849225556145,1
breast_cancer,10,23,treesat_exact,0.0604000233579427,1.0045658063626957,1
breast_cancer,10,23,nearest_neighbor,0.013399985618889332,3.650826070228441,1
breast_cancer,10,23,random_search,0.39480000850744545,2.968351841772914,1
breast_cancer,10,24,treesat_exact,0.05879998207092285,0.1484019948219875,1
breast_cancer,10,24,nearest_neighbor,0.013199984095990658,3.6758763953023834,1
breast_cancer,10,24,random_search,0.41710000368766487,0.5034012585711395,1
breast_cancer,10,25,treesat_exact,0.08759999764151871,1.2374364465356236,1
breast_cancer,10,25,nearest_neighbor,0.01719998545013368,6.8826295549598795,1
breast_cancer,10,25,random_search,0.40129999979399145,2.4717665085322116,1
breast_cancer,10,26,treesat_exact,0.05930001498199999,1.4130676607957682,1
breast_cancer,10,26,nearest_neighbor,0.01689998316578567,6.362641485625044,1
breast_cancer,10,26,random_search,0.388599990401417,3.965781515169999,1
breast_cancer,10,27,treesat_exact,0.11490000179037452,0.4193513412717043,1
breast_cancer,10,27,nearest_neighbor,0.016799982404336333,3.1731763344376884,1
breast_cancer,10,27,random_search,0.41760000749491155,1.0555120695260858,1
breast_cancer,10,28,treesat_exact,0.08609998621977866,0.7391989541107618,1
breast_cancer,10,28,nearest_neighbor,0.016600009985268116,3.557374890171871,1
breast_cancer,10,28,random_search,0.3981000045314431,2.167455030623418,1
breast_cancer,10,29,treesat_exact,0.05800000508315861,1.2645513343509274,1
breast_cancer,10,29,nearest_neighbor,0.013400014722719789,5.165448188588171,1
breast_cancer,10,29,random_search,0.3939000016544014,4.064648821735005,1
breast_cancer,11,0,treesat_exact,0.16540000797249377,0.7289721611678376,1
breast_cancer,11,0,nearest_neighbor,0.029999995604157448,2.7813334614890843,1
breast_cancer,11,0,random_search,0.4398000019136816,1.9151646291669397,1
breast_cancer,11,1,treesat_exact,0.0641999940853566,0.8952329118058814,1
breast_cancer,11,1,nearest_neighbor,0.018999999156221747,6.3409907547126165,1
breast_cancer,11,1,random_search,0.4140000091865659,3.574594784387161,1
breast_cancer,11,2,treesat_exact,0.09139999747276306,1.261592811074272,1
breast_cancer,11,2,nearest_neighbor,0.013300013961270452,4.080910768216409,1
breast_cancer,11,2,random_search,0.40339998668059707,1.047039180998893,1
breast_cancer,11,3,treesat_exact,0.08749999688006938,1.2874665646757688,1
breast_cancer,11,3,nearest_neighbor,0.013100012438371778,4.135862706011842,1
breast_cancer,11,3,random_search,0.388299988117069,3.609177559385931,1
breast_cancer,11,4,treesat_exact,0.05780000356025994,0.9706760796856585,1
breast_cancer,11,4,nearest_neighbor,0.012999982573091984,3.746438304797723,1
breast_cancer,11,4,random_search,0.39010000182315707,4.131599029495595,1
breast_cancer,11,5,treesat_exact,0.057900004321709275,0.30266826556026327,1
breast_cancer,11,5,nearest_neighbor,0.012899981811642647,4.86928335056359,1
breast_cancer,11,5,random_search,0.41199999395757914,1.0405556088536407,1
breast_cancer,11,6,treesat_exact,0.08719999459572136,0.7042728869946715,1
breast_cancer,11,6,nearest_neighbor,0.013299984857439995,3.1011945455400003,1
breast_cancer,11,6,random_search,0.40090002585202456,2.175279653644938,1
breast_cancer,11,7,treesat_exact,0.08930001058615744,0.48760318453425544,1
breast_cancer,11,7,nearest_neighbor,0.01750001683831215,2.2890686658777613,1
breast_cancer,11,7,random_search,0.4133000038564205,0.9102144744134764,1
breast_cancer,11,8,treesat_exact,0.057900004321709275,0.4217815021488966,1
breast_cancer,11,8,nearest_neighbor,0.01270000939257443,3.2947070331567976,1
breast_cancer,11,8,random_search,0.4074999887961894,2.2220218953626625,1
breast_cancer,11,9,treesat_exact,0.059900019550696015,0.3465748370913063,1
breast_cancer,11,9,nearest_neighbor,0.03220001235604286,2.6593081347775827,1
breast_cancer,11,9,random_search,0.4026000096928328,1.1163651637403467,1
breast_cancer,11,10,treesat_exact,0.05679999594576657,0.7894474093556544,1
breast_cancer,11,10,nearest_neighbor,0.01270000939257443,5.749919684756814,1
breast_cancer,11,10,random_search,0.38690000656060874,3.3562614918171807,1
breast_cancer,11,11,treesat_exact,0.05699999746866524,0.9796718264559362,1
breast_cancer,11,11,nearest_neighbor,0.013699987903237343,4.260122671353609,1
breast_cancer,11,11,random_search,0.4036000173073262,5.625128549807226,1
breast_cancer,11,12,treesat_exact,0.06029999349266291,0.10285378777279156,1
breast_cancer,11,12,nearest_neighbor,0.013599987141788006,2.6115076478521537,1
breast_cancer,11,12,random_search,0.44219999108463526,0.4980845268118457,1
breast_cancer,11,13,treesat_exact,0.09359998512081802,1.2536913806980028,1
breast_cancer,11,13,nearest_neighbor,0.022099993657320738,3.6328603884686625,1
breast_cancer,11,13,random_search,0.4158999945502728,3.740372849014717,1
breast_cancer,11,14,treesat_exact,0.06150000263005495,0.513523009252793,1
breast_cancer,11,14,nearest_neighbor,0.013399985618889332,2.6958782782594066,1
breast_cancer,11,14,random_search,0.40309998439624906,1.8287059588552492,1
breast_cancer,11,15,treesat_exact,0.06690001464448869,0.22741308045077058,1
breast_cancer,11,15,nearest_neighbor,0.016799982404336333,5.859691871242623,1
breast_cancer,11,15,random_search,0.4721000150311738,1.0896026971760693,1
breast_cancer,11,16,treesat_exact,0.06309998570941389,0.5514992523682734,1
breast_cancer,11,16,nearest_neighbor,0.01680001150816679,2.3149222654079806,1
breast_cancer,11,16,random_search,0.4140000091865659,1.910412286834009,1
breast_cancer,11,17,treesat_exact,0.05989999044686556,2.9952801463449066,1
breast_cancer,11,17,nearest_neighbor,0.016300007700920105,12.09714129982085,1
breast_cancer,11,17,random_search,0.37859997246414423,6.26463768799055,1
breast_cancer,11,18,treesat_exact,0.05750000127591193,0.2622092911078381,1
breast_cancer,11,18,nearest_neighbor,0.01300001167692244,3.137037904095233,1
breast_cancer,11,18,random_search,0.47619998804293573,0.9980005125805632,1
breast_cancer,11,19,treesat_exact,0.08800000068731606,0.4449400052400395,1
breast_cancer,11,19,nearest_neighbor,0.013600016245618463,3.260562723013486,1
breast_cancer,11,19,random_search,0.4039999912492931,0.938804632529096,1
breast_cancer,11,20,treesat_exact,0.05989999044686556,1.2542832381783546,1
breast_cancer,11,20,nearest_neighbor,0.017000013031065464,7.067311279982393,1
breast_cancer,11,20,random_search,0.3842000151053071,6.025807378172237,1
breast_cancer,11,21,treesat_exact,0.058200006606057286,1.9274236498747201,1
breast_cancer,11,21,nearest_neighbor,0.016699981642886996,7.923365719524665,1
breast_cancer,11,21,random_search,0.3884000179823488,5.159776983396846,1
breast_cancer,11,22,treesat_exact,0.05800000508315861,0.24204934971801512,1
breast_cancer,11,22,nearest_neighbor,0.016200006939470768,3.5571355118559134,1
breast_cancer,11,22,random_search,0.4084999964106828,0.9535852797574162,1
breast_cancer,11,23,treesat_exact,0.08450000314041972,0.7896326019982869,1
breast_cancer,11,23,nearest_neighbor,0.012300006346777081,3.1670337202830097,1
breast_cancer,11,23,random_search,0.39239999023266137,2.4438887273342025,1
breast_cancer,11,24,treesat_exact,0.08420000085607171,1.5087495137693216,1
breast_cancer,11,24,nearest_neighbor,0.012499978765845299,5.2265406852455,1
breast_cancer,11,24,random_search,0.38070001755841076,3.571809478188302,1
breast_cancer,11,25,treesat_exact,0.08670001989230514,1.6055420771911497,1
breast_cancer,11,25,nearest_neighbor,0.016700010746717453,5.726435466052351,1
breast_cancer,11,25,random_search,0.4687999899033457,4.389088567286171,1
breast_cancer,11,26,treesat_exact,0.05810000584460795,0.879487745513168,1
breast_cancer,11,26,nearest_neighbor,0.013900018529966474,3.166626256377225,1
breast_cancer,11,26,random_search,0.38869999116286635,3.8549241454216014,1
breast_cancer,11,27,treesat_exact,0.05570001667365432,0.5072477912358497,1
breast_cancer,11,27,nearest_neighbor,0.012499978765845299,4.193760846022718,1
breast_cancer,11,27,random_search,0.38330000825226307,4.261030211457448,1
breast_cancer,11,28,treesat_exact,0.05520001286640763,1.5543385882260703,1
breast_cancer,11,28,nearest_neighbor,0.012600008631125093,6.478626929268495,1
breast_cancer,11,28,random_search,0.38270000368356705,5.982497756153292,1
breast_cancer,11,29,treesat_exact,0.05810000584460795,2.3554264522490556,1
breast_cancer,11,29,nearest_neighbor,0.017000013031065464,11.230509753847837,1
breast_cancer,11,29,random_search,0.3842000151053071,6.215683884231583,1
breast_cancer,12,0,treesat_exact,0.09469999349676073,0.5940879716942289,1
breast_cancer,12,0,nearest_neighbor,0.0219999928958714,5.406761057146361,1
breast_cancer,12,0,random_search,0.44720000005327165,1.9682502312527015,1
breast_cancer,12,1,treesat_exact,0.06580000626854599,0.19428358169187665,1
breast_cancer,12,1,nearest_neighbor,0.019099999917671084,2.913584504910454,1
breast_cancer,12,1,random_search,0.4267999902367592,0.5323508161602825,1
breast_cancer,12,2,treesat_exact,0.060699996538460255,0.023746905593771683,1
breast_cancer,12,2,nearest_neighbor,0.016399979358538985,1.9639230896543283,1
breast_cancer,12,2,random_search,0.42299999040551484,0.21234871919803594,1
breast_cancer,12,3,treesat_exact,0.05979998968541622,0.22666417728881982,1
breast_cancer,12,3,nearest_neighbor,0.015900004655122757,2.2628084752920725,1
breast_cancer,12,3,random_search,0.41900001815520227,0.7814954507320672,1
breast_cancer,12,4,treesat_exact,0.1446999958716333,0.8028580989849847,1
breast_cancer,12,4,nearest_neighbor,0.016600009985268116,2.9447055696046536,1
breast_cancer,12,4,random_search,0.40249997982755303,2.03492237719012,1
breast_cancer,12,5,treesat_exact,0.05909998435527086,0.7372376434779446,1
breast_cancer,12,5,nearest_neighbor,0.0158999755512923,4.807024928647923,1
breast_cancer,12,5,random_search,0.3927999932784587,3.8688337496742853,1
breast_cancer,12,6,treesat_exact,0.05819997750222683,0.7667218294732958,1
breast_cancer,12,6,nearest_neighbor,0.013199984095990658,5.050612616409785,1
breast_cancer,12,6,random_search,0.38559999666176736,3.8811993013436528,1
breast_cancer,12,7,treesat_exact,0.0659999786876142,0.19955115117033162,1
breast_cancer,12,7,nearest_neighbor,0.016600009985268116,2.856965108617272,1
breast_cancer,12,7,random_search,0.4144999838899821,0.6504372367444142,1
breast_cancer,12,8,treesat_exact,0.058200006606057286,0.5121207834986023,1
breast_cancer,12,8,nearest_neighbor,0.012600008631125093,4.034789723537951,1
breast_cancer,12,8,random_search,0.3905000048689544,1.4682038579536345,1
breast_cancer,12,9,treesat_exact,0.058200006606057286,0.5098770976371371,1
breast_cancer,12,9,nearest_neighbor,0.012899981811642647,3.4963249082905663,1
breast_cancer,12,9,random_search,0.4070000140927732,2.217246011471421,1
breast_cancer,12,10,treesat_exact,0.05740000051446259,0.8112500398748322,1
breast_cancer,12,10,nearest_neighbor,0.012499978765845299,3.5057165118831635,1
breast_cancer,12,10,random_search,0.3853999951388687,4.042524696396362,1
breast_cancer,12,11,treesat_exact,0.08489997708238661,0.19988629161680113,1
breast_cancer,12,11,nearest_neighbor,0.016400008462369442,2.269212051440549,1
breast_cancer,12,11,random_search,0.40859999717213213,0.21451255885912926,1
breast_cancer,12,12,treesat_exact,0.05789997521787882,0.42002442213562724,1
breast_cancer,12,12,nearest_neighbor,0.01279998105019331,7.22538233760794,1
breast_cancer,12,12,random_search,0.3774000215344131,2.2140060510937785,1
breast_cancer,12,13,treesat_exact,0.05639999289996922,0.5115484294936348,1
breast_cancer,12,13,nearest_neighbor,0.012400007108226418,3.289532255684819,1
breast_cancer,12,13,random_search,2.0496000070124865,2.1519300592567756,1
breast_cancer,12,14,treesat_exact,0.10920001659542322,0.47056526098482,1
breast_cancer,12,14,nearest_neighbor,0.029600021662190557,3.446711015863228,1
breast_cancer,12,14,random_search,0.658600009046495,1.8565696635422424,1
breast_cancer,12,15,treesat_exact,0.11240001185797155,0.5961896944684757,1
breast_cancer,12,15,nearest_neighbor,0.022099993657320738,3.6727789764283534,1
breast_cancer,12,15,random_search,0.6073999975342304,2.06973767769562,1
breast_cancer,12,16,treesat_exact,0.09310001041740179,0.7311152506872296,1
breast_cancer,12,16,nearest_neighbor,0.019899976905435324,2.7669375555204665,1
breast_cancer,12,16,random_search,0.5913999921176583,2.3789589752009244,1
breast_cancer,12,17,treesat_exact,0.09029998909682035,0.677989707810583,1
breast_cancer,12,17,nearest_neighbor,0.019400002202019095,3.3071250941087467,1
breast_cancer,12,17,random_search,0.43620000360533595,2.1301141370085968,1
breast_cancer,12,18,treesat_exact,0.06310001481324434,0.11489417754818754,1
breast_cancer,12,18,nearest_neighbor,0.02300000051036477,2.431348506950218,1
breast_cancer,12,18,random_search,0.42210001265630126,0.2626218922249346,1
breast_cancer,12,19,treesat_exact,0.059600017266348004,0.549017694424269,1
breast_cancer,12,19,nearest_neighbor,0.013399985618889332,3.088939669721613,1
breast_cancer,12,19,random_search,0.40049999370239675,1.6837934369315846,1
breast_cancer,12,20,treesat_exact,0.05980001878924668,0.3754989711928781,1
breast_cancer,12,20,nearest_neighbor,0.012899981811642647,3.5058859674050815,1
breast_cancer,12,20,random_search,0.4039999912492931,1.1120359897294472,1
breast_cancer,12,21,treesat_exact,0.059999991208314896,0.8199128469870527,1
breast_cancer,12,21,nearest_neighbor,0.013100012438371778,4.9005825954296185,1
breast_cancer,12,21,random_search,0.37880000309087336,4.287523505293224,1
breast_cancer,12,22,treesat_exact,0.05950001650489867,0.0860825369136205,1
breast_cancer,12,22,nearest_neighbor,0.01680001150816679,2.737537214267241,1
breast_cancer,12,22,random_search,0.4118999931961298,0.5083939906800522,1
breast_cancer,12,23,treesat_exact,0.05870001041330397,0.777891008600524,1
breast_cancer,12,23,nearest_neighbor,0.012900010915473104,3.3677355524881003,1
breast_cancer,12,23,random_search,0.38660000427626073,2.304095208109284,1
breast_cancer,12,24,treesat_exact,0.05840000812895596,1.6030438455516078,1
breast_cancer,12,24,nearest_neighbor,0.016000005416572094,8.315121594416063,1
breast_cancer,12,24,random_search,0.3834000090137124,5.908289572535162,1
breast_cancer,12,25,treesat_exact,0.05900001269765198,0.16154001692560885,1
breast_cancer,12,25,nearest_neighbor,0.012699980288743973,2.109807561162953,1
breast_cancer,12,25,random_search,0.3983000060543418,0.49334944339431913,1
breast_cancer,12,26,treesat_exact,0.05750000127591193,0.7977411923459546,1
breast_cancer,12,26,nearest_neighbor,0.012500007869675756,3.9874173075018384,1
breast_cancer,12,26,random_search,0.3853999951388687,3.1607960087764906,1
breast_cancer,12,27,treesat_exact,0.05750000127591193,0.8463806317739622,1
breast_cancer,12,27,nearest_neighbor,0.012899981811642647,5.041684325625794,1
breast_cancer,12,27,random_search,0.39289999403990805,3.349058570754542,1
breast_cancer,12,28,treesat_exact,0.058600009651854634,0.057883084649879235,1
breast_cancer,12,28,nearest_neighbor,0.017000013031065464,2.7474233460401094,1
breast_cancer,12,28,random_search,0.41429998236708343,0.23148056601164194,1
breast_cancer,12,29,treesat_exact,0.05750000127591193,0.17500232230025264,1
breast_cancer,12,29,nearest_neighbor,0.01270000939257443,2.2766253020055744,1
breast_cancer,12,29,random_search,0.39900001138448715,0.5260517760009944,1
breast_cancer,13,0,treesat_exact,0.48110002535395324,0.7756515359952247,1
breast_cancer,13,0,nearest_neighbor,0.08650001836940646,4.08170418072467,1
breast_cancer,13,0,random_search,1.9771000079344958,2.392815343902762,1
breast_cancer,13,1,treesat_exact,0.2759000053629279,0.5257753705623084,1
breast_cancer,13,1,nearest_neighbor,0.059699988923966885,3.853437240566841,1
breast_cancer,13,1,random_search,0.9716000058688223,2.3319880889796107,1
breast_cancer,13,2,treesat_exact,0.08440000237897038,0.14640543617318508,1
breast_cancer,13,2,nearest_neighbor,0.02449998282827437,3.5682386310299408,1
breast_cancer,13,2,random_search,0.4797999863512814,0.8919369722038779,1
breast_cancer,13,3,treesat_exact,0.06969997775740921,1.3688763628673695,1
breast_cancer,13,3,nearest_neighbor,0.024500011932104826,6.375844707778263,1
breast_cancer,13,3,random_search,0.4216000088490546,4.912047612403461,1
breast_cancer,13,4,treesat_exact,0.0926000066101551,0.12930681437927807,1
breast_cancer,13,4,nearest_neighbor,0.014599994756281376,4.0435020075027515,1
breast_cancer,13,4,random_search,0.454699998954311,0.21661345496544998,1
breast_cancer,13,5,treesat_exact,0.06230000872164965,0.5881626064230526,1
breast_cancer,13,5,nearest_neighbor,0.013200013199821115,2.4839765833693215,1
breast_cancer,13,5,random_search,0.444200006313622,2.158536872291549,1
breast_cancer,13,6,treesat_exact,0.06260001100599766,0.21968748883936484,1
breast_cancer,13,6,nearest_neighbor,0.019800005247816443,1.758153358468516,1
breast_cancer,13,6,random_search,0.444200006313622,0.5025260473310149,1
breast_cancer,13,7,treesat_exact,0.063000014051795,0.742279870912916,1
breast_cancer,13,7,nearest_neighbor,0.015199999324977398,3.8338727479886323,1
breast_cancer,13,7,random_search,0.4025000089313835,4.274695355844302,1
breast_cancer,13,8,treesat_exact,0.0771000050008297,1.1799446109213678,1
breast_cancer,13,8,nearest_neighbor,0.0185999961104244,4.372447692438888,1
breast_cancer,13,8,random_search,0.4326000052969903,2.832615222030762,1
breast_cancer,13,9,treesat_exact,0.06359998951666057,0.09470757946230587,1
breast_cancer,13,9,nearest_neighbor,0.014999997802078724,2.1049131921016504,1
breast_cancer,13,9,random_search,0.4664000007323921,0.2663431048591839,1
breast_cancer,13,10,treesat_exact,0.06379999103955925,0.8848331021463911,1
breast_cancer,13,10,nearest_neighbor,0.014399993233382702,4.151743131439297,1
breast_cancer,13,10,random_search,0.4206000012345612,4.085615980091343,1
breast_cancer,13,11,treesat_exact,0.09079999290406704,0.06328582530301469,1
breast_cancer,13,11,nearest_neighbor,0.014599994756281376,2.2432624324950035,1
breast_cancer,13,11,random_search,0.4606999864336103,0.20423574464361344,1
breast_cancer,13,12,treesat_exact,0.0625999819021672,0.12044012525412112,1
breast_cancer,13,12,nearest_neighbor,0.023800006601959467,2.544815096171607,1
breast_cancer,13,12,random_search,0.41700000292621553,0.5157423225411857,1
breast_cancer,13,13,treesat_exact,0.07419998291879892,0.30402323135465825,1
breast_cancer,13,13,nearest_neighbor,0.014100020052865148,2.1417431540226035,1
breast_cancer,13,13,random_search,0.42970001231878996,1.8759406348707077,1
breast_cancer,13,14,treesat_exact,0.061499973526224494,0.7337752996101681,1
breast_cancer,13,14,nearest_neighbor,0.013599987141788006,4.176654030414203,1
breast_cancer,13,14,random_search,0.4189999890513718,3.5414016477551886,1
breast_cancer,13,15,treesat_exact,0.061700004152953625,1.5045009993576843,1
breast_cancer,13,15,nearest_neighbor,0.018400023691356182,7.018974845502839,1
breast_cancer,13,15,random_search,0.40679998346604407,4.241088533346706,1
breast_cancer,13,16,treesat_exact,0.05979998968541622,0.5404494509366607,1
breast_cancer,13,16,nearest_neighbor,0.014200020814314485,3.162020905722567,1
breast_cancer,13,16,random_search,0.4132000030949712,2.2200711810624143,1
breast_cancer,13,17,treesat_exact,0.14310001279227436,1.6725158585467537,1
breast_cancer,13,17,nearest_neighbor,0.0171000137925148,5.790119750755522,1
breast_cancer,13,17,random_search,0.3957000153604895,3.565261816604713,1
breast_cancer,13,18,treesat_exact,0.058600009651854634,0.6398094981912524,1
breast_cancer,13,18,nearest_neighbor,0.013899989426136017,4.088901904504682,1
breast_cancer,13,18,random_search,0.39679999463260174,3.8812563217256333,1
breast_cancer,13,19,treesat_exact,0.05800000508315861,1.5145039360254646,1
breast_cancer,13,19,nearest_neighbor,0.016900012269616127,6.589697387610446,1
breast_cancer,13,19,random_search,0.37850000080652535,5.993071816942151,1
breast_cancer,13,20,treesat_exact,0.058200006606057286,0.7788406762433382,1
breast_cancer,13,20,nearest_neighbor,0.01309998333454132,3.2350521171257776,1
breast_cancer,13,20,random_search,0.38830001722089946,3.7296949604260323,1
breast_cancer,13,21,treesat_exact,0.06189997657202184,0.5650653575018733,1
breast_cancer,13,21,nearest_neighbor,0.013199984095990658,2.4114210351306857,1
breast_cancer,13,21,random_search,0.3873000096064061,2.0684295267660464,1
breast_cancer,13,22,treesat_exact,0.057999975979328156,0.4332844701686003,1
breast_cancer,13,22,nearest_neighbor,0.01279998105019331,3.1989905491207073,1
breast_cancer,13,22,random_search,0.5754000158049166,1.1466216019393596,1
breast_cancer,13,23,treesat_exact,0.09200000204145908,0.29376012185892564,1
breast_cancer,13,23,nearest_neighbor,0.02139998832717538,2.6332175409238734,1
breast_cancer,13,23,random_search,0.5112999933771789,1.022737864278439,1
breast_cancer,13,24,treesat_exact,0.06719998782500625,0.36294887634113304,1
breast_cancer,13,24,nearest_neighbor,0.014299992471933365,2.2231676705493193,1
breast_cancer,13,24,random_search,0.4212000058032572,1.1047112683065488,1
breast_cancer,13,25,treesat_exact,0.062400009483098984,0.5691679185329542,1
breast_cancer,13,25,nearest_neighbor,0.013300013961270452,3.9343019883542247,1
breast_cancer,13,25,random_search,0.766999990446493,1.8315917705462283,1
breast_cancer,13,26,treesat_exact,0.07520001963712275,0.731614944243545,1
breast_cancer,13,26,nearest_neighbor,0.05299999611452222,3.1731049385253414,1
breast_cancer,13,26,random_search,0.43340001138858497,2.0718414185130527,1
breast_cancer,13,27,treesat_exact,0.06479999865405262,0.7177361067284914,1
breast_cancer,13,27,nearest_neighbor,0.015900004655122757,5.793183675303725,1
breast_cancer,13,27,random_search,0.4118999931961298,3.763629939986005,1
breast_cancer,13,28,treesat_exact,0.06130000110715628,0.11182966978696683,1
breast_cancer,13,28,nearest_neighbor,0.016999983927235007,1.8911003849843564,1
breast_cancer,13,28,random_search,0.4317999992053956,0.3188271301185539,1
breast_cancer,13,29,treesat_exact,0.06320001557469368,0.7027685397988561,1
breast_cancer,13,29,nearest_neighbor,0.0137000170070678,3.4272404789366933,1
breast_cancer,13,29,random_search,0.3971999976783991,2.3951589113152645,1
breast_cancer,14,0,treesat_exact,0.09560000034980476,0.5649773831132456,1
breast_cancer,14,0,nearest_neighbor,0.02099998528137803,3.18150879266558,1
breast_cancer,14,0,random_search,0.4573000187519938,2.216421811173135,1
breast_cancer,14,1,treesat_exact,0.06550000398419797,0.2502720707567289,1
breast_cancer,14,1,nearest_neighbor,0.015099998563528061,2.7009977133024536,1
breast_cancer,14,1,random_search,0.41280000004917383,1.2745519993984689,1
breast_cancer,14,2,treesat_exact,0.0633999879937619,0.7361626478060455,1
breast_cancer,14,2,nearest_neighbor,0.020100007532164454,6.009144658708481,1
breast_cancer,14,2,random_search,0.40469999657943845,2.084613650720914,1
breast_cancer,14,3,treesat_exact,0.05980001878924668,0.11971314491192943,1
breast_cancer,14,3,nearest_neighbor,0.013600016245618463,2.254681107979152,1
breast_cancer,14,3,random_search,0.4250000056345016,0.308585404326006,1
breast_cancer,14,4,treesat_exact,0.05810000584460795,0.57694034719332,1
breast_cancer,14,4,nearest_neighbor,0.013100012438371778,3.926611626827449,1
breast_cancer,14,4,random_search,0.39400000241585076,1.929378790110675,1
breast_cancer,14,5,treesat_exact,0.05800000508315861,0.7044804897946516,1
breast_cancer,14,5,nearest_neighbor,0.012900010915473104,3.2513596290998406,1
breast_cancer,14,5,random_search,0.37990001146681607,3.467718222083131,1
breast_cancer,14,6,treesat_exact,0.06399999256245792,0.7982487206138674,1
breast_cancer,14,6,nearest_neighbor,0.01300001167692244,3.9760745744912107,1
breast_cancer,14,6,random_search,0.38660000427626073,4.209901341672785,1
breast_cancer,14,7,treesat_exact,0.06019999273121357,0.6450902518889454,1
breast_cancer,14,7,nearest_neighbor,0.01659998088143766,5.785798970724997,1
breast_cancer,14,7,random_search,0.39530001231469214,1.797647795787799,1
breast_cancer,14,8,treesat_exact,0.05640002200379968,0.7700670016232082,1
breast_cancer,14,8,nearest_neighbor,0.013100012438371778,4.130153285815468,1
breast_cancer,14,8,random_search,0.3850999928545207,1.8381998491816347,1
breast_cancer,14,9,treesat_exact,0.054800009820610285,0.5568837336715425,1
breast_cancer,14,9,nearest_neighbor,0.02169999061152339,3.4532275319635906,1
breast_cancer,14,9,random_search,0.38519999361597,3.957804903051627,1
breast_cancer,14,10,treesat_exact,0.05840000812895596,1.480074549953464,1
breast_cancer,14,10,nearest_neighbor,0.016000005416572094,5.487955685790439,1
breast_cancer,14,10,random_search,0.3724999842233956,4.847835605922622,1
breast_cancer,14,11,treesat_exact,0.05599998985417187,0.7861475432567863,1
breast_cancer,14,11,nearest_neighbor,0.012899981811642647,3.656040271859513,1
breast_cancer,14,11,random_search,0.37880000309087336,3.601743392622287,1
breast_cancer,14,12,treesat_exact,0.05649999366141856,0.4539324701194679,1
breast_cancer,14,12,nearest_neighbor,0.013100012438371778,2.6756103589505784,1
breast_cancer,14,12,random_search,0.6827999895904213,1.0604317543531667,1
breast_cancer,14,13,treesat_exact,0.0709999876562506,0.12098579860212509,1
breast_cancer,14,13,nearest_neighbor,0.01930000144056976,4.2980316250439,1
breast_cancer,14,13,random_search,0.45110000064596534,0.49026440376951724,1
breast_cancer,14,14,treesat_exact,0.06520000169984996,1.4491144723034828,1
breast_cancer,14,14,nearest_neighbor,0.020500010577961802,9.29442683898684,1
breast_cancer,14,14,random_search,0.3858999989461154,4.055698260274895,1
breast_cancer,14,15,treesat_exact,0.05819997750222683,0.7943014328814099,1
breast_cancer,14,15,nearest_neighbor,0.015199999324977398,3.215691638469,1
breast_cancer,14,15,random_search,0.38410001434385777,3.6399577702275097,1
breast_cancer,14,16,treesat_exact,0.05549998604692519,0.33915488938992416,1
breast_cancer,14,16,nearest_neighbor,0.013400014722719789,2.600523659301801,1
breast_cancer,14,16,random_search,0.4062999796587974,1.0613307393450886,1
breast_cancer,14,17,treesat_exact,0.055899989092722535,0.3388215490940515,1
breast_cancer,14,17,nearest_neighbor,0.012899981811642647,3.949443847939512,1
breast_cancer,14,17,random_search,0.3929999948013574,1.0993351420262565,1
breast_cancer,14,18,treesat_exact,0.05599998985417187,0.5552931837297502,1
breast_cancer,14,18,nearest_neighbor,0.012500007869675756,6.790185687109345,1
breast_cancer,14,18,random_search,0.3882000164594501,1.6825771600964514,1
breast_cancer,14,19,treesat_exact,0.054500007536262274,0.4400474137508542,1
breast_cancer,14,19,nearest_neighbor,0.01270000939257443,3.7992141229569927,1
breast_cancer,14,19,random_search,0.38529999437741935,2.035000105068547,1
breast_cancer,14,20,treesat_exact,0.05490001058205962,0.14821969765566037,1
breast_cancer,14,20,nearest_neighbor,0.01270000939257443,2.3349894899059622,1
breast_cancer,14,20,random_search,0.4154000198468566,0.49050963123713087,1
breast_cancer,14,21,treesat_exact,0.06059999577701092,0.5833190780927723,1
breast_cancer,14,21,nearest_neighbor,0.015999976312741637,3.6896825540845435,1
breast_cancer,14,21,random_search,0.4059000057168305,1.9113550222741427,1
breast_cancer,14,22,treesat_exact,0.05840000812895596,0.2014145361640799,1
breast_cancer,14,22,nearest_neighbor,0.015300000086426735,3.4110655598164863,1
breast_cancer,14,22,random_search,0.4063999804202467,0.5796408626801083,1
breast_cancer,14,23,treesat_exact,0.05540001438930631,0.13589732270669394,1
breast_cancer,14,23,nearest_neighbor,0.01270000939257443,2.168429447594125,1
breast_cancer,14,23,random_search,0.4338999860920012,0.32536688336334757,1
breast_cancer,14,24,treesat_exact,0.058699981309473515,0.30096681083628163,1
breast_cancer,14,24,nearest_neighbor,0.012800010154023767,2.143357580082696,1
breast_cancer,14,24,random_search,0.40359998820349574,1.127893958813831,1
breast_cancer,14,25,treesat_exact,0.06089999806135893,0.30776576284363655,1
breast_cancer,14,25,nearest_neighbor,0.016200006939470768,4.486699203205554,1
breast_cancer,14,25,random_search,0.41039998177438974,1.0075902146386944,1
breast_cancer,14,26,treesat_exact,0.055899989092722535,0.7989125052944189,1
breast_cancer,14,26,nearest_neighbor,0.012800010154023767,3.6489679526871868,1
breast_cancer,14,26,random_search,0.3921000170521438,2.5621495764408895,1
breast_cancer,14,27,treesat_exact,0.05530001362785697,0.6329682996872656,1
breast_cancer,14,27,nearest_neighbor,0.01270000939257443,5.501146289539181,1
breast_cancer,14,27,random_search,0.39000000106170774,3.3493489193591013,1
breast_cancer,14,28,treesat_exact,0.05570001667365432,0.039322851632785094,1
breast_cancer,14,28,nearest_neighbor,0.012800010154023767,2.373174340676671,1
breast_cancer,14,28,random_search,0.4183999844826758,0.2505312224906478,1
breast_cancer,14,29,treesat_exact,0.05529998452402651,0.833438011527345,1
breast_cancer,14,29,nearest_neighbor,0.012499978765845299,3.8125012820228226,1
breast_cancer,14,29,random_search,0.378099997760728,3.7434241003398836,1
breast_cancer,15,0,treesat_exact,0.09039998985826969,0.8326860435035361,1
breast_cancer,15,0,nearest_neighbor,0.020700012100860476,3.851244981033479,1
breast_cancer,15,0,random_search,0.5044999998062849,2.197719262680459,1
breast_cancer,15,1,treesat_exact,0.07039998308755457,0.07796940855274048,1
breast_cancer,15,1,nearest_neighbor,0.01580000389367342,2.7220143672815107,1
breast_cancer,15,1,random_search,1.9946999964304268,0.26815080911170713,1
breast_cancer,15,2,treesat_exact,0.23520001559518278,1.116937042187314,1
breast_cancer,15,2,nearest_neighbor,0.04990000161342323,4.0096734334869595,1
breast_cancer,15,2,random_search,1.0163999977521598,3.936862928396642,1
breast_cancer,15,3,treesat_exact,0.10109998402185738,1.0081215457120274,1
breast_cancer,15,3,nearest_neighbor,0.020000006770715117,3.4291069139829773,1
breast_cancer,15,3,random_search,0.5534999945666641,3.76938965299618,1
breast_cancer,15,4,treesat_exact,0.12660000356845558,0.335233816105957,1
breast_cancer,15,4,nearest_neighbor,0.028700014809146523,2.2958342384318784,1
breast_cancer,15,4,random_search,0.5180999869480729,1.0883897957135034,1
breast_cancer,15,5,treesat_exact,0.1168999879155308,1.7436288162754114,1
breast_cancer,15,5,nearest_neighbor,0.01729998621158302,4.822534491744138,1
breast_cancer,15,5,random_search,0.4042999935336411,2.207293224494833,1
breast_cancer,15,6,treesat_exact,0.11399999493733048,0.7523122289091209,1
breast_cancer,15,6,nearest_neighbor,0.016699981642886996,3.6482075391347975,1
breast_cancer,15,6,random_search,0.3947000077459961,2.2548193717964806,1
breast_cancer,15,7,treesat_exact,0.060999998822808266,0.14987023619158887,1
breast_cancer,15,7,nearest_neighbor,0.013400014722719789,2.809830249455217,1
breast_cancer,15,7,random_search,0.40400002035312355,0.4571304690964344,1
breast_cancer,15,8,treesat_exact,0.05870001041330397,0.4866048540147677,1
breast_cancer,15,8,nearest_neighbor,0.012800010154023767,3.673482885543213,1
breast_cancer,15,8,random_search,0.39110000943765044,2.5405656515722272,1
breast_cancer,15,9,treesat_exact,0.0577000027988106,1.1945454991467357,1
breast_cancer,15,9,nearest_neighbor,0.013399985618889332,3.9342681323022806,1
breast_cancer,15,9,random_search,0.3941000031773001,4.835140160658051,1
breast_cancer,15,10,treesat_exact,0.060699996538460255,0.3036833991152008,1
breast_cancer,15,10,nearest_neighbor,0.013299984857439995,2.303550926822091,1
breast_cancer,15,10,random_search,0.47599998652003706,1.0344084012909969,1
breast_cancer,15,11,treesat_exact,0.06429999484680593,0.5601252492650987,1
breast_cancer,15,11,nearest_neighbor,0.02169999061152339,2.670152641136295,1
breast_cancer,15,11,random_search,0.4227000172249973,2.1349600932256427,1
breast_cancer,15,12,treesat_exact,0.06520000169984996,1.0633367606183843,1
breast_cancer,15,12,nearest_neighbor,0.013699987903237343,3.2284760395645695,1
breast_cancer,15,12,random_search,0.401599972974509,4.145055071522026,1
breast_cancer,15,13,treesat_exact,0.07169999298639596,0.012471339604014808,1
breast_cancer,15,13,nearest_neighbor,0.026699999580159783,2.4152859505954827,1
breast_cancer,15,13,random_search,0.6234999746084213,0.2262832752052392,1
breast_cancer,15,14,treesat_exact,0.08850000449456275,0.5025427089575979,1
breast_cancer,15,14,nearest_neighbor,0.0185999961104244,2.5612631856251107,1
breast_cancer,15,14,random_search,0.5857999785803258,1.9521466075654297,1
breast_cancer,15,15,treesat_exact,0.08940001134760678,0.8869970198242784,1
breast_cancer,15,15,nearest_neighbor,0.025299988919869065,4.031412942636074,1
breast_cancer,15,15,random_search,0.5055000074207783,3.501183274874176,1
breast_cancer,15,16,treesat_exact,0.07249999907799065,0.8170516622509404,1
breast_cancer,15,16,nearest_neighbor,0.015900004655122757,2.337047438761794,1
breast_cancer,15,16,random_search,0.46400001156143844,2.0635013482034785,1
breast_cancer,15,17,treesat_exact,0.07079998613335192,0.8611624917668935,1
breast_cancer,15,17,nearest_neighbor,0.015300000086426735,4.547311222393178,1
breast_cancer,15,17,random_search,0.42810000013560057,2.263594808106072,1
breast_cancer,15,18,treesat_exact,0.06370001938194036,3.369498992147883,1
breast_cancer,15,18,nearest_neighbor,0.019099999917671084,11.57129537460883,1
breast_cancer,15,18,random_search,0.40370001806877553,,0
breast_cancer,15,19,treesat_exact,0.0633999879937619,0.23085963460363929,1
breast_cancer,15,19,nearest_neighbor,0.01789999078027904,2.8794713921059123,1
breast_cancer,15,19,random_search,0.43000001460313797,1.009752913607174,1
breast_cancer,15,20,treesat_exact,0.1574999769218266,2.113386136573538,1
breast_cancer,15,20,nearest_neighbor,0.0213000166695565,7.753902332711898,1
breast_cancer,15,20,random_search,0.44189998880028725,6.365280089968102,1
breast_cancer,15,21,treesat_exact,0.06799999391660094,0.646195044490218,1
breast_cancer,15,21,nearest_neighbor,0.015199999324977398,2.7207393364750976,1
breast_cancer,15,21,random_search,0.401899975258857,2.2611877275469174,1
breast_cancer,15,22,treesat_exact,0.11600001016631722,1.087613784647492,1
breast_cancer,15,22,nearest_neighbor,0.017799990018829703,4.729598879338364,1
breast_cancer,15,22,random_search,0.3939000016544014,3.675259298669662,1
breast_cancer,15,23,treesat_exact,0.06029999349266291,1.085834110778148,1
breast_cancer,15,23,nearest_neighbor,0.013199984095990658,4.2153351949695494,1
breast_cancer,15,23,random_search,0.387699983548373,4.622252513909404,1
breast_cancer,15,24,treesat_exact,0.0858000130392611,1.827858592406099,1
breast_cancer,15,24,nearest_neighbor,0.016300007700920105,5.6051996957338295,1
breast_cancer,15,24,random_search,0.3890999942086637,3.992896188785904,1
breast_cancer,15,25,treesat_exact,0.06089999806135893,0.43918302474344184,1
breast_cancer,15,25,nearest_neighbor,0.013299984857439995,2.06403606178379,1
breast_cancer,15,25,random_search,0.39870000910013914,1.8662089299357276,1
breast_cancer,15,26,treesat_exact,0.05750000127591193,1.1941235446439045,1
breast_cancer,15,26,nearest_neighbor,0.012900010915473104,3.86076339255634,1
breast_cancer,15,26,random_search,0.3775999939534813,3.7973100121871726,1
breast_cancer,15,27,treesat_exact,0.05699999746866524,2.6883900698479755,1
breast_cancer,15,27,nearest_neighbor,0.016300007700920105,9.029092810243128,1
breast_cancer,15,27,random_search,0.3692000173032284,7.124159957515594,1
breast_cancer,15,28,treesat_exact,0.09329998283647001,0.507289367992803,1
breast_cancer,15,28,nearest_neighbor,0.016499980119988322,3.364125868121974,1
breast_cancer,15,28,random_search,0.38640000275336206,2.3839585102711274,1
breast_cancer,15,29,treesat_exact,0.055899989092722535,0.5121924470935749,1
breast_cancer,15,29,nearest_neighbor,0.016300007700920105,2.6275611045382186,1
breast_cancer,15,29,random_search,0.38430001586675644,2.105620551051615,1
breast_cancer,16,0,treesat_exact,0.0923000043258071,0.6121443827767692,1
breast_cancer,16,0,nearest_neighbor,0.020000006770715117,2.9075209546066225,1
breast_cancer,16,0,random_search,0.4574000195134431,3.3159879684231046,1
breast_cancer,16,1,treesat_exact,0.06589997792616487,0.17242814979147736,1
breast_cancer,16,1,nearest_neighbor,0.014699995517730713,2.191871727179691,1
breast_cancer,16,1,random_search,0.4284000024199486,0.6721722249928355,1
breast_cancer,16,2,treesat_exact,0.060399994254112244,0.5957570151491803,1
breast_cancer,16,2,nearest_neighbor,0.013499986380338669,3.1007023939545753,1
breast_cancer,16,2,random_search,0.4022000066470355,1.8870790609335466,1
breast_cancer,16,3,treesat_exact,0.06150000263005495,0.9627074225410592,1
breast_cancer,16,3,nearest_neighbor,0.017300015315413475,5.1915956350150365,1
breast_cancer,16,3,random_search,0.3920000162906945,3.6374206629351846,1
breast_cancer,16,4,treesat_exact,0.058600009651854634,1.1666717398122006,1
breast_cancer,16,4,nearest_neighbor,0.016200006939470768,6.659839784899606,1
breast_cancer,16,4,random_search,0.37999998312443495,3.789140606055296,1
breast_cancer,16,5,treesat_exact,0.059200014220550656,0.7214025893032107,1
breast_cancer,16,5,nearest_neighbor,0.013100012438371778,3.3336123238015607,1
breast_cancer,16,5,random_search,0.3929999948013574,2.4815837786046293,1
breast_cancer,16,6,treesat_exact,0.0585000088904053,0.7485306992671021,1
breast_cancer,16,6,nearest_neighbor,0.012900010915473104,2.8474219241767784,1
breast_cancer,16,6,random_search,1.4223000034689903,2.1945685994477078,1
breast_cancer,16,7,treesat_exact,0.4236999957356602,0.16228469454953529,1
breast_cancer,16,7,nearest_neighbor,0.08669999078847468,2.7848667899238104,1
breast_cancer,16,7,random_search,0.985099992249161,0.47067509610925484,1
breast_cancer,16,8,treesat_exact,0.07210002513602376,0.8780689094080141,1
breast_cancer,16,8,nearest_neighbor,0.015999976312741637,5.071451626025187,1
breast_cancer,16,8,random_search,0.43230000301264226,3.5409596528712104,1
breast_cancer,16,9,treesat_exact,0.0653000024612993,0.8687862899783979,1
breast_cancer,16,9,nearest_neighbor,0.014500023098662496,4.393847361635739,1
breast_cancer,16,9,random_search,0.41290000081062317,3.2739612284830826,1
breast_cancer,16,10,treesat_exact,0.06580000626854599,0.7660664194268436,1
breast_cancer,16,10,nearest_neighbor,0.01479999627918005,3.7108632154154697,1
breast_cancer,16,10,random_search,0.4318999999668449,2.4401908319202623,1
breast_cancer,16,11,treesat_exact,0.0644999963697046,0.29281496731514367,1
breast_cancer,16,11,nearest_neighbor,0.013800017768517137,3.3836564566810297,1
breast_cancer,16,11,random_search,0.40270001045428216,1.8365906642583072,1
breast_cancer,16,12,treesat_exact,0.06990000838413835,2.017540579385786,1
breast_cancer,16,12,nearest_neighbor,0.022099993657320738,7.210749651997949,1
breast_cancer,16,12,random_search,0.3858999989461154,5.564190812255908,1
breast_cancer,16,13,treesat_exact,0.06029999349266291,0.1308471281187953,1
breast_cancer,16,13,nearest_neighbor,0.016400008462369442,3.1284902445255756,1
breast_cancer,16,13,random_search,0.41229999624192715,0.8715597711802965,1
breast_cancer,16,14,treesat_exact,0.06089999806135893,0.17321666810508451,1
breast_cancer,16,14,nearest_neighbor,0.013499986380338669,2.065853516059761,1
breast_cancer,16,14,random_search,0.42970001231878996,0.5275677818623125,1
breast_cancer,16,15,treesat_exact,0.06239998037926853,0.6479361750883148,1
breast_cancer,16,15,nearest_neighbor,0.016900012269616127,3.3505677998609573,1
breast_cancer,16,15,random_search,0.4099000070709735,1.6071933127006475,1
breast_cancer,16,16,treesat_exact,0.05910001345910132,2.5528833493045187,1
breast_cancer,16,16,nearest_neighbor,0.017000013031065464,9.42619709159623,1
breast_cancer,16,16,random_search,0.3962000191677362,7.192289952530041,1
breast_cancer,16,17,treesat_exact,0.06370001938194036,0.38661863575741884,1
breast_cancer,16,17,nearest_neighbor,0.014599994756281376,3.4269017979593253,1
breast_cancer,16,17,random_search,0.41649999911896884,1.1106071795836059,1
breast_cancer,16,18,treesat_exact,0.06309998570941389,0.08957914608377729,1
breast_cancer,16,18,nearest_neighbor,0.013499986380338669,2.3978474837897386,1
breast_cancer,16,18,random_search,0.4628000024240464,0.27361616336138067,1
breast_cancer,16,19,treesat_exact,0.06310001481324434,0.34775066311922886,1
breast_cancer,16,19,nearest_neighbor,0.013499986380338669,3.71352709211739,1
breast_cancer,16,19,random_search,0.4158999945502728,1.2816238252806191,1
breast_cancer,16,20,treesat_exact,0.061400001868605614,0.11071223025568899,1
breast_cancer,16,20,nearest_neighbor,0.0171000137925148,2.1662129734590456,1
breast_cancer,16,20,random_search,0.42279998888261616,0.32657049185077724,1
breast_cancer,16,21,treesat_exact,0.05810000584460795,0.09510008250856965,1
breast_cancer,16,21,nearest_neighbor,0.015900004655122757,2.5866536530330477,1
breast_cancer,16,21,random_search,0.4212000058032572,0.4996439645615249,1
breast_cancer,16,22,treesat_exact,0.06110002868808806,1.6355241367738744,1
breast_cancer,16,22,nearest_neighbor,0.01659998088143766,8.695436164837762,1
breast_cancer,16,22,random_search,0.398199976189062,3.8432310319234446,1
breast_cancer,16,23,treesat_exact,0.058200006606057286,0.43308190550495373,1
breast_cancer,16,23,nearest_neighbor,0.016600009985268116,3.734869109085136,1
breast_cancer,16,23,random_search,0.3997000167146325,1.9350718657166244,1
breast_cancer,16,24,treesat_exact,0.057100027333945036,0.6619762075985935,1
breast_cancer,16,24,nearest_neighbor,0.015399971744045615,3.9267617745998287,1
breast_cancer,16,24,random_search,0.38670000503771007,2.314326153338238,1
breast_cancer,16,25,treesat_exact,0.05810000584460795,0.3627947950174772,1
breast_cancer,16,25,nearest_neighbor,0.01309998333454132,4.276564412919427,1
breast_cancer,16,25,random_search,0.39679999463260174,1.8623958330420776,1
breast_cancer,16,26,treesat_exact,0.05720002809539437,0.21811764737977954,1
breast_cancer,16,26,nearest_neighbor,0.012500007869675756,2.642226028538708,1
breast_cancer,16,26,random_search,0.3972999984398484,0.8666640053735982,1
breast_cancer,16,27,treesat_exact,0.05909998435527086,1.211329009534846,1
breast_cancer,16,27,nearest_neighbor,0.013300013961270452,4.81361462076134,1
breast_cancer,16,27,random_search,0.39480000850744545,4.212518915018523,1
breast_cancer,16,28,treesat_exact,0.0585000088904053,1.4743199351331084,1
breast_cancer,16,28,nearest_neighbor,0.013999990187585354,6.975556984289982,1
breast_cancer,16,28,random_search,1.3841000036336482,4.198309663919903,1
breast_cancer,16,29,treesat_exact,0.17710000975057483,0.06135489123754295,1
breast_cancer,16,29,nearest_neighbor,0.051000009989365935,1.3698489830016183,1
breast_cancer,16,29,random_search,1.080499991076067,0.2275706574521013,1
breast_cancer,17,0,treesat_exact,0.11319998884573579,0.4331491706064742,1
breast_cancer,17,0,nearest_neighbor,0.024800014216452837,2.695021835896881,1
breast_cancer,17,0,random_search,0.520200002938509,0.9657281710957303,1
breast_cancer,17,1,treesat_exact,0.11129997437819839,0.0767363612077563,1
breast_cancer,17,1,nearest_neighbor,0.028699985705316067,2.067742048205778,1
breast_cancer,17,1,random_search,0.5332000146154314,0.24668288075438047,1
breast_cancer,17,2,treesat_exact,0.0701999815646559,1.0444477468876385,1
breast_cancer,17,2,nearest_neighbor,0.015300000086426735,4.409983899182645,1
breast_cancer,17,2,random_search,0.40759998955763876,3.7451367519826797,1
breast_cancer,17,3,treesat_exact,0.06369999027810991,1.0924270379151844,1
breast_cancer,17,3,nearest_neighbor,0.01379998866468668,3.7864395563610476,1
breast_cancer,17,3,random_search,0.3902000025846064,4.069164918412024,1
breast_cancer,17,4,treesat_exact,0.0610999995842576,0.40844346946081017,1
breast_cancer,17,4,nearest_neighbor,0.013200013199821115,5.001670339746626,1
breast_cancer,17,4,random_search,0.3994000144302845,2.3415696991039754,1
breast_cancer,17,5,treesat_exact,0.06089999806135893,0.638116105087481,1
breast_cancer,17,5,nearest_neighbor,0.01309998333454132,2.2843506607142263,1
breast_cancer,17,5,random_search,1.0330999793950468,2.239344887937354,1
breast_cancer,17,6,treesat_exact,0.27650000993162394,1.5804632065829585,1
breast_cancer,17,6,nearest_neighbor,0.03980001201853156,5.369958114197784,1
breast_cancer,17,6,random_search,0.4954999894835055,6.110426811572824,1
breast_cancer,17,7,treesat_exact,0.07319997530430555,0.024982602073693183,1
breast_cancer,17,7,nearest_neighbor,0.01990000600926578,8.197936304036363,1
breast_cancer,17,7,random_search,0.4488999838940799,0.20951396701158936,1
breast_cancer,17,8,treesat_exact,0.06580000626854599,0.02616417201041646,1
breast_cancer,17,8,nearest_neighbor,0.014199991710484028,2.1190263920960404,1
breast_cancer,17,8,random_search,0.4420999903231859,0.19906667615981458,1
breast_cancer,17,9,treesat_exact,0.0653000024612993,0.20791174308520088,1
breast_cancer,17,9,nearest_neighbor,0.013800017768517137,2.6605815048445174,1
breast_cancer,17,9,random_search,0.41259999852627516,0.9530855544658136,1
breast_cancer,17,10,treesat_exact,0.06369999027810991,1.038746743307256,1
breast_cancer,17,10,nearest_neighbor,0.024500011932104826,4.964653570577654,1
breast_cancer,17,10,random_search,0.39060000563040376,4.152350027607381,1
breast_cancer,17,11,treesat_exact,0.08939998224377632,1.3476217122161864,1
breast_cancer,17,11,nearest_neighbor,0.01750001683831215,5.059233282261847,1
breast_cancer,17,11,random_search,0.4008999967481941,2.131909289863684,1
breast_cancer,17,12,treesat_exact,0.05929998587816954,0.7225437043041509,1
breast_cancer,17,12,nearest_neighbor,0.016900012269616127,4.124101844443389,1
breast_cancer,17,12,random_search,0.3989000106230378,1.5780404302487934,1
breast_cancer,17,13,treesat_exact,0.06120000034570694,1.2944053740116195,1
breast_cancer,17,13,nearest_neighbor,0.013599987141788006,3.662604667671066,1
breast_cancer,17,13,random_search,0.3964999923482537,4.495532245929071,1
breast_cancer,17,14,treesat_exact,0.0610999995842576,0.40992937466154944,1
breast_cancer,17,14,nearest_neighbor,0.013199984095990658,2.919264893052233,1
breast_cancer,17,14,random_search,0.39560001459904015,1.685359612088589,1
breast_cancer,17,15,treesat_exact,0.05870001041330397,0.12790883059446612,1
breast_cancer,17,15,nearest_neighbor,0.016999983927235007,2.920082214115166,1
breast_cancer,17,15,random_search,0.5394000036176294,0.5750218025893419,1
breast_cancer,17,16,treesat_exact,0.07229999755509198,0.40667547378306934,1
breast_cancer,17,16,nearest_neighbor,0.016900012269616127,3.153994536033081,1
breast_cancer,17,16,random_search,0.4209000035189092,1.9196943617212647,1
breast_cancer,17,17,treesat_exact,0.09660000796429813,1.0926973424011133,1
breast_cancer,17,17,nearest_neighbor,0.02030000905506313,3.5589568481155474,1
breast_cancer,17,17,random_search,0.4219000111334026,2.4344523994283915,1
breast_cancer,17,18,treesat_exact,0.06320001557469368,0.6824098690120054,1
breast_cancer,17,18,nearest_neighbor,0.013699987903237343,3.824548165513273,1
breast_cancer,17,18,random_search,0.4042999935336411,3.6416523293102347,1
breast_cancer,17,19,treesat_exact,0.062099978094920516,0.5733091731553663,1
breast_cancer,17,19,nearest_neighbor,0.0137000170070678,3.0474821876820606,1
breast_cancer,17,19,random_search,0.39430000470019877,3.1944659193421385,1
breast_cancer,17,20,treesat_exact,0.060699996538460255,0.3271782392426572,1
breast_cancer,17,20,nearest_neighbor,0.013499986380338669,5.341392161929033,1
breast_cancer,17,20,random_search,0.39480000850744545,1.164055261729862,1
breast_cancer,17,21,treesat_exact,0.059200014220550656,0.4343557154823101,1
breast_cancer,17,21,nearest_neighbor,0.01819999306462705,5.202959986436589,1
breast_cancer,17,21,random_search,0.4042999935336411,0.9433012308737098,1
breast_cancer,17,22,treesat_exact,0.0610999995842576,0.1817426442356184,1
breast_cancer,17,22,nearest_neighbor,0.013500015484169126,1.8757659743050756,1
breast_cancer,17,22,random_search,0.4048999981023371,0.9458396863151868,1
breast_cancer,17,23,treesat_exact,0.05800000508315861,1.4944153556309523,1
breast_cancer,17,23,nearest_neighbor,0.016999983927235007,8.269108411350597,1
breast_cancer,17,23,random_search,0.3896999987773597,4.63070302073282,1
breast_cancer,17,24,treesat_exact,0.05910001345910132,0.6502512634512709,1
breast_cancer,17,24,nearest_neighbor,0.013499986380338669,3.1430034829303026,1
breast_cancer,17,24,random_search,0.3902000025846064,2.4356963705711268,1
breast_cancer,17,25,treesat_exact,0.06010002107359469,0.9288343021688273,1
breast_cancer,17,25,nearest_neighbor,0.013199984095990658,8.055651260120577,1
breast_cancer,17,25,random_search,0.4031999851576984,3.7704839054768193,1
breast_cancer,17,26,treesat_exact,0.06229997961781919,0.3584475610833193,1
breast_cancer,17,26,nearest_neighbor,0.013200013199821115,4.916813410268069,1
breast_cancer,17,26,random_search,0.39679999463260174,1.9462801804149181,1
breast_cancer,17,27,treesat_exact,0.05950001650489867,0.273259776448129,1
breast_cancer,17,27,nearest_neighbor,0.01719998545013368,2.5337316595668273,1
breast_cancer,17,27,random_search,0.4079999926034361,1.018086652550284,1
breast_cancer,17,28,treesat_exact,0.06120000034570694,0.25796883324998465,1
breast_cancer,17,28,nearest_neighbor,0.014299992471933365,3.5487358265828814,1
breast_cancer,17,28,random_search,0.41179999243468046,1.2777259800688,1
breast_cancer,17,29,treesat_exact,0.06280001252889633,0.8843504306822704,1
breast_cancer,17,29,nearest_neighbor,0.013300013961270452,3.894865791650708,1
breast_cancer,17,29,random_search,0.4239000263623893,5.834070499925101,1
breast_cancer,18,0,treesat_exact,0.09359998512081802,0.07468613287205172,1
breast_cancer,18,0,nearest_neighbor,0.020599982235580683,2.61705230900369,1
breast_cancer,18,0,random_search,0.48639997839927673,0.22732643443847436,1
breast_cancer,18,1,treesat_exact,0.06689998554065824,1.3330576172351158,1
breast_cancer,18,1,nearest_neighbor,0.01889999839477241,6.334143098587106,1
breast_cancer,18,1,random_search,0.4033000150229782,5.956330603682809,1
breast_cancer,18,2,treesat_exact,0.06220000796020031,1.1306038568026655,1
breast_cancer,18,2,nearest_neighbor,0.016799982404336333,5.234589427616095,1
breast_cancer,18,2,random_search,0.3895999980159104,3.8607666956944042,1
breast_cancer,18,3,treesat_exact,0.06199997733347118,0.1400356016924038,1
breast_cancer,18,3,nearest_neighbor,0.014200020814314485,2.4303312419279477,1
breast_cancer,18,3,random_search,0.41629999759607017,0.5440878972694695,1
breast_cancer,18,4,treesat_exact,0.061700004152953625,0.5176076590258348,1
breast_cancer,18,4,nearest_neighbor,0.012699980288743973,3.2049899030784954,1
breast_cancer,18,4,random_search,0.40770001942291856,2.2911665748810566,1
breast_cancer,18,5,treesat_exact,0.06180000491440296,1.4797246729295856,1
breast_cancer,18,5,nearest_neighbor,0.013300013961270452,4.528125460146279,1
breast_cancer,18,5,random_search,0.37910000537522137,5.866751907677032,1
breast_cancer,18,6,treesat_exact,0.05940001574344933,0.7618602181712979,1
breast_cancer,18,6,nearest_neighbor,0.02090001362375915,3.6773378295242285,1
breast_cancer,18,6,random_search,0.4268999909982085,2.3230847266829193,1
breast_cancer,18,7,treesat_exact,0.09390001650899649,0.5775429873187432,1
breast_cancer,18,7,nearest_neighbor,0.01379998866468668,4.164841386422819,1
breast_cancer,18,7,random_search,0.40859999717213213,1.244159677869664,1
breast_cancer,18,8,treesat_exact,0.15999999595806003,0.8634125080499822,1
breast_cancer,18,8,nearest_neighbor,0.023600005079060793,4.51495759205152,1
breast_cancer,18,8,random_search,0.4315999976824969,1.0217319382976604,1
breast_cancer,18,9,treesat_exact,0.06429999484680593,0.022841600937518854,1
breast_cancer,18,9,nearest_neighbor,0.01680001150816679,2.445497461139997,1
breast_cancer,18,9,random_search,0.42699999175965786,0.2146757203764364,1
breast_cancer,18,10,treesat_exact,0.06079999729990959,0.5368124648600682,1
breast_cancer,18,10,nearest_neighbor,0.013599987141788006,2.67870219300725,1
breast_cancer,18,10,random_search,0.40279998211190104,2.0076240013611164,1
breast_cancer,18,11,treesat_exact,0.06019999273121357,0.339687556262448,1
breast_cancer,18,11,nearest_neighbor,0.013699987903237343,4.552568215778234,1
breast_cancer,18,11,random_search,0.4065999819431454,1.0156050881097207,1
breast_cancer,18,12,treesat_exact,0.05900001269765198,1.4432607754916558,1
breast_cancer,18,12,nearest_neighbor,0.012600008631125093,5.198249249525364,1
breast_cancer,18,12,random_search,0.3769000177271664,6.122433419495605,1
breast_cancer,18,13,treesat_exact,0.058699981309473515,0.8852776745957426,1
breast_cancer,18,13,nearest_neighbor,0.016900012269616127,6.657325022468881,1
breast_cancer,18,13,random_search,0.391999987186864,2.036866827688551,1
breast_cancer,18,14,treesat_exact,0.058200006606057286,1.4081951358186011,1
breast_cancer,18,14,nearest_neighbor,0.012899981811642647,5.464610875415815,1
breast_cancer,18,14,random_search,0.39590001688338816,4.117560454223336,1
breast_cancer,18,15,treesat_exact,0.05900001269765198,0.9884029201019711,1
breast_cancer,18,15,nearest_neighbor,0.013299984857439995,6.471199022871414,1
breast_cancer,18,15,random_search,0.38159999530762434,6.811331780335278,1
breast_cancer,18,16,treesat_exact,0.06049999501556158,0.4918368479278152,1
breast_cancer,18,16,nearest_neighbor,0.013199984095990658,3.2626744746862095,1
breast_cancer,18,16,random_search,0.3980000037699938,3.6222286196283466,1
breast_cancer,18,17,treesat_exact,0.06220000796020031,1.0016284366464543,1
breast_cancer,18,17,nearest_neighbor,0.013399985618889332,2.9762076208727075,1
breast_cancer,18,17,random_search,0.5722999921999872,4.552024215375984,1
breast_cancer,18,18,treesat_exact,0.11719999019987881,0.9277583639916752,1
breast_cancer,18,18,nearest_neighbor,0.03480000304989517,4.270210694870259,1
breast_cancer,18,18,random_search,0.5161000008229166,2.730352099890806,1
breast_cancer,18,19,treesat_exact,0.0686999992467463,0.9304287116357148,1
breast_cancer,18,19,nearest_neighbor,0.014800025383010507,3.2610532167967143,1
breast_cancer,18,19,random_search,1.7061999824363738,4.29649709980698,1
breast_cancer,18,20,treesat_exact,1.1780000058934093,0.20953220918612442,1
breast_cancer,18,20,nearest_neighbor,0.14379998901858926,6.139416723272671,1
breast_cancer,18,20,random_search,3.9677000022493303,0.840539746454238,1
breast_cancer,18,21,treesat_exact,0.4928999987896532,1.0824855833060214,1
breast_cancer,18,21,nearest_neighbor,0.13440000475384295,3.9702007933097447,1
breast_cancer,18,21,random_search,2.6341000047978014,3.8539395021835303,1
breast_cancer,18,22,treesat_exact,0.7019000186119229,1.0913052903477378,1
breast_cancer,18,22,nearest_neighbor,0.09950000094249845,3.3162532036854975,1
breast_cancer,18,22,random_search,1.7285000067204237,1.1867979591418814,1
breast_cancer,18,23,treesat_exact,0.07690000347793102,0.5731535595746658,1
breast_cancer,18,23,nearest_neighbor,0.020500010577961802,3.028866305542087,1
breast_cancer,18,23,random_search,0.4104000108782202,2.048879585384934,1
breast_cancer,18,24,treesat_exact,0.05929998587816954,0.03267573329720698,1
breast_cancer,18,24,nearest_neighbor,0.012800010154023767,1.5424065270094065,1
breast_cancer,18,24,random_search,0.41229999624192715,0.2322475619931085,1
breast_cancer,18,25,treesat_exact,0.06799999391660094,0.4972127659899204,1
breast_cancer,18,25,nearest_neighbor,0.012800010154023767,2.4855559810652794,1
breast_cancer,18,25,random_search,0.3836000105366111,1.7553530063518186,1
breast_cancer,18,26,treesat_exact,0.16939998022280633,1.7960956562662336,1
breast_cancer,18,26,nearest_neighbor,0.02239999594166875,5.878789463479896,1
breast_cancer,18,26,random_search,0.375300005543977,3.80186472304433,1
breast_cancer,18,27,treesat_exact,0.11199997970834374,2.1022720126886227,1
breast_cancer,18,27,nearest_neighbor,0.016300007700920105,5.530664885537964,1
breast_cancer,18,27,random_search,0.37629998405463994,4.633437054937355,1
breast_cancer,18,28,treesat_exact,0.05800000508315861,0.7023233271852929,1
breast_cancer,18,28,nearest_neighbor,0.01300001167692244,3.3611019257135117,1
breast_cancer,18,28,random_search,0.39450000622309744,2.808874874343793,1
breast_cancer,18,29,treesat_exact,0.05669999518431723,0.13248128447392699,1
breast_cancer,18,29,nearest_neighbor,0.01610000617802143,2.268394021598072,1
breast_cancer,18,29,random_search,0.4006999952252954,0.539796263863363,1
breast_cancer,19,0,treesat_exact,0.09950000094249845,1.3830414424950812,1
breast_cancer,19,0,nearest_neighbor,0.0219999928958714,6.485331644710209,1
breast_cancer,19,0,random_search,0.49780000699684024,4.58507576577089,1
breast_cancer,19,1,treesat_exact,0.07360000745393336,0.45343448618971105,1
breast_cancer,19,1,nearest_neighbor,0.016399979358538985,2.605204736583758,1
breast_cancer,19,1,random_search,0.46930002281442285,2.084579721188214,1
breast_cancer,19,2,treesat_exact,0.060399994254112244,0.07779707909093857,1
breast_cancer,19,2,nearest_neighbor,0.013300013961270452,1.7581131275301545,1
breast_cancer,19,2,random_search,0.4301999870222062,0.2617858469251033,1
breast_cancer,19,3,treesat_exact,0.06479999865405262,0.4345397536367996,1
breast_cancer,19,3,nearest_neighbor,0.018000020645558834,3.9343090233342655,1
breast_cancer,19,3,random_search,0.40970000554807484,1.2500461533517138,1
breast_cancer,19,4,treesat_exact,0.06049999501556158,0.09807672884294824,1
breast_cancer,19,4,nearest_neighbor,0.016700010746717453,3.6881530418551742,1
breast_cancer,19,4,random_search,0.41179999243468046,0.25092980683839566,1
breast_cancer,19,5,treesat_exact,0.059399986639618874,0.8614365163372073,1
breast_cancer,19,5,nearest_neighbor,0.013200013199821115,5.544635175641399,1
breast_cancer,19,5,random_search,0.3935999993700534,3.6956979275045545,1
breast_cancer,19,6,treesat_exact,0.05880001117475331,1.0136379996415794,1
breast_cancer,19,6,nearest_neighbor,0.013100012438371778,3.074419997403978,1
breast_cancer,19,6,random_search,0.38090001908130944,4.122395220715554,1
breast_cancer,19,7,treesat_exact,0.05989999044686556,0.45148849890171877,1
breast_cancer,19,7,nearest_neighbor,0.016600009985268116,8.821267825707679,1
breast_cancer,19,7,random_search,0.38729998050257564,2.109418840066425,1
breast_cancer,19,8,treesat_exact,0.05979998968541622,1.0058428440281548,1
breast_cancer,19,8,nearest_neighbor,0.016200006939470768,5.346241904060034,1
breast_cancer,19,8,random_search,0.5502000276464969,4.027612713575463,1
breast_cancer,19,9,treesat_exact,0.07129998994059861,2.0833119611123885,1
breast_cancer,19,9,nearest_neighbor,0.02090001362375915,12.66471943592005,1
breast_cancer,19,9,random_search,0.4118999931961298,6.272820626867531,1
breast_cancer,19,10,treesat_exact,0.06160000339150429,0.9167136058632396,1
breast_cancer,19,10,nearest_neighbor,0.0137000170070678,3.1848476503782273,1
breast_cancer,19,10,random_search,0.3858000272884965,3.695408789943391,1
breast_cancer,19,11,treesat_exact,0.08970001363195479,1.6744412392507273,1
breast_cancer,19,11,nearest_neighbor,0.013300013961270452,4.61324466686009,1
breast_cancer,19,11,random_search,0.3983000060543418,1.5845498472419985,1
breast_cancer,19,12,treesat_exact,0.05789997521787882,1.2183413497995839,1
breast_cancer,19,12,nearest_neighbor,0.012599979527294636,3.7856719451390535,1
breast_cancer,19,12,random_search,0.4025000089313835,3.639836950045985,1
breast_cancer,19,13,treesat_exact,0.06010002107359469,0.785772615042898,1
breast_cancer,19,13,nearest_neighbor,0.013399985618889332,2.165178188114311,1
breast_cancer,19,13,random_search,0.39239999023266137,3.9119796679990144,1
breast_cancer,19,14,treesat_exact,0.060999998822808266,1.4965797300784327,1
breast_cancer,19,14,nearest_neighbor,0.016600009985268116,5.864323508018005,1
breast_cancer,19,14,random_search,0.3738999948836863,5.987485641917228,1
breast_cancer,19,15,treesat_exact,0.06050002411939204,0.5544916542535694,1
breast_cancer,19,15,nearest_neighbor,0.016600009985268116,6.353980298351311,1
breast_cancer,19,15,random_search,0.38490002043545246,1.7750426226070541,1
breast_cancer,19,16,treesat_exact,0.05989999044686556,0.9852435997830992,1
breast_cancer,19,16,nearest_neighbor,0.016600009985268116,4.609193308576331,1
breast_cancer,19,16,random_search,0.3893999964930117,2.686579477762764,1
breast_cancer,19,17,treesat_exact,0.05669999518431723,0.3756012871836531,1
breast_cancer,19,17,nearest_neighbor,0.012699980288743973,3.6146341887178592,1
breast_cancer,19,17,random_search,0.398199976189062,1.0983480054222632,1
breast_cancer,19,18,treesat_exact,0.05679999594576657,0.7580103012602455,1
breast_cancer,19,18,nearest_neighbor,0.01309998333454132,3.500499854684987,1
breast_cancer,19,18,random_search,0.39229998947121203,3.8908230909805206,1
breast_cancer,19,19,treesat_exact,0.060399994254112244,1.023313089147379,1
breast_cancer,19,19,nearest_neighbor,0.016300007700920105,5.84903264157256,1
breast_cancer,19,19,random_search,0.3868000057991594,3.98143442423026,1
breast_cancer,19,20,treesat_exact,0.05880001117475331,0.8550774555259357,1
breast_cancer,19,20,nearest_neighbor,0.01300001167692244,2.579699386337373,1
breast_cancer,19,20,random_search,0.39370000013150275,2.413762528873979,1
breast_cancer,19,21,treesat_exact,0.059399986639618874,0.13128758835832113,1
breast_cancer,19,21,nearest_neighbor,0.01650000922381878,3.1770056933303645,1
breast_cancer,19,21,random_search,0.4022000066470355,0.5601383223698223,1
breast_cancer,19,22,treesat_exact,0.08929998148232698,0.7829371577017417,1
breast_cancer,19,22,nearest_neighbor,0.012899981811642647,3.003473595013472,1
breast_cancer,19,22,random_search,0.38850001874379814,2.628468184329356,1
breast_cancer,19,23,treesat_exact,0.06399999256245792,0.8877688588014522,1
breast_cancer,19,23,nearest_neighbor,0.013299984857439995,3.503808663620125,1
breast_cancer,19,23,random_search,0.38899999344721437,3.901536235564135,1
breast_cancer,19,24,treesat_exact,0.05880001117475331,0.23245856009353133,1
breast_cancer,19,24,nearest_neighbor,0.016600009985268116,3.5820608665518603,1
breast_cancer,19,24,random_search,0.4059000057168305,0.4819117149809424,1
breast_cancer,19,25,treesat_exact,0.058200006606057286,2.095237681038066,1
breast_cancer,19,25,nearest_neighbor,0.016200006939470768,22.042971885398448,1
breast_cancer,19,25,random_search,0.37819999852217734,5.502147050841764,1
breast_cancer,19,26,treesat_exact,0.05880001117475331,3.18152430975957,1
breast_cancer,19,26,nearest_neighbor,0.017000013031065464,11.673984246129567,1
breast_cancer,19,26,random_search,0.3801999846473336,8.205689292803793,1
breast_cancer,19,27,treesat_exact,0.06670001312159002,1.5479847307283983,1
breast_cancer,19,27,nearest_neighbor,0.016600009985268116,9.042575536937456,1
breast_cancer,19,27,random_search,0.377499993192032,3.5991760364359027,1
breast_cancer,19,28,treesat_exact,0.05849997978657484,1.3251082876674452,1
breast_cancer,19,28,nearest_neighbor,0.015999976312741637,5.573744667769631,1
breast_cancer,19,28,random_search,0.3865000035148114,4.466162248403316,1
breast_cancer,19,29,treesat_exact,0.08510000770911574,1.3598723455092825,1
breast_cancer,19,29,nearest_neighbor,0.013399985618889332,4.443532025363348,1
breast_cancer,19,29,random_search,0.3839000128209591,4.192674552476633,1
wine_binary,0,0,treesat_exact,0.07670000195503235,1.6534049819791337,1
wine_binary,0,0,nearest_neighbor,0.015199999324977398,4.936946561125174,1
wine_binary,0,0,random_search,0.3656000189948827,3.1128236522937307,1
wine_binary,0,1,treesat_exact,0.057199998991563916,2.1299760794474363,1
wine_binary,0,1,nearest_neighbor,0.01069999416358769,6.218858804037267,1
wine_binary,0,1,random_search,0.322199979564175,3.3486490713339365,1
wine_binary,0,2,treesat_exact,0.054100004490464926,1.2914034795714993,1
wine_binary,0,2,nearest_neighbor,0.00999998883344233,4.435110710681507,1
wine_binary,0,2,random_search,0.3169999981764704,6.264284994421471,1
wine_binary,0,3,treesat_exact,0.05370000144466758,1.9587708731115216,1
wine_binary,0,3,nearest_neighbor,0.009799987310543656,4.976497347789114,1
wine_binary,0,3,random_search,0.8615000115241855,6.20249479243645,1
wine_binary,0,4,treesat_exact,0.07650000043213367,0.41928797570052434,1
wine_binary,0,4,nearest_neighbor,0.015300000086426735,4.23370780102088,1
wine_binary,0,4,random_search,0.37850000080652535,1.5332290059819704,1
wine_binary,0,5,treesat_exact,0.06569997640326619,1.642772158945273,1
wine_binary,0,5,nearest_neighbor,0.01200000406242907,4.974747611659164,1
wine_binary,0,5,random_search,0.33650000113993883,4.00920565867374,1
wine_binary,0,6,treesat_exact,0.06009999196976423,1.7206658482983965,1
wine_binary,0,6,nearest_neighbor,0.011099997209385037,5.002095937153576,1
wine_binary,0,6,random_search,0.3451000084169209,2.870758509421197,1
wine_binary,0,7,treesat_exact,0.057199998991563916,0.6331974685458468,1
wine_binary,0,7,nearest_neighbor,0.010399991879239678,3.4128333024881643,1
wine_binary,0,7,random_search,0.3573999856598675,2.3846899489932674,1
wine_binary,0,8,treesat_exact,0.09610000415705144,0.8318540974523462,1
wine_binary,0,8,nearest_neighbor,0.013400014722719789,2.730773130756147,1
wine_binary,0,8,random_search,0.36949999048374593,0.7760429363536887,1
wine_binary,0,9,treesat_exact,0.05980001878924668,0.19196742429843172,1
wine_binary,0,9,nearest_neighbor,0.011199997970834374,4.097574738091875,1
wine_binary,0,9,random_search,0.36269999691285193,0.402359766831276,1
wine_binary,0,10,treesat_exact,0.05590001819655299,0.3232617560157839,1
wine_binary,0,10,nearest_neighbor,0.009800016414374113,2.5416504621745726,1
wine_binary,0,10,random_search,0.3529000096023083,0.7793157746076758,1
wine_binary,0,11,treesat_exact,0.05749997217208147,0.04784870386614348,1
wine_binary,0,11,nearest_neighbor,0.009600014891475439,1.3924070465751848,1
wine_binary,0,11,random_search,0.3767999878618866,0.13779514014671865,1
wine_binary,0,12,treesat_exact,0.0543000060133636,0.9943155424984279,1
wine_binary,0,12,nearest_neighbor,0.009799987310543656,3.6818332671158998,1
wine_binary,0,12,random_search,0.3414000093471259,3.332581355922572,1
wine_binary,0,13,treesat_exact,0.05629999213851988,0.8616983647193367,1
wine_binary,0,13,nearest_neighbor,0.010700023267418146,3.240290462159762,1
wine_binary,0,13,random_search,0.3417000116314739,2.248942639236228,1
wine_binary,0,14,treesat_exact,0.061799975810572505,0.7038767628215641,1
wine_binary,0,14,nearest_neighbor,0.012100004823878407,3.209818627794946,1
wine_binary,0,14,random_search,0.3591999993659556,1.6403161756684619,1
wine_binary,0,15,treesat_exact,0.0591999851167202,1.2914034795714993,1
wine_binary,0,15,nearest_neighbor,0.00990001717582345,5.19139955863875,1
wine_binary,0,15,random_search,0.35700001171790063,4.076915153709247,1
wine_binary,0,16,treesat_exact,0.055199983762577176,1.2760302978833187,1
wine_binary,0,16,nearest_neighbor,0.010199990356341004,3.6418356598580672,1
wine_binary,0,16,random_search,0.34249998861923814,2.939479626678552,1
wine_binary,0,17,treesat_exact,0.06079999729990959,0.7465358743651574,1
wine_binary,0,17,nearest_neighbor,0.010100018698722124,3.3464408341377627,1
wine_binary,0,17,random_search,0.34589998540468514,1.4171828864211466,1
wine_binary,0,18,treesat_exact,0.05929998587816954,0.56145289000407,1
wine_binary,0,18,nearest_neighbor,0.01170000177808106,2.184003378117228,1
wine_binary,0,18,random_search,0.3589999978430569,1.1640902770170418,1
wine_binary,0,19,treesat_exact,0.053099996875971556,0.800087762297435,1
wine_binary,0,19,nearest_neighbor,0.01069999416358769,3.4472163492739263,1
wine_binary,0,19,random_search,0.3538000164553523,1.7496593287465494,1
wine_binary,0,20,treesat_exact,0.056599994422867894,1.4053345999939126,1
wine_binary,0,20,nearest_neighbor,0.009799987310543656,3.5586786039879437,1
wine_binary,0,20,random_search,0.32140000257641077,2.712436364903815,1
wine_binary,0,21,treesat_exact,0.08319999324157834,1.0548508848997578,1
wine_binary,0,21,nearest_neighbor,0.010099989594891667,4.367987774535248,1
wine_binary,0,21,random_search,0.33290000283159316,1.3739572451028534,1
wine_binary,0,22,treesat_exact,0.05190001684240997,2.029347367462324,1
wine_binary,0,22,nearest_neighbor,0.009399984264746308,5.37074024272671,1
wine_binary,0,22,random_search,0.3254000039305538,4.617798526385302,1
wine_binary,0,23,treesat_exact,0.05229999078437686,1.403619643307904,1
wine_binary,0,23,nearest_neighbor,0.009700015652924776,3.326219030322911,1
wine_binary,0,23,random_search,0.32229998032562435,4.203710881771699,1
wine_binary,0,24,treesat_exact,0.05520001286640763,0.8553457276360126,1
wine_binary,0,24,nearest_neighbor,0.010399991879239678,3.9865237313078223,1
wine_binary,0,24,random_search,0.3370000049471855,2.28593032473906,1
wine_binary,0,25,treesat_exact,0.05360000068321824,1.6915252533079683,1
wine_binary,0,25,nearest_neighbor,0.009400013368576765,4.953050458386058,1
wine_binary,0,25,random_search,0.32699998700991273,3.540794572065926,1
wine_binary,0,26,treesat_exact,0.08399999933317304,1.1304678782575066,1
wine_binary,0,26,nearest_neighbor,0.010300020221620798,3.1711854565366595,1
wine_binary,0,26,random_search,0.33599999733269215,1.9750824673653973,1
wine_binary,0,27,treesat_exact,0.05219999002292752,1.3713071520700721,1
wine_binary,0,27,nearest_neighbor,0.009500014130026102,3.2936478087944687,1
wine_binary,0,27,random_search,0.32809999538585544,2.185907661791126,1
wine_binary,0,28,treesat_exact,0.052700022934004664,0.9559744396211244,1
wine_binary,0,28,nearest_neighbor,0.009499985026195645,4.358682505978163,1
wine_binary,0,28,random_search,0.32519997330382466,3.3164510754099656,1
wine_binary,0,29,treesat_exact,0.05210001836530864,1.6631197927593884,1
wine_binary,0,29,nearest_neighbor,0.009099981980398297,3.423605610695547,1
wine_binary,0,29,random_search,0.3136000013910234,3.6843274423818895,1
wine_binary,1,0,treesat_exact,0.07410001126118004,1.0872634092382538,1
wine_binary,1,0,nearest_neighbor,0.11219998123124242,3.5340788550813107,1
wine_binary,1,0,random_search,0.4918999911751598,1.9410387528964734,1
wine_binary,1,1,treesat_exact,0.0790000194683671,0.03209587658987789,1
wine_binary,1,1,nearest_neighbor,0.033899996196851134,2.901579970420255,1
wine_binary,1,1,random_search,0.49589999252930284,0.06275211191545757,1
wine_binary,1,2,treesat_exact,0.0740000104997307,1.0974801659602176,1
wine_binary,1,2,nearest_neighbor,0.011199997970834374,4.27774063289125,1
wine_binary,1,2,random_search,0.3505999920889735,2.3289927175434197,1
wine_binary,1,3,treesat_exact,0.06030002259649336,0.14443243689773946,1
wine_binary,1,3,nearest_neighbor,0.010599993402138352,2.9530008359605637,1
wine_binary,1,3,random_search,0.36380000528879464,0.2919145786036178,1
wine_binary,1,4,treesat_exact,0.0585000088904053,0.8617340233032563,1
wine_binary,1,4,nearest_neighbor,0.009799987310543656,3.5899286154619663,1
wine_binary,1,4,random_search,0.3349999897181988,1.8513056299694026,1
wine_binary,1,5,treesat_exact,0.055500015150755644,1.1863806356126458,1
wine_binary,1,5,nearest_neighbor,0.009299983503296971,4.04017460422877,1
wine_binary,1,5,random_search,0.3239999932702631,2.6686049111517067,1
wine_binary,1,6,treesat_exact,0.05949998740106821,0.5926499638298977,1
wine_binary,1,6,nearest_neighbor,0.010799994925037026,3.6649120783168656,1
wine_binary,1,6,random_search,0.33160002203658223,1.865707946446098,1
wine_binary,1,7,treesat_exact,0.059600017266348004,0.7221365107070278,1
wine_binary,1,7,nearest_neighbor,0.010199990356341004,4.589424384571702,1
wine_binary,1,7,random_search,0.34130000858567655,1.3524090039105683,1
wine_binary,1,8,treesat_exact,0.05740000051446259,1.5496073985016168,1
wine_binary,1,8,nearest_neighbor,0.009899988071992993,4.475347638334531,1
wine_binary,1,8,random_search,0.3312000189907849,3.366132420841382,1
wine_binary,1,9,treesat_exact,0.054800009820610285,1.5104497636939909,1
wine_binary,1,9,nearest_neighbor,0.02090001362375915,3.3807323299143106,1
wine_binary,1,9,random_search,0.32610000926069915,4.16268473069465,1
wine_binary,1,10,treesat_exact,0.0557999883312732,0.2889058070535071,1
wine_binary,1,10,nearest_neighbor,0.010299991117790341,2.7374845414191333,1
wine_binary,1,10,random_search,0.34070000401698053,0.5927738932267447,1
wine_binary,1,11,treesat_exact,0.05649999366141856,0.5308421047467186,1
wine_binary,1,11,nearest_neighbor,0.009700015652924776,3.420764449221952,1
wine_binary,1,11,random_search,0.34569998388178647,1.0733263064949101,1
wine_binary,1,12,treesat_exact,0.055899989092722535,0.6217550703691007,1
wine_binary,1,12,nearest_neighbor,0.009500014130026102,3.4294305931006526,1
wine_binary,1,12,random_search,0.32130000181496143,2.110881661074385,1
wine_binary,1,13,treesat_exact,0.05470000905916095,0.5926499638298977,1
wine_binary,1,13,nearest_neighbor,0.010299991117790341,3.419596002633899,1
wine_binary,1,13,random_search,0.3307000151835382,1.3552401518643113,1
wine_binary,1,14,treesat_exact,0.05709999823011458,1.1739893923466351,1
wine_binary,1,14,nearest_neighbor,0.0109999964479357,3.5149541320867046,1
wine_binary,1,14,random_search,0.31960001797415316,2.7479095060954846,1
wine_binary,1,15,treesat_exact,0.053800002206116915,0.9642757593174233,1
wine_binary,1,15,nearest_neighbor,0.009899988071992993,3.2753557889856095,1
wine_binary,1,15,random_search,0.32220000866800547,2.369098097709587,1
wine_binary,1,16,treesat_exact,0.06130000110715628,1.6680790141096684,1
wine_binary,1,16,nearest_neighbor,0.00969998654909432,4.334046519926806,1
wine_binary,1,16,random_search,0.3152000135742128,4.18390460920491,1
wine_binary,1,17,treesat_exact,0.056199991377070546,1.7580288857240667,1
wine_binary,1,17,nearest_neighbor,0.010100018698722124,4.9472045875241415,1
wine_binary,1,17,random_search,0.3103999770246446,3.780350742301512,1
wine_binary,1,18,treesat_exact,0.05490001058205962,1.4990557919698067,1
wine_binary,1,18,nearest_neighbor,0.009899988071992993,3.564829068249627,1
wine_binary,1,18,random_search,0.31969998963177204,3.482543487948564,1
wine_binary,1,19,treesat_exact,0.05160001455806196,0.8302516244382644,1
wine_binary,1,19,nearest_neighbor,0.009100011084228754,4.182344523014383,1
wine_binary,1,19,random_search,0.31529998523183167,2.292021504314748,1
wine_binary,1,20,treesat_exact,0.051499984692782164,1.0065233642188949,1
wine_binary,1,20,nearest_neighbor,0.009099981980398297,3.5760401898799627,1
wine_binary,1,20,random_search,0.3309000167064369,2.77129701376571,1
wine_binary,1,21,treesat_exact,0.05440000677481294,1.1504381657621494,1
wine_binary,1,21,nearest_neighbor,0.00999998883344233,4.253329337925425,1
wine_binary,1,21,random_search,0.3284999984316528,2.1869820633715715,1
wine_binary,1,22,treesat_exact,0.051799986977130175,1.2549474865566994,1
wine_binary,1,22,nearest_neighbor,0.009100011084228754,4.631932595096377,1
wine_binary,1,22,random_search,0.31609999132342637,2.3076256663179566,1
wine_binary,1,23,treesat_exact,0.05220001912675798,1.2053054496563518,1
wine_binary,1,23,nearest_neighbor,0.008899980457499623,3.325217229985331,1
wine_binary,1,23,random_search,0.311399984639138,2.623384928594203,1
wine_binary,1,24,treesat_exact,0.05470000905916095,0.48308442416463404,1
wine_binary,1,24,nearest_neighbor,0.00999998883344233,3.86327633898642,1
wine_binary,1,24,random_search,0.3354000218678266,0.6147124636771818,1
wine_binary,1,25,treesat_exact,0.05150001379661262,0.8344937532584255,1
wine_binary,1,25,nearest_neighbor,0.009299983503296971,3.1052523574294257,1
wine_binary,1,25,random_search,0.33629999961704016,1.511936490078054,1
wine_binary,1,26,treesat_exact,0.05259999306872487,0.07470477624872518,1
wine_binary,1,26,nearest_neighbor,0.009399984264746308,2.023752115228624,1
wine_binary,1,26,random_search,0.34180001239292324,0.16874833161577296,1
wine_binary,1,27,treesat_exact,0.053499999921768904,1.1924625177229449,1
wine_binary,1,27,nearest_neighbor,0.009300012607127428,4.980755610438274,1
wine_binary,1,27,random_search,0.3176000027451664,3.1524561278897183,1
wine_binary,1,28,treesat_exact,0.05210001836530864,0.9307813787971259,1
wine_binary,1,28,nearest_neighbor,0.009300012607127428,2.8467932046513327,1
wine_binary,1,28,random_search,0.32259998260997236,3.8872630831738526,1
wine_binary,1,29,treesat_exact,0.05289999535307288,0.539211701606411,1
wine_binary,1,29,nearest_neighbor,0.009200011845678091,3.1078431194639022,1
wine_binary,1,29,random_search,0.6675999902654439,1.4258538809573225,1
wine_binary,2,0,treesat_exact,0.3409000055398792,0.7325170126704149,1
wine_binary,2,0,nearest_neighbor,0.07589999586343765,3.17768363096363,1
wine_binary,2,0,random_search,1.7110999906435609,2.042450964426035,1
wine_binary,2,1,treesat_exact,0.26760000037029386,0.6073588511470799,1
wine_binary,2,1,nearest_neighbor,0.050499977078288794,3.5386440924728615,1
wine_binary,2,1,random_search,1.3755000254604965,1.19699870488513,1
wine_binary,2,2,treesat_exact,0.19599997904151678,1.4241857170896606,1
wine_binary,2,2,nearest_neighbor,0.039000005926936865,4.6167800717569,1
wine_binary,2,2,random_search,0.897699996130541,3.4056614707094712,1
wine_binary,2,3,treesat_exact,0.15390000771731138,0.12147276436772342,1
wine_binary,2,3,nearest_neighbor,0.02750000567175448,1.3863902406444026,1
wine_binary,2,3,random_search,0.4572999896481633,0.2231633066274707,1
wine_binary,2,4,treesat_exact,0.061400001868605614,0.7028199740210724,1
wine_binary,2,4,nearest_neighbor,0.011600001016631722,3.127738872938809,1
wine_binary,2,4,random_search,0.3429999924264848,1.2271433773736917,1
wine_binary,2,5,treesat_exact,0.06459999713115394,,0
wine_binary,2,5,nearest_neighbor,0.010600022505968809,3.889853211425344,1
wine_binary,2,5,random_search,0.32789999386295676,2.404469710150183,1
wine_binary,2,6,treesat_exact,0.05289999535307288,0.983263553868707,1
wine_binary,2,6,nearest_neighbor,0.009700015652924776,3.1959548837824183,1
wine_binary,2,6,random_search,0.32430002465844154,1.5446823735690922,1
wine_binary,2,7,treesat_exact,0.0509000092279166,0.49761735462036416,1
wine_binary,2,7,nearest_neighbor,0.00969998654909432,4.945132978209673,1
wine_binary,2,7,random_search,0.33019998227246106,0.7814474971799986,1
wine_binary,2,8,treesat_exact,0.059399986639618874,1.6398688897930507,1
wine_binary,2,8,nearest_neighbor,0.012300006346777081,4.998758654815053,1
wine_binary,2,8,random_search,0.33569999504834414,2.793611489382051,1
wine_binary,2,9,treesat_exact,0.05590001819655299,1.376680056412705,1
wine_binary,2,9,nearest_neighbor,0.010799994925037026,4.071003995594258,1
wine_binary,2,9,random_search,0.3223000094294548,3.2538892775574997,1
wine_binary,2,10,treesat_exact,0.05290002445690334,1.2596097566481528,1
wine_binary,2,10,nearest_neighbor,0.009499985026195645,3.3251006515865633,1
wine_binary,2,10,random_search,0.3220000071451068,3.0448344172027677,1
wine_binary,2,11,treesat_exact,0.05479998071677983,0.6070577464867817,1
wine_binary,2,11,nearest_neighbor,0.010000017937272787,2.8824967580941743,1
wine_binary,2,11,random_search,0.3428999916650355,0.9836358663839615,1
wine_binary,2,12,treesat_exact,0.05339999916031957,0.0940522031323047,1
wine_binary,2,12,nearest_neighbor,0.00969998654909432,1.813839065330349,1
wine_binary,2,12,random_search,0.35859999479725957,0.15989316202029302,1
wine_binary,2,13,treesat_exact,0.058200006606057286,0.4555191395814955,1
wine_binary,2,13,nearest_neighbor,0.011500000255182385,3.382481783315343,1
wine_binary,2,13,random_search,0.3392999933566898,1.2322135723397207,1
wine_binary,2,14,treesat_exact,0.05440000677481294,1.3799648339833077,1
wine_binary,2,14,nearest_neighbor,0.009800016414374113,3.661028428767794,1
wine_binary,2,14,random_search,0.3267000138293952,3.0196287150451147,1
wine_binary,2,15,treesat_exact,0.05780000356025994,0.17955228940197293,1
wine_binary,2,15,nearest_neighbor,0.009899988071992993,4.885490236620999,1
wine_binary,2,15,random_search,0.3370000049471855,0.3015301456305449,1
wine_binary,2,16,treesat_exact,0.050300004659220576,1.1854527372563277,1
wine_binary,2,16,nearest_neighbor,0.009400013368576765,3.450661318197272,1
wine_binary,2,16,random_search,0.3490000090096146,3.452154890971783,1
wine_binary,2,17,treesat_exact,0.050799979362636805,0.17208600155625123,1
wine_binary,2,17,nearest_neighbor,0.009799987310543656,2.7329931178654254,1
wine_binary,2,17,random_search,0.3839000128209591,0.3795798132134889,1
wine_binary,2,18,treesat_exact,0.05690002581104636,1.8322001813399693,1
wine_binary,2,18,nearest_neighbor,0.011800002539530396,3.901491452061195,1
wine_binary,2,18,random_search,0.32809999538585544,3.651469546449835,1
wine_binary,2,19,treesat_exact,0.048999994760379195,1.9220806062792517,1
wine_binary,2,19,nearest_neighbor,0.011199997970834374,4.5242714348640405,1
wine_binary,2,19,random_search,0.30079999123699963,,0
wine_binary,2,20,treesat_exact,0.04910002462565899,1.0827735523367854,1
wine_binary,2,20,nearest_neighbor,0.008799979696050286,3.065494531048826,1
wine_binary,2,20,random_search,0.32130000181496143,4.386368922073192,1
wine_binary,2,21,treesat_exact,0.05020000389777124,1.9622433870767972,1
wine_binary,2,21,nearest_neighbor,0.009200011845678091,4.710685000430494,1
wine_binary,2,21,random_search,0.3009999927598983,,0
wine_binary,2,22,treesat_exact,0.04810001701116562,1.130341956899484,1
wine_binary,2,22,nearest_neighbor,0.009100011084228754,3.886061419378713,1
wine_binary,2,22,random_search,0.31159998616203666,2.958036845328272,1
wine_binary,2,23,treesat_exact,0.05169998621568084,1.4291604193939649,1
wine_binary,2,23,nearest_neighbor,0.009199982741847634,2.9123603575902792,1
wine_binary,2,23,random_search,0.32010002178139985,3.2115474394221635,1
wine_binary,2,24,treesat_exact,0.047999987145885825,0.9559032046152792,1
wine_binary,2,24,nearest_neighbor,0.008600007276982069,2.581117622284487,1
wine_binary,2,24,random_search,0.3130999975837767,2.395732950701349,1
wine_binary,2,25,treesat_exact,0.05400000372901559,0.8907929794028364,1
wine_binary,2,25,nearest_neighbor,0.017000013031065464,3.9217881712628517,1
wine_binary,2,25,random_search,0.3203999949619174,2.2330328135647304,1
wine_binary,2,26,treesat_exact,0.054899981478229165,0.20245295363885552,1
wine_binary,2,26,nearest_neighbor,0.009500014130026102,4.173623028103752,1
wine_binary,2,26,random_search,0.33650000113993883,0.6696594004150559,1
wine_binary,2,27,treesat_exact,0.049299997044727206,1.2500269590896276,1
wine_binary,2,27,nearest_neighbor,0.008600007276982069,3.568888798404349,1
wine_binary,2,27,random_search,0.30139999580569565,,0
wine_binary,2,28,treesat_exact,0.04959999932907522,0.8362016766315328,1
wine_binary,2,28,nearest_neighbor,0.009199982741847634,2.7691396977779763,1
wine_binary,2,28,random_search,0.31740000122226775,1.6056220752693862,1
wine_binary,2,29,treesat_exact,0.04740001168102026,1.4880301684579789,1
wine_binary,2,29,nearest_neighbor,0.00869997893460095,4.221323945879579,1
wine_binary,2,29,random_search,0.3205999964848161,2.3409894771840114,1
wine_binary,3,0,treesat_exact,0.07909999112598598,1.0871812006333375,1
wine_binary,3,0,nearest_neighbor,0.016400008462369442,3.1539580665647704,1
wine_binary,3,0,random_search,1.5752000035718083,2.6735393176657962,1
wine_binary,3,1,treesat_exact,0.07860001642256975,0.8027658796601831,1
wine_binary,3,1,nearest_neighbor,0.01750001683831215,3.142215045902385,1
wine_binary,3,1,random_search,0.40950000402517617,1.9978968523013356,1
wine_binary,3,2,treesat_exact,0.05609999061562121,1.0394076892155013,1
wine_binary,3,2,nearest_neighbor,0.011399999493733048,4.968480569787832,1
wine_binary,3,2,random_search,0.34279999090358615,3.0251095436116193,1
wine_binary,3,3,treesat_exact,0.05360000068321824,0.8793538821757156,1
wine_binary,3,3,nearest_neighbor,0.010499992640689015,2.4184404171739406,1
wine_binary,3,3,random_search,0.3360999980941415,2.7570913855631285,1
wine_binary,3,4,treesat_exact,0.05319999763742089,1.6257857227303036,1
wine_binary,3,4,nearest_neighbor,0.010399991879239678,4.928445337534779,1
wine_binary,3,4,random_search,0.32160000409930944,2.9761009390086395,1
wine_binary,3,5,treesat_exact,0.051499984692782164,1.0213427932412422,1
wine_binary,3,5,nearest_neighbor,0.010200019460171461,3.319958440395813,1
wine_binary,3,5,random_search,0.3158000181429088,2.589624256652891,1
wine_binary,3,6,treesat_exact,0.05530001362785697,1.1329309712394984,1
wine_binary,3,6,nearest_neighbor,0.00990001717582345,3.6425192706856833,1
wine_binary,3,6,random_search,0.31949998810887337,2.9547057804704315,1
wine_binary,3,7,treesat_exact,0.0557999883312732,0.379017301520034,1
wine_binary,3,7,nearest_neighbor,0.011399999493733048,2.4062743671103646,1
wine_binary,3,7,random_search,0.3294000052846968,0.729713449753687,1
wine_binary,3,8,treesat_exact,0.05470000905916095,0.46878455633721317,1
wine_binary,3,8,nearest_neighbor,0.010199990356341004,3.365096834582001,1
wine_binary,3,8,random_search,0.3294000052846968,1.0358865575330232,1
wine_binary,3,9,treesat_exact,0.050499977078288794,0.1472353989215682,1
wine_binary,3,9,nearest_neighbor,0.009800016414374113,2.522431145765179,1
wine_binary,3,9,random_search,0.34279999090358615,0.2707014410429841,1
wine_binary,3,10,treesat_exact,0.053899973863735795,0.6242450121138744,1
wine_binary,3,10,nearest_neighbor,0.009800016414374113,3.394400895002512,1
wine_binary,3,10,random_search,0.3468999930191785,1.8470332825751135,1
wine_binary,3,11,treesat_exact,0.08550001075491309,0.2194310707339373,1
wine_binary,3,11,nearest_neighbor,0.010499992640689015,1.702458578060684,1
wine_binary,3,11,random_search,0.3601000062189996,0.14598133837032862,1
wine_binary,3,12,treesat_exact,0.08430000161752105,0.6582932053957031,1
wine_binary,3,12,nearest_neighbor,0.010200019460171461,3.0960410252837804,1
wine_binary,3,12,random_search,0.3327000013086945,1.2337301221992623,1
wine_binary,3,13,treesat_exact,0.05040000542066991,1.0767122893473244,1
wine_binary,3,13,nearest_neighbor,0.009500014130026102,3.480606202368088,1
wine_binary,3,13,random_search,0.32419999479316175,2.46253302758875,1
wine_binary,3,14,treesat_exact,0.0811999780125916,0.668267344819834,1
wine_binary,3,14,nearest_neighbor,0.010399991879239678,2.844504115565476,1
wine_binary,3,14,random_search,0.32900000223889947,1.3205192132160233,1
wine_binary,3,15,treesat_exact,0.05269999383017421,0.8278535756059306,1
wine_binary,3,15,nearest_neighbor,0.010099989594891667,3.832988152271511,1
wine_binary,3,15,random_search,0.3260000084992498,2.055133949570058,1
wine_binary,3,16,treesat_exact,0.05750000127591193,1.1263240024095338,1
wine_binary,3,16,nearest_neighbor,0.009799987310543656,3.5134223479773445,1
wine_binary,3,16,random_search,0.32479999936185777,2.9469157141257436,1
wine_binary,3,17,treesat_exact,0.050000002374872565,0.4510032168057102,1
wine_binary,3,17,nearest_neighbor,0.009799987310543656,4.438176722558383,1
wine_binary,3,17,random_search,0.32369999098591506,1.159071953979791,1
wine_binary,3,18,treesat_exact,0.04980000085197389,1.3498886535910324,1
wine_binary,3,18,nearest_neighbor,0.009100011084228754,4.234005063559821,1
wine_binary,3,18,random_search,0.3158999898005277,2.648458897019019,1
wine_binary,3,19,treesat_exact,0.05199998850002885,0.7516713630787897,1
wine_binary,3,19,nearest_neighbor,0.009400013368576765,3.839823695934192,1
wine_binary,3,19,random_search,0.33519999124109745,2.257385397502333,1
wine_binary,3,20,treesat_exact,0.056899996707215905,1.8302310668512265,1
wine_binary,3,20,nearest_neighbor,0.009799987310543656,5.069742770377813,1
wine_binary,3,20,random_search,0.3208999987691641,3.526483987044791,1
wine_binary,3,21,treesat_exact,0.0501000031363219,0.8663592126881087,1
wine_binary,3,21,nearest_neighbor,0.009799987310543656,2.5046276570611097,1
wine_binary,3,21,random_search,0.31060000765137374,2.1708605441418256,1
wine_binary,3,22,treesat_exact,0.0475000124424696,0.5715878023052181,1
wine_binary,3,22,nearest_neighbor,0.009399984264746308,2.413577954626712,1
wine_binary,3,22,random_search,0.3139000036753714,2.0352932798525987,1
wine_binary,3,23,treesat_exact,0.048299989430233836,1.219828019039902,1
wine_binary,3,23,nearest_neighbor,0.009200011845678091,4.273453805812045,1
wine_binary,3,23,random_search,0.31870001112110913,2.929158661745455,1
wine_binary,3,24,treesat_exact,0.048600020818412304,1.9404170393918228,1
wine_binary,3,24,nearest_neighbor,0.009499985026195645,5.487242364700725,1
wine_binary,3,24,random_search,0.3171999996993691,4.278007453450072,1
wine_binary,3,25,treesat_exact,0.0509000092279166,0.8588505581286152,1
wine_binary,3,25,nearest_neighbor,0.010499992640689015,2.8029982868316745,1
wine_binary,3,25,random_search,0.32660001306794584,2.4032387125399586,1
wine_binary,3,26,treesat_exact,0.04999997327104211,0.45881141010697274,1
wine_binary,3,26,nearest_neighbor,0.009700015652924776,4.071150883395679,1
wine_binary,3,26,random_search,0.32140000257641077,1.2151775220481147,1
wine_binary,3,27,treesat_exact,0.05210001836530864,0.5785000900026549,1
wine_binary,3,27,nearest_neighbor,0.010299991117790341,4.768362633437864,1
wine_binary,3,27,random_search,0.3282999969087541,1.182769394642617,1
wine_binary,3,28,treesat_exact,0.055599986808374524,1.1561879532805506,1
wine_binary,3,28,nearest_neighbor,0.009899988071992993,4.203380860554841,1
wine_binary,3,28,random_search,0.318199978210032,2.286168764174133,1
wine_binary,3,29,treesat_exact,0.047600013203918934,1.0273373572824418,1
wine_binary,3,29,nearest_neighbor,0.009399984264746308,5.1214527338401465,1
wine_binary,3,29,random_search,0.8075999794527888,3.3721272204981005,1
wine_binary,4,0,treesat_exact,0.10999999358318746,1.3634798765406895,1
wine_binary,4,0,nearest_neighbor,0.021599989850074053,5.02053150492975,1
wine_binary,4,0,random_search,0.8092999923974276,3.0353045760320208,1
wine_binary,4,1,treesat_exact,0.3341000119689852,1.373703436770608,1
wine_binary,4,1,nearest_neighbor,0.06469999789260328,4.028888715190054,1
wine_binary,4,1,random_search,1.6253000067081302,2.7969791971581097,1
wine_binary,4,2,treesat_exact,0.26149998302571476,0.6515822926773565,1
wine_binary,4,2,nearest_neighbor,0.04529999569058418,2.2270604291371345,1
wine_binary,4,2,random_search,1.3648000021930784,1.7296543069725705,1
wine_binary,4,3,treesat_exact,0.2072000061161816,0.7296091297238843,1
wine_binary,4,3,nearest_neighbor,0.03779999678954482,3.7789269534248464,1
wine_binary,4,3,random_search,1.2018999841529876,1.53796481964254,1
wine_binary,4,4,treesat_exact,0.18630002159625292,0.2048066933940249,1
wine_binary,4,4,nearest_neighbor,0.03549997927621007,2.024598903576656,1
wine_binary,4,4,random_search,1.1155999964103103,0.4804279260605014,1
wine_binary,4,5,treesat_exact,0.1756999990902841,1.4836007137054839,1
wine_binary,4,5,nearest_neighbor,0.031199975637719035,4.832971589831933,1
wine_binary,4,5,random_search,0.9609000117052346,2.6017109133102436,1
wine_binary,4,6,treesat_exact,0.24399999529123306,1.5538242784040275,1
wine_binary,4,6,nearest_neighbor,0.03470000228844583,5.1947342038888635,1
wine_binary,4,6,random_search,0.8765000093262643,3.695942690192629,1
wine_binary,4,7,treesat_exact,0.149200001033023,1.3237505844895576,1
wine_binary,4,7,nearest_neighbor,0.028000009479001164,4.938249726112461,1
wine_binary,4,7,random_search,1.0085999965667725,2.6792764492424954,1
wine_binary,4,8,treesat_exact,0.07720000576227903,1.0040523298908337,1
wine_binary,4,8,nearest_neighbor,0.014800025383010507,3.83710075897903,1
wine_binary,4,8,random_search,0.36619999445974827,2.317434461923864,1
wine_binary,4,9,treesat_exact,0.06019999273121357,1.8692747132596481,1
wine_binary,4,9,nearest_neighbor,0.011199997970834374,4.451118763847024,1
wine_binary,4,9,random_search,0.31740000122226775,3.920070647995948,1
wine_binary,4,10,treesat_exact,0.05979998968541622,1.024033470803254,1
wine_binary,4,10,nearest_neighbor,0.011199997970834374,3.829491641756579,1
wine_binary,4,10,random_search,0.32130000181496143,2.869429428279851,1
wine_binary,4,11,treesat_exact,0.05560001591220498,1.3798346371387924,1
wine_binary,4,11,nearest_neighbor,0.00999998883344233,3.43368596289833,1
wine_binary,4,11,random_search,0.3232999879401177,3.8148825562546747,1
wine_binary,4,12,treesat_exact,0.05529998452402651,1.324170866496859,1
wine_binary,4,12,nearest_neighbor,0.00990001717582345,4.327563647192233,1
wine_binary,4,12,random_search,0.31949998810887337,3.587503249637018,1
wine_binary,4,13,treesat_exact,0.05509998300112784,1.5602826790681048,1
wine_binary,4,13,nearest_neighbor,0.010000017937272787,4.88112995417972,1
wine_binary,4,13,random_search,0.33290000283159316,3.578220232960447,1
wine_binary,4,14,treesat_exact,0.05539998528547585,0.5726933339444261,1
wine_binary,4,14,nearest_neighbor,0.010199990356341004,2.4381740102486096,1
wine_binary,4,14,random_search,0.3291000030003488,1.1178479046540557,1
wine_binary,4,15,treesat_exact,0.05600001895800233,1.7828862204264118,1
wine_binary,4,15,nearest_neighbor,0.009799987310543656,4.8897544955780745,1
wine_binary,4,15,random_search,0.3169999981764704,,0
wine_binary,4,16,treesat_exact,0.05629999213851988,1.1065709189311164,1
wine_binary,4,16,nearest_neighbor,0.010300020221620798,4.362436268752011,1
wine_binary,4,16,random_search,0.31889998354017735,2.9314381109083354,1
wine_binary,4,17,treesat_exact,0.05400000372901559,1.6332040998725272,1
wine_binary,4,17,nearest_neighbor,0.009299983503296971,5.071795098943745,1
wine_binary,4,17,random_search,0.3142000059597194,5.07098210752878,1
wine_binary,4,18,treesat_exact,0.055199983762577176,1.2635150366216725,1
wine_binary,4,18,nearest_neighbor,0.010399991879239678,3.5681215080021547,1
wine_binary,4,18,random_search,0.32270001247525215,2.6250389135755987,1
wine_binary,4,19,treesat_exact,0.058200006606057286,0.336521716054738,1
wine_binary,4,19,nearest_neighbor,0.011399999493733048,4.026368017763616,1
wine_binary,4,19,random_search,0.36399997770786285,0.49174766160438566,1
wine_binary,4,20,treesat_exact,0.06329998723231256,1.3793147704839621,1
wine_binary,4,20,nearest_neighbor,0.04429998807609081,4.019877694002898,1
wine_binary,4,20,random_search,0.5462999979499727,2.3466807860685894,1
wine_binary,4,21,treesat_exact,0.07700000423938036,2.155391869926161,1
wine_binary,4,21,nearest_neighbor,0.015600002370774746,5.386301782323479,1
wine_binary,4,21,random_search,0.6378999969456345,5.082873867392624,1
wine_binary,4,22,treesat_exact,0.072900002123788,0.8648274581705829,1
wine_binary,4,22,nearest_neighbor,0.014100020052865148,3.6903795469261493,1
wine_binary,4,22,random_search,0.37140000495128334,1.563682211814693,1
wine_binary,4,23,treesat_exact,0.06500000017695129,0.34467467978096616,1
wine_binary,4,23,nearest_neighbor,0.013200013199821115,4.239532344524628,1
wine_binary,4,23,random_search,0.35539999953471124,0.8154294682828013,1
wine_binary,4,24,treesat_exact,0.05679999594576657,1.0288895670330287,1
wine_binary,4,24,nearest_neighbor,0.00999998883344233,3.4104277876648976,1
wine_binary,4,24,random_search,0.3205999964848161,2.2600478046246195,1
wine_binary,4,25,treesat_exact,0.0577000027988106,1.0839768935405147,1
wine_binary,4,25,nearest_neighbor,0.010299991117790341,3.405197317271648,1
wine_binary,4,25,random_search,0.32359999022446573,2.6215538802789906,1
wine_binary,4,26,treesat_exact,0.05649999366141856,0.9740806185222035,1
wine_binary,4,26,nearest_neighbor,0.010200019460171461,3.9123835798426843,1
wine_binary,4,26,random_search,0.3189999843016267,1.726724763942156,1
wine_binary,4,27,treesat_exact,0.05229999078437686,1.4335397368005929,1
wine_binary,4,27,nearest_neighbor,0.009499985026195645,4.287036844756787,1
wine_binary,4,27,random_search,0.31480001052841544,2.9129701632024396,1
wine_binary,4,28,treesat_exact,0.05649999366141856,0.8260802722914472,1
wine_binary,4,28,nearest_neighbor,0.00969998654909432,3.2252158614730138,1
wine_binary,4,28,random_search,0.3575000155251473,1.5657922160852227,1
wine_binary,4,29,treesat_exact,0.10810000821948051,1.0050909101798,1
wine_binary,4,29,nearest_neighbor,0.020000006770715117,4.996423894951479,1
wine_binary,4,29,random_search,0.6591000128537416,2.5620269998377245,1
wine_binary,5,0,treesat_exact,0.09460002183914185,0.2935356152433656,1
wine_binary,5,0,nearest_neighbor,0.019500002963468432,3.4972957236967184,1
wine_binary,5,0,random_search,0.6693000032100827,0.7853961235695656,1
wine_binary,5,1,treesat_exact,0.0838999985717237,0.42431679882811385,1
wine_binary,5,1,nearest_neighbor,0.013599987141788006,3.5985901723726976,1
wine_binary,5,1,random_search,0.49310000031255186,1.1231175302697987,1
wine_binary,5,2,treesat_exact,0.08999998681247234,1.041036992041643,1
wine_binary,5,2,nearest_neighbor,0.01090002479031682,4.830974877309331,1
wine_binary,5,2,random_search,0.3493000112939626,1.5495891853982107,1
wine_binary,5,3,treesat_exact,0.08709999383427203,1.1733847499610164,1
wine_binary,5,3,nearest_neighbor,0.04549999721348286,4.118319633825821,1
wine_binary,5,3,random_search,0.6526000215671957,1.7446725625610948,1
wine_binary,5,4,treesat_exact,0.10409997776150703,0.9132219127983989,1
wine_binary,5,4,nearest_neighbor,0.01920000067912042,2.5640954320711233,1
wine_binary,5,4,random_search,0.5172000091988593,1.8548612191801772,1
wine_binary,5,5,treesat_exact,0.0881000014487654,0.08153767134295947,1
wine_binary,5,5,nearest_neighbor,0.0171000137925148,3.802778107657679,1
wine_binary,5,5,random_search,0.524800008861348,0.21088359951976457,1
wine_binary,5,6,treesat_exact,0.12480001896619797,1.4621415173082548,1
wine_binary,5,6,nearest_neighbor,0.013999990187585354,4.539636444666149,1
wine_binary,5,6,random_search,0.5046000005677342,0.8519679651573003,1
wine_binary,5,7,treesat_exact,0.08460000390186906,1.6486758437218436,1
wine_binary,5,7,nearest_neighbor,0.015199999324977398,4.012701653219795,1
wine_binary,5,7,random_search,0.31689999741502106,3.1687050148468696,1
wine_binary,5,8,treesat_exact,0.06130000110715628,1.3530780347044227,1
wine_binary,5,8,nearest_neighbor,0.00969998654909432,5.280243784917775,1
wine_binary,5,8,random_search,0.3189000126440078,3.106395827984228,1
wine_binary,5,9,treesat_exact,0.0816000101622194,1.0560750940768233,1
wine_binary,5,9,nearest_neighbor,0.009499985026195645,4.977657506426594,1
wine_binary,5,9,random_search,0.35039999056607485,0.3985375463864383,1
wine_binary,5,10,treesat_exact,0.06600000779144466,1.4331314530715509,1
wine_binary,5,10,nearest_neighbor,0.011199997970834374,3.5748027564855396,1
wine_binary,5,10,random_search,0.3171999996993691,2.677095057741365,1
wine_binary,5,11,treesat_exact,0.05229999078437686,0.4482823859921458,1
wine_binary,5,11,nearest_neighbor,0.009399984264746308,5.356786428331095,1
wine_binary,5,11,random_search,0.32709998777136207,0.8686697151556626,1
wine_binary,5,12,treesat_exact,0.08670001989230514,1.2578433758102796,1
wine_binary,5,12,nearest_neighbor,0.009500014130026102,4.510024903227393,1
wine_binary,5,12,random_search,0.31400000443682075,2.3816299246199213,1
wine_binary,5,13,treesat_exact,0.05150001379661262,0.04377331212527169,1
wine_binary,5,13,nearest_neighbor,0.009300012607127428,3.741807928263113,1
wine_binary,5,13,random_search,0.3440000000409782,0.12972902287239943,1
wine_binary,5,14,treesat_exact,0.08180001168511808,1.5209862550657265,1
wine_binary,5,14,nearest_neighbor,0.011399999493733048,3.185423716296217,1
wine_binary,5,14,random_search,0.32469999860040843,3.1116259577217353,1
wine_binary,5,15,treesat_exact,0.08180001168511808,1.0158221525160926,1
wine_binary,5,15,nearest_neighbor,0.009700015652924776,4.897581984974172,1
wine_binary,5,15,random_search,0.3173000004608184,2.140930773895057,1
wine_binary,5,16,treesat_exact,0.09439999121241271,0.7990701725510352,1
wine_binary,5,16,nearest_neighbor,0.010200019460171461,3.1763704472656564,1
wine_binary,5,16,random_search,0.32839999767020345,0.5612447001830863,1
wine_binary,5,17,treesat_exact,0.05539998528547585,0.07295487299707781,1
wine_binary,5,17,nearest_neighbor,0.010300020221620798,2.2057812392905425,1
wine_binary,5,17,random_search,0.3575999871827662,0.16835635441764488,1
wine_binary,5,18,treesat_exact,0.0811999780125916,1.2134954570029874,1
wine_binary,5,18,nearest_neighbor,0.009200011845678091,3.976878845354829,1
wine_binary,5,18,random_search,0.3200999926775694,1.6508063912164443,1
wine_binary,5,19,treesat_exact,0.05420000525191426,1.4024479371839513,1
wine_binary,5,19,nearest_neighbor,0.00999998883344233,3.189353657502792,1
wine_binary,5,19,random_search,0.3129999968223274,2.5808929544869295,1
wine_binary,5,20,treesat_exact,0.06330001633614302,0.945836981090769,1
wine_binary,5,20,nearest_neighbor,0.010799994925037026,3.156876665025742,1
wine_binary,5,20,random_search,0.3273000183980912,2.113527907875338,1
wine_binary,5,21,treesat_exact,0.09739998495206237,0.07295487299707781,1
wine_binary,5,21,nearest_neighbor,0.015600002370774746,2.0574008581794643,1
wine_binary,5,21,random_search,0.45610000961460173,0.15852617296987379,1
wine_binary,5,22,treesat_exact,0.0974999857135117,1.2230660603518473,1
wine_binary,5,22,nearest_neighbor,0.011299998732283711,3.5797276286571313,1
wine_binary,5,22,random_search,0.3555000002961606,1.5849432683047915,1
wine_binary,5,23,treesat_exact,0.055800017435103655,0.4827040101150445,1
wine_binary,5,23,nearest_neighbor,0.009500014130026102,4.021132460210117,1
wine_binary,5,23,random_search,0.3395999956410378,0.8726205613133272,1
wine_binary,5,24,treesat_exact,0.05520001286640763,0.6274042077486123,1
wine_binary,5,24,nearest_neighbor,0.009199982741847634,3.0940666961735026,1
wine_binary,5,24,random_search,0.32049999572336674,1.543073997003084,1
wine_binary,5,25,treesat_exact,0.08030000026337802,1.2516574059206877,1
wine_binary,5,25,nearest_neighbor,0.00969998654909432,5.143908861983332,1
wine_binary,5,25,random_search,1.3281999854370952,1.6206177897364895,1
wine_binary,5,26,treesat_exact,0.21050000214017928,0.7772945676072964,1
wine_binary,5,26,nearest_neighbor,0.03859997377730906,4.8841916923346345,1
wine_binary,5,26,random_search,1.0932000004686415,2.836546662229994,1
wine_binary,5,27,treesat_exact,0.1770000089891255,1.8833873132917003,1
wine_binary,5,27,nearest_neighbor,0.03190001007169485,3.9999955202865065,1
wine_binary,5,27,random_search,0.8849999867379665,3.4283892548845314,1
wine_binary,5,28,treesat_exact,0.15059998258948326,0.42399688718877815,1
wine_binary,5,28,nearest_neighbor,0.026299996534362435,2.9601470839711874,1
wine_binary,5,28,random_search,0.852899975143373,1.3180351336170548,1
wine_binary,5,29,treesat_exact,0.12579999747686088,0.7081185542035559,1
wine_binary,5,29,nearest_neighbor,0.02300000051036477,5.048605349864883,1
wine_binary,5,29,random_search,0.7204000139608979,2.3264973060219183,1
wine_binary,6,0,treesat_exact,0.2190999803133309,0.9654826022529264,1
wine_binary,6,0,nearest_neighbor,0.0247000134550035,2.444594112170163,1
wine_binary,6,0,random_search,0.6185999955050647,0.18603412551466564,1
wine_binary,6,1,treesat_exact,0.09869999485090375,0.9158641834013026,1
wine_binary,6,1,nearest_neighbor,0.017699989257380366,3.8122470526975416,1
wine_binary,6,1,random_search,0.5267999949865043,2.00855026264369,1
wine_binary,6,2,treesat_exact,0.10230002226307988,1.2305040408141783,1
wine_binary,6,2,nearest_neighbor,0.016200006939470768,3.593146728935667,1
wine_binary,6,2,random_search,0.5140999855939299,3.2960831207199517,1
wine_binary,6,3,treesat_exact,0.07590002496726811,0.7790109153886329,1
wine_binary,6,3,nearest_neighbor,0.01409999094903469,4.89804744797981,1
wine_binary,6,3,random_search,0.4209000035189092,3.0009885780931085,1
wine_binary,6,4,treesat_exact,0.07310000364668667,0.6105761239884236,1
wine_binary,6,4,nearest_neighbor,0.01379998866468668,2.5672883656519487,1
wine_binary,6,4,random_search,0.42699999175965786,1.3881917614391082,1
wine_binary,6,5,treesat_exact,0.11669998639263213,1.156663821095967,1
wine_binary,6,5,nearest_neighbor,0.01300001167692244,3.9542138499995647,1
wine_binary,6,5,random_search,0.38059998769313097,0.644066100588477,1
wine_binary,6,6,treesat_exact,0.059999991208314896,0.947404314073141,1
wine_binary,6,6,nearest_neighbor,0.010599993402138352,2.6035701314991657,1
wine_binary,6,6,random_search,0.39900001138448715,2.2124883104604427,1
wine_binary,6,7,treesat_exact,0.09029998909682035,1.838580205481381,1
wine_binary,6,7,nearest_neighbor,0.01069999416358769,4.094305824064921,1
wine_binary,6,7,random_search,0.360800011549145,1.3061472748295817,1
wine_binary,6,8,treesat_exact,0.09099999442696571,1.679094325464015,1
wine_binary,6,8,nearest_neighbor,0.010299991117790341,3.461838292801799,1
wine_binary,6,8,random_search,0.32369999098591506,1.6545550121060502,1
wine_binary,6,9,treesat_exact,0.054800009820610285,0.36845111135062314,1
wine_binary,6,9,nearest_neighbor,0.010300020221620798,3.9095273826405443,1
wine_binary,6,9,random_search,0.5518999823834747,1.2190211775497135,1
wine_binary,6,10,treesat_exact,0.06849999772384763,1.0480784662699794,1
wine_binary,6,10,nearest_neighbor,0.012499978765845299,3.5667714355548203,1
wine_binary,6,10,random_search,0.35089999437332153,2.7392731644429595,1
wine_binary,6,11,treesat_exact,0.08769999840296805,0.9831348728047266,1
wine_binary,6,11,nearest_neighbor,0.010899995686486363,3.168174906338254,1
wine_binary,6,11,random_search,0.3375000087544322,0.6284239338540525,1
wine_binary,6,12,treesat_exact,0.06959997699595988,0.1278797721012479,1
wine_binary,6,12,nearest_neighbor,0.01170000177808106,4.550250879893751,1
wine_binary,6,12,random_search,0.35890002618543804,0.2725283200648519,1
wine_binary,6,13,treesat_exact,0.19469999824650586,1.156459989694392,1
wine_binary,6,13,nearest_neighbor,0.02300000051036477,4.471674286733933,1
wine_binary,6,13,random_search,0.751599989598617,2.41685204994608,1
wine_binary,6,14,treesat_exact,0.19309998606331646,1.508218194300998,1
wine_binary,6,14,nearest_neighbor,0.02239999594166875,3.7604632437516936,1
wine_binary,6,14,random_search,0.6991999980527908,0.7379953203680022,1
wine_binary,6,15,treesat_exact,0.15579999308101833,2.0383451609979146,1
wine_binary,6,15,nearest_neighbor,0.01819999306462705,4.68544661301481,1
wine_binary,6,15,random_search,0.5901999829802662,4.205830301464455,1
wine_binary,6,16,treesat_exact,0.14139999984763563,1.698915768935861,1
wine_binary,6,16,nearest_neighbor,0.016699981642886996,4.70777759178444,1
wine_binary,6,16,random_search,0.5529999907594174,1.622439185754019,1
wine_binary,6,17,treesat_exact,0.09789998875930905,0.07369022640025746,1
wine_binary,6,17,nearest_neighbor,0.017699989257380366,1.9569944792728642,1
wine_binary,6,17,random_search,0.5867000145372003,0.1323938164196239,1
wine_binary,6,18,treesat_exact,0.12939999578520656,1.1163336555790466,1
wine_binary,6,18,nearest_neighbor,0.01409999094903469,3.103920280225259,1
wine_binary,6,18,random_search,0.5020000098738819,1.6248379196999096,1
wine_binary,6,19,treesat_exact,0.08040000102482736,0.11579991392497788,1
wine_binary,6,19,nearest_neighbor,0.014299992471933365,1.3599600341982714,1
wine_binary,6,19,random_search,0.6436000112444162,0.22147186831672,1
wine_binary,6,20,treesat_exact,0.0948999950196594,0.5158315538258061,1
wine_binary,6,20,nearest_neighbor,0.015900004655122757,3.570484027849345,1
wine_binary,6,20,random_search,0.44830000842921436,0.8768949383001119,1
wine_binary,6,21,treesat_exact,0.07459998596459627,0.07543062347830387,1
wine_binary,6,21,nearest_neighbor,0.013800017768517137,2.198660716850093,1
wine_binary,6,21,random_search,0.510000012582168,0.14516339125715993,1
wine_binary,6,22,treesat_exact,0.07720000576227903,0.8842826600137637,1
wine_binary,6,22,nearest_neighbor,0.013599987141788006,3.8103514270562755,1
wine_binary,6,22,random_search,0.42359999497421086,2.089870390671413,1
wine_binary,6,23,treesat_exact,0.07000000914558768,0.21313203286965732,1
wine_binary,6,23,nearest_neighbor,0.011600001016631722,2.3967821339072115,1
wine_binary,6,23,random_search,0.37910000537522137,0.43984051910859695,1
wine_binary,6,24,treesat_exact,0.09089999366551638,1.9741207750121947,1
wine_binary,6,24,nearest_neighbor,0.010099989594891667,4.427532629561504,1
wine_binary,6,24,random_search,0.37880000309087336,2.0879838868159517,1
wine_binary,6,25,treesat_exact,0.059399986639618874,1.0655731694548898,1
wine_binary,6,25,nearest_neighbor,0.010499992640689015,5.194016538497826,1
wine_binary,6,25,random_search,0.3519000019878149,2.952811841852492,1
wine_binary,6,26,treesat_exact,0.06120000034570694,1.3264239874393122,1
wine_binary,6,26,nearest_neighbor,0.011199997970834374,3.6888767460772756,1
wine_binary,6,26,random_search,0.35089999437332153,2.989543698190648,1
wine_binary,6,27,treesat_exact,0.05400000372901559,0.1585709794398868,1
wine_binary,6,27,nearest_neighbor,0.010100018698722124,2.1027749619522615,1
wine_binary,6,27,random_search,0.32939997618086636,0.3330280874165792,1
wine_binary,6,28,treesat_exact,0.051000009989365935,0.8396297290806569,1
wine_binary,6,28,nearest_neighbor,0.009800016414374113,3.9574357684328354,1
wine_binary,6,28,random_search,0.31450000824406743,1.726975445820015,1
wine_binary,6,29,treesat_exact,0.05129998316988349,0.7658574364832338,1
wine_binary,6,29,nearest_neighbor,0.009199982741847634,3.1336411064904164,1
wine_binary,6,29,random_search,0.309199996991083,2.442678201816962,1
wine_binary,7,0,treesat_exact,0.06590000702999532,1.7308258075199512,1
wine_binary,7,0,nearest_neighbor,0.014699995517730713,5.092136544922018,1
wine_binary,7,0,random_search,0.32729998929426074,,0
wine_binary,7,1,treesat_exact,0.0543000060133636,1.6996873820218492,1
wine_binary,7,1,nearest_neighbor,0.011199997970834374,4.931276348963406,1
wine_binary,7,1,random_search,0.3205999964848161,3.3686126904240914,1
wine_binary,7,2,treesat_exact,0.057199998991563916,0.20285146038088198,1
wine_binary,7,2,nearest_neighbor,0.0109999964479357,2.935960959476628,1
wine_binary,7,2,random_search,0.3409000055398792,0.4396838814622605,1
wine_binary,7,3,treesat_exact,0.05299999611452222,1.5841744116674328,1
wine_binary,7,3,nearest_neighbor,0.009200011845678091,4.652522929197118,1
wine_binary,7,3,random_search,0.3237999917473644,3.9216684756737727,1
wine_binary,7,4,treesat_exact,0.04959999932907522,0.705151366497721,1
wine_binary,7,4,nearest_neighbor,0.009400013368576765,3.8749065027104397,1
wine_binary,7,4,random_search,0.3195999888703227,1.5815521617543413,1
wine_binary,7,5,treesat_exact,0.0481999886687845,1.3595828836635333,1
wine_binary,7,5,nearest_neighbor,0.009199982741847634,3.481062608630478,1
wine_binary,7,5,random_search,0.3053000255022198,4.4018057183866395,1
wine_binary,7,6,treesat_exact,0.04789998638443649,0.43791317296123305,1
wine_binary,7,6,nearest_neighbor,0.009199982741847634,3.2495052165884633,1
wine_binary,7,6,random_search,0.32190000638365746,0.9410910964673199,1
wine_binary,7,7,treesat_exact,0.053499999921768904,1.0335765360357747,1
wine_binary,7,7,nearest_neighbor,0.010000017937272787,4.456367797791318,1
wine_binary,7,7,random_search,0.31629999284632504,1.7685807009782055,1
wine_binary,7,8,treesat_exact,0.05329999839887023,1.0335765360357747,1
wine_binary,7,8,nearest_neighbor,0.010000017937272787,3.1687947023451675,1
wine_binary,7,8,random_search,0.31239999225363135,2.501949073658077,1
wine_binary,7,9,treesat_exact,0.051000009989365935,0.42502212014905083,1
wine_binary,7,9,nearest_neighbor,0.009700015652924776,2.790258954198013,1
wine_binary,7,9,random_search,0.31949998810887337,0.8745188633934678,1
wine_binary,7,10,treesat_exact,0.05259999306872487,0.5409372469846173,1
wine_binary,7,10,nearest_neighbor,0.009599985787644982,2.5515385555502763,1
wine_binary,7,10,random_search,0.3268000145908445,0.8397228217715368,1
wine_binary,7,11,treesat_exact,0.04879999323748052,0.5119264971742683,1
wine_binary,7,11,nearest_neighbor,0.008800008799880743,2.0910682535924803,1
wine_binary,7,11,random_search,0.3231999871786684,0.954793328730382,1
wine_binary,7,12,treesat_exact,0.04880002234131098,1.7387279141148546,1
wine_binary,7,12,nearest_neighbor,0.008700008038431406,4.3613696188111595,1
wine_binary,7,12,random_search,0.30059998971410096,3.6590224355248826,1
wine_binary,7,13,treesat_exact,0.05220001912675798,0.714809937237967,1
wine_binary,7,13,nearest_neighbor,0.009899988071992993,4.305123029055214,1
wine_binary,7,13,random_search,0.31480001052841544,1.3039943821207518,1
wine_binary,7,14,treesat_exact,0.051099981646984816,0.34774536892534025,1
wine_binary,7,14,nearest_neighbor,0.009500014130026102,2.5811570139665156,1
wine_binary,7,14,random_search,0.31790000502951443,0.5528145742993705,1
wine_binary,7,15,treesat_exact,0.047699984861537814,0.7169452856104837,1
wine_binary,7,15,nearest_neighbor,0.008600007276982069,3.1357341170533037,1
wine_binary,7,15,random_search,0.3242999955546111,1.486209618171818,1
wine_binary,7,16,treesat_exact,0.054500007536262274,0.31876658721644846,1
wine_binary,7,16,nearest_neighbor,0.009799987310543656,2.9056715074388415,1
wine_binary,7,16,random_search,0.32530000316910446,0.7386156823862572,1
wine_binary,7,17,treesat_exact,0.05080000846646726,1.1977896323861603,1
wine_binary,7,17,nearest_neighbor,0.009200011845678091,3.8176717289506326,1
wine_binary,7,17,random_search,0.3062000032514334,2.6914543378580187,1
wine_binary,7,18,treesat_exact,0.050499977078288794,0.34774536892534025,1
wine_binary,7,18,nearest_neighbor,0.009599985787644982,3.399108570774878,1
wine_binary,7,18,random_search,0.32740001915954053,0.8151617245648553,1
wine_binary,7,19,treesat_exact,0.04779998562298715,1.564855223861505,1
wine_binary,7,19,nearest_neighbor,0.008899980457499623,4.579430314452293,1
wine_binary,7,19,random_search,0.3079000161960721,4.829269536608806,1
wine_binary,7,20,treesat_exact,0.04710000939667225,0.12557573231988928,1
wine_binary,7,20,nearest_neighbor,0.009000010322779417,1.3491320204591726,1
wine_binary,7,20,random_search,0.3260000084992498,0.27332536069133834,1
wine_binary,7,21,treesat_exact,0.04640000406652689,1.1257259826823172,1
wine_binary,7,21,nearest_neighbor,0.00890000956133008,3.576959676537847,1
wine_binary,7,21,random_search,0.2945000014733523,,0
wine_binary,7,22,treesat_exact,0.05219999002292752,0.3268921772401244,1
wine_binary,7,22,nearest_neighbor,0.010100018698722124,2.601912169936304,1
wine_binary,7,22,random_search,0.33000000985339284,0.750002291370434,1
wine_binary,7,23,treesat_exact,0.05080000846646726,0.1835322725749542,1
wine_binary,7,23,nearest_neighbor,0.009599985787644982,4.09203308796216,1
wine_binary,7,23,random_search,0.33049998455680907,0.584730573846985,1
wine_binary,7,24,treesat_exact,0.048699992476031184,1.170543576649813,1
wine_binary,7,24,nearest_neighbor,0.008799979696050286,3.036400463505007,1
wine_binary,7,24,random_search,0.3081000177189708,2.378111504571707,1
wine_binary,7,25,treesat_exact,0.04680000711232424,1.6467974684407969,1
wine_binary,7,25,nearest_neighbor,0.008800008799880743,2.9177309588605183,1
wine_binary,7,25,random_search,0.3079000161960721,3.6117155297714865,1
wine_binary,7,26,treesat_exact,0.050300004659220576,0.08693633354531594,1
wine_binary,7,26,nearest_neighbor,0.009499985026195645,2.747174360831399,1
wine_binary,7,26,random_search,0.3377000102773309,0.20000092638387404,1
wine_binary,7,27,treesat_exact,0.04700000863522291,0.5468485916792805,1
wine_binary,7,27,nearest_neighbor,0.009000010322779417,3.828080442911444,1
wine_binary,7,27,random_search,0.31999999191612005,1.3747439364617768,1
wine_binary,7,28,treesat_exact,0.04650000482797623,0.5119264971742683,1
wine_binary,7,28,nearest_neighbor,0.008700008038431406,2.9492182290718745,1
wine_binary,7,28,random_search,0.31450000824406743,1.1941626910606977,1
wine_binary,7,29,treesat_exact,0.049299997044727206,1.6614511628911437,1
wine_binary,7,29,nearest_neighbor,0.008700008038431406,4.123406272809104,1
wine_binary,7,29,random_search,4.199299990432337,3.135678729830356,1
wine_binary,8,0,treesat_exact,0.10850001126527786,0.47725869591284376,1
wine_binary,8,0,nearest_neighbor,0.022499996703118086,2.1557547581303504,1
wine_binary,8,0,random_search,0.5062999844085425,0.8412306395574382,1
wine_binary,8,1,treesat_exact,0.11799999629147351,1.6165213947630974,1
wine_binary,8,1,nearest_neighbor,0.015400000847876072,3.4656523743125294,1
wine_binary,8,1,random_search,0.4233999934513122,3.373239887202567,1
wine_binary,8,2,treesat_exact,0.05629999213851988,0.8205044944670767,1
wine_binary,8,2,nearest_neighbor,0.00999998883344233,3.514240641362052,1
wine_binary,8,2,random_search,0.34699999378062785,1.877232948306328,1
wine_binary,8,3,treesat_exact,0.05560001591220498,0.7423971590887729,1
wine_binary,8,3,nearest_neighbor,0.009599985787644982,4.405931838786232,1
wine_binary,8,3,random_search,0.31960001797415316,2.4899669623278013,1
wine_binary,8,4,treesat_exact,0.05569998756982386,0.8968587840117814,1
wine_binary,8,4,nearest_neighbor,0.009300012607127428,3.5155611937612945,1
wine_binary,8,4,random_search,0.32580000697635114,1.8128377690917084,1
wine_binary,8,5,treesat_exact,0.05400000372901559,1.1023146406011564,1
wine_binary,8,5,nearest_neighbor,0.009400013368576765,5.073446521347881,1
wine_binary,8,5,random_search,0.32500000088475645,1.5146494871204947,1
wine_binary,8,6,treesat_exact,0.05299999611452222,0.8590337055718206,1
wine_binary,8,6,nearest_neighbor,0.009200011845678091,3.788156767124548,1
wine_binary,8,6,random_search,0.32679998548701406,1.6968301120080607,1
wine_binary,8,7,treesat_exact,0.05370000144466758,0.40074220832561624,1
wine_binary,8,7,nearest_neighbor,0.009500014130026102,4.23834491477867,1
wine_binary,8,7,random_search,0.32640001154504716,0.6692562317727402,1
wine_binary,8,8,treesat_exact,0.05259999306872487,1.321031949238575,1
wine_binary,8,8,nearest_neighbor,0.009199982741847634,4.1271330127829335,1
wine_binary,8,8,random_search,0.3158000181429088,3.614786248127077,1
wine_binary,8,9,treesat_exact,0.05219999002292752,0.988360172408427,1
wine_binary,8,9,nearest_neighbor,0.009100011084228754,3.2355596020110777,1
wine_binary,8,9,random_search,0.315399985993281,2.023995539184894,1
wine_binary,8,10,treesat_exact,0.05630002124235034,0.8313538590690037,1
wine_binary,8,10,nearest_neighbor,0.010399991879239678,2.5241184960187506,1
wine_binary,8,10,random_search,0.33229999826289713,1.4116794196180817,1
wine_binary,8,11,treesat_exact,0.086199986981228,1.6075993083298865,1
wine_binary,8,11,nearest_neighbor,0.010299991117790341,3.8406111457834764,1
wine_binary,8,11,random_search,0.32029999420046806,2.296887487137885,1
wine_binary,8,12,treesat_exact,0.05930001498199999,0.6686498822096332,1
wine_binary,8,12,nearest_neighbor,0.009400013368576765,3.9296087383600407,1
wine_binary,8,12,random_search,0.3278000222053379,2.326706319279645,1
wine_binary,8,13,treesat_exact,0.05240002064965665,0.009537441355247811,1
wine_binary,8,13,nearest_neighbor,0.009099981980398297,4.559742153994541,1
wine_binary,8,13,random_search,0.4582999972626567,0.09323831364324214,1
wine_binary,8,14,treesat_exact,0.15639999764971435,1.9846896793340294,1
wine_binary,8,14,nearest_neighbor,0.015199999324977398,4.514977231513496,1
wine_binary,8,14,random_search,0.4661999992094934,1.2340367988385583,1
wine_binary,8,15,treesat_exact,0.0756000226829201,0.785168537948248,1
wine_binary,8,15,nearest_neighbor,0.013200013199821115,3.0994228138172177,1
wine_binary,8,15,random_search,0.5209000082686543,1.9696682863893096,1
wine_binary,8,16,treesat_exact,0.14910000027157366,0.7327210446221182,1
wine_binary,8,16,nearest_neighbor,0.014599994756281376,2.3844370899570313,1
wine_binary,8,16,random_search,0.43929999810643494,1.3461034007265065,1
wine_binary,8,17,treesat_exact,0.18170001567341387,0.5769083957523458,1
wine_binary,8,17,nearest_neighbor,0.018600025214254856,2.4639254539659783,1
wine_binary,8,17,random_search,0.43780001578852534,1.5856861750519962,1
wine_binary,8,18,treesat_exact,0.0984000216703862,1.708894046021226,1
wine_binary,8,18,nearest_neighbor,0.011800002539530396,2.7588537186059887,1
wine_binary,8,18,random_search,0.36330000148154795,1.518675707680587,1
wine_binary,8,19,treesat_exact,0.05949998740106821,0.6250559424341584,1
wine_binary,8,19,nearest_neighbor,0.010400020983070135,2.9274729918521847,1
wine_binary,8,19,random_search,0.36189999082125723,1.8352819684235278,1
wine_binary,8,20,treesat_exact,0.09580000187270343,1.420080391498138,1
wine_binary,8,20,nearest_neighbor,0.012100004823878407,4.276840345271966,1
wine_binary,8,20,random_search,0.3513999981805682,2.7000715622085227,1
wine_binary,8,21,treesat_exact,0.058699981309473515,1.3255673677477877,1
wine_binary,8,21,nearest_neighbor,0.010199990356341004,3.9968191135988076,1
wine_binary,8,21,random_search,0.31930001568980515,3.2196454303543645,1
wine_binary,8,22,treesat_exact,0.050300004659220576,1.185952233544088,1
wine_binary,8,22,nearest_neighbor,0.00890000956133008,4.604972562963232,1
wine_binary,8,22,random_search,1.4813999878242612,1.9093230792898055,1
wine_binary,8,23,treesat_exact,0.3182999789714813,1.5300955909757652,1
wine_binary,8,23,nearest_neighbor,0.1720000000204891,4.175120469846843,1
wine_binary,8,23,random_search,4.237000015564263,4.3766011847344055,1
wine_binary,8,24,treesat_exact,0.6373999931383878,0.4864969655469653,1
wine_binary,8,24,nearest_neighbor,0.09640000644139946,3.6782707336801184,1
wine_binary,8,24,random_search,3.212399984477088,1.098844912310987,1
wine_binary,8,25,treesat_exact,0.6883000023663044,1.4915445924540922,1
wine_binary,8,25,nearest_neighbor,0.0329999893438071,3.7851957886904173,1
wine_binary,8,25,random_search,0.4335000121500343,2.7777367772809276,1
wine_binary,8,26,treesat_exact,0.0720999960321933,0.9233357709103623,1
wine_binary,8,26,nearest_neighbor,0.013399985618889332,3.3169461794310107,1
wine_binary,8,26,random_search,0.35700001171790063,3.442433325252753,1
wine_binary,8,27,treesat_exact,0.06650001159869134,0.2463270677675221,1
wine_binary,8,27,nearest_neighbor,0.011600001016631722,2.2694588726893445,1
wine_binary,8,27,random_search,2.023300010478124,0.45498728439480973,1
wine_binary,8,28,treesat_exact,0.7782999891787767,1.5219083527693236,1
wine_binary,8,28,nearest_neighbor,0.022000021999701858,4.210111697680356,1
wine_binary,8,28,random_search,0.4028000112157315,3.2580458738227436,1
wine_binary,8,29,treesat_exact,0.066100008552894,0.8159594217009576,1
wine_binary,8,29,nearest_neighbor,0.01170000177808106,3.4716956373166012,1
wine_binary,8,29,random_search,0.34950001281686127,1.504972235580031,1
wine_binary,9,0,treesat_exact,0.07720000576227903,1.6415142441580497,1
wine_binary,9,0,nearest_neighbor,0.01409999094903469,5.3250509231356,1
wine_binary,9,0,random_search,0.35069999285042286,2.8317630124318227,1
wine_binary,9,1,treesat_exact,0.0879999715834856,0.7483085142075223,1
wine_binary,9,1,nearest_neighbor,0.01069999416358769,3.174824574333346,1
wine_binary,9,1,random_search,0.33900002017617226,0.7464504364175204,1
wine_binary,9,2,treesat_exact,0.0557999883312732,1.1310563231532913,1
wine_binary,9,2,nearest_neighbor,0.009700015652924776,3.566608630478694,1
wine_binary,9,2,random_search,0.31689999741502106,2.494100578617807,1
wine_binary,9,3,treesat_exact,0.06299998494796455,0.911641194167511,1
wine_binary,9,3,nearest_neighbor,0.010299991117790341,5.414649185372345,1
wine_binary,9,3,random_search,0.3191000141669065,2.795132953492166,1
wine_binary,9,4,treesat_exact,0.08330002310685813,1.6725838954856707,1
wine_binary,9,4,nearest_neighbor,0.009800016414374113,4.0065845992847935,1
wine_binary,9,4,random_search,0.31549998675473034,2.407612674262028,1
wine_binary,9,5,treesat_exact,0.08149998029693961,1.2543629031169374,1
wine_binary,9,5,nearest_neighbor,0.009799987310543656,3.0002052335761973,1
wine_binary,9,5,random_search,0.3228000132367015,2.311064842589192,1
wine_binary,9,6,treesat_exact,0.056200020480901,0.7404933576262188,1
wine_binary,9,6,nearest_neighbor,0.010799994925037026,3.128336152668256,1
wine_binary,9,6,random_search,0.32309998641721904,1.5270619523647297,1
wine_binary,9,7,treesat_exact,0.05529998452402651,0.6162147523157352,1
wine_binary,9,7,nearest_neighbor,0.0109999964479357,3.4704789986839426,1
wine_binary,9,7,random_search,0.32289998489432037,1.2653518869965255,1
wine_binary,9,8,treesat_exact,0.08520000847056508,1.5379487397326466,1
wine_binary,9,8,nearest_neighbor,0.009700015652924776,4.898105601235766,1
wine_binary,9,8,random_search,0.32079999800771475,2.5480167075161684,1
wine_binary,9,9,treesat_exact,0.05269999383017421,1.1378046102440666,1
wine_binary,9,9,nearest_neighbor,0.009600014891475439,5.239313171313785,1
wine_binary,9,9,random_search,0.30869999318383634,4.203317929162919,1
wine_binary,9,10,treesat_exact,0.0523999915458262,0.9307173926624239,1
wine_binary,9,10,nearest_neighbor,0.009500014130026102,3.5102663742583697,1
wine_binary,9,10,random_search,0.3133999998681247,2.2525687299051076,1
wine_binary,9,11,treesat_exact,0.05119998240843415,0.8958426122951483,1
wine_binary,9,11,nearest_neighbor,0.009400013368576765,3.6560703311225593,1
wine_binary,9,11,random_search,0.33000000985339284,1.4417622407756088,1
wine_binary,9,12,treesat_exact,0.052000017603859305,1.7753060101262128,1
wine_binary,9,12,nearest_neighbor,0.009499985026195645,5.430242040225522,1
wine_binary,9,12,random_search,0.3063000040128827,3.358795895202251,1
wine_binary,9,13,treesat_exact,0.051799986977130175,1.3162167379151306,1
wine_binary,9,13,nearest_neighbor,0.009300012607127428,4.38909351429723,1
wine_binary,9,13,random_search,0.35509999725036323,3.4112691612891335,1
wine_binary,9,14,treesat_exact,0.09210000280290842,0.844058862051622,1
wine_binary,9,14,nearest_neighbor,0.012100004823878407,2.9032334290919963,1
wine_binary,9,14,random_search,0.34339999547228217,1.4622233218496157,1
wine_binary,9,15,treesat_exact,0.055500015150755644,0.10664615564013058,1
wine_binary,9,15,nearest_neighbor,0.010199990356341004,4.141378232155314,1
wine_binary,9,15,random_search,0.41360000614076853,0.1725653986404108,1
wine_binary,9,16,treesat_exact,0.05870001041330397,1.5586608425869026,1
wine_binary,9,16,nearest_neighbor,0.010499992640689015,3.621992152480196,1
wine_binary,9,16,random_search,0.32890000147745013,2.83422036968525,1
wine_binary,9,17,treesat_exact,0.05379997310228646,0.3715089901635436,1
wine_binary,9,17,nearest_neighbor,0.009399984264746308,4.08357197693248,1
wine_binary,9,17,random_search,0.32220000866800547,1.406858014140132,1
wine_binary,9,18,treesat_exact,0.05420000525191426,0.3676575416947682,1
wine_binary,9,18,nearest_neighbor,0.010099989594891667,4.059988357044455,1
wine_binary,9,18,random_search,0.3284000267740339,0.6891641421101781,1
wine_binary,9,19,treesat_exact,0.08090000483207405,1.6023662545563668,1
wine_binary,9,19,nearest_neighbor,0.009499985026195645,4.5744953642256245,1
wine_binary,9,19,random_search,0.35909999860450625,2.746091777543238,1
wine_binary,9,20,treesat_exact,0.08209998486563563,1.0840174595530903,1
wine_binary,9,20,nearest_neighbor,0.00969998654909432,3.5954420349373293,1
wine_binary,9,20,random_search,0.32079999800771475,1.4852427872139773,1
wine_binary,9,21,treesat_exact,0.05629999213851988,1.3010829276444318,1
wine_binary,9,21,nearest_neighbor,0.009700015652924776,3.2478878726413414,1
wine_binary,9,21,random_search,0.31800000579096377,3.1481040086910457,1
wine_binary,9,22,treesat_exact,0.05219999002292752,1.0309477130813989,1
wine_binary,9,22,nearest_neighbor,0.009499985026195645,4.224326096904729,1
wine_binary,9,22,random_search,0.3208999987691641,2.668014419637235,1
wine_binary,9,23,treesat_exact,0.052499992307275534,1.1240488618273734,1
wine_binary,9,23,nearest_neighbor,0.009200011845678091,4.436432409969238,1
wine_binary,9,23,random_search,0.61779998941347,3.555653070195435,1
wine_binary,9,24,treesat_exact,0.07349997758865356,1.1858260246862766,1
wine_binary,9,24,nearest_neighbor,0.014399993233382702,3.6498349702579045,1
wine_binary,9,24,random_search,0.3893999964930117,3.550731415146112,1
wine_binary,9,25,treesat_exact,0.08910000906325877,1.4654528866348648,1
wine_binary,9,25,nearest_neighbor,0.016699981642886996,4.14296131325153,1
wine_binary,9,25,random_search,0.3305999853182584,4.05390136499164,1
wine_binary,9,26,treesat_exact,0.10000000474974513,1.5996586603055762,1
wine_binary,9,26,nearest_neighbor,0.012400007108226418,3.907782287960609,1
wine_binary,9,26,random_search,0.32479999936185777,2.7052187604132096,1
wine_binary,9,27,treesat_exact,0.057600002037361264,1.6777997148193355,1
wine_binary,9,27,nearest_neighbor,0.010199990356341004,3.943912264890688,1
wine_binary,9,27,random_search,0.31689999741502106,3.882740759891677,1
wine_binary,9,28,treesat_exact,0.08640001760795712,1.0034905225956352,1
wine_binary,9,28,nearest_neighbor,0.009700015652924776,3.6635919385878726,1
wine_binary,9,28,random_search,0.34989998675882816,0.15671676837616688,1
wine_binary,9,29,treesat_exact,0.0557999883312732,1.2601022376366604,1
wine_binary,9,29,nearest_neighbor,0.009400013368576765,4.24035843575851,1
wine_binary,9,29,random_search,0.3173000004608184,2.1085058683007114,1
wine_binary,10,0,treesat_exact,0.07670000195503235,1.1536668596507962,1
wine_binary,10,0,nearest_neighbor,0.014399993233382702,4.739848024464059,1
wine_binary,10,0,random_search,0.37200000951997936,2.9203833054813004,1
wine_binary,10,1,treesat_exact,0.06079999729990959,0.28491070246337213,1
wine_binary,10,1,nearest_neighbor,0.012500007869675756,4.961097815460992,1
wine_binary,10,1,random_search,0.363900006050244,0.4307027964787151,1
wine_binary,10,2,treesat_exact,0.055500015150755644,0.19083268889852528,1
wine_binary,10,2,nearest_neighbor,0.009600014891475439,5.246343021371851,1
wine_binary,10,2,random_search,0.33650000113993883,0.8482531761332388,1
wine_binary,10,3,treesat_exact,0.056200020480901,0.5479038859183523,1
wine_binary,10,3,nearest_neighbor,0.010499992640689015,2.8425368284855175,1
wine_binary,10,3,random_search,0.33290000283159316,0.8718311810095974,1
wine_binary,10,4,treesat_exact,0.058600009651854634,0.42155411582606417,1
wine_binary,10,4,nearest_neighbor,0.010499992640689015,3.6342458073590262,1
wine_binary,10,4,random_search,0.3735000209417194,0.8247881696531646,1
wine_binary,10,5,treesat_exact,0.059699988923966885,1.0738888425604023,1
wine_binary,10,5,nearest_neighbor,0.010799994925037026,3.1694712653016555,1
wine_binary,10,5,random_search,0.32130000181496143,2.0440365716916338,1
wine_binary,10,6,treesat_exact,0.05319999763742089,1.2396863766949069,1
wine_binary,10,6,nearest_neighbor,0.009400013368576765,3.323497692460051,1
wine_binary,10,6,random_search,0.31460000900551677,3.4883856274062714,1
wine_binary,10,7,treesat_exact,0.052700022934004664,0.8431072313765695,1
wine_binary,10,7,nearest_neighbor,0.009299983503296971,4.668181756921976,1
wine_binary,10,7,random_search,0.322199979564175,1.691883343878446,1
wine_binary,10,8,treesat_exact,0.05220001912675798,0.8366840964363287,1
wine_binary,10,8,nearest_neighbor,0.009199982741847634,4.98062552310125,1
wine_binary,10,8,random_search,0.3257999778725207,1.5648584417323959,1
wine_binary,10,9,treesat_exact,0.05520001286640763,0.9862244480754089,1
wine_binary,10,9,nearest_neighbor,0.010599993402138352,3.872676515387983,1
wine_binary,10,9,random_search,0.33790001180022955,1.907794128336642,1
wine_binary,10,10,treesat_exact,0.057600002037361264,0.8108966388669542,1
wine_binary,10,10,nearest_neighbor,0.010299991117790341,4.038076593743179,1
wine_binary,10,10,random_search,0.34649998997338116,1.364530825121015,1
wine_binary,10,11,treesat_exact,0.05469997995533049,0.7620393245399338,1
wine_binary,10,11,nearest_neighbor,0.009200011845678091,3.223842815340524,1
wine_binary,10,11,random_search,0.31939998734742403,2.38761532097502,1
wine_binary,10,12,treesat_exact,0.05229999078437686,1.2573632554827834,1
wine_binary,10,12,nearest_neighbor,0.009200011845678091,4.0735309881324495,1
wine_binary,10,12,random_search,0.31040000612847507,2.9463141001554902,1
wine_binary,10,13,treesat_exact,0.060999998822808266,1.005242044498723,1
wine_binary,10,13,nearest_neighbor,0.01810002140700817,4.392915155021234,1
wine_binary,10,13,random_search,0.34729999606497586,1.8178776927010258,1
wine_binary,10,14,treesat_exact,0.05750000127591193,0.8547278563479188,1
wine_binary,10,14,nearest_neighbor,0.0109999964479357,3.508445973384304,1
wine_binary,10,14,random_search,0.3282999969087541,1.8747279651514317,1
wine_binary,10,15,treesat_exact,0.05299999611452222,0.7620393245399338,1
wine_binary,10,15,nearest_neighbor,0.009500014130026102,5.3682474455236955,1
wine_binary,10,15,random_search,0.3192999865859747,1.9159975518789796,1
wine_binary,10,16,treesat_exact,0.05180001608096063,0.7782529059072609,1
wine_binary,10,16,nearest_neighbor,0.009000010322779417,5.495921369144245,1
wine_binary,10,16,random_search,0.3206999972462654,1.2326115007431167,1
wine_binary,10,17,treesat_exact,0.09169999975711107,0.8108970693733314,1
wine_binary,10,17,nearest_neighbor,0.016499980119988322,2.5938487739028075,1
wine_binary,10,17,random_search,0.34699999378062785,2.0051067722934808,1
wine_binary,10,18,treesat_exact,0.05440000677481294,0.9176897056662743,1
wine_binary,10,18,nearest_neighbor,0.009700015652924776,3.32861539233905,1
wine_binary,10,18,random_search,0.32270001247525215,1.6672160160128726,1
wine_binary,10,19,treesat_exact,0.053499999921768904,0.5040716886758555,1
wine_binary,10,19,nearest_neighbor,0.010400020983070135,2.072424319611367,1
wine_binary,10,19,random_search,0.32569997711107135,0.8286738911396132,1
wine_binary,10,20,treesat_exact,0.1396999869029969,0.2432047207854658,1
wine_binary,10,20,nearest_neighbor,0.021199986804276705,4.094047455536029,1
wine_binary,10,20,random_search,0.6563999922946095,0.40451229848295134,1
wine_binary,10,21,treesat_exact,0.0926000066101551,1.3392428212167795,1
wine_binary,10,21,nearest_neighbor,0.02509998739697039,3.627358805890156,1
wine_binary,10,21,random_search,1.5395999944303185,2.7289118285999736,1
wine_binary,10,22,treesat_exact,0.4125000268686563,0.1972463079783786,1
wine_binary,10,22,nearest_neighbor,0.016300007700920105,4.6086837134275225,1
wine_binary,10,22,random_search,0.39679999463260174,0.3869462370144449,1
wine_binary,10,23,treesat_exact,0.05750000127591193,1.0409129240579604,1
wine_binary,10,23,nearest_neighbor,0.01069999416358769,3.747755312813597,1
wine_binary,10,23,random_search,0.3254000039305538,2.6571484366404805,1
wine_binary,10,24,treesat_exact,0.05699999746866524,0.9079605562947601,1
wine_binary,10,24,nearest_neighbor,0.011199997970834374,2.557928250182365,1
wine_binary,10,24,random_search,0.3318999952170998,1.5921438110537531,1
wine_binary,10,25,treesat_exact,0.055199983762577176,0.2432047207854658,1
wine_binary,10,25,nearest_neighbor,0.00969998654909432,1.816133628455063,1
wine_binary,10,25,random_search,0.33820001408457756,0.5806750975651599,1
wine_binary,10,26,treesat_exact,0.05490001058205962,0.6876449521563397,1
wine_binary,10,26,nearest_neighbor,0.009600014891475439,3.9086447863024425,1
wine_binary,10,26,random_search,0.3263000107835978,1.7432261999786656,1
wine_binary,10,27,treesat_exact,0.055100012104958296,1.4365243094207423,1
wine_binary,10,27,nearest_neighbor,0.00999998883344233,3.896059893848376,1
wine_binary,10,27,random_search,0.30690000858157873,3.9133928005361462,1
wine_binary,10,28,treesat_exact,0.052499992307275534,0.7085708433247568,1
wine_binary,10,28,nearest_neighbor,0.009600014891475439,2.8600605971804405,1
wine_binary,10,28,random_search,0.31239999225363135,1.938660754674432,1
wine_binary,10,29,treesat_exact,0.05250002141110599,0.8108966388669542,1
wine_binary,10,29,nearest_neighbor,0.009499985026195645,4.945252255249184,1
wine_binary,10,29,random_search,0.32729998929426074,1.3563811896357754,1
wine_binary,11,0,treesat_exact,0.06560000474564731,0.9797293772791777,1
wine_binary,11,0,nearest_neighbor,0.014299992471933365,5.206028242715344,1
wine_binary,11,0,random_search,0.36040000850334764,2.522754186293762,1
wine_binary,11,1,treesat_exact,0.053099996875971556,0.9352090123477756,1
wine_binary,11,1,nearest_neighbor,0.010500021744519472,3.1623155230954527,1
wine_binary,11,1,random_search,0.31499998294748366,2.464663659177617,1
wine_binary,11,2,treesat_exact,0.05169998621568084,1.4476870611591162,1
wine_binary,11,2,nearest_neighbor,0.010200019460171461,3.136428766580839,1
wine_binary,11,2,random_search,0.31159998616203666,3.7217095636226287,1
wine_binary,11,3,treesat_exact,0.07300000288523734,1.048738015819087,1
wine_binary,11,3,nearest_neighbor,0.015400000847876072,4.0959049570455885,1
wine_binary,11,3,random_search,0.367300002835691,2.46682430067426,1
wine_binary,11,4,treesat_exact,0.0577000027988106,0.9883440103439152,1
wine_binary,11,4,nearest_neighbor,0.011500000255182385,2.7182824092309446,1
wine_binary,11,4,random_search,0.4412999842315912,1.708884964616024,1
wine_binary,11,5,treesat_exact,0.06079999729990959,,0
wine_binary,11,5,nearest_neighbor,0.011500000255182385,4.70234564261228,1
wine_binary,11,5,random_search,0.35539999953471124,3.319792462454454,1
wine_binary,11,6,treesat_exact,0.06360001862049103,1.326723894525983,1
wine_binary,11,6,nearest_neighbor,0.011299998732283711,3.8111598502565713,1
wine_binary,11,6,random_search,0.31999999191612005,2.8190754684246535,1
wine_binary,11,7,treesat_exact,0.04990000161342323,0.9185269275718104,1
wine_binary,11,7,nearest_neighbor,0.009899988071992993,3.795521856636877,1
wine_binary,11,7,random_search,0.31030000536702573,2.7403570495043885,1
wine_binary,11,8,treesat_exact,0.054800009820610285,0.15920686917601506,1
wine_binary,11,8,nearest_neighbor,0.010599993402138352,2.439151203133094,1
wine_binary,11,8,random_search,0.34100000630132854,0.3190985247210239,1
wine_binary,11,9,treesat_exact,0.05139998393133283,1.2546622529688942,1
wine_binary,11,9,nearest_neighbor,0.00969998654909432,3.2099788842686454,1
wine_binary,11,9,random_search,0.3115000145044178,2.3218098900425,1
wine_binary,11,10,treesat_exact,0.05400000372901559,0.5741096137218712,1
wine_binary,11,10,nearest_neighbor,0.010299991117790341,2.7166301675676947,1
wine_binary,11,10,random_search,0.31800000579096377,1.2199964866789244,1
wine_binary,11,11,treesat_exact,0.04919999628327787,1.0740906582102996,1
wine_binary,11,11,nearest_neighbor,0.00969998654909432,2.752861866345624,1
wine_binary,11,11,random_search,0.304899993352592,3.425236439704052,1
wine_binary,11,12,treesat_exact,0.04909999552182853,1.063214716616154,1
wine_binary,11,12,nearest_neighbor,0.009400013368576765,4.289319168523788,1
wine_binary,11,12,random_search,0.6354000070132315,1.8425385935517165,1
wine_binary,11,13,treesat_exact,0.07369997911155224,1.6065430204028621,1
wine_binary,11,13,nearest_neighbor,0.015300000086426735,3.770413327092806,1
wine_binary,11,13,random_search,1.4640000008512288,,0
wine_binary,11,14,treesat_exact,0.2423000114504248,1.0429576246312315,1
wine_binary,11,14,nearest_neighbor,0.07509998977184296,3.0658526298212645,1
wine_binary,11,14,random_search,1.2069999938830733,1.79430189151098,1
wine_binary,11,15,treesat_exact,0.17670000670477748,1.0573378532480657,1
wine_binary,11,15,nearest_neighbor,0.03549997927621007,4.098516939928236,1
wine_binary,11,15,random_search,0.9710000013001263,3.807249013500087,1
wine_binary,11,16,treesat_exact,0.17220000154338777,0.49812853753263664,1
wine_binary,11,16,nearest_neighbor,0.03329999162815511,2.986690219952064,1
wine_binary,11,16,random_search,0.9283999970648438,1.0756506442275338,1
wine_binary,11,17,treesat_exact,0.13679999392479658,0.7316272888405512,1
wine_binary,11,17,nearest_neighbor,0.02609999501146376,3.332550916664417,1
wine_binary,11,17,random_search,0.8092000207398087,1.412145588746332,1
wine_binary,11,18,treesat_exact,0.12700000661425292,1.2038225327916654,1
wine_binary,11,18,nearest_neighbor,0.025300018023699522,4.371573776296701,1
wine_binary,11,18,random_search,0.811500009149313,3.0000128359709723,1
wine_binary,11,19,treesat_exact,0.139000010676682,1.0662035665553289,1
wine_binary,11,19,nearest_neighbor,0.02540001878514886,3.1823896314664086,1
wine_binary,11,19,random_search,0.728400016669184,2.4598010991149635,1
wine_binary,11,20,treesat_exact,0.1280000142287463,0.06226706689058818,1
wine_binary,11,20,nearest_neighbor,0.02099998528137803,2.074732664152817,1
wine_binary,11,20,random_search,0.8357999904546887,0.13011850731499464,1
wine_binary,11,21,treesat_exact,0.12350000906735659,0.9651240412186574,1
wine_binary,11,21,nearest_neighbor,0.024399982066825032,3.7488226247980903,1
wine_binary,11,21,random_search,0.6669999856967479,2.4762690975637804,1
wine_binary,11,22,treesat_exact,0.13340002624318004,0.796034337548725,1
wine_binary,11,22,nearest_neighbor,0.028000009479001164,3.0158323842237538,1
wine_binary,11,22,random_search,0.6951999966986477,1.398320618332917,1
wine_binary,11,23,treesat_exact,0.10149998706765473,1.1519232421579697,1
wine_binary,11,23,nearest_neighbor,0.019800005247816443,3.2693863244572796,1
wine_binary,11,23,random_search,0.6296999927144498,2.2968205646153774,1
wine_binary,11,24,treesat_exact,0.08629998774267733,0.23349875157546243,1
wine_binary,11,24,nearest_neighbor,0.01680001150816679,1.770891927821221,1
wine_binary,11,24,random_search,0.7367999933194369,0.5214350285824595,1
wine_binary,11,25,treesat_exact,0.0678999931551516,0.9648407140830314,1
wine_binary,11,25,nearest_neighbor,0.0137000170070678,3.9816802525191255,1
wine_binary,11,25,random_search,0.3711000026669353,2.429793700053629,1
wine_binary,11,26,treesat_exact,0.062499981140717864,1.1674897589475037,1
wine_binary,11,26,nearest_neighbor,0.011500000255182385,3.238722271500671,1
wine_binary,11,26,random_search,0.34600001526996493,2.4843197888640693,1
wine_binary,11,27,treesat_exact,0.07280000136233866,0.9407678530879771,1
wine_binary,11,27,nearest_neighbor,0.012800010154023767,3.727409613478988,1
wine_binary,11,27,random_search,1.1031999893020838,1.7301236322440812,1
wine_binary,11,28,treesat_exact,0.5270999972708523,1.501131717243787,1
wine_binary,11,28,nearest_neighbor,0.089599983766675,4.734693133617569,1
wine_binary,11,28,random_search,2.5117000041063875,3.458773973462966,1
wine_binary,11,29,treesat_exact,0.37689998862333596,0.1978024733198157,1
wine_binary,11,29,nearest_neighbor,0.10130001464858651,1.9320570408547737,1
wine_binary,11,29,random_search,2.9891000012867153,0.39082394534619164,1
wine_binary,12,0,treesat_exact,0.46969999675638974,1.6586142498331724,1
wine_binary,12,0,nearest_neighbor,0.10989999282173812,4.892201492889007,1
wine_binary,12,0,random_search,2.3815000022295862,2.9180379872755795,1
wine_binary,12,1,treesat_exact,0.37640001391991973,1.674253667467687,1
wine_binary,12,1,nearest_neighbor,0.0720999960321933,4.694006199308383,1
wine_binary,12,1,random_search,1.504699990618974,4.660147211754053,1
wine_binary,12,2,treesat_exact,0.24049999774433672,0.06180806401979534,1
wine_binary,12,2,nearest_neighbor,0.05020000389777124,2.141461802758389,1
wine_binary,12,2,random_search,1.4569999766536057,0.15132695353122355,1
wine_binary,12,3,treesat_exact,0.18390000332146883,0.23795819700335027,1
wine_binary,12,3,nearest_neighbor,0.03549997927621007,2.0900865093009062,1
wine_binary,12,3,random_search,1.4097999955993146,0.43943470398947604,1
wine_binary,12,4,treesat_exact,0.22770001669414341,1.8240532909895362,1
wine_binary,12,4,nearest_neighbor,0.02020000829361379,4.087300528245795,1
wine_binary,12,4,random_search,0.40389999048784375,5.4351914170818585,1
wine_binary,12,5,treesat_exact,0.06089999806135893,1.3598133650164188,1
wine_binary,12,5,nearest_neighbor,0.013100012438371778,3.542460804590269,1
wine_binary,12,5,random_search,0.33629999961704016,3.9597981954589225,1
wine_binary,12,6,treesat_exact,0.06500000017695129,1.1332140133010447,1
wine_binary,12,6,nearest_neighbor,0.013599987141788006,4.052153870632482,1
wine_binary,12,6,random_search,0.3412999794818461,2.4713583731004616,1
wine_binary,12,7,treesat_exact,0.05400000372901559,0.23177749058287464,1
wine_binary,12,7,nearest_neighbor,0.010299991117790341,2.1042031395476886,1
wine_binary,12,7,random_search,0.7280999852810055,0.5406540740750533,1
wine_binary,12,8,treesat_exact,0.11650001397356391,0.12670548143478924,1
wine_binary,12,8,nearest_neighbor,0.02190002123825252,1.9801032225421416,1
wine_binary,12,8,random_search,0.7751999946776778,0.30656500177309115,1
wine_binary,12,9,treesat_exact,0.11900000390596688,1.0200549196288615,1
wine_binary,12,9,nearest_neighbor,0.021499989088624716,3.5018920059227034,1
wine_binary,12,9,random_search,0.5558999837376177,2.1361150089090164,1
wine_binary,12,10,treesat_exact,0.1340000017080456,0.3914739286306994,1
wine_binary,12,10,nearest_neighbor,0.017499987734481692,3.914638937444959,1
wine_binary,12,10,random_search,0.5583000020124018,0.4261970671187969,1
wine_binary,12,11,treesat_exact,0.1379000023007393,0.5044650312941186,1
wine_binary,12,11,nearest_neighbor,0.016700010746717453,3.856281143704803,1
wine_binary,12,11,random_search,0.530999997863546,0.15641357884937587,1
wine_binary,12,12,treesat_exact,0.07159999222494662,1.7240845915099645,1
wine_binary,12,12,nearest_neighbor,0.013100012438371778,4.87092484044327,1
wine_binary,12,12,random_search,0.4512000014074147,3.7482184661322844,1
wine_binary,12,13,treesat_exact,0.07020001066848636,1.670114335751009,1
wine_binary,12,13,nearest_neighbor,0.013599987141788006,4.056146221798762,1
wine_binary,12,13,random_search,0.46129999100230634,4.151189892438268,1
wine_binary,12,14,treesat_exact,0.07360000745393336,1.6996645294849417,1
wine_binary,12,14,nearest_neighbor,0.014599994756281376,4.80567318662466,1
wine_binary,12,14,random_search,0.39159998414106667,3.7132783481838554,1
wine_binary,12,15,treesat_exact,0.06289998418651521,0.834508122671534,1
wine_binary,12,15,nearest_neighbor,0.011600001016631722,3.5295687228462045,1
wine_binary,12,15,random_search,0.4683000151999295,2.786195891258193,1
wine_binary,12,16,treesat_exact,0.066100008552894,1.230293783952177,1
wine_binary,12,16,nearest_neighbor,0.01309998333454132,4.164873193952888,1
wine_binary,12,16,random_search,0.46400001156143844,2.5001722170009617,1
wine_binary,12,17,treesat_exact,0.06910000229254365,0.9947092893988412,1
wine_binary,12,17,nearest_neighbor,0.013400014722719789,3.2518417644447877,1
wine_binary,12,17,random_search,0.381199992261827,2.618400204488086,1
wine_binary,12,18,treesat_exact,0.059900019550696015,0.6284186779003931,1
wine_binary,12,18,nearest_neighbor,0.011900003300979733,4.23947537795816,1
wine_binary,12,18,random_search,0.3496000135783106,1.411709466613447,1
wine_binary,12,19,treesat_exact,0.053499999921768904,1.8543512166211802,1
wine_binary,12,19,nearest_neighbor,0.00999998883344233,3.944216707659147,1
wine_binary,12,19,random_search,0.33650000113993883,3.3129729437935653,1
wine_binary,12,20,treesat_exact,0.05329999839887023,1.3149430376405808,1
wine_binary,12,20,nearest_neighbor,0.010200019460171461,3.8732121570970954,1
wine_binary,12,20,random_search,0.3403000009711832,3.877276771504136,1
wine_binary,12,21,treesat_exact,0.05810000584460795,0.5975128410391285,1
wine_binary,12,21,nearest_neighbor,0.01069999416358769,3.044366267235459,1
wine_binary,12,21,random_search,0.3237999917473644,1.2246922736075554,1
wine_binary,12,22,treesat_exact,0.08399999933317304,0.690230351622922,1
wine_binary,12,22,nearest_neighbor,0.010099989594891667,3.11851225938707,1
wine_binary,12,22,random_search,0.32660001306794584,0.8287991143353057,1
wine_binary,12,23,treesat_exact,0.05360000068321824,1.3804607081911602,1
wine_binary,12,23,nearest_neighbor,0.009899988071992993,4.979951969882786,1
wine_binary,12,23,random_search,0.31370000215247273,2.4939320860345706,1
wine_binary,12,24,treesat_exact,0.04919999628327787,1.8028414885190727,1
wine_binary,12,24,nearest_neighbor,0.009700015652924776,4.511061903428523,1
wine_binary,12,24,random_search,0.3121999907307327,4.134850298469681,1
wine_binary,12,25,treesat_exact,0.048699992476031184,0.11332240676995262,1
wine_binary,12,25,nearest_neighbor,0.009700015652924776,1.3421234703212161,1
wine_binary,12,25,random_search,0.3403000009711832,0.23227054961104077,1
wine_binary,12,26,treesat_exact,0.05360000068321824,0.710834242863765,1
wine_binary,12,26,nearest_neighbor,0.010399991879239678,3.880710836585372,1
wine_binary,12,26,random_search,0.32350001856684685,1.799475455198935,1
wine_binary,12,27,treesat_exact,0.05299999611452222,0.10089484484796607,1
wine_binary,12,27,nearest_neighbor,0.010199990356341004,4.084005847915343,1
wine_binary,12,27,random_search,0.34500000765547156,0.22185162252821303,1
wine_binary,12,28,treesat_exact,0.05420000525191426,1.280735756220757,1
wine_binary,12,28,nearest_neighbor,0.010499992640689015,3.7172292063952144,1
wine_binary,12,28,random_search,0.33779998193494976,2.8148595462023325,1
wine_binary,12,29,treesat_exact,0.05080000846646726,0.9951423083956717,1
wine_binary,12,29,nearest_neighbor,0.009799987310543656,3.789942350728891,1
wine_binary,12,29,random_search,0.31209998996928334,2.9354695388373,1
wine_binary,13,0,treesat_exact,0.10220002150163054,1.2084207158213902,1
wine_binary,13,0,nearest_neighbor,0.0137000170070678,4.075196389608937,1
wine_binary,13,0,random_search,0.3464000183157623,3.004635828902633,1
wine_binary,13,1,treesat_exact,0.05959998816251755,0.11108446284541182,1
wine_binary,13,1,nearest_neighbor,0.012100004823878407,3.263853497592967,1
wine_binary,13,1,random_search,0.34589998540468514,0.22492513865769417,1
wine_binary,13,2,treesat_exact,0.08270001853816211,,0
wine_binary,13,2,nearest_neighbor,0.009800016414374113,4.198506385323273,1
wine_binary,13,2,random_search,0.31689999741502106,3.3590874461099642,1
wine_binary,13,3,treesat_exact,0.05269999383017421,1.0743005039236675,1
wine_binary,13,3,nearest_neighbor,0.009300012607127428,3.4995961766900088,1
wine_binary,13,3,random_search,0.3223999810870737,2.998508223471933,1
wine_binary,13,4,treesat_exact,0.08040000102482736,1.278798590099844,1
wine_binary,13,4,nearest_neighbor,0.009299983503296971,3.5174854543743193,1
wine_binary,13,4,random_search,0.31930001568980515,1.3251601767827392,1
wine_binary,13,5,treesat_exact,0.08319999324157834,1.7444976780868529,1
wine_binary,13,5,nearest_neighbor,0.009499985026195645,3.897360464632398,1
wine_binary,13,5,random_search,0.3107000084128231,2.4366164760433424,1
wine_binary,13,6,treesat_exact,0.055100012104958296,0.1984042655883742,1
wine_binary,13,6,nearest_neighbor,0.010499992640689015,4.544412922310386,1
wine_binary,13,6,random_search,0.3361999988555908,0.496605142787339,1
wine_binary,13,7,treesat_exact,0.07880001794546843,1.5724712473328888,1
wine_binary,13,7,nearest_neighbor,0.008899980457499623,4.269703435940322,1
wine_binary,13,7,random_search,0.37850000080652535,2.7272276825694597,1
wine_binary,13,8,treesat_exact,0.056899996707215905,1.4849359029199491,1
wine_binary,13,8,nearest_neighbor,0.010299991117790341,4.331222715392044,1
wine_binary,13,8,random_search,0.3161999920848757,3.096229373866061,1
wine_binary,13,9,treesat_exact,0.05599998985417187,0.0697798682939183,1
wine_binary,13,9,nearest_neighbor,0.010299991117790341,1.9637207246772659,1
wine_binary,13,9,random_search,0.3417000116314739,0.1657906895814757,1
wine_binary,13,10,treesat_exact,0.08139997953549027,,0
wine_binary,13,10,nearest_neighbor,0.009400013368576765,3.6572773091573447,1
wine_binary,13,10,random_search,0.363900006050244,1.7938816874164143,1
wine_binary,13,11,treesat_exact,0.06010002107359469,1.0173655249918772,1
wine_binary,13,11,nearest_neighbor,0.011099997209385037,3.8781757404423938,1
wine_binary,13,11,random_search,0.32900000223889947,2.430576078313391,1
wine_binary,13,12,treesat_exact,0.05210001836530864,1.3630262517476925,1
wine_binary,13,12,nearest_neighbor,0.009500014130026102,4.664507821898639,1
wine_binary,13,12,random_search,0.31060000765137374,3.7362861000441963,1
wine_binary,13,13,treesat_exact,0.052099989261478186,1.749775152926618,1
wine_binary,13,13,nearest_neighbor,0.00899998121894896,4.520693470412806,1
wine_binary,13,13,random_search,0.3040000156033784,4.242089673965418,1
wine_binary,13,14,treesat_exact,0.07809998351149261,1.6684513999248707,1
wine_binary,13,14,nearest_neighbor,0.009200011845678091,4.887168457587712,1
wine_binary,13,14,random_search,0.30280000646598637,3.788483830496778,1
wine_binary,13,15,treesat_exact,0.05929998587816954,1.4365313101837858,1
wine_binary,13,15,nearest_neighbor,0.009299983503296971,3.96158918445254,1
wine_binary,13,15,random_search,0.318799982778728,3.352161855181281,1
wine_binary,13,16,treesat_exact,0.05440000677481294,0.8872011694105293,1
wine_binary,13,16,nearest_neighbor,0.010099989594891667,3.667273657832065,1
wine_binary,13,16,random_search,0.31980001949705184,1.754405766430079,1
wine_binary,13,17,treesat_exact,0.07829998503439128,1.828658337158691,1
wine_binary,13,17,nearest_neighbor,0.008899980457499623,5.029965847066604,1
wine_binary,13,17,random_search,0.31549998675473034,2.254195048211428,1
wine_binary,13,18,treesat_exact,0.05190001684240997,0.44970730905697653,1
wine_binary,13,18,nearest_neighbor,0.009100011084228754,3.973787725692446,1
wine_binary,13,18,random_search,0.3218000056222081,1.0978060792993976,1
wine_binary,13,19,treesat_exact,0.05020000389777124,1.0514682863998501,1
wine_binary,13,19,nearest_neighbor,0.008800008799880743,3.975509520718658,1
wine_binary,13,19,random_search,0.3126000228803605,2.8455111508681754,1
wine_binary,13,20,treesat_exact,0.05360000068321824,0.4585534139469404,1
wine_binary,13,20,nearest_neighbor,0.010099989594891667,3.1477271768419035,1
wine_binary,13,20,random_search,0.3223999810870737,1.0380713967116062,1
wine_binary,13,21,treesat_exact,0.08019999950192869,,0
wine_binary,13,21,nearest_neighbor,0.009300012607127428,4.025094840537876,1
wine_binary,13,21,random_search,0.30949999927543104,4.7317698347772215,1
wine_binary,13,22,treesat_exact,0.07920002099126577,1.6478087226914644,1
wine_binary,13,22,nearest_neighbor,0.009000010322779417,4.883541523600685,1
wine_binary,13,22,random_search,0.3073000116273761,3.149109120667058,1
wine_binary,13,23,treesat_exact,0.0515999854542315,1.036668061542407,1
wine_binary,13,23,nearest_neighbor,0.009399984264746308,5.32842045520658,1
wine_binary,13,23,random_search,0.3173000004608184,2.4632371012008774,1
wine_binary,13,24,treesat_exact,0.05050000618211925,1.714592020728928,1
wine_binary,13,24,nearest_neighbor,0.00869997893460095,5.537760452978187,1
wine_binary,13,24,random_search,0.30220000189729035,3.8746396079723997,1
wine_binary,13,25,treesat_exact,0.05289999535307288,0.7715679456905357,1
wine_binary,13,25,nearest_neighbor,0.010199990356341004,3.925433218149328,1
wine_binary,13,25,random_search,0.317899975925684,1.541448084826604,1
wine_binary,13,26,treesat_exact,0.07929999264888465,0.7376728826215841,1
wine_binary,13,26,nearest_neighbor,0.00969998654909432,4.863834448886869,1
wine_binary,13,26,random_search,0.33239999902434647,0.5255761730164952,1
wine_binary,13,27,treesat_exact,0.05160001455806196,1.232630466167743,1
wine_binary,13,27,nearest_neighbor,0.009000010322779417,4.493914454478227,1
wine_binary,13,27,random_search,0.32079999800771475,2.3780478658710957,1
wine_binary,13,28,treesat_exact,0.05370000144466758,0.2697765535682336,1
wine_binary,13,28,nearest_neighbor,0.00999998883344233,2.2635055486470486,1
wine_binary,13,28,random_search,0.33179999445565045,0.3914305338266604,1
wine_binary,13,29,treesat_exact,0.04980000085197389,1.3336773858904418,1
wine_binary,13,29,nearest_neighbor,0.00890000956133008,3.370673988472504,1
wine_binary,13,29,random_search,0.3108999808318913,2.922369310916083,1
wine_binary,14,0,treesat_exact,0.14050002209842205,0.8484704277488572,1
wine_binary,14,0,nearest_neighbor,0.01829999382607639,3.777772568635394,1
wine_binary,14,0,random_search,0.36949999048374593,1.9118680654233295,1
wine_binary,14,1,treesat_exact,0.0900000159163028,0.8507933302299235,1
wine_binary,14,1,nearest_neighbor,0.011800002539530396,3.521510528456464,1
wine_binary,14,1,random_search,0.3507999936118722,0.3963415887152713,1
wine_binary,14,2,treesat_exact,0.0549999822396785,0.9253163781499969,1
wine_binary,14,2,nearest_neighbor,0.010100018698722124,3.2505925976283394,1
wine_binary,14,2,random_search,0.38819998735561967,2.4316577694208488,1
wine_binary,14,3,treesat_exact,0.0585000088904053,1.267497223302352,1
wine_binary,14,3,nearest_neighbor,0.010400020983070135,4.191317216925711,1
wine_binary,14,3,random_search,0.3176000027451664,4.674546719237631,1
wine_binary,14,4,treesat_exact,0.05460000829771161,0.6114034667967939,1
wine_binary,14,4,nearest_neighbor,0.009899988071992993,2.858467400429635,1
wine_binary,14,4,random_search,0.3217000048607588,1.2319018214263189,1
wine_binary,14,5,treesat_exact,0.05259999306872487,2.1378287310044635,1
wine_binary,14,5,nearest_neighbor,0.009700015652924776,5.280032823358674,1
wine_binary,14,5,random_search,0.308899994706735,4.892616333333974,1
wine_binary,14,6,treesat_exact,0.0523999915458262,1.802126749627103,1
wine_binary,14,6,nearest_neighbor,0.009400013368576765,4.339096012596767,1
wine_binary,14,6,random_search,0.31110001145862043,3.5918979301257266,1
wine_binary,14,7,treesat_exact,0.08410000009462237,0.8179864603250009,1
wine_binary,14,7,nearest_neighbor,0.011000025551766157,3.0797939111669415,1
wine_binary,14,7,random_search,0.3257000062149018,1.5274468814832531,1
wine_binary,14,8,treesat_exact,0.051499984692782164,1.6512238112024549,1
wine_binary,14,8,nearest_neighbor,0.009299983503296971,4.052590649503503,1
wine_binary,14,8,random_search,0.3085000207647681,2.4270380533432516,1
wine_binary,14,9,treesat_exact,0.056199991377070546,0.37088827144177183,1
wine_binary,14,9,nearest_neighbor,0.010300020221620798,2.64457062119935,1
wine_binary,14,9,random_search,0.3288000007160008,0.6391916082237156,1
wine_binary,14,10,treesat_exact,0.051499984692782164,1.6105706111089002,1
wine_binary,14,10,nearest_neighbor,0.009100011084228754,5.187918676161984,1
wine_binary,14,10,random_search,0.31770000350661576,4.300827598735626,1
wine_binary,14,11,treesat_exact,0.05240002064965665,0.835842680044399,1
wine_binary,14,11,nearest_neighbor,0.009499985026195645,3.883175439422745,1
wine_binary,14,11,random_search,0.31889998354017735,1.8320104790910472,1
wine_binary,14,12,treesat_exact,0.05169998621568084,1.6410545785327566,1
wine_binary,14,12,nearest_neighbor,0.00899998121894896,3.906745071513346,1
wine_binary,14,12,random_search,0.30120002338662744,4.575493468206056,1
wine_binary,14,13,treesat_exact,0.04949999856762588,1.5135527012632302,1
wine_binary,14,13,nearest_neighbor,0.008800008799880743,3.7385135696330787,1
wine_binary,14,13,random_search,0.368200009688735,2.6904130958660337,1
wine_binary,14,14,treesat_exact,0.056199991377070546,1.4987950661244627,1
wine_binary,14,14,nearest_neighbor,0.010499992640689015,5.07254688974813,1
wine_binary,14,14,random_search,0.315699988277629,2.896559539179474,1
wine_binary,14,15,treesat_exact,0.062700011767447,0.015195012387089389,1
wine_binary,14,15,nearest_neighbor,0.010299991117790341,2.7979366884864256,1
wine_binary,14,15,random_search,0.3467999922577292,0.10013726826106124,1
wine_binary,14,16,treesat_exact,0.04919999628327787,1.016255797140557,1
wine_binary,14,16,nearest_neighbor,0.009000010322779417,4.233177838523867,1
wine_binary,14,16,random_search,0.31239999225363135,3.2480099096265866,1
wine_binary,14,17,treesat_exact,0.05040000542066991,1.2913452856361687,1
wine_binary,14,17,nearest_neighbor,0.00890000956133008,4.505268134761135,1
wine_binary,14,17,random_search,0.3115000145044178,3.064821487942888,1
wine_binary,14,18,treesat_exact,0.04980000085197389,1.6768207830583466,1
wine_binary,14,18,nearest_neighbor,0.009100011084228754,3.875177658677622,1
wine_binary,14,18,random_search,0.30360001255758107,3.3480288126799143,1
wine_binary,14,19,treesat_exact,0.0543000060133636,0.8281477827996195,1
wine_binary,14,19,nearest_neighbor,0.010000017937272787,3.668123714142645,1
wine_binary,14,19,random_search,0.3257000062149018,1.3820119016179584,1
wine_binary,14,20,treesat_exact,0.05180001608096063,1.5971527893230688,1
wine_binary,14,20,nearest_neighbor,0.009100011084228754,4.44495208807936,1
wine_binary,14,20,random_search,0.304599991068244,4.178080442868901,1
wine_binary,14,21,treesat_exact,0.050300004659220576,1.4179553318216362,1
wine_binary,14,21,nearest_neighbor,0.009200011845678091,4.87023198887113,1
wine_binary,14,21,random_search,0.3155999875161797,3.7146571107140565,1
wine_binary,14,22,treesat_exact,0.05370000144466758,0.2692750466955839,1
wine_binary,14,22,nearest_neighbor,0.010000017937272787,2.114346911565781,1
wine_binary,14,22,random_search,0.3242999955546111,0.589893687700657,1
wine_binary,14,23,treesat_exact,0.04980000085197389,1.4658710441983465,1
wine_binary,14,23,nearest_neighbor,0.009000010322779417,3.88375469744378,1
wine_binary,14,23,random_search,0.31770000350661576,3.2973381370379684,1
wine_binary,14,24,treesat_exact,0.05110001075081527,1.7277659209738423,1
wine_binary,14,24,nearest_neighbor,0.009000010322779417,5.028182298694715,1
wine_binary,14,24,random_search,0.2927999885287136,,0
wine_binary,14,25,treesat_exact,0.0523999915458262,0.9998384218582459,1
wine_binary,14,25,nearest_neighbor,0.009300012607127428,3.07663965057778,1
wine_binary,14,25,random_search,0.312299991492182,1.9294754960306113,1
wine_binary,14,26,treesat_exact,0.05050000618211925,0.16714613287371552,1
wine_binary,14,26,nearest_neighbor,0.009000010322779417,2.469147401199811,1
wine_binary,14,26,random_search,0.3304000128991902,0.2722257819456857,1
wine_binary,14,27,treesat_exact,0.08209998486563563,0.6266311691296413,1
wine_binary,14,27,nearest_neighbor,0.010099989594891667,3.7582281076995927,1
wine_binary,14,27,random_search,6.365700013702735,1.292862612399806,1
wine_binary,14,28,treesat_exact,0.893300020834431,0.8801367333847065,1
wine_binary,14,28,nearest_neighbor,0.22600000374950469,3.7645925602967636,1
wine_binary,14,28,random_search,4.978700017090887,1.6853297058214407,1
wine_binary,14,29,treesat_exact,1.2660999782383442,1.783574086074922,1
wine_binary,14,29,nearest_neighbor,0.14429999282583594,4.914444899064036,1
wine_binary,14,29,random_search,4.883799992967397,4.710578736437818,1
wine_binary,15,0,treesat_exact,0.16450000111944973,1.2472974257868057,1
wine_binary,15,0,nearest_neighbor,0.031400006264448166,3.987759469822077,1
wine_binary,15,0,random_search,0.3934999986086041,3.031337533098606,1
wine_binary,15,1,treesat_exact,0.05910001345910132,0.9719053492963474,1
wine_binary,15,1,nearest_neighbor,0.011199997970834374,3.7632765331465907,1
wine_binary,15,1,random_search,0.3316999936942011,2.691482593334188,1
wine_binary,15,2,treesat_exact,0.05479998071677983,1.5326496815989037,1
wine_binary,15,2,nearest_neighbor,0.010300020221620798,3.6404315657821495,1
wine_binary,15,2,random_search,0.32479999936185777,3.5151047487979996,1
wine_binary,15,3,treesat_exact,0.053800002206116915,0.3414169380236597,1
wine_binary,15,3,nearest_neighbor,0.010000017937272787,2.2679274926044655,1
wine_binary,15,3,random_search,0.38529999437741935,0.6688922041460827,1
wine_binary,15,4,treesat_exact,0.0577000027988106,0.11909958414109058,1
wine_binary,15,4,nearest_neighbor,0.010899995686486363,3.072579064422422,1
wine_binary,15,4,random_search,0.33740000799298286,0.2875515745376339,1
wine_binary,15,5,treesat_exact,0.05329999839887023,1.1133188649776777,1
wine_binary,15,5,nearest_neighbor,0.009499985026195645,3.6544891888510658,1
wine_binary,15,5,random_search,0.3060999733861536,3.334893335378916,1
wine_binary,15,6,treesat_exact,0.05329999839887023,0.5869413831585559,1
wine_binary,15,6,nearest_neighbor,0.010399991879239678,5.051863635211986,1
wine_binary,15,6,random_search,0.31919998582452536,1.414486193555966,1
wine_binary,15,7,treesat_exact,0.05460000829771161,0.2313535591590895,1
wine_binary,15,7,nearest_neighbor,0.010300020221620798,2.7100638360761207,1
wine_binary,15,7,random_search,0.3417999832890928,0.5296684852862564,1
wine_binary,15,8,treesat_exact,0.054500007536262274,0.30965631263243554,1
wine_binary,15,8,nearest_neighbor,0.010299991117790341,2.715358980375266,1
wine_binary,15,8,random_search,0.33510001958347857,0.8298306684512935,1
wine_binary,15,9,treesat_exact,0.05390000296756625,0.19852496393152858,1
wine_binary,15,9,nearest_neighbor,0.010500021744519472,5.1229383934391075,1
wine_binary,15,9,random_search,0.40530000114813447,0.38370165338812395,1
wine_binary,15,10,treesat_exact,0.06079999729990959,0.9766083742801428,1
wine_binary,15,10,nearest_neighbor,0.010499992640689015,3.949893923732417,1
wine_binary,15,10,random_search,0.33320000511594117,2.080611835820415,1
wine_binary,15,11,treesat_exact,0.05460000829771161,1.1970031749636516,1
wine_binary,15,11,nearest_neighbor,0.010100018698722124,5.388547639536136,1
wine_binary,15,11,random_search,0.37609998253174126,2.830101670345897,1
wine_binary,15,12,treesat_exact,0.057900004321709275,0.9973144231169304,1
wine_binary,15,12,nearest_neighbor,0.010599993402138352,3.9984134700900658,1
wine_binary,15,12,random_search,0.32900000223889947,4.5018598692236225,1
wine_binary,15,13,treesat_exact,0.05549998604692519,0.22073037448740787,1
wine_binary,15,13,nearest_neighbor,0.010400020983070135,3.3959340914852936,1
wine_binary,15,13,random_search,0.3342999843880534,0.7168592315788975,1
wine_binary,15,14,treesat_exact,0.05440000677481294,0.3495757936309279,1
wine_binary,15,14,nearest_neighbor,0.010099989594891667,4.056483133179487,1
wine_binary,15,14,random_search,0.3254000039305538,1.0480646298833185,1
wine_binary,15,15,treesat_exact,0.0523999915458262,0.055580340174642265,1
wine_binary,15,15,nearest_neighbor,0.00969998654909432,2.2146611233979616,1
wine_binary,15,15,random_search,0.3528999804984778,0.149418397778682,1
wine_binary,15,16,treesat_exact,0.05319999763742089,0.9222280473713493,1
wine_binary,15,16,nearest_neighbor,0.009500014130026102,3.2408816875470112,1
wine_binary,15,16,random_search,0.32649998320266604,1.6807541509546622,1
wine_binary,15,17,treesat_exact,0.054800009820610285,0.6135898654150622,1
wine_binary,15,17,nearest_neighbor,0.010300020221620798,3.5499751075490797,1
wine_binary,15,17,random_search,0.3305999853182584,1.8057609563549977,1
wine_binary,15,18,treesat_exact,0.0549999822396785,0.38223631162855265,1
wine_binary,15,18,nearest_neighbor,0.00999998883344233,2.619540124197363,1
wine_binary,15,18,random_search,0.33629999961704016,0.8491017490932156,1
wine_binary,15,19,treesat_exact,0.05379997310228646,0.1609425972615134,1
wine_binary,15,19,nearest_neighbor,0.009499985026195645,2.947474901192552,1
wine_binary,15,19,random_search,0.34589998540468514,0.5117579854312423,1
wine_binary,15,20,treesat_exact,0.05529998452402651,1.945714203262997,1
wine_binary,15,20,nearest_neighbor,0.010100018698722124,4.9064810868131055,1
wine_binary,15,20,random_search,0.31060000765137374,3.6788474569332568,1
wine_binary,15,21,treesat_exact,0.05370000144466758,1.1512862951878757,1
wine_binary,15,21,nearest_neighbor,0.011299998732283711,4.690809763249689,1
wine_binary,15,21,random_search,0.3189999843016267,2.054207667890382,1
wine_binary,15,22,treesat_exact,0.05110001075081527,1.2369589596940815,1
wine_binary,15,22,nearest_neighbor,0.009099981980398297,5.009291421016815,1
wine_binary,15,22,random_search,0.32010002178139985,2.6764242373308837,1
wine_binary,15,23,treesat_exact,0.05639999289996922,0.11064834643835933,1
wine_binary,15,23,nearest_neighbor,0.009399984264746308,1.391764887004768,1
wine_binary,15,23,random_search,0.35200000274926424,0.21504583852284237,1
wine_binary,15,24,treesat_exact,0.053099996875971556,1.5048126635913741,1
wine_binary,15,24,nearest_neighbor,0.009400013368576765,4.017960076935153,1
wine_binary,15,24,random_search,0.30679997871629894,3.1115366587690283,1
wine_binary,15,25,treesat_exact,0.05140001303516328,1.070980967262611,1
wine_binary,15,25,nearest_neighbor,0.009100011084228754,4.305800940301302,1
wine_binary,15,25,random_search,0.60889997985214,1.834151447594406,1
wine_binary,15,26,treesat_exact,0.0805000017862767,0.07041195652499616,1
wine_binary,15,26,nearest_neighbor,0.018300022929906845,2.032116610769288,1
wine_binary,15,26,random_search,0.4014000005554408,0.18958747971703502,1
wine_binary,15,27,treesat_exact,0.09099999442696571,1.7357270570451016,1
wine_binary,15,27,nearest_neighbor,0.011099997209385037,4.1548006387565835,1
wine_binary,15,27,random_search,0.3327000013086945,2.7249115315884933,1
wine_binary,15,28,treesat_exact,0.05709999823011458,1.719164896155319,1
wine_binary,15,28,nearest_neighbor,0.011099997209385037,5.003131493202499,1
wine_binary,15,28,random_search,0.3218000056222081,3.9817073508575813,1
wine_binary,15,29,treesat_exact,0.056599994422867894,1.3190899022171911,1
wine_binary,15,29,nearest_neighbor,0.010300020221620798,4.986534312348703,1
wine_binary,15,29,random_search,0.32530000316910446,3.4710652281434955,1
wine_binary,16,0,treesat_exact,0.07339997682720423,0.7336990177531224,1
wine_binary,16,0,nearest_neighbor,0.014199991710484028,3.9839506577630583,1
wine_binary,16,0,random_search,0.35719998413696885,2.7713070121461376,1
wine_binary,16,1,treesat_exact,0.05750000127591193,1.1067209863400758,1
wine_binary,16,1,nearest_neighbor,0.010799994925037026,3.1579724781796896,1
wine_binary,16,1,random_search,0.3218000056222081,2.290857342759298,1
wine_binary,16,2,treesat_exact,0.059600017266348004,0.7249674909680143,1
wine_binary,16,2,nearest_neighbor,0.011199997970834374,2.6283853573342677,1
wine_binary,16,2,random_search,0.3268999862484634,1.5518997694888599,1
wine_binary,16,3,treesat_exact,0.06399999256245792,1.255989063320973,1
wine_binary,16,3,nearest_neighbor,0.010200019460171461,3.896753750801248,1
wine_binary,16,3,random_search,0.3133999998681247,3.695950188656141,1
wine_binary,16,4,treesat_exact,0.05740000051446259,1.0244105855382513,1
wine_binary,16,4,nearest_neighbor,0.010800024028867483,3.922611267028001,1
wine_binary,16,4,random_search,0.3127000236418098,2.3910247340179684,1
wine_binary,16,5,treesat_exact,0.053000025218352675,0.7880091447552896,1
wine_binary,16,5,nearest_neighbor,0.009899988071992993,4.7960452988991085,1
wine_binary,16,5,random_search,0.31850000959821045,1.843993940187796,1
wine_binary,16,6,treesat_exact,0.058999983593821526,0.5516056993747193,1
wine_binary,16,6,nearest_neighbor,0.010300020221620798,3.618653823745311,1
wine_binary,16,6,random_search,0.39030000334605575,1.0385956120487287,1
wine_binary,16,7,treesat_exact,0.06130000110715628,1.3388769465644166,1
wine_binary,16,7,nearest_neighbor,0.010099989594891667,5.137504551784264,1
wine_binary,16,7,random_search,0.30980000155977905,3.8895645295719823,1
wine_binary,16,8,treesat_exact,0.05269999383017421,1.45148553675683,1
wine_binary,16,8,nearest_neighbor,0.009700015652924776,3.0367013213372656,1
wine_binary,16,8,random_search,0.31159998616203666,3.067493657788803,1
wine_binary,16,9,treesat_exact,0.056200020480901,1.765138240527786,1
wine_binary,16,9,nearest_neighbor,0.010899995686486363,4.314543531509756,1
wine_binary,16,9,random_search,0.31430000672116876,3.6983051579606787,1
wine_binary,16,10,treesat_exact,0.05289999535307288,0.9752661959599964,1
wine_binary,16,10,nearest_neighbor,0.009499985026195645,5.2862353938307365,1
wine_binary,16,10,random_search,0.31280002440325916,2.5382993395425255,1
wine_binary,16,11,treesat_exact,0.05220001912675798,0.6537313683091224,1
wine_binary,16,11,nearest_neighbor,0.009399984264746308,4.871251934555902,1
wine_binary,16,11,random_search,0.3378000110387802,0.9814476928762295,1
wine_binary,16,12,treesat_exact,0.05269999383017421,0.9674607834231237,1
wine_binary,16,12,nearest_neighbor,0.009400013368576765,4.2061773833644605,1
wine_binary,16,12,random_search,0.3161999920848757,1.9923971921967794,1
wine_binary,16,13,treesat_exact,0.05139998393133283,0.49241805765618746,1
wine_binary,16,13,nearest_neighbor,0.009399984264746308,4.534654155939427,1
wine_binary,16,13,random_search,0.31480001052841544,1.6618171353489946,1
wine_binary,16,14,treesat_exact,0.050700007705017924,1.0609660002089398,1
wine_binary,16,14,nearest_neighbor,0.00890000956133008,3.6254618683745625,1
wine_binary,16,14,random_search,0.3136000013910234,2.290024735735808,1
wine_binary,16,15,treesat_exact,0.050300004659220576,1.1556891539760592,1
wine_binary,16,15,nearest_neighbor,0.009200011845678091,3.015765610145676,1
wine_binary,16,15,random_search,0.3144000074826181,3.895352258383995,1
wine_binary,16,16,treesat_exact,0.05169998621568084,0.8122220194466371,1
wine_binary,16,16,nearest_neighbor,0.009300012607127428,3.57895518746426,1
wine_binary,16,16,random_search,0.30980000155977905,2.4490723916991186,1
wine_binary,16,17,treesat_exact,0.05140001303516328,1.0814863658211396,1
wine_binary,16,17,nearest_neighbor,0.009299983503296971,3.523856574825427,1
wine_binary,16,17,random_search,0.31140001374296844,2.9338943943987483,1
wine_binary,16,18,treesat_exact,0.05129998316988349,0.7816765532081328,1
wine_binary,16,18,nearest_neighbor,0.009299983503296971,3.742469361311539,1
wine_binary,16,18,random_search,0.309199996991083,2.8434441332139366,1
wine_binary,16,19,treesat_exact,0.0577000027988106,1.1032113998988407,1
wine_binary,16,19,nearest_neighbor,0.010399991879239678,3.183511245633606,1
wine_binary,16,19,random_search,0.4273999948054552,2.9087166648537552,1
wine_binary,16,20,treesat_exact,0.058699981309473515,0.6117072415341902,1
wine_binary,16,20,nearest_neighbor,0.010499992640689015,4.968625221650278,1
wine_binary,16,20,random_search,0.3301000106148422,1.865138067983477,1
wine_binary,16,21,treesat_exact,0.0577000027988106,0.5163269581295049,1
wine_binary,16,21,nearest_neighbor,0.010500021744519472,4.6785509956855345,1
wine_binary,16,21,random_search,0.3252000024076551,1.217925044621215,1
wine_binary,16,22,treesat_exact,0.13490000856108963,1.938500032121081,1
wine_binary,16,22,nearest_neighbor,0.010299991117790341,2.5274880327676232,1
wine_binary,16,22,random_search,0.3265999839641154,0.6867932202337833,1
wine_binary,16,23,treesat_exact,0.08379999781027436,1.5489757590805862,1
wine_binary,16,23,nearest_neighbor,0.010499992640689015,3.8658474966021945,1
wine_binary,16,23,random_search,0.4022000066470355,2.9197979758457246,1
wine_binary,16,24,treesat_exact,0.17499999376013875,0.6635019857152301,1
wine_binary,16,24,nearest_neighbor,0.018799997633323073,5.198883297039693,1
wine_binary,16,24,random_search,0.3835999814327806,2.6047615889449496,1
wine_binary,16,25,treesat_exact,0.060999998822808266,0.8748901872949995,1
wine_binary,16,25,nearest_neighbor,0.0109999964479357,4.041247219723561,1
wine_binary,16,25,random_search,0.3504999913275242,2.0966638772401853,1
wine_binary,16,26,treesat_exact,0.058200006606057286,1.2394460938535221,1
wine_binary,16,26,nearest_neighbor,0.010299991117790341,3.5819754950998495,1
wine_binary,16,26,random_search,0.3285999991931021,2.4158199606245456,1
wine_binary,16,27,treesat_exact,0.06729998858645558,1.153511233950575,1
wine_binary,16,27,nearest_neighbor,0.05400000372901559,3.7093546446937458,1
wine_binary,16,27,random_search,1.698700012639165,3.6284297845899416,1
wine_binary,16,28,treesat_exact,0.28390000807121396,0.5518542315399436,1
wine_binary,16,28,nearest_neighbor,0.052099989261478186,4.049619723169099,1
wine_binary,16,28,random_search,1.2283999822102487,1.3668296599204768,1
wine_binary,16,29,treesat_exact,0.14910000027157366,1.2190349087082668,1
wine_binary,16,29,nearest_neighbor,0.026599998818710446,5.018435816680008,1
wine_binary,16,29,random_search,0.8591000223532319,2.8531557754144083,1
wine_binary,17,0,treesat_exact,0.17469999147579074,0.14412196770110886,1
wine_binary,17,0,nearest_neighbor,0.02929999027401209,3.2079604421336865,1
wine_binary,17,0,random_search,0.8797000045888126,0.3180576650601528,1
wine_binary,17,1,treesat_exact,0.12430001515895128,0.400337020601338,1
wine_binary,17,1,nearest_neighbor,0.022899999748915434,2.8777232940323243,1
wine_binary,17,1,random_search,0.6861999863758683,0.982581639508177,1
wine_binary,17,2,treesat_exact,0.09700001101009548,1.0472800291744166,1
wine_binary,17,2,nearest_neighbor,0.016299978597089648,3.28772696069653,1
wine_binary,17,2,random_search,0.5528000183403492,2.1079795060788094,1
wine_binary,17,3,treesat_exact,0.09849999332800508,0.7160745632941788,1
wine_binary,17,3,nearest_neighbor,0.01889999839477241,3.228475368435354,1
wine_binary,17,3,random_search,0.5078999965917319,1.5581988212490252,1
wine_binary,17,4,treesat_exact,0.07880001794546843,1.0311303609340186,1
wine_binary,17,4,nearest_neighbor,0.014400022337213159,4.036509366665571,1
wine_binary,17,4,random_search,0.4808999947272241,3.430902028731703,1
wine_binary,17,5,treesat_exact,0.08139997953549027,1.2810762649458758,1
wine_binary,17,5,nearest_neighbor,0.014800025383010507,3.6434340011734427,1
wine_binary,17,5,random_search,0.4780000017490238,2.9278020495798684,1
wine_binary,17,6,treesat_exact,0.07949999417178333,0.8174178258595172,1
wine_binary,17,6,nearest_neighbor,0.014699995517730713,4.899796092648055,1
wine_binary,17,6,random_search,0.46350000775419176,2.5605276994193127,1
wine_binary,17,7,treesat_exact,0.07849998655728996,0.9136123734174854,1
wine_binary,17,7,nearest_neighbor,0.015400000847876072,3.2361881276988047,1
wine_binary,17,7,random_search,0.46579999616369605,2.0632224612687633,1
wine_binary,17,8,treesat_exact,0.06379999103955925,0.5348797810468097,1
wine_binary,17,8,nearest_neighbor,0.011600001016631722,3.426420468611571,1
wine_binary,17,8,random_search,0.41379997855983675,1.5084526736229453,1
wine_binary,17,9,treesat_exact,0.06550000398419797,0.8072023890748456,1
wine_binary,17,9,nearest_neighbor,0.01170000177808106,5.592326627127273,1
wine_binary,17,9,random_search,0.37900000461377203,2.345447937700177,1
wine_binary,17,10,treesat_exact,0.06510000093840063,1.1704115265777844,1
wine_binary,17,10,nearest_neighbor,0.012900010915473104,4.389398664756014,1
wine_binary,17,10,random_search,0.36880001425743103,2.2193983598866813,1
wine_binary,17,11,treesat_exact,0.08009999874047935,1.0617657310099657,1
wine_binary,17,11,nearest_neighbor,0.010099989594891667,3.134228805409953,1
wine_binary,17,11,random_search,0.3136000013910234,2.162534693582549,1
wine_binary,17,12,treesat_exact,0.051700015319511294,0.24660798886120053,1
wine_binary,17,12,nearest_neighbor,0.009200011845678091,2.1202747097636117,1
wine_binary,17,12,random_search,0.32789999386295676,0.36554354210557,1
wine_binary,17,13,treesat_exact,0.051700015319511294,0.8446269702058964,1
wine_binary,17,13,nearest_neighbor,0.009000010322779417,4.305690350300246,1
wine_binary,17,13,random_search,0.308299990138039,2.9335260652439654,1
wine_binary,17,14,treesat_exact,0.04949999856762588,0.8102811052417048,1
wine_binary,17,14,nearest_neighbor,0.009000010322779417,3.206850292310997,1
wine_binary,17,14,random_search,0.3147000097669661,1.5684959055637573,1
wine_binary,17,15,treesat_exact,0.08110000635497272,1.9083784924296467,1
wine_binary,17,15,nearest_neighbor,0.010200019460171461,4.481966619077516,1
wine_binary,17,15,random_search,0.3265000123064965,2.840614035052668,1
wine_binary,17,16,treesat_exact,0.05140001303516328,0.4166140065724208,1
wine_binary,17,16,nearest_neighbor,0.009400013368576765,3.5735271853549038,1
wine_binary,17,16,random_search,0.31689999741502106,1.0413802891607664,1
wine_binary,17,17,treesat_exact,0.052800023695454,1.6307965168376453,1
wine_binary,17,17,nearest_neighbor,0.00999998883344233,5.002878363389867,1
wine_binary,17,17,random_search,0.3001999866683036,3.3780675984115924,1
wine_binary,17,18,treesat_exact,0.050700007705017924,0.9136133702231015,1
wine_binary,17,18,nearest_neighbor,0.009400013368576765,4.965720020519994,1
wine_binary,17,18,random_search,0.30769998556934297,2.9567229403222037,1
wine_binary,17,19,treesat_exact,0.05120001151226461,0.41635046140760235,1
wine_binary,17,19,nearest_neighbor,0.009300012607127428,2.9512727963824865,1
wine_binary,17,19,random_search,0.3163999936077744,0.7575108506123307,1
wine_binary,17,20,treesat_exact,0.05319999763742089,1.9083784924296467,1
wine_binary,17,20,nearest_neighbor,0.009799987310543656,5.559073674760572,1
wine_binary,17,20,random_search,0.3139000036753714,3.115966399877757,1
wine_binary,17,21,treesat_exact,0.04990000161342323,1.114536480560727,1
wine_binary,17,21,nearest_neighbor,0.00890000956133008,5.209412756947601,1
wine_binary,17,21,random_search,0.30559999868273735,2.2162892355494317,1
wine_binary,17,22,treesat_exact,0.08100000559352338,1.6148715993552247,1
wine_binary,17,22,nearest_neighbor,0.010299991117790341,3.1127162102579233,1
wine_binary,17,22,random_search,0.3060000017285347,3.2384248462745187,1
wine_binary,17,23,treesat_exact,0.04939999780617654,1.0597179501069687,1
wine_binary,17,23,nearest_neighbor,0.009000010322779417,3.9219585268617596,1
wine_binary,17,23,random_search,0.3029000072274357,2.6948497835839333,1
wine_binary,17,24,treesat_exact,0.04980000085197389,1.0378443409501612,1
wine_binary,17,24,nearest_neighbor,0.008800008799880743,3.902059394157202,1
wine_binary,17,24,random_search,0.3137999738100916,3.1699512106236125,1
wine_binary,17,25,treesat_exact,0.05060000694356859,0.8868251239027789,1
wine_binary,17,25,nearest_neighbor,0.009000010322779417,3.804842251719721,1
wine_binary,17,25,random_search,0.3097000007983297,2.786432652215941,1
wine_binary,17,26,treesat_exact,0.04959999932907522,0.8327145722391464,1
wine_binary,17,26,nearest_neighbor,0.009099981980398297,3.5221220910277267,1
wine_binary,17,26,random_search,0.31159998616203666,1.6129063072329257,1
wine_binary,17,27,treesat_exact,0.04939999780617654,0.26582411782871773,1
wine_binary,17,27,nearest_neighbor,0.00869997893460095,2.7878456531162232,1
wine_binary,17,27,random_search,0.31430000672116876,0.7111690949604474,1
wine_binary,17,28,treesat_exact,0.051799986977130175,1.0120277983998154,1
wine_binary,17,28,nearest_neighbor,0.00899998121894896,5.053628444941868,1
wine_binary,17,28,random_search,0.315099983708933,2.9463132474763816,1
wine_binary,17,29,treesat_exact,0.04949999856762588,0.2402026125386948,1
wine_binary,17,29,nearest_neighbor,0.009099981980398297,2.128806927177355,1
wine_binary,17,29,random_search,0.38640000275336206,0.6688450235158925,1
wine_binary,18,0,treesat_exact,0.08540000999346375,0.16478498464449037,1
wine_binary,18,0,nearest_neighbor,0.01619997783564031,4.097106352724429,1
wine_binary,18,0,random_search,0.39510001079179347,0.28505789955809,1
wine_binary,18,1,treesat_exact,0.06810002378188074,1.1393854870541316,1
wine_binary,18,1,nearest_neighbor,0.011500000255182385,4.672175728662057,1
wine_binary,18,1,random_search,0.33840001560747623,1.7358433595809388,1
wine_binary,18,2,treesat_exact,0.08570001227781177,0.5141291526484981,1
wine_binary,18,2,nearest_neighbor,0.01200000406242907,2.5220213428232268,1
wine_binary,18,2,random_search,0.3305000136606395,0.9275340355004774,1
wine_binary,18,3,treesat_exact,0.05110001075081527,0.6389364937219739,1
wine_binary,18,3,nearest_neighbor,0.009799987310543656,3.061125980943942,1
wine_binary,18,3,random_search,0.32869999995455146,2.519879028509055,1
wine_binary,18,4,treesat_exact,0.05060000694356859,1.153495894615916,1
wine_binary,18,4,nearest_neighbor,0.010199990356341004,3.3384202699413694,1
wine_binary,18,4,random_search,0.31770000350661576,2.5079019588621025,1
wine_binary,18,5,treesat_exact,0.04939999780617654,0.4018073341023269,1
wine_binary,18,5,nearest_neighbor,0.009600014891475439,5.097516474993991,1
wine_binary,18,5,random_search,0.3231000155210495,0.8222767602710223,1
wine_binary,18,6,treesat_exact,0.04840001929551363,0.7137817904662904,1
wine_binary,18,6,nearest_neighbor,0.009500014130026102,4.229872303324751,1
wine_binary,18,6,random_search,0.31770000350661576,1.4241236611172061,1
wine_binary,18,7,treesat_exact,0.05219999002292752,0.37900546502430643,1
wine_binary,18,7,nearest_neighbor,0.010299991117790341,3.7557012822454565,1
wine_binary,18,7,random_search,0.32660001306794584,1.2671770822743376,1
wine_binary,18,8,treesat_exact,0.05029997555539012,0.772936900407658,1
wine_binary,18,8,nearest_neighbor,0.009500014130026102,4.553978520840241,1
wine_binary,18,8,random_search,0.311699986923486,2.354527739420033,1
wine_binary,18,9,treesat_exact,0.04840001929551363,1.113947498238104,1
wine_binary,18,9,nearest_neighbor,0.009500014130026102,2.9607317380243496,1
wine_binary,18,9,random_search,0.3087999939452857,2.5404194498450856,1
wine_binary,18,10,treesat_exact,0.0481999886687845,0.8733614202730798,1
wine_binary,18,10,nearest_neighbor,0.009099981980398297,3.871981566052159,1
wine_binary,18,10,random_search,0.3106999793089926,1.3223452604724721,1
wine_binary,18,11,treesat_exact,0.08180001168511808,0.6822098372541999,1
wine_binary,18,11,nearest_neighbor,0.010299991117790341,5.3374359647691625,1
wine_binary,18,11,random_search,0.31400000443682075,1.2190617418159857,1
wine_binary,18,12,treesat_exact,0.04770001396536827,0.16478598517061124,1
wine_binary,18,12,nearest_neighbor,0.009600014891475439,1.88765515451624,1
wine_binary,18,12,random_search,0.3242999955546111,0.388379806750892,1
wine_binary,18,13,treesat_exact,0.04800001624971628,0.49435595498571294,1
wine_binary,18,13,nearest_neighbor,0.009200011845678091,3.4065465830390984,1
wine_binary,18,13,random_search,0.311399984639138,1.1761460804235742,1
wine_binary,18,14,treesat_exact,0.05139998393133283,1.0381454046545096,1
wine_binary,18,14,nearest_neighbor,0.009800016414374113,3.1205076695008906,1
wine_binary,18,14,random_search,0.3079000161960721,2.943261612363505,1
wine_binary,18,15,treesat_exact,0.047699984861537814,1.153495894615916,1
wine_binary,18,15,nearest_neighbor,0.009199982741847634,3.659473666140165,1
wine_binary,18,15,random_search,0.3772000200115144,2.5783275064337463,1
wine_binary,18,16,treesat_exact,0.08490000618621707,1.8291133322107536,1
wine_binary,18,16,nearest_neighbor,0.011199997970834374,2.50513974505312,1
wine_binary,18,16,random_search,0.3677000058814883,1.2573416187919377,1
wine_binary,18,17,treesat_exact,0.05150001379661262,1.3776034740901852,1
wine_binary,18,17,nearest_neighbor,0.010200019460171461,3.3027603799512826,1
wine_binary,18,17,random_search,0.3209999995306134,2.7894498302104074,1
wine_binary,18,18,treesat_exact,0.04840001929551363,0.9060020013337551,1
wine_binary,18,18,nearest_neighbor,0.009400013368576765,4.280995457897675,1
wine_binary,18,18,random_search,0.3108000091742724,2.6351248496850923,1
wine_binary,18,19,treesat_exact,0.048900023102760315,1.4024770387339538,1
wine_binary,18,19,nearest_neighbor,0.009399984264746308,4.726487718802448,1
wine_binary,18,19,random_search,0.308299990138039,2.928595990684263,1
wine_binary,18,20,treesat_exact,0.08060000254772604,2.69258665312632,1
wine_binary,18,20,nearest_neighbor,0.010199990356341004,5.232001751118461,1
wine_binary,18,20,random_search,0.32029999420046806,4.627678327796334,1
wine_binary,18,21,treesat_exact,0.04859999171458185,1.160087294012218,1
wine_binary,18,21,nearest_neighbor,0.009300012607127428,3.404203670187571,1
wine_binary,18,21,random_search,0.3060000017285347,2.6616590949082553,1
wine_binary,18,22,treesat_exact,0.07869998808018863,2.5871242627854873,1
wine_binary,18,22,nearest_neighbor,0.010199990356341004,3.804062789582531,1
wine_binary,18,22,random_search,0.30300000798888505,2.486337977790723,1
wine_binary,18,23,treesat_exact,0.04759998410008848,0.7250549338562841,1
wine_binary,18,23,nearest_neighbor,0.009299983503296971,3.2875034575635413,1
wine_binary,18,23,random_search,0.3144000074826181,1.989857949251414,1
wine_binary,18,24,treesat_exact,0.0610999995842576,0.494354954459592,1
wine_binary,18,24,nearest_neighbor,0.010200019460171461,2.64488710141068,1
wine_binary,18,24,random_search,0.3166999958921224,1.3880499101135768,1
wine_binary,18,25,treesat_exact,0.08019999950192869,0.9392744137099792,1
wine_binary,18,25,nearest_neighbor,0.009899988071992993,2.0260624763429944,1
wine_binary,18,25,random_search,0.31450000824406743,1.513276356311614,1
wine_binary,18,26,treesat_exact,0.04740001168102026,0.8502915223860227,1
wine_binary,18,26,nearest_neighbor,0.00890000956133008,3.320104393596813,1
wine_binary,18,26,random_search,0.30399998649954796,2.222733436920498,1
wine_binary,18,27,treesat_exact,0.07810001261532307,1.285322882015836,1
wine_binary,18,27,nearest_neighbor,0.009899988071992993,3.5576834240780446,1
wine_binary,18,27,random_search,0.3060000017285347,2.4285031572940494,1
wine_binary,18,28,treesat_exact,0.047600013203918934,1.1084603227249048,1
wine_binary,18,28,nearest_neighbor,0.009600014891475439,5.241104673269009,1
wine_binary,18,28,random_search,0.3373000072315335,2.4810512545560113,1
wine_binary,18,29,treesat_exact,0.04980000085197389,0.8152259260897695,1
wine_binary,18,29,nearest_neighbor,0.009199982741847634,4.922499279996141,1
wine_binary,18,29,random_search,0.30659997719340026,2.6724165724192033,1
wine_binary,19,0,treesat_exact,0.07109998841769993,1.9081646997599786,1
wine_binary,19,0,nearest_neighbor,0.015500001609325409,4.759405761008999,1
wine_binary,19,0,random_search,0.3656999906525016,3.2979759807779496,1
wine_binary,19,1,treesat_exact,0.06250001024454832,0.5493196606869427,1
wine_binary,19,1,nearest_neighbor,0.012400007108226418,3.455853451711652,1
wine_binary,19,1,random_search,0.33030001213774085,1.1630303009823852,1
wine_binary,19,2,treesat_exact,0.05110001075081527,1.6297823109964942,1
wine_binary,19,2,nearest_neighbor,0.009800016414374113,4.568840288109493,1
wine_binary,19,2,random_search,0.3263999824412167,3.8086790785138334,1
wine_binary,19,3,treesat_exact,0.05500001134350896,0.2957875089733263,1
wine_binary,19,3,nearest_neighbor,0.010799994925037026,4.116721344164262,1
wine_binary,19,3,random_search,0.32240001019090414,0.5956121981860514,1
wine_binary,19,4,treesat_exact,0.04859999171458185,0.18310755537461704,1
wine_binary,19,4,nearest_neighbor,0.009599985787644982,1.2642003143394533,1
wine_binary,19,4,random_search,0.33060001442208886,0.3547556061772069,1
wine_binary,19,5,treesat_exact,0.047999987145885825,0.25915768825229535,1
wine_binary,19,5,nearest_neighbor,0.009600014891475439,1.7569230324177114,1
wine_binary,19,5,random_search,0.3167999966535717,0.5448631099153172,1
wine_binary,19,6,treesat_exact,0.04730001091957092,1.158583843332199,1
wine_binary,19,6,nearest_neighbor,0.009300012607127428,3.2610497142122483,1
wine_binary,19,6,random_search,0.3178000042680651,2.709187425723159,1
wine_binary,19,7,treesat_exact,0.04859999171458185,0.09146806611875398,1
wine_binary,19,7,nearest_neighbor,0.009199982741847634,1.900526871235143,1
wine_binary,19,7,random_search,0.32959997770376503,0.20080867047951037,1
wine_binary,19,8,treesat_exact,0.04830001853406429,0.520525103921625,1
wine_binary,19,8,nearest_neighbor,0.009400013368576765,3.85651785784788,1
wine_binary,19,8,random_search,0.31189998844638467,1.375172191935128,1
wine_binary,19,9,treesat_exact,0.0475000124424696,1.0915079944787827,1
wine_binary,19,9,nearest_neighbor,0.009200011845678091,4.87452710270472,1
wine_binary,19,9,random_search,0.3077999863307923,2.6572922202121068,1
wine_binary,19,10,treesat_exact,0.05240002064965665,0.6250249557245593,1
wine_binary,19,10,nearest_neighbor,0.010599993402138352,3.9520400960855273,1
wine_binary,19,10,random_search,0.31239999225363135,1.5123410654818916,1
wine_binary,19,11,treesat_exact,0.05629999213851988,0.32013573266449225,1
wine_binary,19,11,nearest_neighbor,0.00969998654909432,2.4707130063598646,1
wine_binary,19,11,random_search,0.32110000029206276,0.6179338929069109,1
wine_binary,19,12,treesat_exact,0.05299999611452222,0.2817023894336806,1
wine_binary,19,12,nearest_neighbor,0.00999998883344233,2.916343277661486,1
wine_binary,19,12,random_search,0.31770000350661576,0.4796862952541489,1
wine_binary,19,13,treesat_exact,0.058600009651854634,1.280539932156593,1
wine_binary,19,13,nearest_neighbor,0.009400013368576765,3.1276635768837084,1
wine_binary,19,13,random_search,0.3105000068899244,2.845567123328283,1
wine_binary,19,14,treesat_exact,0.05119998240843415,0.015244511602590553,1
wine_binary,19,14,nearest_neighbor,0.010099989594891667,2.727185927347294,1
wine_binary,19,14,random_search,0.33870001789182425,0.10101054662362824,1
wine_binary,19,15,treesat_exact,0.04849999095313251,2.1164077475055927,1
wine_binary,19,15,nearest_neighbor,0.009100011084228754,4.531914980299745,1
wine_binary,19,15,random_search,0.308899994706735,5.008885358070303,1
wine_binary,19,16,treesat_exact,0.0475000124424696,0.09859683813674469,1
wine_binary,19,16,nearest_neighbor,0.009300012607127428,1.2808632626416354,1
wine_binary,19,16,random_search,0.3260000084992498,0.19672862096617247,1
wine_binary,19,17,treesat_exact,0.04600000102072954,1.3769978285823976,1
wine_binary,19,17,nearest_neighbor,0.009100011084228754,3.696443976345048,1
wine_binary,19,17,random_search,0.30169999809004366,3.4601081970455607,1
wine_binary,19,18,treesat_exact,0.046200002543628216,1.9455305754112409,1
wine_binary,19,18,nearest_neighbor,0.009199982741847634,4.120129089881021,1
wine_binary,19,18,random_search,0.2924999862443656,,0
wine_binary,19,19,treesat_exact,0.04719998105429113,0.6849288839244482,1
wine_binary,19,19,nearest_neighbor,0.00899998121894896,4.357671059006902,1
wine_binary,19,19,random_search,2.242699993075803,1.2370959345363992,1
wine_binary,19,20,treesat_exact,0.8727999811526388,1.34151797656879,1
wine_binary,19,20,nearest_neighbor,0.19260001135990024,3.031519436473616,1
wine_binary,19,20,random_search,4.939400008879602,3.2198646459800044,1
wine_binary,19,21,treesat_exact,0.12330000754445791,1.0010897196648525,1
wine_binary,19,21,nearest_neighbor,0.025899993488565087,3.583281676996238,1
wine_binary,19,21,random_search,0.7077000045683235,2.6364004769136686,1
wine_binary,19,22,treesat_exact,0.10919998749159276,1.179926158876468,1
wine_binary,19,22,nearest_neighbor,0.02160001895390451,3.2025888796039657,1
wine_binary,19,22,random_search,0.5895000067539513,2.718246294635794,1
wine_binary,19,23,treesat_exact,0.05880001117475331,0.8232036000641991,1
wine_binary,19,23,nearest_neighbor,0.01300001167692244,3.029576364347342,1
wine_binary,19,23,random_search,0.3276999923400581,1.758487510586392,1
wine_binary,19,24,treesat_exact,0.05119998240843415,0.6128303458430373,1
wine_binary,19,24,nearest_neighbor,0.009799987310543656,3.111605832327815,1
wine_binary,19,24,random_search,0.3299000090919435,0.9995012758289219,1
wine_binary,19,25,treesat_exact,0.052000017603859305,,0
wine_binary,19,25,nearest_neighbor,0.009600014891475439,3.9662362248178034,1
wine_binary,19,25,random_search,0.3285999991931021,0.80553093289026,1
wine_binary,19,26,treesat_exact,0.05490001058205962,0.24391217814832883,1
wine_binary,19,26,nearest_neighbor,0.010399991879239678,3.6789814837609147,1
wine_binary,19,26,random_search,0.32750001992098987,0.489925160635317,1
wine_binary,19,27,treesat_exact,0.05020000389777124,1.966914244561847,1
wine_binary,19,27,nearest_neighbor,0.009400013368576765,4.096516618623269,1
wine_binary,19,27,random_search,0.3066000062972307,4.544233141238617,1
wine_binary,19,28,treesat_exact,0.048299989430233836,1.2896866388184225,1
wine_binary,19,28,nearest_neighbor,0.009299983503296971,3.523459824897227,1
wine_binary,19,28,random_search,0.3144000074826181,2.749563402523633,1
wine_binary,19,29,treesat_exact,0.04939999780617654,1.4482295542901342,1
wine_binary,19,29,nearest_neighbor,0.009400013368576765,3.081698975382251,1
wine_binary,19,29,random_search,0.37739999243058264,3.7747707718419066,1
iris_binary,0,0,treesat_exact,0.07670000195503235,1.5910359311358777,1
iris_binary,0,0,nearest_neighbor,0.014899997040629387,4.8004090461665525,1
iris_binary,0,0,random_search,0.3203999949619174,1.710592535828579,1
iris_binary,0,1,treesat_exact,0.07200002437457442,0.928104298039067,1
iris_binary,0,1,nearest_neighbor,0.012300006346777081,2.905908433756873,1
iris_binary,0,1,random_search,0.37969998084008694,1.4426803989539454,1
iris_binary,0,2,treesat_exact,0.06890000076964498,0.7955189480126407,1
iris_binary,0,2,nearest_neighbor,0.014200020814314485,2.1779428462485404,1
iris_binary,0,2,random_search,0.38139999378472567,1.1812716022876173,1
iris_binary,0,3,treesat_exact,0.06590000702999532,1.3258632778971535,1
iris_binary,0,3,nearest_neighbor,0.011399999493733048,2.9533952113434254,1
iris_binary,0,3,random_search,0.3764999855775386,2.0249125445162606,1
iris_binary,0,4,treesat_exact,0.06600000779144466,0.7955189480126407,1
iris_binary,0,4,nearest_neighbor,0.012199976481497288,2.2459116135675457,1
iris_binary,0,4,random_search,0.319099985063076,1.00601534994213,1
iris_binary,0,5,treesat_exact,0.05530001362785697,1.3258632778971535,1
iris_binary,0,5,nearest_neighbor,0.009600014891475439,3.2528139987475657,1
iris_binary,0,5,random_search,0.30529999639838934,1.9625573980181794,1
iris_binary,0,6,treesat_exact,0.0543000060133636,0.7955189480126407,1
iris_binary,0,6,nearest_neighbor,0.009799987310543656,2.607817704443514,1
iris_binary,0,6,random_search,0.3068000078201294,1.0141038615683031,1
iris_binary,0,7,treesat_exact,0.05420000525191426,1.3258632778971535,1
iris_binary,0,7,nearest_neighbor,0.009199982741847634,2.882564927015649,1
iris_binary,0,7,random_search,0.31040000612847507,1.9893064017530775,1
iris_binary,0,8,treesat_exact,0.048299989430233836,0.7955189480126407,1
iris_binary,0,8,nearest_neighbor,0.008700008038431406,2.243810008417911,1
iris_binary,0,8,random_search,0.2699000178836286,0.9480281313978609,1
iris_binary,0,9,treesat_exact,0.04679997800849378,1.9887949109939638,1
iris_binary,0,9,nearest_neighbor,0.007800001185387373,3.567580070918027,1
iris_binary,0,9,random_search,0.9484000038355589,2.366904938880655,1
iris_binary,0,10,treesat_exact,0.4041000211145729,0.662931644800343,1
iris_binary,0,10,nearest_neighbor,0.07430001278407872,3.1085669603892665,1
iris_binary,0,10,random_search,1.3804000045638531,0.9338022095710118,1
iris_binary,0,11,treesat_exact,0.2130000211764127,0.928104298039067,1
iris_binary,0,11,nearest_neighbor,0.04029998672194779,3.055889030856221,1
iris_binary,0,11,random_search,0.48970000352710485,1.585388361804869,1
iris_binary,0,12,treesat_exact,0.09879999561235309,0.2651726649422565,1
iris_binary,0,12,nearest_neighbor,0.015999976312741637,1.9574817803060809,1
iris_binary,0,12,random_search,0.4991999885533005,0.3226133466174722,1
iris_binary,0,13,treesat_exact,0.09890002547763288,0.662931644800343,1
iris_binary,0,13,nearest_neighbor,0.01479999627918005,2.4457220250908773,1
iris_binary,0,13,random_search,0.4676000098697841,0.9099438750777409,1
iris_binary,0,14,treesat_exact,0.08280001929961145,1.5910359311358777,1
iris_binary,0,14,nearest_neighbor,0.008600007276982069,4.42122591803571,1
iris_binary,0,14,random_search,0.27489999774843454,1.7982993261970066,1
iris_binary,0,15,treesat_exact,0.05040000542066991,1.9887949109939638,1
iris_binary,0,15,nearest_neighbor,0.008600007276982069,3.9565109526044404,1
iris_binary,0,15,random_search,0.2710999979171902,2.814214500056783,1
iris_binary,0,16,treesat_exact,0.051300012273713946,0.39775996815455417,1
iris_binary,0,16,nearest_neighbor,0.009099981980398297,1.8623965330462275,1
iris_binary,0,16,random_search,0.2832000027410686,0.5397691877601197,1
iris_binary,0,17,treesat_exact,0.048999994760379195,1.3258632778971535,1
iris_binary,0,17,nearest_neighbor,0.008600007276982069,2.741685425024572,1
iris_binary,0,17,random_search,0.2705999941099435,1.5284675393945002,1
iris_binary,0,18,treesat_exact,0.04859999171458185,0.662931644800343,1
iris_binary,0,18,nearest_neighbor,0.008300004992634058,2.259231046085276,1
iris_binary,0,18,random_search,0.2773999876808375,0.8439417237285669,1
iris_binary,0,19,treesat_exact,0.04859999171458185,1.9887949109939638,1
iris_binary,0,19,nearest_neighbor,0.008300004992634058,3.4609549459857534,1
iris_binary,0,19,random_search,0.26580001576803625,2.416131225425426,1
iris_binary,0,20,treesat_exact,0.04889999399892986,0.5303462947739163,1
iris_binary,0,20,nearest_neighbor,0.00890000956133008,2.5337385196608917,1
iris_binary,0,20,random_search,0.2798000059556216,0.7981461377788448,1
iris_binary,0,21,treesat_exact,0.047900015488266945,0.7955179714197049,1
iris_binary,0,21,nearest_neighbor,0.008500006515532732,2.7302423338169457,1
iris_binary,0,21,random_search,0.39500001003034413,1.268848569282646,1
iris_binary,0,22,treesat_exact,0.09509999654255807,0.7955189480126407,1
iris_binary,0,22,nearest_neighbor,0.017400016076862812,2.001815576241352,1
iris_binary,0,22,random_search,0.5596999835688621,1.0056333222165434,1
iris_binary,0,23,treesat_exact,0.09759998647496104,0.662931644800343,1
iris_binary,0,23,nearest_neighbor,0.01750001683831215,2.3035521733504924,1
iris_binary,0,23,random_search,0.5410999874584377,0.8510120188729481,1
iris_binary,0,24,treesat_exact,0.083099992480129,0.39775899156161876,1
iris_binary,0,24,nearest_neighbor,0.013800017768517137,2.219425590998466,1
iris_binary,0,24,random_search,0.6086000066716224,0.568303723730048,1
iris_binary,0,25,treesat_exact,0.08979998528957367,2.2539675642326884,1
iris_binary,0,25,nearest_neighbor,0.015099998563528061,4.007891825896423,1
iris_binary,0,25,random_search,0.5178999854251742,3.06047310597693,1
iris_binary,0,26,treesat_exact,0.07770000956952572,0.7955189480126407,1
iris_binary,0,26,nearest_neighbor,0.013999990187585354,2.275527206058584,1
iris_binary,0,26,random_search,0.4258000117260963,0.9460456005385058,1
iris_binary,0,27,treesat_exact,0.07229999755509198,0.6629326213932784,1
iris_binary,0,27,nearest_neighbor,0.01300001167692244,1.826399737986135,1
iris_binary,0,27,random_search,0.40079999598674476,1.0202416779503243,1
iris_binary,0,28,treesat_exact,0.06459999713115394,0.9281052746320025,1
iris_binary,0,28,nearest_neighbor,0.01170000177808106,2.0835712484588575,1
iris_binary,0,28,random_search,0.38399998447857797,1.4592655762565858,1
iris_binary,0,29,treesat_exact,0.06769999163225293,1.5910359311358777,1
iris_binary,0,29,nearest_neighbor,0.010899995686486363,3.3993524002700757,1
iris_binary,0,29,random_search,0.35749998642131686,2.12955169122508,1
iris_binary,1,0,treesat_exact,0.1680999994277954,0.7880836663474179,1
iris_binary,1,0,nearest_neighbor,0.03609998384490609,2.2276502271727767,1
iris_binary,1,0,random_search,0.8491000044159591,1.0877883848396206,1
iris_binary,1,1,treesat_exact,0.13810000382363796,0.7880836663474179,1
iris_binary,1,1,nearest_neighbor,0.024900014977902174,2.3098780338353926,1
iris_binary,1,1,random_search,0.6885000038892031,1.3833841990248663,1
iris_binary,1,2,treesat_exact,0.13960001524537802,,0
iris_binary,1,2,nearest_neighbor,0.021599989850074053,3.9107883415172813,1
iris_binary,1,2,random_search,0.663200014969334,2.033133010643218,1
iris_binary,1,3,treesat_exact,0.11989998165518045,,0
iris_binary,1,3,nearest_neighbor,0.020400009816512465,3.5143007433278584,1
iris_binary,1,3,random_search,0.5917999951634556,2.10834900921332,1
iris_binary,1,4,treesat_exact,0.10689999908208847,,0
iris_binary,1,4,nearest_neighbor,0.018200022168457508,2.5234230004134552,1
iris_binary,1,4,random_search,0.6076999998185784,1.356557529034652,1
iris_binary,1,5,treesat_exact,0.10480001219548285,0.7880836663474179,1
iris_binary,1,5,nearest_neighbor,0.0185999961104244,2.3439523609437067,1
iris_binary,1,5,random_search,0.5988999910186976,1.132291079957867,1
iris_binary,1,6,treesat_exact,0.0957000011112541,,0
iris_binary,1,6,nearest_neighbor,0.01580000389367342,2.288223943629493,1
iris_binary,1,6,random_search,0.6193000008352101,1.2680813894731644,1
iris_binary,1,7,treesat_exact,0.12889999197795987,,0
iris_binary,1,7,nearest_neighbor,0.022099993657320738,1.86001360929423,1
iris_binary,1,7,random_search,0.571800017496571,0.7866205056432369,1
iris_binary,1,8,treesat_exact,0.09590000263415277,,0
iris_binary,1,8,nearest_neighbor,0.015900004655122757,2.1711982160237135,1
iris_binary,1,8,random_search,0.509100005729124,1.1362234427046443,1
iris_binary,1,9,treesat_exact,0.10900001507252455,0.7880836663474179,1
iris_binary,1,9,nearest_neighbor,0.018799997633323073,2.436303411071961,1
iris_binary,1,9,random_search,0.4674999800045043,1.0278688290891942,1
iris_binary,1,10,treesat_exact,0.07880001794546843,0.7880836663474179,1
iris_binary,1,10,nearest_neighbor,0.0137000170070678,2.3914540320694244,1
iris_binary,1,10,random_search,0.42970001231878996,1.315990250759741,1
iris_binary,1,11,treesat_exact,0.07780001033097506,,0
iris_binary,1,11,nearest_neighbor,0.01300001167692244,3.2466625653820285,1
iris_binary,1,11,random_search,0.4059000057168305,1.333988028752803,1
iris_binary,1,12,treesat_exact,0.0740000104997307,,0
iris_binary,1,12,nearest_neighbor,0.011399999493733048,4.236097523670806,1
iris_binary,1,12,random_search,0.3819999983534217,1.7806761933345692,1
iris_binary,1,13,treesat_exact,0.06920000305399299,,0
iris_binary,1,13,nearest_neighbor,0.01170000177808106,4.73801459850385,1
iris_binary,1,13,random_search,0.3772999916691333,2.281433582890267,1
iris_binary,1,14,treesat_exact,0.06639998173341155,0.525389447104388,1
iris_binary,1,14,nearest_neighbor,0.01170000177808106,2.524731201237225,1
iris_binary,1,14,random_search,0.371000001905486,0.6609471325269027,1
iris_binary,1,15,treesat_exact,0.050300004659220576,0.9194307759689325,1
iris_binary,1,15,nearest_neighbor,0.009000010322779417,1.9781074128926166,1
iris_binary,1,15,random_search,0.29429999995045364,1.3592905248409366,1
iris_binary,1,16,treesat_exact,0.05160001455806196,0.6567365567259028,1
iris_binary,1,16,nearest_neighbor,0.009300012607127428,1.8143413850561245,1
iris_binary,1,16,random_search,0.29390002600848675,0.8822463642628329,1
iris_binary,1,17,treesat_exact,0.05139998393133283,,0
iris_binary,1,17,nearest_neighbor,0.008700008038431406,1.9612068172512944,1
iris_binary,1,17,random_search,0.2987999760080129,0.34446577669496425,1
iris_binary,1,18,treesat_exact,0.05060000694356859,,0
iris_binary,1,18,nearest_neighbor,0.00869997893460095,2.5933994954356914,1
iris_binary,1,18,random_search,0.29299999005161226,0.9637055217392233,1
iris_binary,1,19,treesat_exact,0.05020000389777124,,0
iris_binary,1,19,nearest_neighbor,0.008200004231184721,2.973421716871597,1
iris_binary,1,19,random_search,0.28169999131932855,2.0066231854765473,1
iris_binary,1,20,treesat_exact,0.05089998012408614,,0
iris_binary,1,20,nearest_neighbor,0.008600007276982069,3.2261411386354606,1
iris_binary,1,20,random_search,0.2877000079024583,1.2616279375333426,1
iris_binary,1,21,treesat_exact,0.04850002005696297,,0
iris_binary,1,21,nearest_neighbor,0.008000002708286047,2.6722182976895237,1
iris_binary,1,21,random_search,0.26649999199435115,1.5560994184184096,1
iris_binary,1,22,treesat_exact,0.04680000711232424,0.7880836663474179,1
iris_binary,1,22,nearest_neighbor,0.008599978173151612,2.5943295211401884,1
iris_binary,1,22,random_search,0.27799999224953353,1.0423236574278893,1
iris_binary,1,23,treesat_exact,0.047699984861537814,,0
iris_binary,1,23,nearest_neighbor,0.007800001185387373,3.035723666404169,1
iris_binary,1,23,random_search,0.26840000646188855,1.4677116489647428,1
iris_binary,1,24,treesat_exact,0.04740001168102026,,0
iris_binary,1,24,nearest_neighbor,0.007800001185387373,3.3332495492832797,1
iris_binary,1,24,random_search,0.2667000226210803,1.7365760085207727,1
iris_binary,1,25,treesat_exact,0.05029997555539012,,0
iris_binary,1,25,nearest_neighbor,0.008000002708286047,2.335647345689943,1
iris_binary,1,25,random_search,0.2964000159408897,0.9920905527786481,1
iris_binary,1,26,treesat_exact,0.04840001929551363,,0
iris_binary,1,26,nearest_neighbor,0.007700000423938036,5.232644031546392,1
iris_binary,1,26,random_search,0.26980001712217927,2.2913646630283337,1
iris_binary,1,27,treesat_exact,0.04730001091957092,,0
iris_binary,1,27,nearest_neighbor,0.008000002708286047,4.850347474754061,1
iris_binary,1,27,random_search,0.27069999487139285,1.9999663184471708,1
iris_binary,1,28,treesat_exact,0.04809998790733516,,0
iris_binary,1,28,nearest_neighbor,0.007800001185387373,2.7512344576962575,1
iris_binary,1,28,random_search,0.2680000034160912,1.3040171630363715,1
iris_binary,1,29,treesat_exact,0.046999979531392455,0.7880836663474179,1
iris_binary,1,29,nearest_neighbor,0.008299975888803601,1.9795890861918948,1
iris_binary,1,29,random_search,0.2691999834496528,1.0608841428688884,1
iris_binary,2,0,treesat_exact,0.0653000024612993,0.5855095977117625,1
iris_binary,2,0,nearest_neighbor,0.013100012438371778,2.458440493012661,1
iris_binary,2,0,random_search,0.3110000106971711,0.7263413594973543,1
iris_binary,2,1,treesat_exact,0.05050000618211925,0.45539657511473963,1
iris_binary,2,1,nearest_neighbor,0.009000010322779417,2.1626737270095497,1
iris_binary,2,1,random_search,0.2906000008806586,0.7749880623202252,1
iris_binary,2,2,treesat_exact,0.05020000389777124,0.715621628258467,1
iris_binary,2,2,nearest_neighbor,0.009200011845678091,2.154184198395317,1
iris_binary,2,2,random_search,0.28860001475550234,0.9265091304515947,1
iris_binary,2,3,treesat_exact,0.05679999594576657,2.016751854228696,1
iris_binary,2,3,nearest_neighbor,0.008799979696050286,4.744172244150983,1
iris_binary,2,3,random_search,0.2925999870058149,2.2615439522258307,1
iris_binary,2,4,treesat_exact,0.05169998621568084,0.19517052992069372,1
iris_binary,2,4,nearest_neighbor,0.009400013368576765,2.1791748196786784,1
iris_binary,2,4,random_search,0.29639998683705926,0.2492520390780717,1
iris_binary,2,5,treesat_exact,0.05039997631683946,1.6264127864376274,1
iris_binary,2,5,nearest_neighbor,0.008800008799880743,4.879826285407694,1
iris_binary,2,5,random_search,0.2829000004567206,1.987313776400463,1
iris_binary,2,6,treesat_exact,0.04939999780617654,2.016751854228696,1
iris_binary,2,6,nearest_neighbor,0.008300004992634058,3.99176423247569,1
iris_binary,2,6,random_search,0.281700020423159,2.8602674459975437,1
iris_binary,2,7,treesat_exact,0.04840001929551363,0.7156226203087855,1
iris_binary,2,7,nearest_neighbor,0.008700008038431406,2.4644922659996786,1
iris_binary,2,7,random_search,0.34909998066723347,1.195432294640251,1
iris_binary,2,8,treesat_exact,0.055100012104958296,0.8457346508554897,1
iris_binary,2,8,nearest_neighbor,0.00890000956133008,2.7748714764457763,1
iris_binary,2,8,random_search,0.2972999936901033,1.2175791748573077,1
iris_binary,2,9,treesat_exact,0.0501000031363219,2.016751854228696,1
iris_binary,2,9,nearest_neighbor,0.00869997893460095,5.27836557731304,1
iris_binary,2,9,random_search,0.2699999895412475,2.50929118405186,1
iris_binary,2,10,treesat_exact,0.048699992476031184,0.32528256046739806,1
iris_binary,2,10,nearest_neighbor,0.008400005754083395,1.5743938406131737,1
iris_binary,2,10,random_search,0.36440000985749066,0.4269625432889129,1
iris_binary,2,11,treesat_exact,0.051700015319511294,0.32528256046739806,1
iris_binary,2,11,nearest_neighbor,0.008700008038431406,2.0988180150437694,1
iris_binary,2,11,random_search,0.2971000212710351,0.5032797209121176,1
iris_binary,2,12,treesat_exact,0.05020000389777124,0.715621628258467,1
iris_binary,2,12,nearest_neighbor,0.008199975127354264,3.172899284024942,1
iris_binary,2,12,random_search,0.28450001263991,0.8881750524348685,1
iris_binary,2,13,treesat_exact,0.049299997044727206,1.3661867412435815,1
iris_binary,2,13,nearest_neighbor,0.008400005754083395,2.674308544818474,1
iris_binary,2,13,random_search,0.2765999815892428,1.7882081385746407,1
iris_binary,2,14,treesat_exact,0.05060000694356859,0.5855086056614439,1
iris_binary,2,14,nearest_neighbor,0.008500006515532732,2.36790514263807,1
iris_binary,2,14,random_search,0.29349999385885894,0.6606562795483234,1
iris_binary,2,15,treesat_exact,0.048200017772614956,1.3661867412435815,1
iris_binary,2,15,nearest_neighbor,0.008200004231184721,3.9340152800722348,1
iris_binary,2,15,random_search,0.281700020423159,1.67262132560987,1
iris_binary,2,16,treesat_exact,0.04870002157986164,1.4962997638406046,1
iris_binary,2,16,nearest_neighbor,0.008599978173151612,3.1582448887739982,1
iris_binary,2,16,random_search,0.27469999622553587,1.8813404007852081,1
iris_binary,2,17,treesat_exact,0.04810001701116562,0.5855095977117625,1
iris_binary,2,17,nearest_neighbor,0.00890000956133008,2.553503458929233,1
iris_binary,2,17,random_search,0.28410000959411263,0.7522031503367927,1
iris_binary,2,18,treesat_exact,0.0475000124424696,0.715621628258467,1
iris_binary,2,18,nearest_neighbor,0.008300004992634058,2.4828230566389955,1
iris_binary,2,18,random_search,0.2785000251606107,0.907856133785095,1
iris_binary,2,19,treesat_exact,0.04749998333863914,0.9758476734525128,1
iris_binary,2,19,nearest_neighbor,0.008099974365904927,2.2275356026852724,1
iris_binary,2,19,random_search,0.2854999911505729,1.3702044902305615,1
iris_binary,2,20,treesat_exact,0.04680000711232424,0.7156226203087855,1
iris_binary,2,20,nearest_neighbor,0.008300004992634058,2.4170725447984602,1
iris_binary,2,20,random_search,0.31510001281276345,0.7955974509806609,1
iris_binary,2,21,treesat_exact,0.05289999535307288,2.016751854228696,1
iris_binary,2,21,nearest_neighbor,0.008899980457499623,3.9774654235660973,1
iris_binary,2,21,random_search,0.29510000604204834,2.348404293881498,1
iris_binary,2,22,treesat_exact,0.04959999932907522,1.3661867412435815,1
iris_binary,2,22,nearest_neighbor,0.008800008799880743,4.016376087020873,1
iris_binary,2,22,random_search,0.2792000013869256,2.0166655009717065,1
iris_binary,2,23,treesat_exact,0.048299989430233836,0.9758476734525128,1
iris_binary,2,23,nearest_neighbor,0.008000002708286047,3.26455333966837,1
iris_binary,2,23,random_search,0.29150000773370266,1.2069537243479476,1
iris_binary,2,24,treesat_exact,0.04809998790733516,1.8866388316316736,1
iris_binary,2,24,nearest_neighbor,0.008500006515532732,3.750671724580945,1
iris_binary,2,24,random_search,0.2764000091701746,2.0926500351023125,1
iris_binary,2,25,treesat_exact,0.04789998638443649,0.32528256046739806,1
iris_binary,2,25,nearest_neighbor,0.00790000194683671,1.6019474053832585,1
iris_binary,2,25,random_search,0.2835000050254166,0.46489826240060106,1
iris_binary,2,26,treesat_exact,0.04870002157986164,0.7156226203087855,1
iris_binary,2,26,nearest_neighbor,0.009299983503296971,2.171258767509943,1
iris_binary,2,26,random_search,0.2761000068858266,1.111472256285716,1
iris_binary,2,27,treesat_exact,0.047999987145885825,0.5855086056614439,1
iris_binary,2,27,nearest_neighbor,0.008400005754083395,2.351966049154907,1
iris_binary,2,27,random_search,0.2905000001192093,0.8189580371726194,1
iris_binary,2,28,treesat_exact,0.04809998790733516,0.45539657511473963,1
iris_binary,2,28,nearest_neighbor,0.008300004992634058,2.6233478288427956,1
iris_binary,2,28,random_search,0.2826999989338219,0.5833255364465685,1
iris_binary,2,29,treesat_exact,0.046200002543628216,0.8457356429058084,1
iris_binary,2,29,nearest_neighbor,0.008400005754083395,2.125342034606145,1
iris_binary,2,29,random_search,0.2756000030785799,1.2186863916141533,1
iris_binary,3,0,treesat_exact,0.0641999940853566,1.3988792818552787,1
iris_binary,3,0,nearest_neighbor,0.013300013961270452,3.1476249970963277,1
iris_binary,3,0,random_search,0.3077000146731734,1.4906980781550854,1
iris_binary,3,1,treesat_exact,0.05180001608096063,0.7630260757401993,1
iris_binary,3,1,nearest_neighbor,0.010099989594891667,2.627989213603698,1
iris_binary,3,1,random_search,0.2857999934349209,0.8163988006063387,1
iris_binary,3,2,treesat_exact,0.048999994760379195,0.7630250590330792,1
iris_binary,3,2,nearest_neighbor,0.008700008038431406,2.953877562459511,1
iris_binary,3,2,random_search,0.27600000612437725,1.3089360661391538,1
iris_binary,3,3,treesat_exact,0.04919999628327787,2.161904349241918,1
iris_binary,3,3,nearest_neighbor,0.008000002708286047,3.8856820582175287,1
iris_binary,3,3,random_search,0.2615000121295452,2.6235262693415407,1
iris_binary,3,4,treesat_exact,0.05290002445690334,0.7630260757401993,1
iris_binary,3,4,nearest_neighbor,0.009000010322779417,1.8945375165295901,1
iris_binary,3,4,random_search,0.2796000044327229,1.0086473661179536,1
iris_binary,3,5,treesat_exact,0.04789998638443649,0.6358552311757594,1
iris_binary,3,5,nearest_neighbor,0.008600007276982069,1.5468969061428388,1
iris_binary,3,5,random_search,0.2739999908953905,0.7487854391629063,1
iris_binary,3,6,treesat_exact,0.04710000939667225,0.7630260757401993,1
iris_binary,3,6,nearest_neighbor,0.008400005754083395,2.3906713383947045,1
iris_binary,3,6,random_search,0.27039999258704484,1.0070562718842433,1
iris_binary,3,7,treesat_exact,0.04779998562298715,1.271708437290839,1
iris_binary,3,7,nearest_neighbor,0.008599978173151612,2.9082992248669797,1
iris_binary,3,7,random_search,0.26890001026913524,1.6336005034702819,1
iris_binary,3,8,treesat_exact,0.04680000711232424,0.6358542144686394,1
iris_binary,3,8,nearest_neighbor,0.00969998654909432,2.3518107918747617,1
iris_binary,3,8,random_search,0.28429998201318085,0.8054559582689306,1
iris_binary,3,9,treesat_exact,0.0467000063508749,0.7630260757401993,1
iris_binary,3,9,nearest_neighbor,0.008399976650252938,2.288467974113254,1
iris_binary,3,9,random_search,0.2758000046014786,0.9147237449249046,1
iris_binary,3,10,treesat_exact,0.04689997876994312,0.5086843866113196,1
iris_binary,3,10,nearest_neighbor,0.008100003469735384,2.5513988874254436,1
iris_binary,3,10,random_search,0.2783999952953309,0.9259609297935747,1
iris_binary,3,11,treesat_exact,0.04770001396536827,0.25434168077531977,1
iris_binary,3,11,nearest_neighbor,0.00790000194683671,1.985870070580481,1
iris_binary,3,11,random_search,0.27650000993162394,0.429621959321646,1
iris_binary,3,12,treesat_exact,0.04770001396536827,0.7630260757401993,1
iris_binary,3,12,nearest_neighbor,0.008500006515532732,2.3043396558489686,1
iris_binary,3,12,random_search,0.2714000002015382,0.9956060577343286,1
iris_binary,3,13,treesat_exact,0.04630000330507755,0.8901959035975192,1
iris_binary,3,13,nearest_neighbor,0.008100003469735384,3.1594323974502516,1
iris_binary,3,13,random_search,0.2739999908953905,0.9822427399198308,1
iris_binary,3,14,treesat_exact,0.046600005589425564,0.6358542144686394,1
iris_binary,3,14,nearest_neighbor,0.008100003469735384,2.627314273635231,1
iris_binary,3,14,random_search,0.27069999487139285,1.0424561746832655,1
iris_binary,3,15,treesat_exact,0.04700000863522291,1.1445375927263988,1
iris_binary,3,15,nearest_neighbor,0.008100003469735384,2.754608239965309,1
iris_binary,3,15,random_search,0.2652999828569591,1.37556420551708,1
iris_binary,3,16,treesat_exact,0.04499999340623617,1.5260501264197186,1
iris_binary,3,16,nearest_neighbor,0.00790000194683671,4.715268775335294,1
iris_binary,3,16,random_search,0.26439997600391507,1.7857691535219742,1
iris_binary,3,17,treesat_exact,0.047299981815740466,0.25434168077531977,1
iris_binary,3,17,nearest_neighbor,0.008000002708286047,1.9434676972736116,1
iris_binary,3,17,random_search,0.27940000290982425,0.4278431640235302,1
iris_binary,3,18,treesat_exact,0.04610000178217888,1.5260501264197186,1
iris_binary,3,18,nearest_neighbor,0.007800001185387373,3.18337291374092,1
iris_binary,3,18,random_search,0.27129999944008887,1.6762715244721726,1
iris_binary,3,19,treesat_exact,0.04749998333863914,0.3815135420468797,1
iris_binary,3,19,nearest_neighbor,0.008399976650252938,1.9398891720325189,1
iris_binary,3,19,random_search,0.27959997532889247,0.48488548351559313,1
iris_binary,3,20,treesat_exact,0.04610000178217888,0.8901959035975192,1
iris_binary,3,20,nearest_neighbor,0.007700000423938036,3.3791420603623847,1
iris_binary,3,20,random_search,0.2696000155992806,1.1401496428333349,1
iris_binary,3,21,treesat_exact,0.04529999569058418,0.7630250590330792,1
iris_binary,3,21,nearest_neighbor,0.00790000194683671,3.144219467026807,1
iris_binary,3,21,random_search,0.2697999880183488,0.8513433570359095,1
iris_binary,3,22,treesat_exact,0.046200002543628216,0.7630260757401993,1
iris_binary,3,22,nearest_neighbor,0.008199975127354264,2.609934234865524,1
iris_binary,3,22,random_search,0.27699998463504016,1.0202217541970342,1
iris_binary,3,23,treesat_exact,0.045900000259280205,0.6358542144686394,1
iris_binary,3,23,nearest_neighbor,0.00790000194683671,2.3920524545975757,1
iris_binary,3,23,random_search,0.2742999931797385,0.7359949737097536,1
iris_binary,3,24,treesat_exact,0.046600005589425564,0.6358542144686394,1
iris_binary,3,24,nearest_neighbor,0.007800001185387373,2.091630489183098,1
iris_binary,3,24,random_search,0.2770999853964895,0.7807328113885592,1
iris_binary,3,25,treesat_exact,0.04630000330507755,1.5260501264197186,1
iris_binary,3,25,nearest_neighbor,0.008099974365904927,3.310156099146781,1
iris_binary,3,25,random_search,0.28279999969527125,1.7953337476500455,1
iris_binary,3,26,treesat_exact,0.04610000178217888,0.7630260757401993,1
iris_binary,3,26,nearest_neighbor,0.011099997209385037,2.0302812495162175,1
iris_binary,3,26,random_search,0.2818999928422272,0.8850272667843186,1
iris_binary,3,27,treesat_exact,0.04579999949783087,1.6532209709841585,1
iris_binary,3,27,nearest_neighbor,0.007800001185387373,3.5553222996029774,1
iris_binary,3,27,random_search,0.26679999427869916,2.00526553508269,1
iris_binary,3,28,treesat_exact,0.04529999569058418,0.38151252533975977,1
iris_binary,3,28,nearest_neighbor,0.007800001185387373,2.213152116610484,1
iris_binary,3,28,random_search,0.2776999899651855,0.5295057500135194,1
iris_binary,3,29,treesat_exact,0.045900000259280205,0.6358542144686394,1
iris_binary,3,29,nearest_neighbor,0.007800001185387373,1.942644949684466,1
iris_binary,3,29,random_search,0.29850000282749534,0.8604108989999983,1
iris_binary,4,0,treesat_exact,0.06550000398419797,1.484418426821692,1
iris_binary,4,0,nearest_neighbor,0.013100012438371778,3.249557305631353,1
iris_binary,4,0,random_search,0.29880000511184335,2.0202566008067127,1
iris_binary,4,1,treesat_exact,0.05150001379661262,1.3097809622657604,1
iris_binary,4,1,nearest_neighbor,0.009300012607127428,2.9318255050128057,1
iris_binary,4,1,random_search,0.27829999453388155,1.7483974565151919,1
iris_binary,4,2,treesat_exact,0.04990000161342323,2.008330820489488,1
iris_binary,4,2,nearest_neighbor,0.008600007276982069,4.092811327372559,1
iris_binary,4,2,random_search,0.26369999977760017,2.9134859612591324,1
iris_binary,4,3,treesat_exact,0.05040000542066991,0.4948071714788679,1
iris_binary,4,3,nearest_neighbor,0.009299983503296971,2.178443733390407,1
iris_binary,4,3,random_search,0.288200011709705,0.64605538286107,1
iris_binary,4,4,treesat_exact,0.04990000161342323,0.6694446360347998,1
iris_binary,4,4,nearest_neighbor,0.008700008038431406,2.4591311884446796,1
iris_binary,4,4,random_search,0.27889999910257757,0.8124459561472925,1
iris_binary,4,5,treesat_exact,0.04849999095313251,1.775480867748245,1
iris_binary,4,5,nearest_neighbor,0.008400005754083395,3.281621821026942,1
iris_binary,4,5,random_search,0.2683000057004392,1.9289439991156074,1
iris_binary,4,6,treesat_exact,0.04770001396536827,1.1933559858951392,1
iris_binary,4,6,nearest_neighbor,0.008300004992634058,2.6165106204962356,1
iris_binary,4,6,random_search,0.27940000290982425,1.4605498570208628,1
iris_binary,4,7,treesat_exact,0.04740001168102026,2.4740307259719723,1
iris_binary,4,7,nearest_neighbor,0.008000002708286047,4.854228773849808,1
iris_binary,4,7,random_search,0.2617000136524439,,0
iris_binary,4,8,treesat_exact,0.048900023102760315,1.3097809622657604,1
iris_binary,4,8,nearest_neighbor,0.008400005754083395,3.0469567792443497,1
iris_binary,4,8,random_search,0.2683999773580581,1.8040798653254086,1
iris_binary,4,9,treesat_exact,0.04719998105429113,0.8440810567832756,1
iris_binary,4,9,nearest_neighbor,0.007800001185387373,2.190329361788117,1
iris_binary,4,9,random_search,0.2677000011317432,1.0896379670370004,1
iris_binary,4,10,treesat_exact,0.047699984861537814,1.775480867748245,1
iris_binary,4,10,nearest_neighbor,0.007800001185387373,3.388175732934114,1
iris_binary,4,10,random_search,0.26080000679939985,2.432310352392865,1
iris_binary,4,11,treesat_exact,0.04610000178217888,0.8440821005907314,1
iris_binary,4,11,nearest_neighbor,0.008100003469735384,2.9328669608930547,1
iris_binary,4,11,random_search,0.27340001543052495,0.9175354087177272,1
iris_binary,4,12,treesat_exact,0.04650000482797623,0.5530196596641784,1
iris_binary,4,12,nearest_neighbor,0.008000002708286047,2.673426426159034,1
iris_binary,4,12,random_search,0.32980000833049417,0.7511064103597835,1
iris_binary,4,13,treesat_exact,0.05370000144466758,2.4158182377866613,1
iris_binary,4,13,nearest_neighbor,0.009499985026195645,4.6873882552810615,1
iris_binary,4,13,random_search,0.2699000178836286,,0
iris_binary,4,14,treesat_exact,0.04859999171458185,0.5530196596641784,1
iris_binary,4,14,nearest_neighbor,0.008700008038431406,3.349030167462038,1
iris_binary,4,14,random_search,0.27489999774843454,1.0029978156961052,1
iris_binary,4,15,treesat_exact,0.04740001168102026,0.5530196596641784,1
iris_binary,4,15,nearest_neighbor,0.008200004231184721,2.6534318057612905,1
iris_binary,4,15,random_search,0.27699998463504016,0.6452791362974546,1
iris_binary,4,16,treesat_exact,0.046600005589425564,0.9605060331538966,1
iris_binary,4,16,nearest_neighbor,0.00790000194683671,2.149151674192151,1
iris_binary,4,16,random_search,0.27329998556524515,1.039914094615658,1
iris_binary,4,17,treesat_exact,0.04770001396536827,1.0187185213392076,1
iris_binary,4,17,nearest_neighbor,0.007800001185387373,2.2679123985376872,1
iris_binary,4,17,random_search,0.3181000065524131,1.3933245483160612,1
iris_binary,4,18,treesat_exact,0.04980000085197389,1.2515684740804496,1
iris_binary,4,18,nearest_neighbor,0.008400005754083395,2.866658411703174,1
iris_binary,4,18,random_search,0.27150000096298754,1.3866934242462852,1
iris_binary,4,19,treesat_exact,0.04709998029284179,0.7858696124054209,1
iris_binary,4,19,nearest_neighbor,0.008299975888803601,2.2998625828684847,1
iris_binary,4,19,random_search,0.27199997566640377,1.1216174360804416,1
iris_binary,4,20,treesat_exact,0.04579999949783087,0.3201697069229362,1
iris_binary,4,20,nearest_neighbor,0.008200004231184721,2.61886268940544,1
iris_binary,4,20,random_search,0.2759000053629279,0.4131955501490868,1
iris_binary,4,21,treesat_exact,0.04610000178217888,0.9605060331538966,1
iris_binary,4,21,nearest_neighbor,0.007800001185387373,2.2667700539074054,1
iris_binary,4,21,random_search,0.2776999899651855,1.3514954460234612,1
iris_binary,4,22,treesat_exact,0.046600005589425564,0.6112321478494892,1
iris_binary,4,22,nearest_neighbor,0.008200004231184721,2.393212165452317,1
iris_binary,4,22,random_search,0.27540000155568123,0.8620448411723748,1
iris_binary,4,23,treesat_exact,0.045900000259280205,0.5530196596641784,1
iris_binary,4,23,nearest_neighbor,0.008000002708286047,2.4084869838035026,1
iris_binary,4,23,random_search,0.27039999258704484,0.6212410042293971,1
iris_binary,4,24,treesat_exact,0.045599997974932194,1.1933559858951392,1
iris_binary,4,24,nearest_neighbor,0.007700000423938036,2.6943731562236986,1
iris_binary,4,24,random_search,0.26580001576803625,1.3458081895873346,1
iris_binary,4,25,treesat_exact,0.045199994929134846,1.9501183323041766,1
iris_binary,4,25,nearest_neighbor,0.007599999662488699,3.8119216121904707,1
iris_binary,4,25,random_search,0.25579999783076346,2.6417017722142093,1
iris_binary,4,26,treesat_exact,0.046200002543628216,0.5530196596641784,1
iris_binary,4,26,nearest_neighbor,0.008000002708286047,2.343166190215712,1
iris_binary,4,26,random_search,0.2804999821819365,0.8627171016008011,1
iris_binary,4,27,treesat_exact,0.047200010158121586,1.8336933559335555,1
iris_binary,4,27,nearest_neighbor,0.007800001185387373,3.255489961057909,1
iris_binary,4,27,random_search,0.2649999805726111,2.515904839356346,1
iris_binary,4,28,treesat_exact,0.04549999721348286,1.9501183323041766,1
iris_binary,4,28,nearest_neighbor,0.00790000194683671,4.013944789358084,1
iris_binary,4,28,random_search,0.7155000057537109,4.565833651153019,1
iris_binary,4,29,treesat_exact,0.12229999992996454,1.7172683795629347,1
iris_binary,4,29,nearest_neighbor,0.025200017262250185,3.7389620311960647,1
iris_binary,4,29,random_search,1.2403999862726778,2.3588966591115006,1
iris_binary,5,0,treesat_exact,0.08280001929961145,0.7875403935159714,1
iris_binary,5,0,nearest_neighbor,0.015300000086426735,3.22205596239566,1
iris_binary,5,0,random_search,0.3446000046096742,1.2789142110874194,1
iris_binary,5,1,treesat_exact,0.05870001041330397,0.6562827993985427,1
iris_binary,5,1,nearest_neighbor,0.010799994925037026,2.4084005851351153,1
iris_binary,5,1,random_search,0.31510001281276345,0.868285707567806,1
iris_binary,5,2,treesat_exact,0.054100004490464926,0.6562838305237427,1
iris_binary,5,2,nearest_neighbor,0.009800016414374113,2.4570463011473382,1
iris_binary,5,2,random_search,0.30899999546818435,0.8525402375325117,1
iris_binary,5,3,treesat_exact,0.05370000144466758,1.4438221773519138,1
iris_binary,5,3,nearest_neighbor,0.00899998121894896,3.438475443300741,1
iris_binary,5,3,random_search,0.27459999546408653,1.9724722418763443,1
iris_binary,5,4,treesat_exact,0.048999994760379195,0.7875403935159714,1
iris_binary,5,4,nearest_neighbor,0.00869997893460095,2.228578327626421,1
iris_binary,5,4,random_search,0.27730001602321863,1.17441503561401,1
iris_binary,5,5,treesat_exact,0.047999987145885825,1.3125656143596856,1
iris_binary,5,5,nearest_neighbor,0.008300004992634058,3.003256252141031,1
iris_binary,5,5,random_search,0.2666999935172498,1.9055541849118938,1
iris_binary,5,6,treesat_exact,0.04849999095313251,0.7875403935159714,1
iris_binary,5,6,nearest_neighbor,0.00890000956133008,2.291116026509072,1
iris_binary,5,6,random_search,0.27290001162327826,1.170279253886322,1
iris_binary,5,7,treesat_exact,0.047200010158121586,1.706335303336371,1
iris_binary,5,7,nearest_neighbor,0.008000002708286047,3.66551104138226,1
iris_binary,5,7,random_search,0.26699999580159783,1.7953237148332464,1
iris_binary,5,8,treesat_exact,0.046200002543628216,1.3125656143596856,1
iris_binary,5,8,nearest_neighbor,0.008000002708286047,2.8326795599326196,1
iris_binary,5,8,random_search,0.2665999927558005,1.6606845764441818,1
iris_binary,5,9,treesat_exact,0.05980001878924668,0.7875403935159714,1
iris_binary,5,9,nearest_neighbor,0.008800008799880743,2.1671542228699394,1
iris_binary,5,9,random_search,0.27639998006634414,0.9028228348716016,1
iris_binary,5,10,treesat_exact,0.048200017772614956,1.706335303336371,1
iris_binary,5,10,nearest_neighbor,0.008100003469735384,3.597744458747058,1
iris_binary,5,10,random_search,0.26790000265464187,1.9894292814508823,1
iris_binary,5,11,treesat_exact,0.04710000939667225,0.7875403935159714,1
iris_binary,5,11,nearest_neighbor,0.008200004231184721,2.215052791750808,1
iris_binary,5,11,random_search,0.2728999825194478,0.9048662211130163,1
iris_binary,5,12,treesat_exact,0.04680000711232424,0.7875403935159714,1
iris_binary,5,12,nearest_neighbor,0.008300004992634058,2.8923504938214086,1
iris_binary,5,12,random_search,0.3878000134136528,1.107369118542935,1
iris_binary,5,13,treesat_exact,0.06399999256245792,0.6562827993985427,1
iris_binary,5,13,nearest_neighbor,0.011000025551766157,2.342710045287032,1
iris_binary,5,13,random_search,0.39939998532645404,0.948954971928087,1
iris_binary,5,14,treesat_exact,0.06600000779144466,1.4438221773519138,1
iris_binary,5,14,nearest_neighbor,0.011199997970834374,3.120679855913255,1
iris_binary,5,14,random_search,0.46869998914189637,1.868411583392054,1
iris_binary,5,15,treesat_exact,0.07129998994059861,0.7875393623907712,1
iris_binary,5,15,nearest_neighbor,0.012300006346777081,2.435178354067339,1
iris_binary,5,15,random_search,0.37460000021383166,1.0415240976380729,1
iris_binary,5,16,treesat_exact,0.05539998528547585,0.5250272675315141,1
iris_binary,5,16,nearest_neighbor,0.009499985026195645,2.6204108804863777,1
iris_binary,5,16,random_search,0.39170001400634646,0.7824078478202766,1
iris_binary,5,17,treesat_exact,0.0667999847792089,1.4438221773519138,1
iris_binary,5,17,nearest_neighbor,0.01170000177808106,3.5156329374457207,1
iris_binary,5,17,random_search,0.33680000342428684,1.730404942996692,1
iris_binary,5,18,treesat_exact,0.05570001667365432,1.3125656143596856,1
iris_binary,5,18,nearest_neighbor,0.009299983503296971,3.918125654779912,1
iris_binary,5,18,random_search,0.3000000142492354,1.8643258023477154,1
iris_binary,5,19,treesat_exact,0.04719998105429113,0.7875393623907712,1
iris_binary,5,19,nearest_neighbor,0.008100003469735384,2.171710039861475,1
iris_binary,5,19,random_search,0.2728999825194478,0.9321097826080322,1
iris_binary,5,20,treesat_exact,0.04600000102072954,1.4438221773519138,1
iris_binary,5,20,nearest_neighbor,0.00790000194683671,4.251323167823596,1
iris_binary,5,20,random_search,0.2724000078160316,1.790891197629084,1
iris_binary,5,21,treesat_exact,0.04700000863522291,0.2625131104218571,1
iris_binary,5,21,nearest_neighbor,0.00790000194683671,2.0004898474411736,1
iris_binary,5,21,random_search,0.2728999825194478,0.42394280672249396,1
iris_binary,5,22,treesat_exact,0.04850002005696297,0.9187959253829998,1
iris_binary,5,22,nearest_neighbor,0.00790000194683671,3.341589164059631,1
iris_binary,5,22,random_search,0.2696000155992806,1.245594463802966,1
iris_binary,5,23,treesat_exact,0.04619997343979776,1.3125656143596856,1
iris_binary,5,23,nearest_neighbor,0.008000002708286047,3.799023952588747,1
iris_binary,5,23,random_search,0.5075999943073839,1.5288507561436828,1
iris_binary,5,24,treesat_exact,0.4010999982710928,0.7875403935159714,1
iris_binary,5,24,nearest_neighbor,0.0743999844416976,2.3000814683796897,1
iris_binary,5,24,random_search,0.8225999772548676,1.0359351641467696,1
iris_binary,5,25,treesat_exact,0.057900004321709275,1.9688484293208277,1
iris_binary,5,25,nearest_neighbor,0.009599985787644982,3.8941636953355574,1
iris_binary,5,25,random_search,0.2871000033337623,2.4134924456510665,1
iris_binary,5,26,treesat_exact,0.051700015319511294,0.6562827993985427,1
iris_binary,5,26,nearest_neighbor,0.009299983503296971,2.285223440519886,1
iris_binary,5,26,random_search,0.2874000056181103,0.7246364698136564,1
iris_binary,5,27,treesat_exact,0.05199998850002885,0.7875403935159714,1
iris_binary,5,27,nearest_neighbor,0.009000010322779417,2.3952016285854154,1
iris_binary,5,27,random_search,0.28310000197961926,1.1309242514512396,1
iris_binary,5,28,treesat_exact,0.04919999628327787,0.6562827993985427,1
iris_binary,5,28,nearest_neighbor,0.008799979696050286,2.782953173099199,1
iris_binary,5,28,random_search,0.2854999911505729,0.9372792945186607,1
iris_binary,5,29,treesat_exact,0.05110001075081527,0.9187959253829998,1
iris_binary,5,29,nearest_neighbor,0.008300004992634058,2.553840267714524,1
iris_binary,5,29,random_search,0.29129997710697353,1.3173986679012633,1
iris_binary,6,0,treesat_exact,0.07189999450929463,0.965450572275744,1
iris_binary,6,0,nearest_neighbor,0.014199991710484028,3.217974748084037,1
iris_binary,6,0,random_search,0.4416000156197697,1.275795822408531,1
iris_binary,6,1,treesat_exact,0.059600017266348004,1.0941773172335632,1
iris_binary,6,1,nearest_neighbor,0.010299991117790341,3.770901309483637,1
iris_binary,6,1,random_search,0.287600007141009,1.5882037807175875,1
iris_binary,6,2,treesat_exact,0.05189998773857951,0.8367238273179247,1
iris_binary,6,2,nearest_neighbor,0.009600014891475439,2.7311033976816246,1
iris_binary,6,2,random_search,0.2920999831985682,1.064959615996213,1
iris_binary,6,3,treesat_exact,0.05050000618211925,0.965450572275744,1
iris_binary,6,3,nearest_neighbor,0.009200011845678091,2.586115430340672,1
iris_binary,6,3,random_search,0.29319999157451093,1.5355755600482879,1
iris_binary,6,4,treesat_exact,0.05150001379661262,0.8367238273179247,1
iris_binary,6,4,nearest_neighbor,0.00890000956133008,3.2108236715436904,1
iris_binary,6,4,random_search,0.2905000001192093,0.9666054584384616,1
iris_binary,6,5,treesat_exact,0.05080000846646726,0.7079981121759041,1
iris_binary,6,5,nearest_neighbor,0.00890000956133008,2.7853135033631533,1
iris_binary,6,5,random_search,0.2852999896276742,0.947585009282535,1
iris_binary,6,6,treesat_exact,0.04959999932907522,0.579271367218085,1
iris_binary,6,6,nearest_neighbor,0.008800008799880743,2.3454892785781114,1
iris_binary,6,6,random_search,0.28390000807121396,0.743061439381014,1
iris_binary,6,7,treesat_exact,0.04839999019168317,0.19309113234462782,1
iris_binary,6,7,nearest_neighbor,0.008799979696050286,2.132726219431145,1
iris_binary,6,7,random_search,0.29280001763254404,0.22552412980496847,1
iris_binary,6,8,treesat_exact,0.048299989430233836,0.7079981121759041,1
iris_binary,6,8,nearest_neighbor,0.008700008038431406,2.2668726324167374,1
iris_binary,6,8,random_search,0.2921000123023987,0.8257374516344261,1
iris_binary,6,9,treesat_exact,0.04839999019168317,0.7079981121759041,1
iris_binary,6,9,nearest_neighbor,0.008600007276982069,2.360332474890665,1
iris_binary,6,9,random_search,0.2820999943651259,0.8497130995023978,1
iris_binary,6,10,treesat_exact,0.04919999628327787,1.3516308071492014,1
iris_binary,6,10,nearest_neighbor,0.008700008038431406,3.198220424124299,1
iris_binary,6,10,random_search,0.29469997389242053,1.7231428124322046,1
iris_binary,6,11,treesat_exact,0.05440000677481294,1.3516308071492014,1
iris_binary,6,11,nearest_neighbor,0.009300012607127428,3.877210865213172,1
iris_binary,6,11,random_search,0.28410000959411263,1.864195644419985,1
iris_binary,6,12,treesat_exact,0.04749998333863914,1.3516308071492014,1
iris_binary,6,12,nearest_neighbor,0.008099974365904927,2.7666575379004046,1
iris_binary,6,12,random_search,0.27099999715574086,1.5221855825307817,1
iris_binary,6,13,treesat_exact,0.05740000051446259,0.4505446222602659,1
iris_binary,6,13,nearest_neighbor,0.00890000956133008,2.548242902416512,1
iris_binary,6,13,random_search,0.287900009425357,0.5645518837572109,1
iris_binary,6,14,treesat_exact,0.04679997800849378,1.9952645319382964,1
iris_binary,6,14,nearest_neighbor,0.008100003469735384,5.190370266168136,1
iris_binary,6,14,random_search,0.26550001348368824,2.1835684536455098,1
iris_binary,6,15,treesat_exact,0.04650000482797623,0.579271367218085,1
iris_binary,6,15,nearest_neighbor,0.008800008799880743,2.5182676472321406,1
iris_binary,6,15,random_search,0.2795000036712736,0.653696162221443,1
iris_binary,6,16,treesat_exact,0.046600005589425564,1.4803575521070202,1
iris_binary,6,16,nearest_neighbor,0.008000002708286047,4.317186849088567,1
iris_binary,6,16,random_search,0.2699000178836286,2.136272838415184,1
iris_binary,6,17,treesat_exact,0.04759998410008848,0.32181684748664857,1
iris_binary,6,17,nearest_neighbor,0.008500006515532732,2.0679529206466443,1
iris_binary,6,17,random_search,0.2806000120472163,0.4163182389891732,1
iris_binary,6,18,treesat_exact,0.046900007873773575,1.7378110420226587,1
iris_binary,6,18,nearest_neighbor,0.007800001185387373,3.7215077811023805,1
iris_binary,6,18,random_search,0.26790000265464187,1.9919084565414122,1
iris_binary,6,19,treesat_exact,0.045900000259280205,0.8367238273179247,1
iris_binary,6,19,nearest_neighbor,0.00790000194683671,2.7281465354720793,1
iris_binary,6,19,random_search,0.27809999301098287,1.299424230228287,1
iris_binary,6,20,treesat_exact,0.0743999844416976,0.7079981121759041,1
iris_binary,6,20,nearest_neighbor,0.014599994756281376,2.364471989767838,1
iris_binary,6,20,random_search,0.302100001135841,0.902587798176783,1
iris_binary,6,21,treesat_exact,0.07320000440813601,0.965450572275744,1
iris_binary,6,21,nearest_neighbor,0.013900018529966474,3.113364317515625,1
iris_binary,6,21,random_search,0.4006999952252954,1.2191992465563375,1
iris_binary,6,22,treesat_exact,0.06650001159869134,0.7079970823601058,1
iris_binary,6,22,nearest_neighbor,0.011899974197149277,2.1910285050347102,1
iris_binary,6,22,random_search,0.3124999930150807,0.7706878504924312,1
iris_binary,6,23,treesat_exact,0.04909999552182853,0.4505446222602659,1
iris_binary,6,23,nearest_neighbor,0.008800008799880743,2.60923198853933,1
iris_binary,6,23,random_search,0.2868000010494143,0.7043053894581769,1
iris_binary,6,24,treesat_exact,0.04740001168102026,0.8367238273179247,1
iris_binary,6,24,nearest_neighbor,0.008300004992634058,3.1766158203424286,1
iris_binary,6,24,random_search,0.2868000010494143,1.0896501718209115,1
iris_binary,6,25,treesat_exact,0.04870002157986164,1.0941773172335632,1
iris_binary,6,25,nearest_neighbor,0.008200004231184721,2.984242694068862,1
iris_binary,6,25,random_search,0.2764999808277935,1.4573255268496759,1
iris_binary,6,26,treesat_exact,0.04730001091957092,0.579271367218085,1
iris_binary,6,26,nearest_neighbor,0.008300004992634058,2.4639466633785796,1
iris_binary,6,26,random_search,0.2818999928422272,0.6640790325725766,1
iris_binary,6,27,treesat_exact,0.04640000406652689,0.7079981121759041,1
iris_binary,6,27,nearest_neighbor,0.008400005754083395,2.2620234850373966,1
iris_binary,6,27,random_search,0.27760001830756664,0.8995767441565364,1
iris_binary,6,28,treesat_exact,0.04549999721348286,1.3516308071492014,1
iris_binary,6,28,nearest_neighbor,0.007800001185387373,3.3151924611183956,1
iris_binary,6,28,random_search,0.2686000079847872,1.8061521177793942,1
iris_binary,6,29,treesat_exact,0.04470002022571862,0.7079981121759041,1
iris_binary,6,29,nearest_neighbor,0.00790000194683671,2.0043406884064856,1
iris_binary,6,29,random_search,0.2756999747361988,0.8828884280817597,1
iris_binary,7,0,treesat_exact,0.06790002225898206,1.7488652214025695,1
iris_binary,7,0,nearest_neighbor,0.01300001167692244,3.8522435260322427,1
iris_binary,7,0,random_search,0.3008000203408301,2.3896916198156606,1
iris_binary,7,1,treesat_exact,0.05120001151226461,0.6995470937099891,1
iris_binary,7,1,nearest_neighbor,0.009500014130026102,2.3725381179978395,1
iris_binary,7,1,random_search,0.29960001120343804,1.1386304821230353,1
iris_binary,7,2,treesat_exact,0.05020000389777124,1.4573876838891697,1
iris_binary,7,2,nearest_neighbor,0.008700008038431406,3.2612424388418813,1
iris_binary,7,2,random_search,0.27049999334849417,1.8278681641316048,1
iris_binary,7,3,treesat_exact,0.0481999886687845,0.5829550713489704,1
iris_binary,7,3,nearest_neighbor,0.008600007276982069,2.0229487489114053,1
iris_binary,7,3,random_search,0.2749999985098839,0.7642939243300709,1
iris_binary,7,4,treesat_exact,0.04800001624971628,1.3990921763864899,1
iris_binary,7,4,nearest_neighbor,0.008100003469735384,3.453592077601921,1
iris_binary,7,4,random_search,0.2707000239752233,1.62488345004496,1
iris_binary,7,5,treesat_exact,0.04770001396536827,0.99102362386773,1
iris_binary,7,5,nearest_neighbor,0.008200004231184721,2.548356479240595,1
iris_binary,7,5,random_search,0.26890001026913524,1.421553054396493,1
iris_binary,7,6,treesat_exact,0.054100004490464926,0.6995470937099891,1
iris_binary,7,6,nearest_neighbor,0.009200011845678091,2.199385983188658,1
iris_binary,7,6,random_search,0.2756000030785799,1.017308733380832,1
iris_binary,7,7,treesat_exact,0.046200002543628216,1.9820472514132896,1
iris_binary,7,7,nearest_neighbor,0.008100003469735384,4.004113662331778,1
iris_binary,7,7,random_search,0.2683000057004392,2.5007936879660737,1
iris_binary,7,8,treesat_exact,0.04630000330507755,0.7578415938570102,1
iris_binary,7,8,nearest_neighbor,0.008200004231184721,2.262109099313516,1
iris_binary,7,8,random_search,0.27150000096298754,0.9862163489002342,1
iris_binary,7,9,treesat_exact,0.04549999721348286,1.8654562364079297,1
iris_binary,7,9,nearest_neighbor,0.00790000194683671,3.9288644809738984,1
iris_binary,7,9,random_search,0.30330001027323306,2.7179185034321582,1
iris_binary,7,10,treesat_exact,0.054800009820610285,1.4573876838891697,1
iris_binary,7,10,nearest_neighbor,0.009799987310543656,3.332011720111739,1
iris_binary,7,10,random_search,0.3412999794818461,2.1972573741699675,1
iris_binary,7,11,treesat_exact,0.05220001912675798,0.5829560787046292,1
iris_binary,7,11,nearest_neighbor,0.009499985026195645,2.4154082024962027,1
iris_binary,7,11,random_search,0.29150000773370266,0.7353657135040692,1
iris_binary,7,12,treesat_exact,0.048699992476031184,0.6995470937099891,1
iris_binary,7,12,nearest_neighbor,0.008600007276982069,2.2732123962383186,1
iris_binary,7,12,random_search,0.2812999882735312,0.7465251395722627,1
iris_binary,7,13,treesat_exact,0.047600013203918934,1.10761463887309,1
iris_binary,7,13,nearest_neighbor,0.008200004231184721,2.8055792502699974,1
iris_binary,7,13,random_search,0.2741000207606703,1.524694799870389,1
iris_binary,7,14,treesat_exact,0.04959999932907522,0.5246605712019493,1
iris_binary,7,14,nearest_neighbor,0.008300004992634058,1.9886721321116811,1
iris_binary,7,14,random_search,0.27740001678466797,0.5734466560354432,1
iris_binary,7,15,treesat_exact,0.04709998029284179,2.1569337739213292,1
iris_binary,7,15,nearest_neighbor,0.00799997360445559,4.358619474410576,1
iris_binary,7,15,random_search,0.2722000062931329,2.8930761163972303,1
iris_binary,7,16,treesat_exact,0.04719998105429113,0.874433616218029,1
iris_binary,7,16,nearest_neighbor,0.008300004992634058,2.5410315692975627,1
iris_binary,7,16,random_search,0.2702999918255955,1.1184260697988453,1
iris_binary,7,17,treesat_exact,0.04710000939667225,0.9327281163650503,1
iris_binary,7,17,nearest_neighbor,0.008000002708286047,2.3342715593987764,1
iris_binary,7,17,random_search,0.26780000189319253,1.2289448694525995,1
iris_binary,7,18,treesat_exact,0.047200010158121586,0.641251586207309,1
iris_binary,7,18,nearest_neighbor,0.008200004231184721,3.2960181276339733,1
iris_binary,7,18,random_search,0.27060002321377397,0.7806944683775339,1
iris_binary,7,19,treesat_exact,0.04630000330507755,0.4080685488409303,1
iris_binary,7,19,nearest_neighbor,0.007800001185387373,1.9870422369181344,1
iris_binary,7,19,random_search,0.2792000013869256,0.48742179604731894,1
iris_binary,7,20,treesat_exact,0.04719998105429113,1.4573876838891697,1
iris_binary,7,20,nearest_neighbor,0.008299975888803601,3.1286918211029024,1
iris_binary,7,20,random_search,0.2696000155992806,1.9727763192516166,1
iris_binary,7,21,treesat_exact,0.04689997876994312,0.757842601212669,1
iris_binary,7,21,nearest_neighbor,0.008500006515532732,1.623228312542653,1
iris_binary,7,21,random_search,0.2749999985098839,1.1191835151545502,1
iris_binary,7,22,treesat_exact,0.04640000406652689,1.8071607289052498,1
iris_binary,7,22,nearest_neighbor,0.008100003469735384,4.062751605294846,1
iris_binary,7,22,random_search,0.2583000168669969,1.8917949840155768,1
iris_binary,7,23,treesat_exact,0.04569999873638153,0.6995470937099891,1
iris_binary,7,23,nearest_neighbor,0.008100003469735384,2.6096842957353026,1
iris_binary,7,23,random_search,0.27320001390762627,0.8814891515858664,1
iris_binary,7,24,treesat_exact,0.04569999873638153,1.63227420639721,1
iris_binary,7,24,nearest_neighbor,0.00790000194683671,3.5178636512853814,1
iris_binary,7,24,random_search,2.750699990428984,2.0677291584608897,1
iris_binary,7,25,treesat_exact,0.06329998723231256,0.99102362386773,1
iris_binary,7,25,nearest_neighbor,0.011800002539530396,2.674013658270325,1
iris_binary,7,25,random_search,0.3020000003743917,1.4162117593285082,1
iris_binary,7,26,treesat_exact,0.0543000060133636,0.8161371013596902,1
iris_binary,7,26,nearest_neighbor,0.009499985026195645,2.373662527876383,1
iris_binary,7,26,random_search,0.3046999918296933,1.132060312453653,1
iris_binary,7,27,treesat_exact,0.054800009820610285,2.3901158039320496,1
iris_binary,7,27,nearest_neighbor,0.009100011084228754,4.671954904998172,1
iris_binary,7,27,random_search,0.27489999774843454,3.047639399813377,1
iris_binary,7,28,treesat_exact,0.051000009989365935,0.23318202633289054,1
iris_binary,7,28,nearest_neighbor,0.008700008038431406,1.8296124996307777,1
iris_binary,7,28,random_search,0.28929999098181725,0.3813170072278644,1
iris_binary,7,29,treesat_exact,0.049700000090524554,1.0493191313704102,1
iris_binary,7,29,nearest_neighbor,0.008400005754083395,2.8272116913201897,1
iris_binary,7,29,random_search,0.2719000040087849,1.599511582860945,1
iris_binary,8,0,treesat_exact,0.0659999786876142,,0
iris_binary,8,0,nearest_neighbor,0.01300001167692244,5.3363870555269575,1
iris_binary,8,0,random_search,0.29960001120343804,2.391935602639884,1
iris_binary,8,1,treesat_exact,0.05400000372901559,,0
iris_binary,8,1,nearest_neighbor,0.009799987310543656,3.855823656558133,1
iris_binary,8,1,random_search,0.2793000021483749,3.123910456026833,1
iris_binary,8,2,treesat_exact,0.05059997783973813,0.5998077165158701,1
iris_binary,8,2,nearest_neighbor,0.009499985026195645,2.605338403703018,1
iris_binary,8,2,random_search,0.40389999048784375,0.7198636198903003,1
iris_binary,8,3,treesat_exact,0.05599998985417187,,0
iris_binary,8,3,nearest_neighbor,0.009700015652924776,3.715139968699486,1
iris_binary,8,3,random_search,0.2838000073097646,2.404008242283014,1
iris_binary,8,4,treesat_exact,0.05240002064965665,,0
iris_binary,8,4,nearest_neighbor,0.008799979696050286,3.801938070388396,1
iris_binary,8,4,random_search,0.27550000231713057,2.2715672481243847,1
iris_binary,8,5,treesat_exact,0.051000009989365935,,0
iris_binary,8,5,nearest_neighbor,0.008600007276982069,3.2926882016910413,1
iris_binary,8,5,random_search,0.28100001509301364,1.0066864872225902,1
iris_binary,8,6,treesat_exact,0.0501000031363219,,0
iris_binary,8,6,nearest_neighbor,0.008200004231184721,3.954988779124223,1
iris_binary,8,6,random_search,0.3307999868411571,1.9581484226632595,1
iris_binary,8,7,treesat_exact,0.069500005338341,,0
iris_binary,8,7,nearest_neighbor,0.011500000255182385,2.651064678400825,1
iris_binary,8,7,random_search,0.4008999967481941,1.1852658966497636,1
iris_binary,8,8,treesat_exact,0.069500005338341,,0
iris_binary,8,8,nearest_neighbor,0.011500000255182385,3.4681675751587737,1
iris_binary,8,8,random_search,0.3924999909941107,1.4181362173932046,1
iris_binary,8,9,treesat_exact,0.06749999010935426,0.7330980975721574,1
iris_binary,8,9,nearest_neighbor,0.012300006346777081,2.408312582679362,1
iris_binary,8,9,random_search,0.33519999124109745,1.0011557131598183,1
iris_binary,8,10,treesat_exact,0.06089999806135893,0.19993657334700876,1
iris_binary,8,10,nearest_neighbor,0.010399991879239678,2.254176733841714,1
iris_binary,8,10,random_search,0.35879999632015824,0.33721336541436564,1
iris_binary,8,11,treesat_exact,0.06050002411939204,,0
iris_binary,8,11,nearest_neighbor,0.010200019460171461,2.2274231259998265,1
iris_binary,8,11,random_search,0.33000000985339284,1.2261084184328592,1
iris_binary,8,12,treesat_exact,0.05979998968541622,,0
iris_binary,8,12,nearest_neighbor,0.009800016414374113,4.348398545572333,1
iris_binary,8,12,random_search,0.30429998878389597,2.72380372604366,1
iris_binary,8,13,treesat_exact,0.05060000694356859,0.5998077165158701,1
iris_binary,8,13,nearest_neighbor,0.009099981980398297,1.5919151562523792,1
iris_binary,8,13,random_search,0.29269998776726425,1.0581716438951005,1
iris_binary,8,14,treesat_exact,0.0509000092279166,,0
iris_binary,8,14,nearest_neighbor,0.008500006515532732,2.425936530236846,1
iris_binary,8,14,random_search,0.28769997879862785,0.898538683277941,1
iris_binary,8,15,treesat_exact,0.05060000694356859,,0
iris_binary,8,15,nearest_neighbor,0.008499977411702275,3.276413341208064,1
iris_binary,8,15,random_search,0.29520000680349767,1.038403469961235,1
iris_binary,8,16,treesat_exact,0.0509000092279166,,0
iris_binary,8,16,nearest_neighbor,0.008400005754083395,3.0634154401446243,1
iris_binary,8,16,random_search,0.28899998869746923,1.930217465581198,1
iris_binary,8,17,treesat_exact,0.05059997783973813,,0
iris_binary,8,17,nearest_neighbor,0.008500006515532732,3.2196953709352276,1
iris_binary,8,17,random_search,0.2810999867506325,2.262001980885256,1
iris_binary,8,18,treesat_exact,0.04879999323748052,0.7330980975721574,1
iris_binary,8,18,nearest_neighbor,0.009000010322779417,2.4454458067991496,1
iris_binary,8,18,random_search,0.27940000290982425,1.139066511506321,1
iris_binary,8,19,treesat_exact,0.04680000711232424,,0
iris_binary,8,19,nearest_neighbor,0.00790000194683671,3.5661607876880925,1
iris_binary,8,19,random_search,0.6300999957602471,2.2253574138617047,1
iris_binary,8,20,treesat_exact,0.08919998072087765,0.5998077165158701,1
iris_binary,8,20,nearest_neighbor,0.016200006939470768,2.879972871284839,1
iris_binary,8,20,random_search,0.4380999889690429,0.9194976706198318,1
iris_binary,8,21,treesat_exact,0.07670000195503235,,0
iris_binary,8,21,nearest_neighbor,0.013100012438371778,3.0776779592287133,1
iris_binary,8,21,random_search,0.41489998693577945,1.2324753574222393,1
iris_binary,8,22,treesat_exact,0.0740000104997307,,0
iris_binary,8,22,nearest_neighbor,0.012200005585327744,3.373262133523642,1
iris_binary,8,22,random_search,0.39480000850744545,1.8310072918546854,1
iris_binary,8,23,treesat_exact,0.07680000271648169,,0
iris_binary,8,23,nearest_neighbor,0.011900003300979733,4.595914475968011,1
iris_binary,8,23,random_search,0.3717999788932502,2.7521949296483323,1
iris_binary,8,24,treesat_exact,0.0703000114299357,,0
iris_binary,8,24,nearest_neighbor,0.011600001016631722,3.9756629527998673,1
iris_binary,8,24,random_search,0.3533000126481056,,0
iris_binary,8,25,treesat_exact,0.06890000076964498,0.46651733545958296,1
iris_binary,8,25,nearest_neighbor,0.012200005585327744,3.4469327055140835,1
iris_binary,8,25,random_search,0.3994000144302845,0.7683487864781484,1
iris_binary,8,26,treesat_exact,0.0680000230204314,0.7330980975721574,1
iris_binary,8,26,nearest_neighbor,0.012500007869675756,2.241778885202424,1
iris_binary,8,26,random_search,0.35769998794421554,0.8261833209492596,1
iris_binary,8,27,treesat_exact,0.06010002107359469,,0
iris_binary,8,27,nearest_neighbor,0.00990001717582345,3.281731409176371,1
iris_binary,8,27,random_search,0.3239999932702631,1.9459768683343155,1
iris_binary,8,28,treesat_exact,0.05929998587816954,,0
iris_binary,8,28,nearest_neighbor,0.009799987310543656,2.87763634493317,1
iris_binary,8,28,random_search,0.3265999839641154,1.557975774463774,1
iris_binary,8,29,treesat_exact,0.05879998207092285,,0
iris_binary,8,29,nearest_neighbor,0.00969998654909432,4.77764508055973,1
iris_binary,8,29,random_search,0.3319999959785491,2.546369295626063,1
iris_binary,9,0,treesat_exact,0.06769999163225293,,0
iris_binary,9,0,nearest_neighbor,0.013600016245618463,2.873721384391505,1
iris_binary,9,0,random_search,0.32130000181496143,1.4169503421280618,1
iris_binary,9,1,treesat_exact,0.05520001286640763,0.543057653941453,1
iris_binary,9,1,nearest_neighbor,0.010599993402138352,2.616978144558249,1
iris_binary,9,1,random_search,0.29689999064430594,0.827800040420175,1
iris_binary,9,2,treesat_exact,0.050799979362636805,0.543057653941453,1
iris_binary,9,2,nearest_neighbor,0.009499985026195645,3.373644773573366,1
iris_binary,9,2,random_search,0.28979999478906393,0.6776021354599742,1
iris_binary,9,3,treesat_exact,0.050700007705017924,,0
iris_binary,9,3,nearest_neighbor,0.008400005754083395,3.291325377051285,1
iris_binary,9,3,random_search,0.2688000095076859,2.1315128533157077,1
iris_binary,9,4,treesat_exact,0.04949999856762588,,0
iris_binary,9,4,nearest_neighbor,0.008400005754083395,2.3724716755397024,1
iris_binary,9,4,random_search,0.2862999972421676,1.545211807387419,1
iris_binary,9,5,treesat_exact,0.05299999611452222,0.48589379714803715,1
iris_binary,9,5,nearest_neighbor,0.009299983503296971,2.4226560370337875,1
iris_binary,9,5,random_search,0.3084000200033188,0.6297047032762784,1
iris_binary,9,6,treesat_exact,0.05219999002292752,0.48589379714803715,1
iris_binary,9,6,nearest_neighbor,0.009000010322779417,2.2671337617439367,1
iris_binary,9,6,random_search,0.2786999975796789,0.5352931149694552,1
iris_binary,9,7,treesat_exact,0.04889999399892986,,0
iris_binary,9,7,nearest_neighbor,0.008100003469735384,3.039697298151958,1
iris_binary,9,7,random_search,0.3352999920025468,1.9568014573276358,1
iris_binary,9,8,treesat_exact,0.053499999921768904,0.543057653941453,1
iris_binary,9,8,nearest_neighbor,0.009599985787644982,2.6860190880096244,1
iris_binary,9,8,random_search,0.29620001441799104,0.6415055058307815,1
iris_binary,9,9,treesat_exact,0.050300004659220576,,0
iris_binary,9,9,nearest_neighbor,0.008300004992634058,3.5945129863611864,1
iris_binary,9,9,random_search,0.2733000146690756,1.6911505922671142,1
iris_binary,9,10,treesat_exact,0.09109999518841505,,0
iris_binary,9,10,nearest_neighbor,0.013299984857439995,2.855246023111223,1
iris_binary,9,10,random_search,0.3004999889526516,1.4402047133422844,1
iris_binary,9,11,treesat_exact,0.05139998393133283,,0
iris_binary,9,11,nearest_neighbor,0.008200004231184721,3.4154195810835435,1
iris_binary,9,11,random_search,0.26619998971000314,1.791923912627368,1
iris_binary,9,12,treesat_exact,0.049299997044727206,,0
iris_binary,9,12,nearest_neighbor,0.008200004231184721,2.3048219478277585,1
iris_binary,9,12,random_search,0.2921000123023987,1.2001598492563548,1
iris_binary,9,13,treesat_exact,0.049700000090524554,0.8288769379085318,1
iris_binary,9,13,nearest_neighbor,0.008700008038431406,2.952632193695909,1
iris_binary,9,13,random_search,0.2832000027410686,1.0995412429802207,1
iris_binary,9,14,treesat_exact,0.05390000296756625,,0
iris_binary,9,14,nearest_neighbor,0.008799979696050286,3.3941641643419067,1
iris_binary,9,14,random_search,0.2924999862443656,1.7839751982498753,1
iris_binary,9,15,treesat_exact,0.05259999306872487,,0
iris_binary,9,15,nearest_neighbor,0.008300004992634058,2.6174298022086746,1
iris_binary,9,15,random_search,0.2862000255845487,1.33973332695849,1
iris_binary,9,16,treesat_exact,0.05110001075081527,,0
iris_binary,9,16,nearest_neighbor,0.00799997360445559,3.7593214431554154,1
iris_binary,9,16,random_search,0.26840000646188855,2.712847784405336,1
iris_binary,9,17,treesat_exact,0.04839999019168317,,0
iris_binary,9,17,nearest_neighbor,0.007800001185387373,3.1711624732332857,1
iris_binary,9,17,random_search,0.28730000485666096,2.171097576646732,1
iris_binary,9,18,treesat_exact,0.050099974032491446,,0
iris_binary,9,18,nearest_neighbor,0.008800008799880743,2.6158606370152335,1
iris_binary,9,18,random_search,0.2799999783746898,1.723454113089277,1
iris_binary,9,19,treesat_exact,0.05190001684240997,,0
iris_binary,9,19,nearest_neighbor,0.007800001185387373,2.2701068656859635,1
iris_binary,9,19,random_search,1.8869000195991248,1.0301659850940441,1
iris_binary,9,20,treesat_exact,0.23209999199025333,,0
iris_binary,9,20,nearest_neighbor,0.03700001980178058,3.2472818176301046,1
iris_binary,9,20,random_search,1.043800002662465,2.826252063494869,1
iris_binary,9,21,treesat_exact,0.17049998859874904,0.42872994035462153,1
iris_binary,9,21,nearest_neighbor,0.031099974876269698,2.566933602598014,1
iris_binary,9,21,random_search,0.9359999967273325,0.553289791249002,1
iris_binary,9,22,treesat_exact,0.16480000340379775,,0
iris_binary,9,22,nearest_neighbor,0.02829998265951872,3.550418091374017,1
iris_binary,9,22,random_search,0.8630999946035445,2.59051486004721,1
iris_binary,9,23,treesat_exact,0.16569998115301132,0.6573853675282847,1
iris_binary,9,23,nearest_neighbor,0.028000009479001164,2.333193562549953,1
iris_binary,9,23,random_search,0.833400001283735,0.7897096715083869,1
iris_binary,9,24,treesat_exact,0.14689998351968825,,0
iris_binary,9,24,nearest_neighbor,0.02479998511262238,4.101047217545706,1
iris_binary,9,24,random_search,0.7986000273376703,2.2848190418706227,1
iris_binary,9,25,treesat_exact,0.13890000991523266,,0
iris_binary,9,25,nearest_neighbor,0.020199979189783335,4.733628700624964,1
iris_binary,9,25,random_search,0.6258000212255865,,0
iris_binary,9,26,treesat_exact,0.11999998241662979,,0
iris_binary,9,26,nearest_neighbor,0.020299979951232672,2.8735155306408564,1
iris_binary,9,26,random_search,0.6597000174224377,1.684272351883608,1
iris_binary,9,27,treesat_exact,0.11780002387240529,,0
iris_binary,9,27,nearest_neighbor,0.019400002202019095,3.1852256415853226,1
iris_binary,9,27,random_search,0.6078000005800277,1.3826818446499454,1
iris_binary,9,28,treesat_exact,0.10289999772794545,,0
iris_binary,9,28,nearest_neighbor,0.0171000137925148,2.2380609250236745,1
iris_binary,9,28,random_search,0.7325000187847763,1.3814728417719062,1
iris_binary,9,29,treesat_exact,0.18119998276233673,0.543057653941453,1
iris_binary,9,29,nearest_neighbor,0.026100024115294218,2.6656462001866967,1
iris_binary,9,29,random_search,0.6012999801896513,0.8171612427928377,1
iris_binary,10,0,treesat_exact,0.06979997851885855,0.7824617882239414,1
iris_binary,10,0,nearest_neighbor,0.015300000086426735,2.3017471028009773,1
iris_binary,10,0,random_search,0.3240999940317124,1.162129271852362,1
iris_binary,10,1,treesat_exact,0.053099996875971556,1.6953317338232392,1
iris_binary,10,1,nearest_neighbor,0.009600014891475439,3.6990904646417397,1
iris_binary,10,1,random_search,0.28849998489022255,2.0610659729327816,1
iris_binary,10,2,treesat_exact,0.05490001058205962,1.564921601083914,1
iris_binary,10,2,nearest_neighbor,0.009500014130026102,4.766184897995617,1
iris_binary,10,2,random_search,0.27639998006634414,2.2968021886491914,1
iris_binary,10,3,treesat_exact,0.050300004659220576,0.9128719209632664,1
iris_binary,10,3,nearest_neighbor,0.009400013368576765,3.221454111665096,1
iris_binary,10,3,random_search,0.27889999910257757,1.278591963736936,1
iris_binary,10,4,treesat_exact,0.04959999932907522,1.6953317338232392,1
iris_binary,10,4,nearest_neighbor,0.008199975127354264,3.6166809922515073,1
iris_binary,10,4,random_search,0.34660001983866096,2.4145662659962017,1
iris_binary,10,5,treesat_exact,0.14109999756328762,0.260820273690661,1
iris_binary,10,5,nearest_neighbor,0.024200009647756815,2.930454490507515,1
iris_binary,10,5,random_search,0.8516999951098114,0.36524041692193415,1
iris_binary,10,6,treesat_exact,0.1430999836884439,0.5216415227452907,1
iris_binary,10,6,nearest_neighbor,0.02440001117065549,2.765941945751113,1
iris_binary,10,6,random_search,0.6516000139527023,0.6195841843289618,1
iris_binary,10,7,treesat_exact,0.1097000204026699,0.5216415227452907,1
iris_binary,10,7,nearest_neighbor,0.01889999839477241,2.1398468735980614,1
iris_binary,10,7,random_search,0.6178000185173005,0.7781712558952867,1
iris_binary,10,8,treesat_exact,0.10019997716881335,1.0432810701266129,1
iris_binary,10,8,nearest_neighbor,0.0171000137925148,2.9917369410124537,1
iris_binary,10,8,random_search,0.7048999832477421,1.364235492319578,1
iris_binary,10,9,treesat_exact,0.1084999821614474,0.7824617882239414,1
iris_binary,10,9,nearest_neighbor,0.01719998545013368,2.0364685203483184,1
iris_binary,10,9,random_search,0.7100999937392771,1.3526004682126502,1
iris_binary,10,10,treesat_exact,0.0999000039882958,1.8257418665625647,1
iris_binary,10,10,nearest_neighbor,0.017400016076862812,3.693454465606591,1
iris_binary,10,10,random_search,0.542099995072931,3.4911365298461776,1
iris_binary,10,11,treesat_exact,0.09439999121241271,0.652051655484616,1
iris_binary,10,11,nearest_neighbor,0.017499987734481692,2.3718942187605956,1
iris_binary,10,11,random_search,0.5047000013291836,0.7116287086368983,1
iris_binary,10,12,treesat_exact,0.0644999963697046,0.7824617882239414,1
iris_binary,10,12,nearest_neighbor,0.011600001016631722,1.84840691355727,1
iris_binary,10,12,random_search,0.3635000030044466,1.0854741525645422,1
iris_binary,10,13,treesat_exact,0.06369999027810991,0.5216405391693115,1
iris_binary,10,13,nearest_neighbor,0.010899995686486363,2.4499015535653887,1
iris_binary,10,13,random_search,0.3725999849848449,0.6820686686333939,1
iris_binary,10,14,treesat_exact,0.06429999484680593,1.6953317338232392,1
iris_binary,10,14,nearest_neighbor,0.01090002479031682,3.6825973325826498,1
iris_binary,10,14,random_search,0.34199998481199145,1.9684022583005691,1
iris_binary,10,15,treesat_exact,0.0577000027988106,1.3041013356052633,1
iris_binary,10,15,nearest_neighbor,0.010099989594891667,3.8411337153162672,1
iris_binary,10,15,random_search,0.33290000283159316,1.3839178556476106,1
iris_binary,10,16,treesat_exact,0.05670002428814769,1.3041013356052633,1
iris_binary,10,16,nearest_neighbor,0.009800016414374113,3.2029631424618628,1
iris_binary,10,16,random_search,0.3124000213574618,1.8571262974062934,1
iris_binary,10,17,treesat_exact,0.05560001591220498,0.7824617882239414,1
iris_binary,10,17,nearest_neighbor,0.010199990356341004,2.403870828806073,1
iris_binary,10,17,random_search,0.322199979564175,1.149564893371493,1
iris_binary,10,18,treesat_exact,0.05470000905916095,0.782460804647962,1
iris_binary,10,18,nearest_neighbor,0.009799987310543656,2.570731897556227,1
iris_binary,10,18,random_search,0.302400003420189,1.1364341684231913,1
iris_binary,10,19,treesat_exact,0.04749998333863914,1.9561519993018894,1
iris_binary,10,19,nearest_neighbor,0.00790000194683671,4.636864823739488,1
iris_binary,10,19,random_search,0.2717000024858862,2.7156785693375696,1
iris_binary,10,20,treesat_exact,0.08900000830180943,1.9561519993018894,1
iris_binary,10,20,nearest_neighbor,0.008600007276982069,3.9262726891671167,1
iris_binary,10,20,random_search,0.2738999901339412,2.3573578281454806,1
iris_binary,10,21,treesat_exact,0.048999994760379195,0.9128709373872874,1
iris_binary,10,21,nearest_neighbor,0.008500006515532732,3.5157529111319934,1
iris_binary,10,21,random_search,0.27310001314617693,1.3836122087207705,1
iris_binary,10,22,treesat_exact,0.04749998333863914,0.652050671908637,1
iris_binary,10,22,nearest_neighbor,0.008100003469735384,2.203167933696381,1
iris_binary,10,22,random_search,1.2159000034444034,0.8228466034335242,1
iris_binary,10,23,treesat_exact,0.1551999885123223,1.3041013356052633,1
iris_binary,10,23,nearest_neighbor,0.02710000262595713,2.848112340579229,1
iris_binary,10,23,random_search,0.8033000049181283,1.8278358620881188,1
iris_binary,10,24,treesat_exact,0.13290002243593335,0.9128709373872874,1
iris_binary,10,24,nearest_neighbor,0.023900007363408804,2.5067825434319353,1
iris_binary,10,24,random_search,0.71109997224994,1.2193357723480631,1
iris_binary,10,25,treesat_exact,0.14280001050792634,0.9128709373872874,1
iris_binary,10,25,nearest_neighbor,0.022799998987466097,2.253761521796208,1
iris_binary,10,25,random_search,0.6756999937351793,1.3371399532392416,1
iris_binary,10,26,treesat_exact,0.11580000864341855,0.9128709373872874,1
iris_binary,10,26,nearest_neighbor,0.020000006770715117,2.880595441157735,1
iris_binary,10,26,random_search,0.6227999983821064,1.3651263632858044,1
iris_binary,10,27,treesat_exact,0.12959999730810523,0.5216415227452907,1
iris_binary,10,27,nearest_neighbor,0.02090001362375915,3.3241018207709785,1
iris_binary,10,27,random_search,0.5876000213902444,0.650990737121453,1
iris_binary,10,28,treesat_exact,0.10820000898092985,2.086562132041215,1
iris_binary,10,28,nearest_neighbor,0.017600017599761486,3.4572910445176683,1
iris_binary,10,28,random_search,0.5543000006582588,2.660041794632836,1
iris_binary,10,29,treesat_exact,0.10189999011345208,1.4345114683445885,1
iris_binary,10,29,nearest_neighbor,0.016000005416572094,3.1242780076322236,1
iris_binary,10,29,random_search,0.5388999998103827,1.9612213402028182,1
iris_binary,11,0,treesat_exact,0.11470000026747584,,0
iris_binary,11,0,nearest_neighbor,0.022899999748915434,3.365645767426758,1
iris_binary,11,0,random_search,0.5233999982010573,2.338009439760591,1
iris_binary,11,1,treesat_exact,0.08209998486563563,0.786232995534366,1
iris_binary,11,1,nearest_neighbor,0.015099998563528061,2.6047295453206236,1
iris_binary,11,1,random_search,0.4456999886315316,1.0068047844635333,1
iris_binary,11,2,treesat_exact,0.07789998198859394,,0
iris_binary,11,2,nearest_neighbor,0.01270000939257443,1.5905552816581754,1
iris_binary,11,2,random_search,0.4315999976824969,0.4473591403394478,1
iris_binary,11,3,treesat_exact,0.07360000745393336,0.786232995534366,1
iris_binary,11,3,nearest_neighbor,0.01270000939257443,1.9935488410481677,1
iris_binary,11,3,random_search,0.4098000063095242,1.0095461306302467,1
iris_binary,11,4,treesat_exact,0.06369999027810991,0.6551943297150468,1
iris_binary,11,4,nearest_neighbor,0.011199997970834374,2.3602394946199827,1
iris_binary,11,4,random_search,0.3738999948836863,0.7656019770252543,1
iris_binary,11,5,treesat_exact,0.06540000322274864,,0
iris_binary,11,5,nearest_neighbor,0.010500021744519472,3.7907611422100174,1
iris_binary,11,5,random_search,0.35119999665766954,2.148641581715803,1
iris_binary,11,6,treesat_exact,0.0625999819021672,0.786232995534366,1
iris_binary,11,6,nearest_neighbor,0.011299998732283711,2.80384918629223,1
iris_binary,11,6,random_search,0.35509999725036323,1.2300796136236163,1
iris_binary,11,7,treesat_exact,0.05340002826415002,,0
iris_binary,11,7,nearest_neighbor,0.008600007276982069,3.216139464716764,1
iris_binary,11,7,random_search,0.2919000107795,1.5912005948672572,1
iris_binary,11,8,treesat_exact,0.05120001151226461,0.6551943297150468,1
iris_binary,11,8,nearest_neighbor,0.009099981980398297,2.480490478233369,1
iris_binary,11,8,random_search,0.29830000130459666,0.9652068577728922,1
iris_binary,11,9,treesat_exact,0.05199998850002885,0.786232995534366,1
iris_binary,11,9,nearest_neighbor,0.009099981980398297,2.0409709626682044,1
iris_binary,11,9,random_search,0.29979998362250626,1.1169299020481414,1
iris_binary,11,10,treesat_exact,0.07169999298639596,,0
iris_binary,11,10,nearest_neighbor,0.01200000406242907,4.664200109580064,1
iris_binary,11,10,random_search,0.7764000038150698,2.0891967667372584,1
iris_binary,11,11,treesat_exact,0.07070001447573304,0.524155663895728,1
iris_binary,11,11,nearest_neighbor,0.012299977242946625,2.6257760583174456,1
iris_binary,11,11,random_search,0.33680000342428684,0.7016153288420843,1
iris_binary,11,12,treesat_exact,0.05549998604692519,0.786232995534366,1
iris_binary,11,12,nearest_neighbor,0.009700015652924776,2.2320529780448273,1
iris_binary,11,12,random_search,0.299000006634742,0.8814671299368152,1
iris_binary,11,13,treesat_exact,0.05059997783973813,,0
iris_binary,11,13,nearest_neighbor,0.008200004231184721,2.5974661337607317,1
iris_binary,11,13,random_search,0.29749999521300197,0.3313994722660659,1
iris_binary,11,14,treesat_exact,0.05020000389777124,0.786232995534366,1
iris_binary,11,14,nearest_neighbor,0.008700008038431406,2.629537990798201,1
iris_binary,11,14,random_search,0.2753000007942319,1.1084005634163208,1
iris_binary,11,15,treesat_exact,0.04930002614855766,,0
iris_binary,11,15,nearest_neighbor,0.008000002708286047,2.5898798008741095,1
iris_binary,11,15,random_search,0.27400001999922097,0.9943142377809551,1
iris_binary,11,16,treesat_exact,0.04789998638443649,0.786232995534366,1
iris_binary,11,16,nearest_neighbor,0.008499977411702275,2.2832750222116354,1
iris_binary,11,16,random_search,0.27279998175799847,1.029694878423908,1
iris_binary,11,17,treesat_exact,0.04810001701116562,,0
iris_binary,11,17,nearest_neighbor,0.008100003469735384,3.133410207870876,1
iris_binary,11,17,random_search,0.2741000207606703,0.6952253842528778,1
iris_binary,11,18,treesat_exact,0.04839999019168317,,0
iris_binary,11,18,nearest_neighbor,0.008200004231184721,3.89586257577816,1
iris_binary,11,18,random_search,0.27189997490495443,1.8164849737547852,1
iris_binary,11,19,treesat_exact,0.04910002462565899,,0
iris_binary,11,19,nearest_neighbor,0.007800001185387373,2.784835799870779,1
iris_binary,11,19,random_search,0.26440000510774553,1.7269340434908325,1
iris_binary,11,20,treesat_exact,0.04770001396536827,,0
iris_binary,11,20,nearest_neighbor,0.00790000194683671,2.966418976019512,1
iris_binary,11,20,random_search,0.2702999918255955,1.1673404959974727,1
iris_binary,11,21,treesat_exact,0.04680000711232424,0.786232995534366,1
iris_binary,11,21,nearest_neighbor,0.008199975127354264,2.388833927628164,1
iris_binary,11,21,random_search,0.26699999580159783,0.8921498764722218,1
iris_binary,11,22,treesat_exact,0.046699977247044444,,0
iris_binary,11,22,nearest_neighbor,0.008000002708286047,2.6007179991785563,1
iris_binary,11,22,random_search,0.26840000646188855,1.2964552049713158,1
iris_binary,11,23,treesat_exact,0.04700000863522291,,0
iris_binary,11,23,nearest_neighbor,0.008000002708286047,1.97615925689432,1
iris_binary,11,23,random_search,0.27809999301098287,0.757158360573268,1
iris_binary,11,24,treesat_exact,0.05050000618211925,,0
iris_binary,11,24,nearest_neighbor,0.00790000194683671,2.5750616639004216,1
iris_binary,11,24,random_search,0.2694999857340008,0.8678840013568113,1
iris_binary,11,25,treesat_exact,0.04579999949783087,0.524155663895728,1
iris_binary,11,25,nearest_neighbor,0.008200004231184721,2.5597782208294704,1
iris_binary,11,25,random_search,0.27019999106414616,0.6581571734389252,1
iris_binary,11,26,treesat_exact,0.04730001091957092,,0
iris_binary,11,26,nearest_neighbor,0.007499998901039362,2.982694654773267,1
iris_binary,11,26,random_search,0.2582999877631664,2.540980095415586,1
iris_binary,11,27,treesat_exact,0.0467000063508749,,0
iris_binary,11,27,nearest_neighbor,0.007800001185387373,3.953503731978561,1
iris_binary,11,27,random_search,0.2547999902162701,2.3470507801294658,1
iris_binary,11,28,treesat_exact,0.04689997876994312,,0
iris_binary,11,28,nearest_neighbor,0.007700000423938036,2.5988284881984316,1
iris_binary,11,28,random_search,0.26980001712217927,0.8443290989464792,1
iris_binary,11,29,treesat_exact,0.04710000939667225,,0
iris_binary,11,29,nearest_neighbor,0.00790000194683671,2.209238383417373,1
iris_binary,11,29,random_search,0.2652999828569591,1.1262959283953855,1
iris_binary,12,0,treesat_exact,0.06310001481324434,1.5808077911201368,1
iris_binary,12,0,nearest_neighbor,0.013100012438371778,3.3622135313258403,1
iris_binary,12,0,random_search,0.31540001509711146,1.711838203828976,1
iris_binary,12,1,treesat_exact,0.05260002217255533,1.3173398265738099,1
iris_binary,12,1,nearest_neighbor,0.009199982741847634,2.8545192656528626,1
iris_binary,12,1,random_search,0.2800000074785203,1.5134499514078816,1
iris_binary,12,2,treesat_exact,0.0501000031363219,0.52693692525048,1
iris_binary,12,2,nearest_neighbor,0.00899998121894896,2.121963729682047,1
iris_binary,12,2,random_search,0.2872000040952116,0.7212034945174595,1
iris_binary,12,3,treesat_exact,0.04879999323748052,2.2394777024859547,1
iris_binary,12,3,nearest_neighbor,0.008500006515532732,3.8968750323568773,1
iris_binary,12,3,random_search,0.2621999883558601,3.2013229185242187,1
iris_binary,12,4,treesat_exact,0.048999994760379195,1.0538718620274827,1
iris_binary,12,4,nearest_neighbor,0.008200004231184721,2.6707397983914167,1
iris_binary,12,4,random_search,0.2690000110305846,1.9764028167687833,1
iris_binary,12,5,treesat_exact,0.0481999886687845,0.6586709075236435,1
iris_binary,12,5,nearest_neighbor,0.008600007276982069,2.741999513444223,1
iris_binary,12,5,random_search,0.2905000001192093,0.8923140860438752,1
iris_binary,12,6,treesat_exact,0.04870002157986164,1.7125417733933006,1
iris_binary,12,6,nearest_neighbor,0.008200004231184721,3.734230113469951,1
iris_binary,12,6,random_search,0.27180000324733555,1.9949572699680136,1
iris_binary,12,7,treesat_exact,0.05040000542066991,0.7904048897968073,1
iris_binary,12,7,nearest_neighbor,0.008300004992634058,2.30919137850771,1
iris_binary,12,7,random_search,0.28479998582042754,1.0957409083015528,1
iris_binary,12,8,treesat_exact,0.04789998638443649,1.185605844300646,1
iris_binary,12,8,nearest_neighbor,0.008000002708286047,3.2062726773016577,1
iris_binary,12,8,random_search,0.2691999834496528,1.5656023159115324,1
iris_binary,12,9,treesat_exact,0.04700000863522291,0.7904048897968073,1
iris_binary,12,9,nearest_neighbor,0.008400005754083395,2.232430226836813,1
iris_binary,12,9,random_search,0.28219999512657523,1.11124083475514,1
iris_binary,12,10,treesat_exact,0.09889999637380242,0.7904048897968073,1
iris_binary,12,10,nearest_neighbor,0.0405999890062958,2.3771377486644867,1
iris_binary,12,10,random_search,0.6707999855279922,0.959246039587011,1
iris_binary,12,11,treesat_exact,0.06260001100599766,0.7904048897968073,1
iris_binary,12,11,nearest_neighbor,0.010300020221620798,2.620938237759813,1
iris_binary,12,11,random_search,0.3129999968223274,1.096404099305345,1
iris_binary,12,12,treesat_exact,0.048600020818412304,1.5808077911201368,1
iris_binary,12,12,nearest_neighbor,0.008600007276982069,3.348962104069969,1
iris_binary,12,12,random_search,0.2791999722830951,1.8406876548289302,1
iris_binary,12,13,treesat_exact,0.04770001396536827,1.7125417733933006,1
iris_binary,12,13,nearest_neighbor,0.008100003469735384,3.6604206573278257,1
iris_binary,12,13,random_search,0.27320001390762627,2.190780233130452,1
iris_binary,12,14,treesat_exact,0.048200017772614956,0.7904048897968073,1
iris_binary,12,14,nearest_neighbor,0.009199982741847634,1.9788407909044419,1
iris_binary,12,14,random_search,0.28929999098181725,1.0193492615578397,1
iris_binary,12,15,treesat_exact,0.046900007873773575,1.8442757556664642,1
iris_binary,12,15,nearest_neighbor,0.008200004231184721,4.522632104386962,1
iris_binary,12,15,random_search,0.2727000101003796,2.637389771653155,1
iris_binary,12,16,treesat_exact,0.05050000618211925,1.7125417733933006,1
iris_binary,12,16,nearest_neighbor,0.009099981980398297,4.060863521798358,1
iris_binary,12,16,random_search,0.2769000129774213,2.5468332670048195,1
iris_binary,12,17,treesat_exact,0.048699992476031184,1.9760097379396273,1
iris_binary,12,17,nearest_neighbor,0.008400005754083395,3.970603670757728,1
iris_binary,12,17,random_search,0.2680000034160912,2.605899354842505,1
iris_binary,12,18,treesat_exact,0.04630000330507755,1.0538718620274827,1
iris_binary,12,18,nearest_neighbor,0.008400005754083395,2.9846838325607226,1
iris_binary,12,18,random_search,0.27809999301098287,1.3575263050090782,1
iris_binary,12,19,treesat_exact,0.046600005589425564,0.9221378797543192,1
iris_binary,12,19,nearest_neighbor,0.008000002708286047,3.1147208897573133,1
iris_binary,12,19,random_search,0.27210000553168356,1.1323422496512698,1
iris_binary,12,20,treesat_exact,0.04919999628327787,0.7904048897968073,1
iris_binary,12,20,nearest_neighbor,0.008100003469735384,2.1426736974769636,1
iris_binary,12,20,random_search,0.2834000042639673,0.9015801346510712,1
iris_binary,12,21,treesat_exact,0.046600005589425564,0.658669915207992,1
iris_binary,12,21,nearest_neighbor,0.008100003469735384,2.3720053847716898,1
iris_binary,12,21,random_search,0.2749999985098839,0.7578109731153463,1
iris_binary,12,22,treesat_exact,0.0452000240329653,0.7904038974811554,1
iris_binary,12,22,nearest_neighbor,0.00790000194683671,2.5800112488436464,1
iris_binary,12,22,random_search,0.26359999901615083,1.0670856408359422,1
iris_binary,12,23,treesat_exact,0.046600005589425564,0.9221388720699707,1
iris_binary,12,23,nearest_neighbor,0.008100003469735384,2.0979724142999743,1
iris_binary,12,23,random_search,0.26760000037029386,1.3415249468428283,1
iris_binary,12,24,treesat_exact,0.04610000178217888,1.3173398265738099,1
iris_binary,12,24,nearest_neighbor,0.007800001185387373,3.023811451269662,1
iris_binary,12,24,random_search,0.26649999199435115,1.4872157537457338,1
iris_binary,12,25,treesat_exact,0.045400025555863976,0.7904048897968073,1
iris_binary,12,25,nearest_neighbor,0.008000002708286047,2.242192409469496,1
iris_binary,12,25,random_search,0.2817999920807779,1.0528285252169027,1
iris_binary,12,26,treesat_exact,0.04770001396536827,0.7904038974811554,1
iris_binary,12,26,nearest_neighbor,0.008200004231184721,3.018605066510654,1
iris_binary,12,26,random_search,0.2761000068858266,0.9734780561552493,1
iris_binary,12,27,treesat_exact,0.04730001091957092,0.9221378797543192,1
iris_binary,12,27,nearest_neighbor,0.008400005754083395,3.196190109953214,1
iris_binary,12,27,random_search,0.2686000079847872,1.1674470447296723,1
iris_binary,12,28,treesat_exact,0.04650000482797623,1.0538718620274827,1
iris_binary,12,28,nearest_neighbor,0.007800001185387373,2.4373454384346775,1
iris_binary,12,28,random_search,0.2725000085774809,1.427043258422738,1
iris_binary,12,29,treesat_exact,0.04679997800849378,0.39520195066166497,1
iris_binary,12,29,nearest_neighbor,0.008100003469735384,2.169719268109647,1
iris_binary,12,29,random_search,0.2796000044327229,0.45772885309966854,1
iris_binary,13,0,treesat_exact,0.06600000779144466,0.7186415397948974,1
iris_binary,13,0,nearest_neighbor,0.013400014722719789,2.2268977490959294,1
iris_binary,13,0,random_search,0.32190000638365746,0.9424448862109642,1
iris_binary,13,1,treesat_exact,0.05420000525191426,0.7186415397948974,1
iris_binary,13,1,nearest_neighbor,0.009499985026195645,2.517852235952632,1
iris_binary,13,1,random_search,0.30339998193085194,0.8736950433472789,1
iris_binary,13,2,treesat_exact,0.05219999002292752,,0
iris_binary,13,2,nearest_neighbor,0.009200011845678091,2.2991939993119317,1
iris_binary,13,2,random_search,0.28310000197961926,1.052338705654949,1
iris_binary,13,3,treesat_exact,0.054599979193881154,,0
iris_binary,13,3,nearest_neighbor,0.008600007276982069,3.652137989452414,1
iris_binary,13,3,random_search,0.2720000047702342,3.182780604908066,1
iris_binary,13,4,treesat_exact,0.05040000542066991,,0
iris_binary,13,4,nearest_neighbor,0.008400005754083395,2.367456158388349,1
iris_binary,13,4,random_search,0.27680001221597195,0.6710000513487463,1
iris_binary,13,5,treesat_exact,0.048999994760379195,,0
iris_binary,13,5,nearest_neighbor,0.008000002708286047,3.0809914079829115,1
iris_binary,13,5,random_search,0.27210000553168356,1.2530305690080419,1
iris_binary,13,6,treesat_exact,0.04959999932907522,,0
iris_binary,13,6,nearest_neighbor,0.008300004992634058,2.220737897185272,1
iris_binary,13,6,random_search,0.2809000143315643,1.377120031358508,1
iris_binary,13,7,treesat_exact,0.04949999856762588,,0
iris_binary,13,7,nearest_neighbor,0.008200004231184721,2.252051230156639,1
iris_binary,13,7,random_search,0.2786999975796789,0.6414127843571655,1
iris_binary,13,8,treesat_exact,0.04789998638443649,,0
iris_binary,13,8,nearest_neighbor,0.007800001185387373,2.071475922440464,1
iris_binary,13,8,random_search,0.2742999931797385,0.9236164897317516,1
iris_binary,13,9,treesat_exact,0.04779998562298715,,0
iris_binary,13,9,nearest_neighbor,0.008000002708286047,3.1163213845868976,1
iris_binary,13,9,random_search,0.27119999867863953,1.3178822225913995,1
iris_binary,13,10,treesat_exact,0.04730001091957092,,0
iris_binary,13,10,nearest_neighbor,0.007700000423938036,3.122296497368878,1
iris_binary,13,10,random_search,0.26699999580159783,1.5423914320265033,1
iris_binary,13,11,treesat_exact,0.04809998790733516,,0
iris_binary,13,11,nearest_neighbor,0.01270000939257443,3.247176552721667,1
iris_binary,13,11,random_search,0.7699000125285238,1.931714368852416,1
iris_binary,13,12,treesat_exact,1.0618999949656427,,0
iris_binary,13,12,nearest_neighbor,0.2060999977402389,2.4548759112244,1
iris_binary,13,12,random_search,3.8148000021465123,1.0738480086192188,1
iris_binary,13,13,treesat_exact,0.31689999741502106,,0
iris_binary,13,13,nearest_neighbor,0.022499996703118086,3.6025866624945455,1
iris_binary,13,13,random_search,0.6106000219006091,3.571842967886047,1
iris_binary,13,14,treesat_exact,0.11529997573234141,,0
iris_binary,13,14,nearest_neighbor,0.020500010577961802,3.6713639668775393,1
iris_binary,13,14,random_search,0.596199999563396,1.6776649330798499,1
iris_binary,13,15,treesat_exact,0.11369999265298247,0.7186415397948974,1
iris_binary,13,15,nearest_neighbor,0.020500010577961802,2.2936681664025764,1
iris_binary,13,15,random_search,0.6329999887384474,0.9826464395241886,1
iris_binary,13,16,treesat_exact,0.09809999028220773,,0
iris_binary,13,16,nearest_neighbor,0.015300000086426735,1.6377295151888982,1
iris_binary,13,16,random_search,0.5077999958302826,0.689982298357501,1
iris_binary,13,17,treesat_exact,0.09079999290406704,,0
iris_binary,13,17,nearest_neighbor,0.015400000847876072,3.036302108845429,1
iris_binary,13,17,random_search,0.4993999900761992,1.1177505148653542,1
iris_binary,13,18,treesat_exact,0.07360000745393336,0.7186415397948974,1
iris_binary,13,18,nearest_neighbor,0.013100012438371778,2.375062018386274,1
iris_binary,13,18,random_search,0.41870001587085426,0.7997238168015706,1
iris_binary,13,19,treesat_exact,0.0754999928176403,,0
iris_binary,13,19,nearest_neighbor,0.01200000406242907,3.827337046402519,1
iris_binary,13,19,random_search,0.48160000005736947,1.641881156853224,1
iris_binary,13,20,treesat_exact,0.07429998368024826,0.7186415397948974,1
iris_binary,13,20,nearest_neighbor,0.013100012438371778,2.5447098083516786,1
iris_binary,13,20,random_search,0.4158999945502728,1.379858533819204,1
iris_binary,13,21,treesat_exact,0.07660000119358301,,0
iris_binary,13,21,nearest_neighbor,0.01309998333454132,3.5858643523978637,1
iris_binary,13,21,random_search,0.39709999691694975,2.0864879955810873,1
iris_binary,13,22,treesat_exact,0.05870001041330397,,0
iris_binary,13,22,nearest_neighbor,0.00969998654909432,2.1659602633439086,1
iris_binary,13,22,random_search,0.33580002491362393,0.8189844267949433,1
iris_binary,13,23,treesat_exact,0.05679999594576657,0.7186415397948974,1
iris_binary,13,23,nearest_neighbor,0.010299991117790341,2.525663701885566,1
iris_binary,13,23,random_search,0.3142000059597194,0.8748299873366276,1
iris_binary,13,24,treesat_exact,0.056199991377070546,0.8493034554871107,1
iris_binary,13,24,nearest_neighbor,0.00990001717582345,2.0466383164289192,1
iris_binary,13,24,random_search,0.6117000011727214,1.1051395649258475,1
iris_binary,13,25,treesat_exact,0.07419998291879892,0.5879796241026837,1
iris_binary,13,25,nearest_neighbor,0.012999982573091984,2.492211933799681,1
iris_binary,13,25,random_search,0.4969000001437962,0.8869312280544258,1
iris_binary,13,26,treesat_exact,0.05959998816251755,0.8493034554871107,1
iris_binary,13,26,nearest_neighbor,0.010299991117790341,2.1579862195441564,1
iris_binary,13,26,random_search,0.30289997812360525,1.0573710809740682,1
iris_binary,13,27,treesat_exact,0.05379997310228646,,0
iris_binary,13,27,nearest_neighbor,0.009100011084228754,2.2292903251411147,1
iris_binary,13,27,random_search,0.28180002118460834,1.3912475442424779,1
iris_binary,13,28,treesat_exact,0.05110001075081527,0.7186415397948974,1
iris_binary,13,28,nearest_neighbor,0.009399984264746308,2.237876638599969,1
iris_binary,13,28,random_search,0.2914000069722533,1.1783085819115584,1
iris_binary,13,29,treesat_exact,0.06719998782500625,,0
iris_binary,13,29,nearest_neighbor,0.009100011084228754,3.139971048675938,1
iris_binary,13,29,random_search,0.2803000097628683,1.3340957205755795,1
iris_binary,14,0,treesat_exact,0.07300000288523734,,0
iris_binary,14,0,nearest_neighbor,0.013599987141788006,2.3670242314023255,1
iris_binary,14,0,random_search,0.35020001814700663,0.9309091563291313,1
iris_binary,14,1,treesat_exact,0.05910001345910132,,0
iris_binary,14,1,nearest_neighbor,0.00999998883344233,4.014223946459114,1
iris_binary,14,1,random_search,0.29139997786842287,,0
iris_binary,14,2,treesat_exact,0.05740000051446259,0.7903489269977108,1
iris_binary,14,2,nearest_neighbor,0.0109999964479357,2.1231267910135974,1
iris_binary,14,2,random_search,0.3145999799016863,0.9339202561143779,1
iris_binary,14,3,treesat_exact,0.056899996707215905,0.7903489269977108,1
iris_binary,14,3,nearest_neighbor,0.009899988071992993,2.302119950836155,1
iris_binary,14,3,random_search,0.31460000900551677,1.0273381075026664,1
iris_binary,14,4,treesat_exact,0.056599994422867894,,0
iris_binary,14,4,nearest_neighbor,0.008500006515532732,2.760542385619256,1
iris_binary,14,4,random_search,0.2901000261772424,1.0809818499310189,1
iris_binary,14,5,treesat_exact,0.05190001684240997,,0
iris_binary,14,5,nearest_neighbor,0.008800008799880743,3.2429798719843674,1
iris_binary,14,5,random_search,0.2896999940276146,1.7791796285993529,1
iris_binary,14,6,treesat_exact,0.048699992476031184,0.7903489269977108,1
iris_binary,14,6,nearest_neighbor,0.008700008038431406,2.4007036811205014,1
iris_binary,14,6,random_search,0.28649999876506627,1.228193680805163,1
iris_binary,14,7,treesat_exact,0.04830001853406429,0.9220735792796019,1
iris_binary,14,7,nearest_neighbor,0.00899998121894896,2.7451388902683442,1
iris_binary,14,7,random_search,0.274600024567917,1.4770557244657643,1
iris_binary,14,8,treesat_exact,0.04780001472681761,0.6586242747158194,1
iris_binary,14,8,nearest_neighbor,0.008500006515532732,1.8595512196351005,1
iris_binary,14,8,random_search,0.30849999166093767,0.8542721477476591,1
iris_binary,14,9,treesat_exact,0.05570001667365432,0.7903489269977108,1
iris_binary,14,9,nearest_neighbor,0.010099989594891667,2.6705491080567416,1
iris_binary,14,9,random_search,0.31090000993572176,0.9740864887844537,1
iris_binary,14,10,treesat_exact,0.053099996875971556,,0
iris_binary,14,10,nearest_neighbor,0.008400005754083395,1.820492315710207,1
iris_binary,14,10,random_search,0.29170000925660133,0.32422649755527155,1
iris_binary,14,11,treesat_exact,0.048699992476031184,0.7903489269977108,1
iris_binary,14,11,nearest_neighbor,0.008400005754083395,2.0437311531137006,1
iris_binary,14,11,random_search,0.2803000097628683,0.8863817405332752,1
iris_binary,14,12,treesat_exact,0.05189998773857951,0.7903489269977108,1
iris_binary,14,12,nearest_neighbor,0.008800008799880743,2.1190864266297442,1
iris_binary,14,12,random_search,0.2796000044327229,0.9903335321617736,1
iris_binary,14,13,treesat_exact,0.04949999856762588,,0
iris_binary,14,13,nearest_neighbor,0.008300004992634058,2.988928846617274,1
iris_binary,14,13,random_search,0.2680999750737101,1.158051859897174,1
iris_binary,14,14,treesat_exact,0.05560001591220498,,0
iris_binary,14,14,nearest_neighbor,0.008400005754083395,3.679764621936124,1
iris_binary,14,14,random_search,0.26169998454861343,2.7928576698996994,1
iris_binary,14,15,treesat_exact,0.04919999628327787,,0
iris_binary,14,15,nearest_neighbor,0.008500006515532732,4.550499436681603,1
iris_binary,14,15,random_search,0.2673999988473952,2.857443314756072,1
iris_binary,14,16,treesat_exact,0.04730001091957092,,0
iris_binary,14,16,nearest_neighbor,0.00799997360445559,2.185930781385037,1
iris_binary,14,16,random_search,0.27039999258704484,1.110971483699653,1
iris_binary,14,17,treesat_exact,0.04809998790733516,,0
iris_binary,14,17,nearest_neighbor,0.008000002708286047,3.000780616014097,1
iris_binary,14,17,random_search,0.2699999895412475,2.3799987877208184,1
iris_binary,14,18,treesat_exact,0.048200017772614956,,0
iris_binary,14,18,nearest_neighbor,0.007799972081556916,2.2271196734637555,1
iris_binary,14,18,random_search,0.28440001187846065,0.7351287568656026,1
iris_binary,14,19,treesat_exact,0.047299981815740466,0.5268996224339283,1
iris_binary,14,19,nearest_neighbor,0.008499977411702275,2.1557405868542663,1
iris_binary,14,19,random_search,0.2874999772757292,0.5965755976642731,1
iris_binary,14,20,treesat_exact,0.047200010158121586,0.6586242747158194,1
iris_binary,14,20,nearest_neighbor,0.008400005754083395,2.8004794983577277,1
iris_binary,14,20,random_search,0.2758000046014786,0.8883263297289674,1
iris_binary,14,21,treesat_exact,0.046999979531392455,,0
iris_binary,14,21,nearest_neighbor,0.007700000423938036,2.6122435278864997,1
iris_binary,14,21,random_search,0.2823999966494739,0.47905745947691736,1
iris_binary,14,22,treesat_exact,0.04710000939667225,0.5268996224339283,1
iris_binary,14,22,nearest_neighbor,0.008700008038431406,3.325535754371461,1
iris_binary,14,22,random_search,0.2809000143315643,0.6221866261125535,1
iris_binary,14,23,treesat_exact,0.047999987145885825,,0
iris_binary,14,23,nearest_neighbor,0.007800001185387373,3.234539406295713,1
iris_binary,14,23,random_search,0.26760000037029386,1.7059366661796074,1
iris_binary,14,24,treesat_exact,0.05420000525191426,,0
iris_binary,14,24,nearest_neighbor,0.008100003469735384,2.5382027626865398,1
iris_binary,14,24,random_search,0.2686000079847872,1.1001683157985187,1
iris_binary,14,25,treesat_exact,0.05080000846646726,,0
iris_binary,14,25,nearest_neighbor,0.007800001185387373,2.155934172439322,1
iris_binary,14,25,random_search,0.2830000012181699,0.44196885955062604,1
iris_binary,14,26,treesat_exact,0.04740001168102026,,0
iris_binary,14,26,nearest_neighbor,0.008000002708286047,3.2163655524068218,1
iris_binary,14,26,random_search,0.2844999835360795,1.1201321464105816,1
iris_binary,14,27,treesat_exact,0.294700002996251,,0
iris_binary,14,27,nearest_neighbor,0.024300010409206152,3.501359279540933,1
iris_binary,14,27,random_search,0.6123999773990363,2.3507823717259764,1
iris_binary,14,28,treesat_exact,0.07049998384900391,,0
iris_binary,14,28,nearest_neighbor,0.012800010154023767,4.729352776652842,1
iris_binary,14,28,random_search,0.7424999785143882,3.353652316483558,1
iris_binary,14,29,treesat_exact,0.11389999417588115,,0
iris_binary,14,29,nearest_neighbor,0.018499995348975062,3.0233005981948278,1
iris_binary,14,29,random_search,0.4101000085938722,1.0662150334236837,1
iris_binary,15,0,treesat_exact,0.06650001159869134,0.5288150410406957,1
iris_binary,15,0,nearest_neighbor,0.015099998563528061,2.0648355270545244,1
iris_binary,15,0,random_search,0.33340000663883984,0.7468605283728162,1
iris_binary,15,1,treesat_exact,0.0557999883312732,,0
iris_binary,15,1,nearest_neighbor,0.009499985026195645,3.0514781473290724,1
iris_binary,15,1,random_search,0.30040001729503274,1.8416869626959465,1
iris_binary,15,2,treesat_exact,0.052099989261478186,,0
iris_binary,15,2,nearest_neighbor,0.009100011084228754,3.666690064865229,1
iris_binary,15,2,random_search,0.2798000059556216,2.9552654630701127,1
iris_binary,15,3,treesat_exact,0.052700022934004664,,0
iris_binary,15,3,nearest_neighbor,0.008700008038431406,2.908244993618984,1
iris_binary,15,3,random_search,0.2945000014733523,1.4717429793260817,1
iris_binary,15,4,treesat_exact,0.05140001303516328,,0
iris_binary,15,4,nearest_neighbor,0.008899980457499623,1.9736078882772676,1
iris_binary,15,4,random_search,0.29390002600848675,0.7151038166279932,1
iris_binary,15,5,treesat_exact,0.05180001608096063,,0
iris_binary,15,5,nearest_neighbor,0.008800008799880743,2.839323162810857,1
iris_binary,15,5,random_search,0.2840000088326633,2.12067875093354,1
iris_binary,15,6,treesat_exact,0.051700015319511294,0.47315040551301546,1
iris_binary,15,6,nearest_neighbor,0.009600014891475439,2.208069144636148,1
iris_binary,15,6,random_search,0.29570001061074436,0.9584013982698927,1
iris_binary,15,7,treesat_exact,0.0523999915458262,,0
iris_binary,15,7,nearest_neighbor,0.008799979696050286,1.7975280396921645,1
iris_binary,15,7,random_search,0.31689999741502106,0.7309722189555167,1
iris_binary,15,8,treesat_exact,0.054500007536262274,,0
iris_binary,15,8,nearest_neighbor,0.008600007276982069,4.5845250662258055,1
iris_binary,15,8,random_search,0.27119999867863953,2.817456743513321,1
iris_binary,15,9,treesat_exact,0.049299997044727206,,0
iris_binary,15,9,nearest_neighbor,0.008500006515532732,3.1595158357660336,1
iris_binary,15,9,random_search,0.27520000003278255,1.7983135400139643,1
iris_binary,15,10,treesat_exact,0.05060000694356859,0.5844796765683761,1
iris_binary,15,10,nearest_neighbor,0.009200011845678091,3.2633938691094957,1
iris_binary,15,10,random_search,0.2815999905578792,0.8988190565215267,1
iris_binary,15,11,treesat_exact,0.05060000694356859,0.3061564989299749,1
iris_binary,15,11,nearest_neighbor,0.009200011845678091,2.5705284855212756,1
iris_binary,15,11,random_search,0.2891999902203679,0.3567761617207348,1
iris_binary,15,12,treesat_exact,0.048999994760379195,0.5288150410406957,1
iris_binary,15,12,nearest_neighbor,0.00890000956133008,2.6490775287469863,1
iris_binary,15,12,random_search,0.29779999749735,0.597322775364413,1
iris_binary,15,13,treesat_exact,0.04889999399892986,0.7514735831514167,1
iris_binary,15,13,nearest_neighbor,0.008300004992634058,2.296683000677862,1
iris_binary,15,13,random_search,0.2874000056181103,1.041444944714626,1
iris_binary,15,14,treesat_exact,0.04990000161342323,,0
iris_binary,15,14,nearest_neighbor,0.008600007276982069,4.741295483104753,1
iris_binary,15,14,random_search,0.2768999838735908,2.5289164776042927,1
iris_binary,15,15,treesat_exact,0.04809998790733516,0.5288150410406957,1
iris_binary,15,15,nearest_neighbor,0.008600007276982069,3.429248085249728,1
iris_binary,15,15,random_search,0.36869998439215124,0.6201957275755313,1
iris_binary,15,16,treesat_exact,0.05229999078437686,,0
iris_binary,15,16,nearest_neighbor,0.008400005754083395,2.604663740903189,1
iris_binary,15,16,random_search,0.2807999844662845,1.3922778360770187,1
iris_binary,15,17,treesat_exact,0.05020000389777124,,0
iris_binary,15,17,nearest_neighbor,0.008800008799880743,2.255450469895362,1
iris_binary,15,17,random_search,0.2750999992713332,0.9840029965742981,1
iris_binary,15,18,treesat_exact,0.046900007873773575,0.47315040551301546,1
iris_binary,15,18,nearest_neighbor,0.008500006515532732,2.3936569781374546,1
iris_binary,15,18,random_search,0.2769000129774213,0.6416913128886906,1
iris_binary,15,19,treesat_exact,0.0481999886687845,,0
iris_binary,15,19,nearest_neighbor,0.008100003469735384,2.1788226915873063,1
iris_binary,15,19,random_search,0.2784999960567802,1.129261065810009,1
iris_binary,15,20,treesat_exact,0.0481999886687845,,0
iris_binary,15,20,nearest_neighbor,0.008400005754083395,3.04416140704796,1
iris_binary,15,20,random_search,0.26859997888095677,1.5127617294655895,1
iris_binary,15,21,treesat_exact,0.05020000389777124,0.640144312096056,1
iris_binary,15,21,nearest_neighbor,0.00890000956133008,2.4273276090824845,1
iris_binary,15,21,random_search,0.28410000959411263,0.8622183222556103,1
iris_binary,15,22,treesat_exact,0.04879999323748052,,0
iris_binary,15,22,nearest_neighbor,0.008500006515532732,2.566117910758744,1
iris_binary,15,22,random_search,0.2730999840423465,1.688560162983281,1
iris_binary,15,23,treesat_exact,0.049299997044727206,,0
iris_binary,15,23,nearest_neighbor,0.008100003469735384,3.7884869295140287,1
iris_binary,15,23,random_search,0.26619998971000314,2.2318561331269855,1
iris_binary,15,24,treesat_exact,0.04800001624971628,0.5844796765683761,1
iris_binary,15,24,nearest_neighbor,0.008200004231184721,2.300817560656739,1
iris_binary,15,24,random_search,0.2742999931797385,0.9022778904548451,1
iris_binary,15,25,treesat_exact,0.047200010158121586,0.5844796765683761,1
iris_binary,15,25,nearest_neighbor,0.008400005754083395,1.9596323707692203,1
iris_binary,15,25,random_search,0.27570000384002924,0.83878650342412,1
iris_binary,15,26,treesat_exact,0.04839999019168317,,0
iris_binary,15,26,nearest_neighbor,0.008000002708286047,2.3458402360685877,1
iris_binary,15,26,random_search,0.27150000096298754,1.2209742501611882,1
iris_binary,15,27,treesat_exact,0.047600013203918934,0.640144312096056,1
iris_binary,15,27,nearest_neighbor,0.008200004231184721,2.760947684293916,1
iris_binary,15,27,random_search,1.3858999882359058,0.8231414528971448,1
iris_binary,15,28,treesat_exact,0.3578999894671142,0.5288150410406957,1
iris_binary,15,28,nearest_neighbor,0.05949998740106821,2.7747627335202005,1
iris_binary,15,28,random_search,1.7537999956402928,0.9439694213679208,1
iris_binary,15,29,treesat_exact,0.2826999989338219,,0
iris_binary,15,29,nearest_neighbor,0.04919999628327787,2.95600761240495,1
iris_binary,15,29,random_search,1.3814999838359654,1.3623167652582615,1
iris_binary,16,0,treesat_exact,0.09079999290406704,0.6530699493329765,1
iris_binary,16,0,nearest_neighbor,0.01829999382607639,2.0859389033049234,1
iris_binary,16,0,random_search,0.8974999946076423,0.7771023631495455,1
iris_binary,16,1,treesat_exact,0.4282000008970499,1.044910279716189,1
iris_binary,16,1,nearest_neighbor,0.0754999928176403,2.6078086596235557,1
iris_binary,16,1,random_search,1.740600011544302,1.2116722711755652,1
iris_binary,16,2,treesat_exact,0.28219999512657523,0.5224561624830405,1
iris_binary,16,2,nearest_neighbor,0.0447999918833375,2.516193293842424,1
iris_binary,16,2,random_search,1.4387000119313598,0.7782364089293349,1
iris_binary,16,3,treesat_exact,0.24140000459738076,0.7836827060163176,1
iris_binary,16,3,nearest_neighbor,0.04759998410008848,2.803094840303304,1
iris_binary,16,3,random_search,1.2780000106431544,1.0227169894148758,1
iris_binary,16,4,treesat_exact,0.08359999628737569,1.4367516402659968,1
iris_binary,16,4,nearest_neighbor,0.014800025383010507,3.938619918520658,1
iris_binary,16,4,random_search,0.3583999932743609,1.6477308569385343,1
iris_binary,16,5,treesat_exact,0.05639999289996922,0.9142964928662531,1
iris_binary,16,5,nearest_neighbor,0.010299991117790341,2.980805766991256,1
iris_binary,16,5,random_search,0.2996999828610569,1.2265263759114322,1
iris_binary,16,6,treesat_exact,0.05500001134350896,0.6530699493329765,1
iris_binary,16,6,nearest_neighbor,0.011399999493733048,2.9133016762241755,1
iris_binary,16,6,random_search,0.3276999923400581,1.036757049647057,1
iris_binary,16,7,treesat_exact,0.056599994422867894,0.3918413454665101,1
iris_binary,16,7,nearest_neighbor,0.010200019460171461,2.0446986206056814,1
iris_binary,16,7,random_search,0.3311999898869544,0.5542049115992062,1
iris_binary,16,8,treesat_exact,0.05420000525191426,1.044910279716189,1
iris_binary,16,8,nearest_neighbor,0.009799987310543656,3.1864602189986515,1
iris_binary,16,8,random_search,0.3009000211022794,1.2459089292828305,1
iris_binary,16,9,treesat_exact,0.05870001041330397,0.6530699493329765,1
iris_binary,16,9,nearest_neighbor,0.011000025551766157,2.4163759530787026,1
iris_binary,16,9,random_search,0.30679997871629894,0.9125441768508049,1
iris_binary,16,10,treesat_exact,0.052799994591623545,1.4367516402659968,1
iris_binary,16,10,nearest_neighbor,0.011199997970834374,2.9366165254335717,1
iris_binary,16,10,random_search,0.3027999773621559,1.5868988115711915,1
iris_binary,16,11,treesat_exact,0.05139998393133283,0.39184237563310476,1
iris_binary,16,11,nearest_neighbor,0.009599985787644982,2.611019203021079,1
iris_binary,16,11,random_search,0.2901999978348613,0.5042135893639533,1
iris_binary,16,12,treesat_exact,0.048999994760379195,0.9142964928662531,1
iris_binary,16,12,nearest_neighbor,0.008600007276982069,2.520818063403961,1
iris_binary,16,12,random_search,0.2869000018108636,1.139046346220508,1
iris_binary,16,13,treesat_exact,0.04889999399892986,0.6530699493329765,1
iris_binary,16,13,nearest_neighbor,0.009100011084228754,2.2381766876597693,1
iris_binary,16,13,random_search,0.2770999853964895,1.0915475035970883,1
iris_binary,16,14,treesat_exact,0.050300004659220576,1.044910279716189,1
iris_binary,16,14,nearest_neighbor,0.009200011845678091,2.9642995578054636,1
iris_binary,16,14,random_search,0.2767999831121415,1.4514201612955533,1
iris_binary,16,15,treesat_exact,0.04859999171458185,0.6530689191663817,1
iris_binary,16,15,nearest_neighbor,0.008600007276982069,2.3321251226276822,1
iris_binary,16,15,random_search,0.3476999991107732,0.7726367947495393,1
iris_binary,16,16,treesat_exact,0.057900004321709275,0.5224561624830405,1
iris_binary,16,16,nearest_neighbor,0.010199990356341004,2.4630840384916812,1
iris_binary,16,16,random_search,0.2992999798152596,0.9502775362315775,1
iris_binary,16,17,treesat_exact,0.05299999611452222,0.3918413454665101,1
iris_binary,16,17,nearest_neighbor,0.008499977411702275,2.1213552426464886,1
iris_binary,16,17,random_search,0.2853000187315047,0.45922204394586946,1
iris_binary,16,18,treesat_exact,0.04719998105429113,2.0898205745156755,1
iris_binary,16,18,nearest_neighbor,0.008000002708286047,5.147899405722264,1
iris_binary,16,18,random_search,0.2589999930933118,,0
iris_binary,16,19,treesat_exact,0.048299989430233836,2.351048148215547,1
iris_binary,16,19,nearest_neighbor,0.008500006515532732,4.23638143345124,1
iris_binary,16,19,random_search,0.2720999764278531,3.166917043065745,1
iris_binary,16,20,treesat_exact,0.04870002157986164,0.6530699493329765,1
iris_binary,16,20,nearest_neighbor,0.009199982741847634,2.3940919103447307,1
iris_binary,16,20,random_search,0.2789999998640269,0.8341825707259823,1
iris_binary,16,21,treesat_exact,0.046699977247044444,0.7836827060163176,1
iris_binary,16,21,nearest_neighbor,0.008100003469735384,3.072862792493236,1
iris_binary,16,21,random_search,0.2756000030785799,0.9149457924522928,1
iris_binary,16,22,treesat_exact,0.04630000330507755,0.2612285887831689,1
iris_binary,16,22,nearest_neighbor,0.008500006515532732,1.9454587368724354,1
iris_binary,16,22,random_search,0.2840000088326633,0.3571999358403898,1
iris_binary,16,23,treesat_exact,0.046600005589425564,1.95920678766574,1
iris_binary,16,23,nearest_neighbor,0.008000002708286047,3.7522150986387843,1
iris_binary,16,23,random_search,0.26279999292455614,2.4800112936466716,1
iris_binary,16,24,treesat_exact,0.046200002543628216,1.4367516402659968,1
iris_binary,16,24,nearest_neighbor,0.008000002708286047,3.109253334191926,1
iris_binary,16,24,random_search,0.27970000519417226,1.5920032136074564,1
iris_binary,16,25,treesat_exact,0.04800001624971628,1.044910279716189,1
iris_binary,16,25,nearest_neighbor,0.008200004231184721,3.1543431713669188,1
iris_binary,16,25,random_search,0.301499996567145,1.3195690522629802,1
iris_binary,16,26,treesat_exact,0.046900007873773575,1.4367516402659968,1
iris_binary,16,26,nearest_neighbor,0.00790000194683671,2.9554170221342546,1
iris_binary,16,26,random_search,0.27060002321377397,1.9390362617454184,1
iris_binary,16,27,treesat_exact,0.04749998333863914,0.7836827060163176,1
iris_binary,16,27,nearest_neighbor,0.007700000423938036,1.981335009212196,1
iris_binary,16,27,random_search,0.27650000993162394,1.293964267820954,1
iris_binary,16,28,treesat_exact,0.04949999856762588,0.6530689191663817,1
iris_binary,16,28,nearest_neighbor,0.008199975127354264,2.1916764283173884,1
iris_binary,16,28,random_search,0.2702000201679766,0.8187467471473494,1
iris_binary,16,29,treesat_exact,0.04529999569058418,2.0898205745156755,1
iris_binary,16,29,nearest_neighbor,0.008000002708286047,3.5314574255922,1
iris_binary,16,29,random_search,0.26920001255348325,3.2965286570311574,1
iris_binary,17,0,treesat_exact,0.06589997792616487,2.542188874383414,1
iris_binary,17,0,nearest_neighbor,0.013200013199821115,5.115180539836627,1
iris_binary,17,0,random_search,0.3144000074826181,3.161373471895538,1
iris_binary,17,1,treesat_exact,0.05370000144466758,0.5307876565077599,1
iris_binary,17,1,nearest_neighbor,0.010499992640689015,2.4415641235918377,1
iris_binary,17,1,random_search,0.28700000257231295,0.6943026397078553,1
iris_binary,17,2,treesat_exact,0.05089998012408614,1.4247432267866238,1
iris_binary,17,2,nearest_neighbor,0.00899998121894896,3.2853890055168473,1
iris_binary,17,2,random_search,0.277700019069016,1.4791779662527347,1
iris_binary,17,3,treesat_exact,0.049600028432905674,1.2012540972672654,1
iris_binary,17,3,nearest_neighbor,0.008599978173151612,2.6189559580900506,1
iris_binary,17,3,random_search,0.2753000007942319,1.4204949277427117,1
iris_binary,17,4,treesat_exact,0.04939999780617654,0.642532221267439,1
iris_binary,17,4,nearest_neighbor,0.008800008799880743,2.1893823263420433,1
iris_binary,17,4,random_search,0.6655000033788383,1.0445625174557522,1
iris_binary,17,5,treesat_exact,0.06319998647086322,0.9218926853680678,1
iris_binary,17,5,nearest_neighbor,0.011199997970834374,2.3620832589551117,1
iris_binary,17,5,random_search,0.32610000926069915,1.1698616953950598,1
iris_binary,17,6,treesat_exact,0.05020000389777124,1.5923600739261423,1
iris_binary,17,6,nearest_neighbor,0.008700008038431406,3.3306367190460375,1
iris_binary,17,6,random_search,1.2870999926235527,2.0142612254457855,1
iris_binary,17,7,treesat_exact,0.05830000736750662,1.2571263796471048,1
iris_binary,17,7,nearest_neighbor,0.009899988071992993,2.4942496206867832,1
iris_binary,17,7,random_search,0.2969999914057553,1.8185997931133733,1
iris_binary,17,8,treesat_exact,0.05189998773857951,0.7542758382285493,1
iris_binary,17,8,nearest_neighbor,0.009199982741847634,2.0253666704911404,1
iris_binary,17,8,random_search,0.29200001154094934,0.9235127974316579,1
iris_binary,17,9,treesat_exact,0.049700000090524554,1.2012540972672654,1
iris_binary,17,9,nearest_neighbor,0.008400005754083395,2.541150391764719,1
iris_binary,17,9,random_search,0.28180002118460834,1.5604841751750622,1
iris_binary,17,10,treesat_exact,0.057600002037361264,2.2069551801043765,1
iris_binary,17,10,nearest_neighbor,0.00890000956133008,4.12201510007361,1
iris_binary,17,10,random_search,0.2707000239752233,2.8114607372590585,1
iris_binary,17,11,treesat_exact,0.04809998790733516,1.2012540972672654,1
iris_binary,17,11,nearest_neighbor,0.008599978173151612,2.455377996052624,1
iris_binary,17,11,random_search,0.27879999834112823,1.52300909384944,1
iris_binary,17,12,treesat_exact,0.0473999825771898,0.5866599388875994,1
iris_binary,17,12,nearest_neighbor,0.009300012607127428,2.3695355298100393,1
iris_binary,17,12,random_search,0.2846000134013593,0.7527908989538818,1
iris_binary,17,13,treesat_exact,0.052799994591623545,0.5866599388875994,1
iris_binary,17,13,nearest_neighbor,0.008800008799880743,2.266413626634677,1
iris_binary,17,13,random_search,0.2778999914880842,0.7731732616788463,1
iris_binary,17,14,treesat_exact,0.05629999213851988,0.9218926853680678,1
iris_binary,17,14,nearest_neighbor,0.008500006515532732,2.315390678521724,1
iris_binary,17,14,random_search,0.2781999937724322,1.2062907089731816,1
iris_binary,17,15,treesat_exact,0.04959999932907522,1.9275937682051791,1
iris_binary,17,15,nearest_neighbor,0.009099981980398297,3.7002439241956093,1
iris_binary,17,15,random_search,0.2899999963119626,2.5340225363276088,1
iris_binary,17,16,treesat_exact,0.05039997631683946,0.5866599388875994,1
iris_binary,17,16,nearest_neighbor,0.009600014891475439,2.369367733018257,1
iris_binary,17,16,random_search,0.295300007564947,0.6772203789567747,1
iris_binary,17,17,treesat_exact,0.050300004659220576,0.4749153741279205,1
iris_binary,17,17,nearest_neighbor,0.009100011084228754,2.561309959975221,1
iris_binary,17,17,random_search,0.2955000090878457,0.5143932041458738,1
iris_binary,17,18,treesat_exact,0.05259999306872487,0.9777649677479071,1
iris_binary,17,18,nearest_neighbor,0.008899980457499623,2.090299517223163,1
iris_binary,17,18,random_search,0.29070000164210796,1.0289336038749712,1
iris_binary,17,19,treesat_exact,0.04870002157986164,0.4749153741279205,1
iris_binary,17,19,nearest_neighbor,0.008100003469735384,2.6428230648593787,1
iris_binary,17,19,random_search,0.2835000050254166,0.5136041554160277,1
iris_binary,17,20,treesat_exact,0.04689997876994312,1.0336372501277469,1
iris_binary,17,20,nearest_neighbor,0.008600007276982069,2.3459485249857654,1
iris_binary,17,20,random_search,0.2733999863266945,1.2877780478717118,1
iris_binary,17,21,treesat_exact,0.04919999628327787,1.3129986620269447,1
iris_binary,17,21,nearest_neighbor,0.008200004231184721,2.6044034747547586,1
iris_binary,17,21,random_search,0.2781999937724322,1.7595199442920628,1
iris_binary,17,22,treesat_exact,0.04770001396536827,0.9777649677479071,1
iris_binary,17,22,nearest_neighbor,0.008700008038431406,2.2332933291629464,1
iris_binary,17,22,random_search,0.2814999897964299,1.1659098570431903,1
iris_binary,17,23,treesat_exact,0.05140001303516328,1.480615509166463,1
iris_binary,17,23,nearest_neighbor,0.009400013368576765,3.3632504884424756,1
iris_binary,17,23,random_search,0.3051000239793211,1.54910270083481,1
iris_binary,17,24,treesat_exact,0.0509000092279166,0.25142624460856233,1
iris_binary,17,24,nearest_neighbor,0.008800008799880743,2.275090247547614,1
iris_binary,17,24,random_search,0.2916999801527709,0.296502441896997,1
iris_binary,17,25,treesat_exact,0.04800001624971628,0.5307867087091911,1
iris_binary,17,25,nearest_neighbor,0.008000002708286047,1.52899078340322,1
iris_binary,17,25,random_search,0.2927999885287136,0.6608966416601662,1
iris_binary,17,26,treesat_exact,0.05129998316988349,0.8660204029882282,1
iris_binary,17,26,nearest_neighbor,0.008100003469735384,2.283937103080073,1
iris_binary,17,26,random_search,0.28299997211433947,1.016755967680978,1
iris_binary,17,27,treesat_exact,0.04879999323748052,0.9777649677479071,1
iris_binary,17,27,nearest_neighbor,0.008100003469735384,2.303181263775444,1
iris_binary,17,27,random_search,0.28410000959411263,1.1895528686761596,1
iris_binary,17,28,treesat_exact,0.04980000085197389,0.4749153741279205,1
iris_binary,17,28,nearest_neighbor,0.009199982741847634,2.255323981678896,1
iris_binary,17,28,random_search,0.2826999989338219,0.5911344090765633,1
iris_binary,17,29,treesat_exact,0.04710000939667225,1.0336372501277469,1
iris_binary,17,29,nearest_neighbor,0.008500006515532732,2.0805005657588467,1
iris_binary,17,29,random_search,0.28070001280866563,1.2525854082240095,1
iris_binary,18,0,treesat_exact,0.0701999815646559,,0
iris_binary,18,0,nearest_neighbor,0.013500015484169126,3.9916323717411553,1
iris_binary,18,0,random_search,0.29769999673590064,2.6968774430213505,1
iris_binary,18,1,treesat_exact,0.05319999763742089,,0
iris_binary,18,1,nearest_neighbor,0.009200011845678091,5.282230325226255,1
iris_binary,18,1,random_search,0.27409999165683985,2.7155436453417554,1
iris_binary,18,2,treesat_exact,0.05199998850002885,,0
iris_binary,18,2,nearest_neighbor,0.009300012607127428,2.2077823926537166,1
iris_binary,18,2,random_search,0.29189998167566955,1.123861268102519,1
iris_binary,18,3,treesat_exact,0.050000002374872565,,0
iris_binary,18,3,nearest_neighbor,0.008400005754083395,3.266562373451443,1
iris_binary,18,3,random_search,0.9077000140678138,1.9744164024309163,1
iris_binary,18,4,treesat_exact,0.3752000047825277,,0
iris_binary,18,4,nearest_neighbor,0.04710000939667225,1.8368520674423083,1
iris_binary,18,4,random_search,0.7789999945089221,0.49469266087555713,1
iris_binary,18,5,treesat_exact,0.0619000056758523,0.6640655143789526,1
iris_binary,18,5,nearest_neighbor,0.010400020983070135,2.8699745318047607,1
iris_binary,18,5,random_search,0.3056999994441867,0.7620337946428525,1
iris_binary,18,6,treesat_exact,0.05390000296756625,,0
iris_binary,18,6,nearest_neighbor,0.009200011845678091,2.2795733213498814,1
iris_binary,18,6,random_search,0.309199996991083,1.229536076575364,1
iris_binary,18,7,treesat_exact,0.052099989261478186,,0
iris_binary,18,7,nearest_neighbor,0.008800008799880743,3.6973959295703134,1
iris_binary,18,7,random_search,0.2893000200856477,2.928915333926972,1
iris_binary,18,8,treesat_exact,0.052799994591623545,,0
iris_binary,18,8,nearest_neighbor,0.009000010322779417,3.2591551146266196,1
iris_binary,18,8,random_search,0.2919999824371189,1.2660268759675244,1
iris_binary,18,9,treesat_exact,0.06089999806135893,,0
iris_binary,18,9,nearest_neighbor,0.00890000956133008,3.926877576270515,1
iris_binary,18,9,random_search,0.28909998945891857,1.8403164269164078,1
iris_binary,18,10,treesat_exact,0.05199998850002885,0.6640655143789526,1
iris_binary,18,10,nearest_neighbor,0.009799987310543656,2.3787966124513287,1
iris_binary,18,10,random_search,0.2978999982587993,0.9310732643808827,1
iris_binary,18,11,treesat_exact,0.05019997479394078,0.6640655143789526,1
iris_binary,18,11,nearest_neighbor,0.008700008038431406,2.372229143764273,1
iris_binary,18,11,random_search,0.38219999987632036,0.8959112989141649,1
iris_binary,18,12,treesat_exact,0.061400001868605614,,0
iris_binary,18,12,nearest_neighbor,0.010199990356341004,4.5665812540775015,1
iris_binary,18,12,random_search,0.31350000062957406,4.454801929446748,1
iris_binary,18,13,treesat_exact,0.05569998756982386,0.6640655143789526,1
iris_binary,18,13,nearest_neighbor,0.009599985787644982,2.6710334613268993,1
iris_binary,18,13,random_search,0.3062000032514334,0.7294983154345585,1
iris_binary,18,14,treesat_exact,0.05269999383017421,,0
iris_binary,18,14,nearest_neighbor,0.008399976650252938,2.275084771036812,1
iris_binary,18,14,random_search,0.2914999786298722,0.6629208783203772,1
iris_binary,18,15,treesat_exact,0.0509000092279166,,0
iris_binary,18,15,nearest_neighbor,0.008500006515532732,3.5968588844859513,1
iris_binary,18,15,random_search,0.29039999935775995,2.5073860013400924,1
iris_binary,18,16,treesat_exact,0.05029997555539012,,0
iris_binary,18,16,nearest_neighbor,0.008600007276982069,2.877597915369248,1
iris_binary,18,16,random_search,0.2851999888662249,1.0559355393246408,1
iris_binary,18,17,treesat_exact,0.04919999628327787,0.6640655143789526,1
iris_binary,18,17,nearest_neighbor,0.008600007276982069,2.140192185229549,1
iris_binary,18,17,random_search,0.2829000004567206,1.0190790953964919,1
iris_binary,18,18,treesat_exact,0.051300012273713946,0.7968784136264494,1
iris_binary,18,18,nearest_neighbor,0.009799987310543656,2.046290441267446,1
iris_binary,18,18,random_search,0.30009998590685427,1.0198948007344635,1
iris_binary,18,19,treesat_exact,0.04909999552182853,0.6640655143789526,1
iris_binary,18,19,nearest_neighbor,0.008599978173151612,2.38140624425756,1
iris_binary,18,19,random_search,0.28479998582042754,0.8120719124909602,1
iris_binary,18,20,treesat_exact,0.05289999535307288,,0
iris_binary,18,20,nearest_neighbor,0.010599993402138352,2.6480993071746552,1
iris_binary,18,20,random_search,0.3837000112980604,0.9230598848151345,1
iris_binary,18,21,treesat_exact,0.06469999789260328,,0
iris_binary,18,21,nearest_neighbor,0.010700023267418146,3.6032672185968737,1
iris_binary,18,21,random_search,0.3529000096023083,2.2812124125208784,1
iris_binary,18,22,treesat_exact,0.06829999620094895,,0
iris_binary,18,22,nearest_neighbor,0.0109999964479357,2.7120801268435692,1
iris_binary,18,22,random_search,0.35650000791065395,1.391807442447643,1
iris_binary,18,23,treesat_exact,0.06210000719875097,,0
iris_binary,18,23,nearest_neighbor,0.010199990356341004,3.355745862874173,1
iris_binary,18,23,random_search,0.35030001890845597,1.6310893772080708,1
iris_binary,18,24,treesat_exact,1.1718999885488302,,0
iris_binary,18,24,nearest_neighbor,0.2127000188920647,3.7892794553936158,1
iris_binary,18,24,random_search,2.6043000107165426,2.3546199224294884,1
iris_binary,18,25,treesat_exact,0.06909997318871319,,0
iris_binary,18,25,nearest_neighbor,0.013500015484169126,3.7267473305562784,1
iris_binary,18,25,random_search,0.29930000891909003,2.7983387123647123,1
iris_binary,18,26,treesat_exact,0.056200020480901,0.5312526151314553,1
iris_binary,18,26,nearest_neighbor,0.012999982573091984,2.5214324213984467,1
iris_binary,18,26,random_search,0.2995000104419887,0.601415288563261,1
iris_binary,18,27,treesat_exact,0.05269999383017421,,0
iris_binary,18,27,nearest_neighbor,0.008400005754083395,3.2352480091824316,1
iris_binary,18,27,random_search,0.29659998835995793,1.708011826077731,1
iris_binary,18,28,treesat_exact,0.05289999535307288,0.6640655143789526,1
iris_binary,18,28,nearest_neighbor,0.009300012607127428,2.6912257485499134,1
iris_binary,18,28,random_search,0.3009999927598983,0.8461326409736223,1
iris_binary,18,29,treesat_exact,0.054100004490464926,,0
iris_binary,18,29,nearest_neighbor,0.009300012607127428,2.2789518843255254,1
iris_binary,18,29,random_search,0.30280000646598637,0.888499101110954,1
iris_binary,19,0,treesat_exact,0.07159999222494662,1.71647197856882,1
iris_binary,19,0,nearest_neighbor,0.014599994756281376,3.6669507686255747,1
iris_binary,19,0,random_search,0.30759998480789363,2.322912169191275,1
iris_binary,19,1,treesat_exact,0.052800023695454,0.6601825454928038,1
iris_binary,19,1,nearest_neighbor,0.010700023267418146,2.477988181407893,1
iris_binary,19,1,random_search,0.32270001247525215,1.0725932908776783,1
iris_binary,19,2,treesat_exact,0.05469997995533049,0.5281462386004913,1
iris_binary,19,2,nearest_neighbor,0.009400013368576765,2.8883073151159713,1
iris_binary,19,2,random_search,0.298400002066046,0.7040513715346396,1
iris_binary,19,3,treesat_exact,0.04980000085197389,0.9242541372149454,1
iris_binary,19,3,nearest_neighbor,0.008799979696050286,2.229243483759962,1
iris_binary,19,3,random_search,0.2869000018108636,1.305620154446499,1
iris_binary,19,4,treesat_exact,0.052300019888207316,0.6601825454928038,1
iris_binary,19,4,nearest_neighbor,0.009199982741847634,2.7843131899080853,1
iris_binary,19,4,random_search,0.287600007141009,0.7750824096850228,1
iris_binary,19,5,treesat_exact,0.05240002064965665,0.7922178303226328,1
iris_binary,19,5,nearest_neighbor,0.008800008799880743,2.1936204585455714,1
iris_binary,19,5,random_search,0.2961999853141606,0.9843870592342711,1
iris_binary,19,6,treesat_exact,0.050300004659220576,1.3203630578918828,1
iris_binary,19,6,nearest_neighbor,0.008100003469735384,4.206813901307268,1
iris_binary,19,6,random_search,0.2730999840423465,1.6550939806682026,1
iris_binary,19,7,treesat_exact,0.04879999323748052,1.5844356716765076,1
iris_binary,19,7,nearest_neighbor,0.008100003469735384,3.0050366849367967,1
iris_binary,19,7,random_search,0.2927999885287136,2.0429547057915736,1
iris_binary,19,8,treesat_exact,0.052099989261478186,0.7922178303226328,1
iris_binary,19,8,nearest_neighbor,0.009000010322779417,3.2349689093897287,1
iris_binary,19,8,random_search,0.2753000007942319,1.1594020341503768,1
iris_binary,19,9,treesat_exact,0.04809998790733516,0.7922188523851162,1
iris_binary,19,9,nearest_neighbor,0.008500006515532732,2.211995627961776,1
iris_binary,19,9,random_search,0.3479000006336719,1.1006418093008408,1
iris_binary,19,10,treesat_exact,0.05180001608096063,1.9805445923534446,1
iris_binary,19,10,nearest_neighbor,0.008600007276982069,3.4660185189363424,1
iris_binary,19,10,random_search,0.27910000062547624,2.1096144172561715,1
iris_binary,19,11,treesat_exact,0.04850002005696297,1.71647197856882,1
iris_binary,19,11,nearest_neighbor,0.008400005754083395,4.650494369242358,1
iris_binary,19,11,random_search,0.28719997499138117,1.8326650496471175,1
iris_binary,19,12,treesat_exact,0.0501000031363219,1.18832675099957,1
iris_binary,19,12,nearest_neighbor,0.008200004231184721,2.6985637704289154,1
iris_binary,19,12,random_search,0.3460999869275838,1.2692537655313878,1
iris_binary,19,13,treesat_exact,0.051799986977130175,0.6601825454928038,1
iris_binary,19,13,nearest_neighbor,0.00890000956133008,1.8506598444120335,1
iris_binary,19,13,random_search,0.28959999326616526,0.9637635790609488,1
iris_binary,19,14,treesat_exact,0.05050000618211925,1.71647197856882,1
iris_binary,19,14,nearest_neighbor,0.008400005754083395,4.06986096761154,1
iris_binary,19,14,random_search,0.2736000169534236,1.9199831785853725,1
iris_binary,19,15,treesat_exact,0.04810001701116562,1.3203630578918828,1
iris_binary,19,15,nearest_neighbor,0.008700008038431406,3.8877808595826773,1
iris_binary,19,15,random_search,0.2694999857340008,1.5151241257082722,1
iris_binary,19,16,treesat_exact,0.048699992476031184,1.452399364784195,1
iris_binary,19,16,nearest_neighbor,0.008500006515532732,4.327284634063513,1
iris_binary,19,16,random_search,0.28700000257231295,1.9945649179613298,1
iris_binary,19,17,treesat_exact,0.048699992476031184,0.9242551592774285,1
iris_binary,19,17,nearest_neighbor,0.008500006515532732,2.7265719363950853,1
iris_binary,19,17,random_search,0.2756000030785799,1.279470993141968,1
iris_binary,19,18,treesat_exact,0.04949999856762588,0.6601815234303207,1
iris_binary,19,18,nearest_neighbor,0.008500006515532732,2.3626476185781526,1
iris_binary,19,18,random_search,0.27940000290982425,0.8517333241758067,1
iris_binary,19,19,treesat_exact,0.0475000124424696,1.9805445923534446,1
iris_binary,19,19,nearest_neighbor,0.00790000194683671,3.975634749652508,1
iris_binary,19,19,random_search,0.27809999301098287,2.4003237523063023,1
iris_binary,19,20,treesat_exact,0.0475000124424696,0.5281462386004913,1
iris_binary,19,20,nearest_neighbor,0.008400005754083395,2.7605847918272994,1
iris_binary,19,20,random_search,0.2795000036712736,0.6782300773797605,1
iris_binary,19,21,treesat_exact,0.04809998790733516,0.7922188523851162,1
iris_binary,19,21,nearest_neighbor,0.008200004231184721,2.8129561007266424,1
iris_binary,19,21,random_search,0.2843000111170113,0.9442607589961299,1
iris_binary,19,22,treesat_exact,0.046900007873773575,0.39610890964569584,1
iris_binary,19,22,nearest_neighbor,0.008100003469735384,2.2420336348438297,1
iris_binary,19,22,random_search,0.2814999897964299,0.6815033231332919,1
iris_binary,19,23,treesat_exact,0.04569999873638153,0.7922188523851162,1
iris_binary,19,23,nearest_neighbor,0.008299975888803601,1.910088781289229,1
iris_binary,19,23,random_search,0.27810002211481333,0.8642545410601208,1
iris_binary,19,24,treesat_exact,0.046299974201247096,1.3203630578918828,1
iris_binary,19,24,nearest_neighbor,0.007800001185387373,3.3124317118577915,1
iris_binary,19,24,random_search,0.26929998421110213,1.574114523709693,1
iris_binary,19,25,treesat_exact,0.0467000063508749,1.5844356716765076,1
iris_binary,19,25,nearest_neighbor,0.007800001185387373,3.2700815581537066,1
iris_binary,19,25,random_search,0.32010002178139985,2.2873719194192987,1
iris_binary,19,26,treesat_exact,0.17129999469034374,0.528145216538008,1
iris_binary,19,26,nearest_neighbor,0.021100015146657825,2.3607498276345975,1
iris_binary,19,26,random_search,0.738300004741177,0.7688384455545133,1
iris_binary,19,27,treesat_exact,0.06700001540593803,0.9242541372149454,1
iris_binary,19,27,nearest_neighbor,0.011600001016631722,3.220223867615391,1
iris_binary,19,27,random_search,0.3166999958921224,1.2912836578433176,1
iris_binary,19,28,treesat_exact,0.05259999306872487,0.7922188523851162,1
iris_binary,19,28,nearest_neighbor,0.009400013368576765,2.295603517756378,1
iris_binary,19,28,random_search,0.2804999821819365,1.375089241238238,1
iris_binary,19,29,treesat_exact,0.049700000090524554,1.452399364784195,1
iris_binary,19,29,nearest_neighbor,0.008700008038431406,3.1460230036789056,1
iris_binary,19,29,random_search,0.27299998328089714,1.7645781320300806,1
digits_0_vs_1,0,0,treesat_exact,0.10679999832063913,1.716563668678699,1
digits_0_vs_1,0,0,nearest_neighbor,0.020199979189783335,7.583727107174224,1
digits_0_vs_1,0,0,random_search,0.5658000009134412,5.337266257028341,1
digits_0_vs_1,0,1,treesat_exact,0.05709999823011458,0.06866352583601643,1
digits_0_vs_1,0,1,nearest_neighbor,0.01580000389367342,7.59263771093243,1
digits_0_vs_1,0,1,random_search,0.5613999965135008,0.3448430806441141,1
digits_0_vs_1,0,2,treesat_exact,0.05599998985417187,0.21724455259561262,1
digits_0_vs_1,0,2,nearest_neighbor,0.014299992471933365,8.826845333443398,1
digits_0_vs_1,0,2,random_search,0.5604000180028379,0.7932512064415991,1
digits_0_vs_1,0,3,treesat_exact,0.06590000702999532,0.21724455259561262,1
digits_0_vs_1,0,3,nearest_neighbor,0.01479999627918005,7.305741364821542,1
digits_0_vs_1,0,3,random_search,0.5522999854292721,1.2685691149604612,1
digits_0_vs_1,0,4,treesat_exact,0.054100004490464926,1.0299382092499623,1
digits_0_vs_1,0,4,nearest_neighbor,0.01400001929141581,7.201746182962642,1
digits_0_vs_1,0,4,random_search,0.5328000115696341,2.894017423421515,1
digits_0_vs_1,0,5,treesat_exact,0.08249998791143298,2.128538944335941,1
digits_0_vs_1,0,5,nearest_neighbor,0.01379998866468668,10.02225729436359,1
digits_0_vs_1,0,5,random_search,0.5277000018395483,7.601500615539751,1
digits_0_vs_1,0,6,treesat_exact,0.08489997708238661,2.128538944335941,1
digits_0_vs_1,0,6,nearest_neighbor,0.01479999627918005,8.919151423275554,1
digits_0_vs_1,0,6,random_search,0.5652999971061945,7.049073941891192,1
digits_0_vs_1,0,7,treesat_exact,0.05640002200379968,0.21724455259561262,1
digits_0_vs_1,0,7,nearest_neighbor,0.014900026144459844,6.949272639767626,1
digits_0_vs_1,0,7,random_search,0.5479000101331621,0.6809698509927948,1
digits_0_vs_1,0,8,treesat_exact,0.05560001591220498,1.304588393021457,1
digits_0_vs_1,0,8,nearest_neighbor,0.01409999094903469,6.663133015740291,1
digits_0_vs_1,0,8,random_search,0.5297000170685351,5.685600724237234,1
digits_0_vs_1,0,9,treesat_exact,0.05630002124235034,0.21724455259561262,1
digits_0_vs_1,0,9,nearest_neighbor,0.01409999094903469,9.232186799505996,1
digits_0_vs_1,0,9,random_search,0.5483000131789595,0.6952433203177785,1
digits_0_vs_1,0,10,treesat_exact,0.055100012104958296,0.21724455259561262,1
digits_0_vs_1,0,10,nearest_neighbor,0.013999990187585354,7.748658155652367,1
digits_0_vs_1,0,10,random_search,0.5486999871209264,1.2789111320463065,1
digits_0_vs_1,0,11,treesat_exact,0.0549999822396785,0.21724455259561262,1
digits_0_vs_1,0,11,nearest_neighbor,0.01409999094903469,8.020528966415977,1
digits_0_vs_1,0,11,random_search,0.5537999968510121,1.2950191226629024,1
digits_0_vs_1,0,12,treesat_exact,0.055500015150755644,0.11569910388582368,1
digits_0_vs_1,0,12,nearest_neighbor,0.014599994756281376,8.422806892237539,1
digits_0_vs_1,0,12,random_search,0.5440000095404685,0.6398832113588494,1
digits_0_vs_1,0,13,treesat_exact,0.08449997403658926,2.128538944335941,1
digits_0_vs_1,0,13,nearest_neighbor,0.014399993233382702,8.737346778057573,1
digits_0_vs_1,0,13,random_search,0.5179999861866236,6.782993206112333,1
digits_0_vs_1,0,14,treesat_exact,0.05729999975301325,1.9912138524501937,1
digits_0_vs_1,0,14,nearest_neighbor,0.014299992471933365,8.384974387467437,1
digits_0_vs_1,0,14,random_search,0.5360000068321824,5.316436959678363,1
digits_0_vs_1,0,15,treesat_exact,0.05779997445642948,0.06866352583601643,1
digits_0_vs_1,0,15,nearest_neighbor,0.014499993994832039,10.767594166285798,1
digits_0_vs_1,0,15,random_search,0.5681999900843948,0.30190464400750483,1
digits_0_vs_1,0,16,treesat_exact,0.09099999442696571,1.716563668678699,1
digits_0_vs_1,0,16,nearest_neighbor,0.015099998563528061,8.816599049730987,1
digits_0_vs_1,0,16,random_search,0.6192000000737607,5.656746892775487,1
digits_0_vs_1,0,17,treesat_exact,0.09459999273531139,2.128538944335941,1
digits_0_vs_1,0,17,nearest_neighbor,0.01610000617802143,8.631005903874021,1
digits_0_vs_1,0,17,random_search,0.5371000152081251,7.540217420956324,1
digits_0_vs_1,0,18,treesat_exact,0.08349999552592635,2.128538944335941,1
digits_0_vs_1,0,18,nearest_neighbor,0.013899989426136017,7.811705726039646,1
digits_0_vs_1,0,18,random_search,0.5953999934718013,6.683629457543104,1
digits_0_vs_1,0,19,treesat_exact,0.059999991208314896,0.21724455259561262,1
digits_0_vs_1,0,19,nearest_neighbor,0.015700003132224083,9.572510616032217,1
digits_0_vs_1,0,19,random_search,0.6286000134423375,0.682681934226255,1
digits_0_vs_1,0,20,treesat_exact,0.08800000068731606,2.128538944335941,1
digits_0_vs_1,0,20,nearest_neighbor,0.014999997802078724,9.855274856263957,1
digits_0_vs_1,0,20,random_search,0.5327000108081847,6.408587218760303,1
digits_0_vs_1,0,21,treesat_exact,0.08680002065375447,1.853888760564446,1
digits_0_vs_1,0,21,nearest_neighbor,0.014399993233382702,9.901837904538885,1
digits_0_vs_1,0,21,random_search,0.5222000181674957,4.66407323228936,1
digits_0_vs_1,0,22,treesat_exact,0.08349999552592635,1.5792385767929515,1
digits_0_vs_1,0,22,nearest_neighbor,0.02239999594166875,7.723438707302296,1
digits_0_vs_1,0,22,random_search,0.5330999847501516,4.604962209459312,1
digits_0_vs_1,0,23,treesat_exact,0.05639999289996922,0.21724455259561262,1
digits_0_vs_1,0,23,nearest_neighbor,0.015199999324977398,7.966263046184748,1
digits_0_vs_1,0,23,random_search,0.5424999981187284,1.2497175960653268,1
digits_0_vs_1,0,24,treesat_exact,0.08410000009462237,2.128538944335941,1
digits_0_vs_1,0,24,nearest_neighbor,0.01409999094903469,6.705246332921923,1
digits_0_vs_1,0,24,random_search,0.5365000106394291,8.420526311851711,1
digits_0_vs_1,0,25,treesat_exact,0.05400000372901559,1.853888760564446,1
digits_0_vs_1,0,25,nearest_neighbor,0.014299992471933365,7.964073834077675,1
digits_0_vs_1,0,25,random_search,0.5179000145290047,5.480722531394797,1
digits_0_vs_1,0,26,treesat_exact,0.05220001912675798,0.21724455259561262,1
digits_0_vs_1,0,26,nearest_neighbor,0.01379998866468668,8.318368625175257,1
digits_0_vs_1,0,26,random_search,0.5305999948177487,1.4783512860289358,1
digits_0_vs_1,0,27,treesat_exact,0.05460000829771161,1.4419134849072042,1
digits_0_vs_1,0,27,nearest_neighbor,0.013500015484169126,8.079230416183025,1
digits_0_vs_1,0,27,random_search,0.5302000208757818,5.479527691464323,1
digits_0_vs_1,0,28,treesat_exact,0.05629999213851988,0.21724455259561262,1
digits_0_vs_1,0,28,nearest_neighbor,0.014199991710484028,8.944985669044952,1
digits_0_vs_1,0,28,random_search,0.5376999906729907,1.2109139985476545,1
digits_0_vs_1,0,29,treesat_exact,0.05269999383017421,0.06866352583601643,1
digits_0_vs_1,0,29,nearest_neighbor,0.013400014722719789,7.2933364090644055,1
digits_0_vs_1,0,29,random_search,0.5474999779835343,0.561351394363395,1
digits_0_vs_1,1,0,treesat_exact,0.07349997758865356,1.7178741993686906,1
digits_0_vs_1,1,0,nearest_neighbor,0.01920000067912042,8.745402298459856,1
digits_0_vs_1,1,0,random_search,0.5621000018436462,7.126512450769808,1
digits_0_vs_1,1,1,treesat_exact,0.05800000508315861,2.1118601569259847,1
digits_0_vs_1,1,1,nearest_neighbor,0.015099998563528061,7.360540742345488,1
digits_0_vs_1,1,1,random_search,0.5148000200279057,8.613181323219614,1
digits_0_vs_1,1,2,treesat_exact,0.056100019719451666,0.0967624497266831,1
digits_0_vs_1,1,2,nearest_neighbor,0.01479999627918005,10.069790081509495,1
digits_0_vs_1,1,2,random_search,0.5605999904219061,0.7159602023054333,1
digits_0_vs_1,1,3,treesat_exact,0.05520001286640763,0.0967624497266831,1
digits_0_vs_1,1,3,nearest_neighbor,0.014399993233382702,8.594837595146972,1
digits_0_vs_1,1,3,random_search,0.5584000027738512,0.3861442086809006,1
digits_0_vs_1,1,4,treesat_exact,0.055599986808374524,0.06871497689606876,1
digits_0_vs_1,1,4,nearest_neighbor,0.014499993994832039,7.881472180198021,1
digits_0_vs_1,1,4,random_search,0.5679000169038773,0.3339845639775369,1
digits_0_vs_1,1,5,treesat_exact,0.05490001058205962,0.0967624497266831,1
digits_0_vs_1,1,5,nearest_neighbor,0.014399993233382702,8.036890171026958,1
digits_0_vs_1,1,5,random_search,1.939600013429299,0.41401740041149326,1
digits_0_vs_1,1,6,treesat_exact,0.15100001473911107,0.0967624497266831,1
digits_0_vs_1,1,6,nearest_neighbor,0.04230000195093453,7.992337837674142,1
digits_0_vs_1,1,6,random_search,1.1159999994561076,0.7289134719639242,1
digits_0_vs_1,1,7,treesat_exact,0.08869997691363096,2.1301640049868458,1
digits_0_vs_1,1,7,nearest_neighbor,0.025299988919869065,7.854539250243747,1
digits_0_vs_1,1,7,random_search,0.7730999786872417,9.256937117313576,1
digits_0_vs_1,1,8,treesat_exact,0.0948999950196594,2.1301640049868458,1
digits_0_vs_1,1,8,nearest_neighbor,0.0811999780125916,11.261934214666041,1
digits_0_vs_1,1,8,random_search,0.6243999814614654,8.231208791153891,1
digits_0_vs_1,1,9,treesat_exact,0.05649999366141856,0.0967624497266831,1
digits_0_vs_1,1,9,nearest_neighbor,0.016700010746717453,7.706898933513487,1
digits_0_vs_1,1,9,random_search,0.537499989150092,0.3408725142232776,1
digits_0_vs_1,1,10,treesat_exact,0.05830000736750662,2.111860156925741,1
digits_0_vs_1,1,10,nearest_neighbor,0.014199991710484028,7.927129658688284,1
digits_0_vs_1,1,10,random_search,0.5373999883886427,5.882880254094671,1
digits_0_vs_1,1,11,treesat_exact,0.05470000905916095,0.0967624497266831,1
digits_0_vs_1,1,11,nearest_neighbor,0.014199991710484028,8.109864401880232,1
digits_0_vs_1,1,11,random_search,0.5330000130925328,0.6313986778727019,1
digits_0_vs_1,1,12,treesat_exact,0.053499999921768904,0.0967624497266831,1
digits_0_vs_1,1,12,nearest_neighbor,0.014199991710484028,8.150198666403037,1
digits_0_vs_1,1,12,random_search,0.5546000029426068,0.39500795076208367,1
digits_0_vs_1,1,13,treesat_exact,0.05289999535307288,0.0967624497266831,1
digits_0_vs_1,1,13,nearest_neighbor,0.013599987141788006,8.618680374160462,1
digits_0_vs_1,1,13,random_search,0.5440000095404685,0.756219491726778,1
digits_0_vs_1,1,14,treesat_exact,0.05339999916031957,1.305584393750535,1
digits_0_vs_1,1,14,nearest_neighbor,0.013600016245618463,7.64156362426191,1
digits_0_vs_1,1,14,random_search,0.522699992870912,5.390674233368369,1
digits_0_vs_1,1,15,treesat_exact,0.05319999763742089,2.111860156925741,1
digits_0_vs_1,1,15,nearest_neighbor,0.013800017768517137,8.05829611510357,1
digits_0_vs_1,1,15,random_search,0.5039999959990382,8.570729846088122,1
digits_0_vs_1,1,16,treesat_exact,0.05299999611452222,0.0967624497266831,1
digits_0_vs_1,1,16,nearest_neighbor,0.013900018529966474,9.025542001870475,1
digits_0_vs_1,1,16,random_search,0.5578999989666045,0.34019769858455473,1
digits_0_vs_1,1,17,treesat_exact,0.05319999763742089,0.06871595830998312,1
digits_0_vs_1,1,17,nearest_neighbor,0.013899989426136017,8.017961421877294,1
digits_0_vs_1,1,17,random_search,0.5432000034488738,0.32183334797173674,1
digits_0_vs_1,1,18,treesat_exact,0.05269999383017421,2.111860156925741,1
digits_0_vs_1,1,18,nearest_neighbor,0.0137000170070678,10.149103027689687,1
digits_0_vs_1,1,18,random_search,0.5259999888949096,6.063171265688677,1
digits_0_vs_1,1,19,treesat_exact,0.052099989261478186,0.0967624497266831,1
digits_0_vs_1,1,19,nearest_neighbor,0.013400014722719789,7.236430989519092,1
digits_0_vs_1,1,19,random_search,0.6202000076882541,0.5776335917088301,1
digits_0_vs_1,1,20,treesat_exact,0.05750000127591193,0.0967624497266831,1
digits_0_vs_1,1,20,nearest_neighbor,0.014699995517730713,7.198554927073372,1
digits_0_vs_1,1,20,random_search,0.5592999805230647,0.6158084544981918,1
digits_0_vs_1,1,21,treesat_exact,0.05339999916031957,0.06871595830998312,1
digits_0_vs_1,1,21,nearest_neighbor,0.013900018529966474,8.859688374788862,1
digits_0_vs_1,1,21,random_search,0.5887000006623566,0.30637819280530676,1
digits_0_vs_1,1,22,treesat_exact,0.05880001117475331,0.618434717720276,1
digits_0_vs_1,1,22,nearest_neighbor,0.015200028428807855,7.428652247289168,1
digits_0_vs_1,1,22,random_search,0.5573999951593578,2.896867479230268,1
digits_0_vs_1,1,23,treesat_exact,0.05400000372901559,0.0967624497266831,1
digits_0_vs_1,1,23,nearest_neighbor,0.013999990187585354,8.821471582888023,1
digits_0_vs_1,1,23,random_search,1.1704000062309206,0.4361888447961149,1
digits_0_vs_1,1,24,treesat_exact,0.07660000119358301,2.1301640049868458,1
digits_0_vs_1,1,24,nearest_neighbor,0.01789999078027904,8.568260580055744,1
digits_0_vs_1,1,24,random_search,0.5607000202871859,6.664081673009435,1
digits_0_vs_1,1,25,treesat_exact,0.0543000060133636,1.4430143289565869,1
digits_0_vs_1,1,25,nearest_neighbor,0.014199991710484028,8.130783190854281,1
digits_0_vs_1,1,25,random_search,0.5122000002302229,5.147650889895444,1
digits_0_vs_1,1,26,treesat_exact,0.05329999839887023,0.0967624497266831,1
digits_0_vs_1,1,26,nearest_neighbor,0.013800017768517137,8.322938850864388,1
digits_0_vs_1,1,26,random_search,0.5672999832313508,0.5895693236268696,1
digits_0_vs_1,1,27,treesat_exact,0.05229999078437686,1.305584393750535,1
digits_0_vs_1,1,27,nearest_neighbor,0.01379998866468668,10.753724765519767,1
digits_0_vs_1,1,27,random_search,0.5110000201966614,5.08650120450406,1
digits_0_vs_1,1,28,treesat_exact,0.053499999921768904,2.1301640049868458,1
digits_0_vs_1,1,28,nearest_neighbor,0.01379998866468668,9.10355771433962,1
digits_0_vs_1,1,28,random_search,0.519599998369813,7.727236009279888,1
digits_0_vs_1,1,29,treesat_exact,0.052799994591623545,0.0967624497266831,1
digits_0_vs_1,1,29,nearest_neighbor,0.013800017768517137,8.34749866952056,1
digits_0_vs_1,1,29,random_search,0.5450999888125807,0.8375581456329367,1
digits_0_vs_1,2,0,treesat_exact,0.07249999907799065,1.8843218435978215,1
digits_0_vs_1,2,0,nearest_neighbor,0.028399983420968056,11.003643366032229,1
digits_0_vs_1,2,0,random_search,0.5443000118248165,8.382380151495688,1
digits_0_vs_1,2,1,treesat_exact,0.05639999289996922,2.1195930755103616,1
digits_0_vs_1,2,1,nearest_neighbor,0.015199999324977398,8.411624975462166,1
digits_0_vs_1,2,1,random_search,0.5098000110592693,8.138099566518235,1
digits_0_vs_1,2,2,treesat_exact,0.05400000372901559,0.06979071272730464,1
digits_0_vs_1,2,2,nearest_neighbor,0.015199999324977398,7.868484878987934,1
digits_0_vs_1,2,2,random_search,0.5526999884750694,0.3397094015779836,1
digits_0_vs_1,2,3,treesat_exact,0.0549999822396785,0.06979071272730464,1
digits_0_vs_1,2,3,nearest_neighbor,0.014699995517730713,7.090409721314768,1
digits_0_vs_1,2,3,random_search,0.5487999878823757,0.3281449093203678,1
digits_0_vs_1,2,4,treesat_exact,0.05360000068321824,0.06978968415306153,1
digits_0_vs_1,2,4,nearest_neighbor,0.01409999094903469,3.8607776124856423,1
digits_0_vs_1,2,4,random_search,0.6262999959290028,0.3503053567028161,1
digits_0_vs_1,2,5,treesat_exact,0.05829997826367617,2.1195930755103616,1
digits_0_vs_1,2,5,nearest_neighbor,0.01470002462156117,6.399244367405902,1
digits_0_vs_1,2,5,random_search,0.5880999960936606,7.87853047306991,1
digits_0_vs_1,2,6,treesat_exact,0.06120000034570694,1.982845135643989,1
digits_0_vs_1,2,6,nearest_neighbor,0.015199999324977398,8.11181565165705,1
digits_0_vs_1,2,6,random_search,0.5185000190977007,7.850885744218018,1
digits_0_vs_1,2,7,treesat_exact,0.05420000525191426,1.1623574964457504,1
digits_0_vs_1,2,7,nearest_neighbor,0.014299992471933365,10.548725142236773,1
digits_0_vs_1,2,7,random_search,0.519599998369813,3.082254003472185,1
digits_0_vs_1,2,8,treesat_exact,0.05400000372901559,0.06979071272730464,1
digits_0_vs_1,2,8,nearest_neighbor,0.01409999094903469,8.770120545534986,1
digits_0_vs_1,2,8,random_search,0.5527000175788999,0.2745461722339685,1
digits_0_vs_1,2,9,treesat_exact,0.05390000296756625,0.06979071272730464,1
digits_0_vs_1,2,9,nearest_neighbor,0.013999990187585354,7.319367321775082,1
digits_0_vs_1,2,9,random_search,0.5457999941427261,0.3243951020558156,1
digits_0_vs_1,2,10,treesat_exact,0.05240002064965665,1.8843218435978215,1
digits_0_vs_1,2,10,nearest_neighbor,0.013699987903237343,8.900415629871796,1
digits_0_vs_1,2,10,random_search,0.5024000129196793,9.302653029327278,1
digits_0_vs_1,2,11,treesat_exact,0.051300012273713946,2.1195930755103616,1
digits_0_vs_1,2,11,nearest_neighbor,0.013500015484169126,8.251090454883334,1
digits_0_vs_1,2,11,random_search,0.9830000053625554,8.643533329407392,1
digits_0_vs_1,2,12,treesat_exact,0.08689999231137335,0.06979071272730464,1
digits_0_vs_1,2,12,nearest_neighbor,0.02370000584051013,9.0351906045671,1
digits_0_vs_1,2,12,random_search,0.7634999928995967,0.34936543122909874,1
digits_0_vs_1,2,13,treesat_exact,0.22410001838579774,0.06979071272730464,1
digits_0_vs_1,2,13,nearest_neighbor,0.058200006606057286,9.214505620549495,1
digits_0_vs_1,2,13,random_search,2.0409999997355044,0.34918369794025095,1
digits_0_vs_1,2,14,treesat_exact,0.1677999971434474,0.06979071272730464,1
digits_0_vs_1,2,14,nearest_neighbor,0.04189999890513718,18.260530524118657,1
digits_0_vs_1,2,14,random_search,1.5436999965459108,0.29545645869261933,1
digits_0_vs_1,2,15,treesat_exact,0.14639997971244156,1.2991054363121235,1
digits_0_vs_1,2,15,nearest_neighbor,0.0371999922208488,8.300084546781354,1
digits_0_vs_1,2,15,random_search,1.269600004889071,4.427292825097086,1
digits_0_vs_1,2,16,treesat_exact,0.1373999984934926,0.06979071272730464,1
digits_0_vs_1,2,16,nearest_neighbor,0.033400021493434906,8.116062526823201,1
digits_0_vs_1,2,16,random_search,1.2208000116515905,0.3210395797483512,1
digits_0_vs_1,2,17,treesat_exact,0.1145999995060265,0.0977030145879279,1
digits_0_vs_1,2,17,nearest_neighbor,0.02910001785494387,9.316564921204106,1
digits_0_vs_1,2,17,random_search,1.201900013256818,0.5795895614460815,1
digits_0_vs_1,2,18,treesat_exact,0.132500019390136,1.7447424467174553,1
digits_0_vs_1,2,18,nearest_neighbor,0.03270001616328955,8.665475542256694,1
digits_0_vs_1,2,18,random_search,1.1534999939613044,6.9064634759561265,1
digits_0_vs_1,2,19,treesat_exact,0.1168999879155308,2.1195930755103616,1
digits_0_vs_1,2,19,nearest_neighbor,0.027600006433203816,6.011388817308192,1
digits_0_vs_1,2,19,random_search,0.9550999966450036,7.762013486117829,1
digits_0_vs_1,2,20,treesat_exact,0.10179998935200274,0.06979071272730464,1
digits_0_vs_1,2,20,nearest_neighbor,0.040399987483397126,9.463114567513772,1
digits_0_vs_1,2,20,random_search,1.0022000060416758,0.3151938304479176,1
digits_0_vs_1,2,21,treesat_exact,0.0914999982342124,0.06979071272730464,1
digits_0_vs_1,2,21,nearest_neighbor,0.02020000829361379,11.112823098054356,1
digits_0_vs_1,2,21,random_search,1.0485000093467534,0.3228057871934172,1
digits_0_vs_1,2,22,treesat_exact,0.07750000804662704,1.4358533761784966,1
digits_0_vs_1,2,22,nearest_neighbor,0.04959999932907522,11.039362279131325,1
digits_0_vs_1,2,22,random_search,0.5653999978676438,6.5864071267859075,1
digits_0_vs_1,2,23,treesat_exact,0.05830000736750662,1.465583652956723,1
digits_0_vs_1,2,23,nearest_neighbor,0.026699999580159783,8.11623220404363,1
digits_0_vs_1,2,23,random_search,0.529499986441806,5.882495475444609,1
digits_0_vs_1,2,24,treesat_exact,0.05729999975301325,0.0977030145879279,1
digits_0_vs_1,2,24,nearest_neighbor,0.03999998443759978,7.854978054547822,1
digits_0_vs_1,2,24,random_search,1.3664000143762678,0.6838840466650468,1
digits_0_vs_1,2,25,treesat_exact,0.13649999164044857,1.0468454623156245,1
digits_0_vs_1,2,25,nearest_neighbor,0.034900003811344504,7.1543502897614815,1
digits_0_vs_1,2,25,random_search,1.1520999833010137,3.0692038639336077,1
digits_0_vs_1,2,26,treesat_exact,0.1120000088121742,2.1195930755103616,1
digits_0_vs_1,2,26,nearest_neighbor,0.04169999738223851,6.713286067982672,1
digits_0_vs_1,2,26,random_search,1.0420999897178262,5.331881007077634,1
digits_0_vs_1,2,27,treesat_exact,0.10909998673014343,0.06979071272730464,1
digits_0_vs_1,2,27,nearest_neighbor,0.028600014047697186,8.892076207581635,1
digits_0_vs_1,2,27,random_search,1.0987000132445246,0.3436161826155448,1
digits_0_vs_1,2,28,treesat_exact,0.10879998444579542,0.06979071272730464,1
digits_0_vs_1,2,28,nearest_neighbor,0.02889998722821474,8.302368519428352,1
digits_0_vs_1,2,28,random_search,1.0299999848939478,0.31253487438001537,1
digits_0_vs_1,2,29,treesat_exact,0.11500000255182385,0.06979071272730464,1
digits_0_vs_1,2,29,nearest_neighbor,0.027700007194653153,10.354411179723405,1
digits_0_vs_1,2,29,random_search,1.113600010285154,0.33007173211012036,1
digits_0_vs_1,3,0,treesat_exact,0.10500001371838152,0.4836271966921141,1
digits_0_vs_1,3,0,nearest_neighbor,0.027300004148855805,9.20560895991804,1
digits_0_vs_1,3,0,random_search,0.7642999989911914,1.5111782287271023,1
digits_0_vs_1,3,1,treesat_exact,0.06829999620094895,1.7272363949092686,1
digits_0_vs_1,3,1,nearest_neighbor,0.019400002202019095,7.830433330591707,1
digits_0_vs_1,3,1,random_search,0.8894000202417374,7.5014450817528076,1
digits_0_vs_1,3,2,treesat_exact,0.08279999019578099,0.89816292305875,1
digits_0_vs_1,3,2,nearest_neighbor,0.024999986635521054,6.752926358199411,1
digits_0_vs_1,3,2,random_search,0.6145999941509217,3.026718173240259,1
digits_0_vs_1,3,3,treesat_exact,0.06439999560825527,0.4836271966921141,1
digits_0_vs_1,3,3,nearest_neighbor,0.01819999306462705,8.710276565275901,1
digits_0_vs_1,3,3,random_search,0.5796999903395772,1.50869961182869,1
digits_0_vs_1,3,4,treesat_exact,0.062000006437301636,0.4836271966921141,1
digits_0_vs_1,3,4,nearest_neighbor,0.014699995517730713,8.471291612853761,1
digits_0_vs_1,3,4,random_search,0.5516000092029572,1.483920525176086,1
digits_0_vs_1,3,5,treesat_exact,0.052799994591623545,1.3409739938123872,1
digits_0_vs_1,3,5,nearest_neighbor,0.014499993994832039,8.797725960259136,1
digits_0_vs_1,3,5,random_search,0.5166000046301633,8.27855183841149,1
digits_0_vs_1,3,6,treesat_exact,0.057900004321709275,0.4836271966921141,1
digits_0_vs_1,3,6,nearest_neighbor,0.014599994756281376,8.241102060935523,1
digits_0_vs_1,3,6,random_search,0.5457999941427261,1.3922239752370689,1
digits_0_vs_1,3,7,treesat_exact,0.0577000027988106,0.4836271966921141,1
digits_0_vs_1,3,7,nearest_neighbor,0.014199991710484028,9.377333555746178,1
digits_0_vs_1,3,7,random_search,0.5343000229913741,1.5656900103796443,1
digits_0_vs_1,3,8,treesat_exact,0.05210001836530864,1.7670196229775872,1
digits_0_vs_1,3,8,nearest_neighbor,0.014499993994832039,8.292390181123592,1
digits_0_vs_1,3,8,random_search,0.5144999886397272,7.6978742044249095,1
digits_0_vs_1,3,9,treesat_exact,0.050799979362636805,1.4765092228126204,1
digits_0_vs_1,3,9,nearest_neighbor,0.014699995517730713,7.315855439488625,1
digits_0_vs_1,3,9,random_search,0.5289999826345593,8.514456794689426,1
digits_0_vs_1,3,10,treesat_exact,0.05750000127591193,0.4836271966921141,1
digits_0_vs_1,3,10,nearest_neighbor,0.014599994756281376,10.174560547343049,1
digits_0_vs_1,3,10,random_search,0.5429000011645257,1.475887002229719,1
digits_0_vs_1,3,11,treesat_exact,0.051099981646984816,0.725020251693782,1
digits_0_vs_1,3,11,nearest_neighbor,0.013899989426136017,9.792277626066259,1
digits_0_vs_1,3,11,random_search,0.527299998793751,4.407264594488675,1
digits_0_vs_1,3,12,treesat_exact,0.05780000356025994,0.4836271966921141,1
digits_0_vs_1,3,12,nearest_neighbor,0.014399993233382702,10.024264641178663,1
digits_0_vs_1,3,12,random_search,0.5688999954145402,2.591165870563345,1
digits_0_vs_1,3,13,treesat_exact,0.05460000829771161,1.4765092228126204,1
digits_0_vs_1,3,13,nearest_neighbor,0.019500002963468432,7.851844149830641,1
digits_0_vs_1,3,13,random_search,0.6068999937269837,5.963652960660329,1
digits_0_vs_1,3,14,treesat_exact,0.06600000779144466,0.4836271966921141,1
digits_0_vs_1,3,14,nearest_neighbor,0.016699981642886996,8.41196442645498,1
digits_0_vs_1,3,14,random_search,0.6424000021070242,1.6324596519355181,1
digits_0_vs_1,3,15,treesat_exact,0.06570000550709665,1.6232338095119059,1
digits_0_vs_1,3,15,nearest_neighbor,0.016900012269616127,8.853536075038743,1
digits_0_vs_1,3,15,random_search,0.5992000224068761,8.35950085482906,1
digits_0_vs_1,3,16,treesat_exact,0.049400026910007,1.7372676888695537,1
digits_0_vs_1,3,16,nearest_neighbor,0.014499993994832039,8.021567396167073,1
digits_0_vs_1,3,16,random_search,0.5069999897386879,,0
digits_0_vs_1,3,17,treesat_exact,0.050799979362636805,1.5890574829341821,1
digits_0_vs_1,3,17,nearest_neighbor,0.014399993233382702,8.31215701170043,1
digits_0_vs_1,3,17,random_search,0.5114999949000776,7.437242293612913,1
digits_0_vs_1,3,18,treesat_exact,0.05629999213851988,0.4836271966921141,1
digits_0_vs_1,3,18,nearest_neighbor,0.01470002462156117,7.329195032441754,1
digits_0_vs_1,3,18,random_search,0.532599980942905,1.5788793430139223,1
digits_0_vs_1,3,19,treesat_exact,0.0501000031363219,0.9390034577890859,1
digits_0_vs_1,3,19,nearest_neighbor,0.013600016245618463,10.339339893442089,1
digits_0_vs_1,3,19,random_search,0.5148999916855246,5.2867533655404735,1
digits_0_vs_1,3,20,treesat_exact,0.05570001667365432,0.4836271966921141,1
digits_0_vs_1,3,20,nearest_neighbor,0.014299992471933365,8.735457399448913,1
digits_0_vs_1,3,20,random_search,0.5423999973572791,2.3250965093394105,1
digits_0_vs_1,3,21,treesat_exact,0.05169998621568084,0.09130675740818273,1
digits_0_vs_1,3,21,nearest_neighbor,0.013800017768517137,33.32030441242681,1
digits_0_vs_1,3,21,random_search,0.5492999916896224,0.6093002182434106,1
digits_0_vs_1,3,22,treesat_exact,0.4584000271279365,1.7670196229775872,1
digits_0_vs_1,3,22,nearest_neighbor,0.03460000152699649,7.387520754935391,1
digits_0_vs_1,3,22,random_search,1.5591999981552362,9.483444314635316,1
digits_0_vs_1,3,23,treesat_exact,0.16220001270994544,1.7296480820813127,1
digits_0_vs_1,3,23,nearest_neighbor,0.06760001997463405,7.228705078069626,1
digits_0_vs_1,3,23,random_search,0.9771999903023243,,0
digits_0_vs_1,3,24,treesat_exact,0.06960000609979033,0.4836271966921141,1
digits_0_vs_1,3,24,nearest_neighbor,0.024500011932104826,7.663958401237931,1
digits_0_vs_1,3,24,random_search,0.5600999866146594,2.590030556880875,1
digits_0_vs_1,3,25,treesat_exact,0.062000006437301636,0.4836271966921141,1
digits_0_vs_1,3,25,nearest_neighbor,0.015700003132224083,8.490858302169972,1
digits_0_vs_1,3,25,random_search,0.5472000048030168,2.548276603012,1
digits_0_vs_1,3,26,treesat_exact,0.05829997826367617,0.09130540229451589,1
digits_0_vs_1,3,26,nearest_neighbor,0.014999997802078724,9.08879132558777,1
digits_0_vs_1,3,26,random_search,0.5642000178340822,0.4063030453854963,1
digits_0_vs_1,3,27,treesat_exact,0.05180001608096063,1.7488214377922031,1
digits_0_vs_1,3,27,nearest_neighbor,0.015199999324977398,7.9877573905241634,1
digits_0_vs_1,3,27,random_search,0.5273999995552003,8.259863103690224,1
digits_0_vs_1,3,28,treesat_exact,0.06330001633614302,0.4836271966921141,1
digits_0_vs_1,3,28,nearest_neighbor,0.015900004655122757,8.490651937618479,1
digits_0_vs_1,3,28,random_search,0.5514000076800585,1.353053719312857,1
digits_0_vs_1,3,29,treesat_exact,0.054800009820610285,1.7670196229775872,1
digits_0_vs_1,3,29,nearest_neighbor,0.016000005416572094,8.960476340297635,1
digits_0_vs_1,3,29,random_search,0.5277000018395483,6.832607337441385,1
digits_0_vs_1,4,0,treesat_exact,0.0872999953571707,0.0689668294600802,1
digits_0_vs_1,4,0,nearest_neighbor,0.022299995180219412,3.958969591432133,1
digits_0_vs_1,4,0,random_search,0.6161000055726618,0.2977647007910964,1
digits_0_vs_1,4,1,treesat_exact,0.0577000027988106,1.758917935598336,1
digits_0_vs_1,4,1,nearest_neighbor,0.014999997802078724,8.067281767550243,1
digits_0_vs_1,4,1,random_search,0.5424999981187284,6.063067086513689,1
digits_0_vs_1,4,2,treesat_exact,0.05470000905916095,1.586236845962265,1
digits_0_vs_1,4,2,nearest_neighbor,0.015099998563528061,7.467850781625289,1
digits_0_vs_1,4,2,random_search,0.537199986865744,7.5100915324385165,1
digits_0_vs_1,4,3,treesat_exact,0.054599979193881154,1.758917935598336,1
digits_0_vs_1,4,3,nearest_neighbor,0.014999997802078724,6.316660790172161,1
digits_0_vs_1,4,3,random_search,0.530099991010502,6.5702305840247535,1
digits_0_vs_1,4,4,treesat_exact,0.062700011767447,0.4827687219952597,1
digits_0_vs_1,4,4,nearest_neighbor,0.015400000847876072,9.016543612900744,1
digits_0_vs_1,4,4,random_search,0.5329000123310834,2.463353773842748,1
digits_0_vs_1,4,5,treesat_exact,0.05810000584460795,0.4827687219952597,1
digits_0_vs_1,4,5,nearest_neighbor,0.01379998866468668,8.952869411768734,1
digits_0_vs_1,4,5,random_search,0.540299981366843,1.7223105688935296,1
digits_0_vs_1,4,6,treesat_exact,0.05699999746866524,0.4827687219952597,1
digits_0_vs_1,4,6,nearest_neighbor,0.014399993233382702,8.397763104503237,1
digits_0_vs_1,4,6,random_search,0.523299997439608,2.4526110100289453,1
digits_0_vs_1,4,7,treesat_exact,0.0549999822396785,0.4827687219952597,1
digits_0_vs_1,4,7,nearest_neighbor,0.014199991710484028,8.22183533711559,1
digits_0_vs_1,4,7,random_search,0.9585999941918999,2.2266871689344625,1
digits_0_vs_1,4,8,treesat_exact,0.08040000102482736,1.1724359323707603,1
digits_0_vs_1,4,8,nearest_neighbor,0.02829998265951872,7.242669680026396,1
digits_0_vs_1,4,8,random_search,0.666300009470433,5.613744059758983,1
digits_0_vs_1,4,9,treesat_exact,0.07199999527074397,0.4827687219952597,1
digits_0_vs_1,4,9,nearest_neighbor,0.018699996871873736,9.227726280414732,1
digits_0_vs_1,4,9,random_search,0.542099995072931,1.3738179404597444,1
digits_0_vs_1,4,10,treesat_exact,0.053800002206116915,1.7329227276753691,1
digits_0_vs_1,4,10,nearest_neighbor,0.016700010746717453,8.127951243119714,1
digits_0_vs_1,4,10,random_search,0.5275000003166497,5.149193690224795,1
digits_0_vs_1,4,11,treesat_exact,0.05189998773857951,0.3448341051877502,1
digits_0_vs_1,4,11,nearest_neighbor,0.014399993233382702,10.244678431394222,1
digits_0_vs_1,4,11,random_search,0.5529000191017985,1.3805775284300752,1
digits_0_vs_1,4,12,treesat_exact,0.05879998207092285,0.4827687219952597,1
digits_0_vs_1,4,12,nearest_neighbor,0.014200020814314485,6.926473335642267,1
digits_0_vs_1,4,12,random_search,0.5287000094540417,2.731759318816991,1
digits_0_vs_1,4,13,treesat_exact,0.05630002124235034,0.4827687219952597,1
digits_0_vs_1,4,13,nearest_neighbor,0.013899989426136017,8.989683778664837,1
digits_0_vs_1,4,13,random_search,0.534399994648993,1.3860839666923326,1
digits_0_vs_1,4,14,treesat_exact,0.055100012104958296,0.20690144626758972,1
digits_0_vs_1,4,14,nearest_neighbor,0.013999990187585354,9.223297901723736,1
digits_0_vs_1,4,14,random_search,0.5527000175788999,1.2277318259458443,1
digits_0_vs_1,4,15,treesat_exact,0.06220000796020031,0.4827687219952597,1
digits_0_vs_1,4,15,nearest_neighbor,0.014599994756281376,9.696880372945724,1
digits_0_vs_1,4,15,random_search,0.523299997439608,2.5612815993371045,1
digits_0_vs_1,4,16,treesat_exact,0.05260002217255533,1.758917935598336,1
digits_0_vs_1,4,16,nearest_neighbor,0.013899989426136017,8.043772348327959,1
digits_0_vs_1,4,16,random_search,0.5110999918542802,8.400074130567768,1
digits_0_vs_1,4,17,treesat_exact,0.05649999366141856,0.4827687219952597,1
digits_0_vs_1,4,17,nearest_neighbor,0.01400001929141581,9.966626995274945,1
digits_0_vs_1,4,17,random_search,0.5401000089477748,1.4273707576905201,1
digits_0_vs_1,4,18,treesat_exact,0.05060000694356859,1.7241704838261,1
digits_0_vs_1,4,18,nearest_neighbor,0.01409999094903469,7.5778926825290815,1
digits_0_vs_1,4,18,random_search,0.5065999866928905,7.216031246973627,1
digits_0_vs_1,4,19,treesat_exact,0.0509000092279166,1.7241704838261,1
digits_0_vs_1,4,19,nearest_neighbor,0.013900018529966474,7.857673655029879,1
digits_0_vs_1,4,19,random_search,0.5087000026833266,5.6827739078622,1
digits_0_vs_1,4,20,treesat_exact,0.04840001929551363,1.7329227276753691,1
digits_0_vs_1,4,20,nearest_neighbor,0.013999990187585354,8.430848418675835,1
digits_0_vs_1,4,20,random_search,0.5127000040374696,7.955600229110458,1
digits_0_vs_1,4,21,treesat_exact,0.05699999746866524,0.20690144626758972,1
digits_0_vs_1,4,21,nearest_neighbor,0.014199991710484028,8.091173102520674,1
digits_0_vs_1,4,21,random_search,0.5387999990489334,0.7452674278395501,1
digits_0_vs_1,4,22,treesat_exact,0.0501000031363219,0.7115466612546881,1
digits_0_vs_1,4,22,nearest_neighbor,0.013400014722719789,8.65847561716338,1
digits_0_vs_1,4,22,random_search,0.5117999971844256,3.0925244238154885,1
digits_0_vs_1,4,23,treesat_exact,0.05360000068321824,0.4827687219952597,1
digits_0_vs_1,4,23,nearest_neighbor,0.013900018529966474,10.11141276350283,1
digits_0_vs_1,4,23,random_search,0.530999997863546,2.2935434909419037,1
digits_0_vs_1,4,24,treesat_exact,0.055100012104958296,0.4827687219952597,1
digits_0_vs_1,4,24,nearest_neighbor,0.0137000170070678,7.80898202030123,1
digits_0_vs_1,4,24,random_search,0.5256999866105616,1.470003024144988,1
digits_0_vs_1,4,25,treesat_exact,0.05269999383017421,0.4827687219952597,1
digits_0_vs_1,4,25,nearest_neighbor,0.013600016245618463,8.318904887415426,1
digits_0_vs_1,4,25,random_search,0.5161000008229166,2.5639226745461623,1
digits_0_vs_1,4,26,treesat_exact,0.04900002386420965,1.758917935598336,1
digits_0_vs_1,4,26,nearest_neighbor,0.013699987903237343,8.45857376762731,1
digits_0_vs_1,4,26,random_search,0.5138999840710312,10.253473299922858,1
digits_0_vs_1,4,27,treesat_exact,0.05400000372901559,0.4827687219952597,1
digits_0_vs_1,4,27,nearest_neighbor,0.014600023860111833,10.08712489658558,1
digits_0_vs_1,4,27,random_search,0.525400013430044,1.707275339406872,1
digits_0_vs_1,4,28,treesat_exact,0.050300004659220576,1.758917935598336,1
digits_0_vs_1,4,28,nearest_neighbor,0.014399993233382702,8.364440082310992,1
digits_0_vs_1,4,28,random_search,0.5209000082686543,5.574854233240001,1
digits_0_vs_1,4,29,treesat_exact,0.05840000812895596,1.7241704838261,1
digits_0_vs_1,4,29,nearest_neighbor,0.014300021575763822,7.2649400909060775,1
digits_0_vs_1,4,29,random_search,1.0754999821074307,6.926108332273397,1
digits_0_vs_1,5,0,treesat_exact,0.08630001684650779,0.618677165761029,1
digits_0_vs_1,5,0,nearest_neighbor,0.020599982235580683,9.832188813919505,1
digits_0_vs_1,5,0,random_search,0.5787999834865332,2.825999849216381,1
digits_0_vs_1,5,1,treesat_exact,0.06009999196976423,0.618677165761029,1
digits_0_vs_1,5,1,nearest_neighbor,0.015199999324977398,8.535382685417352,1
digits_0_vs_1,5,1,random_search,0.5562999867834151,2.6245270000405676,1
digits_0_vs_1,5,2,treesat_exact,0.05479998071677983,1.5810613187866573,1
digits_0_vs_1,5,2,nearest_neighbor,0.015300000086426735,8.618298405286803,1
digits_0_vs_1,5,2,random_search,0.5160000000614673,,0
digits_0_vs_1,5,3,treesat_exact,0.05289999535307288,1.3060941332181968,1
digits_0_vs_1,5,3,nearest_neighbor,0.015099998563528061,8.426496354610999,1
digits_0_vs_1,5,3,random_search,0.5302999925334007,5.780924851040345,1
digits_0_vs_1,5,4,treesat_exact,0.05169998621568084,1.5810613187866573,1
digits_0_vs_1,5,4,nearest_neighbor,0.014100020052865148,8.022684685720089,1
digits_0_vs_1,5,4,random_search,0.5448000156320632,5.896245291523341,1
digits_0_vs_1,5,5,treesat_exact,0.0509000092279166,0.756159762081275,1
digits_0_vs_1,5,5,nearest_neighbor,0.014699995517730713,7.913783869452437,1
digits_0_vs_1,5,5,random_search,0.5348999984562397,2.2784909265179847,1
digits_0_vs_1,5,6,treesat_exact,0.06019999273121357,0.06874279462410737,1
digits_0_vs_1,5,6,nearest_neighbor,0.01479999627918005,9.279745347874101,1
digits_0_vs_1,5,6,random_search,0.5668999801855534,0.35578446204743847,1
digits_0_vs_1,5,7,treesat_exact,0.05810000584460795,0.618677165761029,1
digits_0_vs_1,5,7,nearest_neighbor,0.014399993233382702,9.628532615456063,1
digits_0_vs_1,5,7,random_search,0.5513000069186091,2.747155327237018,1
digits_0_vs_1,5,8,treesat_exact,0.057600002037361264,0.618677165761029,1
digits_0_vs_1,5,8,nearest_neighbor,0.013999990187585354,7.959570983498489,1
digits_0_vs_1,5,8,random_search,0.538399996003136,2.7640271825053997,1
digits_0_vs_1,5,9,treesat_exact,0.054899981478229165,0.618677165761029,1
digits_0_vs_1,5,9,nearest_neighbor,0.01409999094903469,8.088603439312816,1
digits_0_vs_1,5,9,random_search,0.5296999879647046,2.796511677467865,1
digits_0_vs_1,5,10,treesat_exact,0.05390000296756625,0.618677165761029,1
digits_0_vs_1,5,10,nearest_neighbor,0.0137000170070678,8.912153139732093,1
digits_0_vs_1,5,10,random_search,0.5543000006582588,2.6878237244530006,1
digits_0_vs_1,5,11,treesat_exact,0.051000009989365935,1.6180370295489432,1
digits_0_vs_1,5,11,nearest_neighbor,0.01470002462156117,8.643797591757453,1
digits_0_vs_1,5,11,random_search,0.5029999883845448,6.392537734737191,1
digits_0_vs_1,5,12,treesat_exact,0.04949999856762588,0.34393158509820543,1
digits_0_vs_1,5,12,nearest_neighbor,0.014100020052865148,9.587822401755076,1
digits_0_vs_1,5,12,random_search,0.5222999898251146,1.253179915280773,1
digits_0_vs_1,5,13,treesat_exact,0.04939999780617654,0.06874179816012305,1
digits_0_vs_1,5,13,nearest_neighbor,0.013800017768517137,10.56602545041401,1
digits_0_vs_1,5,13,random_search,0.5487999878823757,0.34157416478602753,1
digits_0_vs_1,5,14,treesat_exact,0.04919999628327787,1.6180370295489432,1
digits_0_vs_1,5,14,nearest_neighbor,0.01379998866468668,8.889664371665344,1
digits_0_vs_1,5,14,random_search,0.5090000049676746,5.6988676280931845,1
digits_0_vs_1,5,15,treesat_exact,0.04859999171458185,0.756159762081275,1
digits_0_vs_1,5,15,nearest_neighbor,0.013699987903237343,8.582882334642289,1
digits_0_vs_1,5,15,random_search,0.51120002171956,2.8404915584477606,1
digits_0_vs_1,5,16,treesat_exact,0.04949999856762588,1.5810613187866573,1
digits_0_vs_1,5,16,nearest_neighbor,0.020400009816512465,8.834387136150653,1
digits_0_vs_1,5,16,random_search,0.5070999905001372,8.078760931836749,1
digits_0_vs_1,5,17,treesat_exact,0.048699992476031184,0.6186761692970446,1
digits_0_vs_1,5,17,nearest_neighbor,0.013900018529966474,11.316815919693406,1
digits_0_vs_1,5,17,random_search,0.509100005729124,2.3856423363507275,1
digits_0_vs_1,5,18,treesat_exact,0.04719998105429113,0.6186761692970446,1
digits_0_vs_1,5,18,nearest_neighbor,0.013800017768517137,9.909161026535863,1
digits_0_vs_1,5,18,random_search,2.822999987984076,2.7248409594595695,1
digits_0_vs_1,5,19,treesat_exact,0.24140000459738076,1.5810613187866573,1
digits_0_vs_1,5,19,nearest_neighbor,0.06279998342506588,8.008531087665917,1
digits_0_vs_1,5,19,random_search,1.9994000031147152,7.158109130715477,1
digits_0_vs_1,5,20,treesat_exact,0.6360000115819275,0.618677165761029,1
digits_0_vs_1,5,20,nearest_neighbor,0.06059999577701092,8.823027588056126,1
digits_0_vs_1,5,20,random_search,0.687299994751811,2.6917069745479596,1
digits_0_vs_1,5,21,treesat_exact,0.06399999256245792,0.618677165761029,1
digits_0_vs_1,5,21,nearest_neighbor,0.019000028260052204,7.965715599593348,1
digits_0_vs_1,5,21,random_search,0.5721999914385378,2.4337735418365627,1
digits_0_vs_1,5,22,treesat_exact,0.06120000034570694,0.618677165761029,1
digits_0_vs_1,5,22,nearest_neighbor,0.015600002370774746,8.367328533124384,1
digits_0_vs_1,5,22,random_search,0.5502999993041158,2.8545655199069935,1
digits_0_vs_1,5,23,treesat_exact,0.055500015150755644,1.4435777260024272,1
digits_0_vs_1,5,23,nearest_neighbor,0.0185999961104244,7.419571877259416,1
digits_0_vs_1,5,23,random_search,0.527600001078099,6.97273335493527,1
digits_0_vs_1,5,24,treesat_exact,0.05880001117475331,0.618677165761029,1
digits_0_vs_1,5,24,nearest_neighbor,0.015099998563528061,10.253381379679059,1
digits_0_vs_1,5,24,random_search,0.5426999996416271,2.2874097908872573,1
digits_0_vs_1,5,25,treesat_exact,0.05849997978657484,0.618677165761029,1
digits_0_vs_1,5,25,nearest_neighbor,0.014599994756281376,7.806505874399622,1
digits_0_vs_1,5,25,random_search,0.5459999956656247,2.5349451145159296,1
digits_0_vs_1,5,26,treesat_exact,0.057600002037361264,0.618677165761029,1
digits_0_vs_1,5,26,nearest_neighbor,0.015600002370774746,9.003687334514895,1
digits_0_vs_1,5,26,random_search,0.5573000235017389,2.7893923541728367,1
digits_0_vs_1,5,27,treesat_exact,0.05609999061562121,1.031126947649736,1
digits_0_vs_1,5,27,nearest_neighbor,0.016300007700920105,7.232566053371893,1
digits_0_vs_1,5,27,random_search,0.5394000036176294,2.983092242426185,1
digits_0_vs_1,5,28,treesat_exact,0.05299999611452222,1.6180370295489432,1
digits_0_vs_1,5,28,nearest_neighbor,0.015199999324977398,9.630723205543752,1
digits_0_vs_1,5,28,random_search,0.5308999971020967,6.041941379463574,1
digits_0_vs_1,5,29,treesat_exact,0.057600002037361264,0.618677165761029,1
digits_0_vs_1,5,29,nearest_neighbor,0.016600009985268116,8.879977509495646,1
digits_0_vs_1,5,29,random_search,0.5511000053957105,2.754656158008327,1
digits_0_vs_1,6,0,treesat_exact,0.08679999154992402,0.6207618034050728,1
digits_0_vs_1,6,0,nearest_neighbor,0.022599997464567423,9.168617046332662,1
digits_0_vs_1,6,0,random_search,0.6204000092111528,2.9095578411065413,1
digits_0_vs_1,6,1,treesat_exact,0.05599998985417187,1.448441841517861,1
digits_0_vs_1,6,1,nearest_neighbor,0.015500001609325409,8.042393564784188,1
digits_0_vs_1,6,1,random_search,0.5372999876271933,5.739696829490868,1
digits_0_vs_1,6,2,treesat_exact,0.05329999839887023,1.4574178445242358,1
digits_0_vs_1,6,2,nearest_neighbor,0.014899997040629387,10.624903616519475,1
digits_0_vs_1,6,2,random_search,0.5304999940562993,7.607539907620569,1
digits_0_vs_1,6,3,treesat_exact,0.059699988923966885,0.34486811741534834,1
digits_0_vs_1,6,3,nearest_neighbor,0.01479999627918005,8.074584366025881,1
digits_0_vs_1,6,3,random_search,0.5464999994728714,1.3173464176181287,1
digits_0_vs_1,6,4,treesat_exact,0.05150001379661262,1.6189380237047075,1
digits_0_vs_1,6,4,nearest_neighbor,0.01400001929141581,9.09913636374355,1
digits_0_vs_1,6,4,random_search,0.5289000109769404,5.105733830833068,1
digits_0_vs_1,6,5,treesat_exact,0.055899989092722535,0.6207618034050728,1
digits_0_vs_1,6,5,nearest_neighbor,0.014200020814314485,7.723734477671099,1
digits_0_vs_1,6,5,random_search,0.5203000036999583,2.8288928764254635,1
digits_0_vs_1,6,6,treesat_exact,0.0501000031363219,0.5808963482756694,1
digits_0_vs_1,6,6,nearest_neighbor,0.013999990187585354,7.733754482979247,1
digits_0_vs_1,6,6,random_search,0.5404000112321228,2.815598297666517,1
digits_0_vs_1,6,7,treesat_exact,0.05469997995533049,0.6207618034050728,1
digits_0_vs_1,6,7,nearest_neighbor,0.014500023098662496,8.701978500980095,1
digits_0_vs_1,6,7,random_search,0.5285999795887619,3.0402760645544125,1
digits_0_vs_1,6,8,treesat_exact,0.05609999061562121,0.6207618034050728,1
digits_0_vs_1,6,8,nearest_neighbor,0.013999990187585354,8.603486831340849,1
digits_0_vs_1,6,8,random_search,0.5347999976947904,2.609652033785756,1
digits_0_vs_1,6,9,treesat_exact,0.050300004659220576,1.5863886845127233,1
digits_0_vs_1,6,9,nearest_neighbor,0.014500023098662496,8.506554627467636,1
digits_0_vs_1,6,9,random_search,0.5369999853428453,5.0648074350803896,1
digits_0_vs_1,6,10,treesat_exact,0.051499984692782164,1.1725481555281365,1
digits_0_vs_1,6,10,nearest_neighbor,0.014399993233382702,7.732354608712043,1
digits_0_vs_1,6,10,random_search,0.5273999995552003,5.993235649263897,1
digits_0_vs_1,6,11,treesat_exact,0.05020000389777124,1.5863886845127233,1
digits_0_vs_1,6,11,nearest_neighbor,0.014200020814314485,11.379707737874087,1
digits_0_vs_1,6,11,random_search,0.5035999929532409,7.2930891919630545,1
digits_0_vs_1,6,12,treesat_exact,0.054100004490464926,0.6207618034050728,1
digits_0_vs_1,6,12,nearest_neighbor,0.01479999627918005,8.879006141680714,1
digits_0_vs_1,6,12,random_search,0.5341999931260943,2.846591881120731,1
digits_0_vs_1,6,13,treesat_exact,0.051000009989365935,0.323003508103078,1
digits_0_vs_1,6,13,nearest_neighbor,0.014199991710484028,9.535255369340625,1
digits_0_vs_1,6,13,random_search,0.5365000106394291,1.2369689402645014,1
digits_0_vs_1,6,14,treesat_exact,0.055500015150755644,0.6207618034050728,1
digits_0_vs_1,6,14,nearest_neighbor,0.014199991710484028,8.552985455455214,1
digits_0_vs_1,6,14,random_search,0.5446000141091645,2.3671489971538056,1
digits_0_vs_1,6,15,treesat_exact,0.05190001684240997,1.6189380237047075,1
digits_0_vs_1,6,15,nearest_neighbor,0.014499993994832039,6.368739877922686,1
digits_0_vs_1,6,15,random_search,0.5216000135987997,5.692162538716297,1
digits_0_vs_1,6,16,treesat_exact,0.05780000356025994,0.6207618034050728,1
digits_0_vs_1,6,16,nearest_neighbor,0.01400001929141581,8.739711596334889,1
digits_0_vs_1,6,16,random_search,0.5440999811980873,2.549275950354816,1
digits_0_vs_1,6,17,treesat_exact,0.05060000694356859,1.5863886845127233,1
digits_0_vs_1,6,17,nearest_neighbor,0.013499986380338669,7.332154710909385,1
digits_0_vs_1,6,17,random_search,0.5273999995552003,4.887633828172836,1
digits_0_vs_1,6,18,treesat_exact,0.0515999854542315,1.6189380237047075,1
digits_0_vs_1,6,18,nearest_neighbor,0.014499993994832039,10.561876785596294,1
digits_0_vs_1,6,18,random_search,0.5311999993864447,8.370209531399233,1
digits_0_vs_1,6,19,treesat_exact,0.04990000161342323,1.6189380237047075,1
digits_0_vs_1,6,19,nearest_neighbor,0.014400022337213159,9.162711049919391,1
digits_0_vs_1,6,19,random_search,0.53039999329485,5.979527946126529,1
digits_0_vs_1,6,20,treesat_exact,0.05740000051446259,0.6207618034050728,1
digits_0_vs_1,6,20,nearest_neighbor,0.014999997802078724,8.660967635684422,1
digits_0_vs_1,6,20,random_search,0.6173999863676727,2.6300733164053947,1
digits_0_vs_1,6,21,treesat_exact,0.06210000719875097,0.6207618034050728,1
digits_0_vs_1,6,21,nearest_neighbor,0.016499980119988322,8.848843180505606,1
digits_0_vs_1,6,21,random_search,0.5461999971885234,2.7246081845608154,1
digits_0_vs_1,6,22,treesat_exact,0.05160001455806196,1.5863886845127233,1
digits_0_vs_1,6,22,nearest_neighbor,0.015199999324977398,6.898445927494793,1
digits_0_vs_1,6,22,random_search,0.5344999954104424,5.382652186313479,1
digits_0_vs_1,6,23,treesat_exact,0.05189998773857951,1.6189380237047075,1
digits_0_vs_1,6,23,nearest_neighbor,0.01580000389367342,10.75733285351836,1
digits_0_vs_1,6,23,random_search,0.5136999825481325,7.166907905046597,1
digits_0_vs_1,6,24,treesat_exact,0.04939999780617654,1.5863886845127233,1
digits_0_vs_1,6,24,nearest_neighbor,0.014699995517730713,8.092653653999424,1
digits_0_vs_1,6,24,random_search,0.5369999853428453,5.653667548926462,1
digits_0_vs_1,6,25,treesat_exact,0.04880002234131098,1.6189380237047075,1
digits_0_vs_1,6,25,nearest_neighbor,0.014399993233382702,10.645267446103494,1
digits_0_vs_1,6,25,random_search,0.5117999971844256,5.195643337932279,1
digits_0_vs_1,6,26,treesat_exact,0.05590001819655299,1.6189380237047075,1
digits_0_vs_1,6,26,nearest_neighbor,0.014999997802078724,11.633037886343303,1
digits_0_vs_1,6,26,random_search,0.5350999999791384,,0
digits_0_vs_1,6,27,treesat_exact,0.05669999518431723,0.6207618034050728,1
digits_0_vs_1,6,27,nearest_neighbor,0.014399993233382702,7.806803039407406,1
digits_0_vs_1,6,27,random_search,0.5261000187601894,2.7139220139575646,1
digits_0_vs_1,6,28,treesat_exact,0.05360000068321824,0.6207618034050728,1
digits_0_vs_1,6,28,nearest_neighbor,0.014199991710484028,8.40299932949686,1
digits_0_vs_1,6,28,random_search,0.558799976715818,1.5716268559566886,1
digits_0_vs_1,6,29,treesat_exact,0.0591999851167202,1.5863886845127233,1
digits_0_vs_1,6,29,nearest_neighbor,0.014999997802078724,7.960785703909967,1
digits_0_vs_1,6,29,random_search,0.5186999915167689,4.837232239477678,1
digits_0_vs_1,7,0,treesat_exact,0.10499998461455107,2.1229602931629086,1
digits_0_vs_1,7,0,nearest_neighbor,0.019800005247816443,7.914516757206418,1
digits_0_vs_1,7,0,random_search,0.54519998957403,8.137140503459278,1
digits_0_vs_1,7,1,treesat_exact,0.05810000584460795,0.09621006892200772,1
digits_0_vs_1,7,1,nearest_neighbor,0.015199999324977398,7.92494487983373,1
digits_0_vs_1,7,1,random_search,0.5761999927926809,0.3176954774068855,1
digits_0_vs_1,7,2,treesat_exact,0.05750000127591193,0.0684835777009879,1
digits_0_vs_1,7,2,nearest_neighbor,0.014899997040629387,8.519906252801817,1
digits_0_vs_1,7,2,random_search,0.5532000213861465,0.2950880199323325,1
digits_0_vs_1,7,3,treesat_exact,0.055599986808374524,0.09621006892200772,1
digits_0_vs_1,7,3,nearest_neighbor,0.01409999094903469,8.71478717699653,1
digits_0_vs_1,7,3,random_search,0.5533999938052148,0.6743995221360363,1
digits_0_vs_1,7,4,treesat_exact,0.08609998621977866,1.5750995754469344,1
digits_0_vs_1,7,4,nearest_neighbor,0.015199999324977398,11.431637230805634,1
digits_0_vs_1,7,4,random_search,0.5436000064946711,5.2001573770738965,1
digits_0_vs_1,7,5,treesat_exact,0.08560001151636243,2.1229602931629086,1
digits_0_vs_1,7,5,nearest_neighbor,0.014599994756281376,7.085739917992627,1
digits_0_vs_1,7,5,random_search,0.5193999968469143,8.180859337206961,1
digits_0_vs_1,7,6,treesat_exact,0.08779999916441739,1.7120647548759278,1
digits_0_vs_1,7,6,nearest_neighbor,0.014899997040629387,9.82561973989445,1
digits_0_vs_1,7,6,random_search,0.6596000166609883,6.300190451223706,1
digits_0_vs_1,7,7,treesat_exact,0.06319998647086322,0.09621006892200772,1
digits_0_vs_1,7,7,nearest_neighbor,0.01659998088143766,9.232222999495116,1
digits_0_vs_1,7,7,random_search,0.5766999965999275,0.6937421038931584,1
digits_0_vs_1,7,8,treesat_exact,0.08379999781027436,1.438134396017941,1
digits_0_vs_1,7,8,nearest_neighbor,0.014499993994832039,8.388108632049866,1
digits_0_vs_1,7,8,random_search,0.524200004292652,5.765009795358589,1
digits_0_vs_1,7,9,treesat_exact,0.05339999916031957,0.0684835777009879,1
digits_0_vs_1,7,9,nearest_neighbor,0.013999990187585354,9.2648023975418,1
digits_0_vs_1,7,9,random_search,0.6445999897550792,0.31781593076671916,1
digits_0_vs_1,7,10,treesat_exact,0.30010001501068473,0.0684835777009879,1
digits_0_vs_1,7,10,nearest_neighbor,0.06049999501556158,8.187263459604159,1
digits_0_vs_1,7,10,random_search,1.6345000185538083,0.32841173494612375,1
digits_0_vs_1,7,11,treesat_exact,0.1571000029798597,1.7120647548759278,1
digits_0_vs_1,7,11,nearest_neighbor,0.04090002039447427,8.160190056619127,1
digits_0_vs_1,7,11,random_search,0.6152999994810671,8.10605359283853,1
digits_0_vs_1,7,12,treesat_exact,0.09350001346319914,2.1229602931629086,1
digits_0_vs_1,7,12,nearest_neighbor,0.01729998621158302,11.220944026566446,1
digits_0_vs_1,7,12,random_search,0.6062000175006688,5.737353914459168,1
digits_0_vs_1,7,13,treesat_exact,0.05959998816251755,1.438134396017941,1
digits_0_vs_1,7,13,nearest_neighbor,0.015099998563528061,8.17520695060872,1
digits_0_vs_1,7,13,random_search,0.5394000036176294,5.656815446061639,1
digits_0_vs_1,7,14,treesat_exact,0.08850000449456275,1.8490299343049215,1
digits_0_vs_1,7,14,nearest_neighbor,0.014899997040629387,9.833382647243916,1
digits_0_vs_1,7,14,random_search,0.5372999876271933,4.983606539556487,1
digits_0_vs_1,7,15,treesat_exact,0.059200014220550656,0.09621006892200772,1
digits_0_vs_1,7,15,nearest_neighbor,0.016300007700920105,8.713706399806643,1
digits_0_vs_1,7,15,random_search,0.5664000054821372,0.659006238412613,1
digits_0_vs_1,7,16,treesat_exact,0.09099999442696571,2.1229602931629086,1
digits_0_vs_1,7,16,nearest_neighbor,0.016000005416572094,7.902592846556079,1
digits_0_vs_1,7,16,random_search,0.5642000178340822,8.211852172184745,1
digits_0_vs_1,7,17,treesat_exact,0.09039998985826969,2.1229602931629086,1
digits_0_vs_1,7,17,nearest_neighbor,0.01580000389367342,7.967637277501161,1
digits_0_vs_1,7,17,random_search,0.5481000116560608,6.494067426002312,1
digits_0_vs_1,7,18,treesat_exact,0.0577000027988106,0.09621006892200772,1
digits_0_vs_1,7,18,nearest_neighbor,0.016000005416572094,8.456997777793786,1
digits_0_vs_1,7,18,random_search,0.5674999847542495,0.4038788407054873,1
digits_0_vs_1,7,19,treesat_exact,0.05729999975301325,0.09621006892200772,1
digits_0_vs_1,7,19,nearest_neighbor,0.014699995517730713,8.614460859753414,1
digits_0_vs_1,7,19,random_search,0.5644999910145998,0.36784063752788826,1
digits_0_vs_1,7,20,treesat_exact,0.05529998452402651,0.09621006892200772,1
digits_0_vs_1,7,20,nearest_neighbor,0.014600023860111833,7.985196906268348,1
digits_0_vs_1,7,20,random_search,4.255699983332306,0.3764218005153934,1
digits_0_vs_1,7,21,treesat_exact,0.9922000172082335,2.1229602931629086,1
digits_0_vs_1,7,21,nearest_neighbor,0.04719998105429113,7.380589161532164,1
digits_0_vs_1,7,21,random_search,0.6280999805312604,7.704907331720142,1
digits_0_vs_1,7,22,treesat_exact,0.06769999163225293,1.8490299343049215,1
digits_0_vs_1,7,22,nearest_neighbor,0.019800005247816443,7.9475345897888126,1
digits_0_vs_1,7,22,random_search,0.5452999903354794,5.767202868560278,1
digits_0_vs_1,7,23,treesat_exact,0.061700004152953625,0.09621006892200772,1
digits_0_vs_1,7,23,nearest_neighbor,0.017999991541728377,10.688979198642373,1
digits_0_vs_1,7,23,random_search,0.5848000000696629,0.6522434066901401,1
digits_0_vs_1,7,24,treesat_exact,0.05909998435527086,0.09621006892200772,1
digits_0_vs_1,7,24,nearest_neighbor,0.014999997802078724,7.566685495197074,1
digits_0_vs_1,7,24,random_search,0.5616999987978488,0.4037638798103781,1
digits_0_vs_1,7,25,treesat_exact,0.08950001210905612,2.1229602931629086,1
digits_0_vs_1,7,25,nearest_neighbor,0.014200020814314485,8.536597399413115,1
digits_0_vs_1,7,25,random_search,0.523900002008304,8.575146169877101,1
digits_0_vs_1,7,26,treesat_exact,0.056599994422867894,0.06757497278763958,1
digits_0_vs_1,7,26,nearest_neighbor,0.014499993994832039,6.116532314163762,1
digits_0_vs_1,7,26,random_search,0.5583000020124018,0.30434684348596647,1
digits_0_vs_1,7,27,treesat_exact,0.05729999975301325,0.0684835777009879,1
digits_0_vs_1,7,27,nearest_neighbor,0.013999990187585354,7.464386507167303,1
digits_0_vs_1,7,27,random_search,0.5642000178340822,0.314152138318804,1
digits_0_vs_1,7,28,treesat_exact,0.055100012104958296,0.0684835777009879,1
digits_0_vs_1,7,28,nearest_neighbor,0.013699987903237343,10.381168680975659,1
digits_0_vs_1,7,28,random_search,0.5708000098820776,0.347006049269276,1
digits_0_vs_1,7,29,treesat_exact,0.08830000297166407,2.1229602931629086,1
digits_0_vs_1,7,29,nearest_neighbor,0.014499993994832039,8.194176102929042,1
digits_0_vs_1,7,29,random_search,0.5388000281527638,8.242054240074946,1
digits_0_vs_1,8,0,treesat_exact,0.07579999510198832,1.7415931828051547,1
digits_0_vs_1,8,0,nearest_neighbor,0.0219999928958714,7.997571065346135,1
digits_0_vs_1,8,0,random_search,0.5759000196121633,7.700754897939512,1
digits_0_vs_1,8,1,treesat_exact,0.05509998300112784,1.7415931828051547,1
digits_0_vs_1,8,1,nearest_neighbor,0.015900004655122757,7.692878997931646,1
digits_0_vs_1,8,1,random_search,0.5572999943979084,6.567272962067201,1
digits_0_vs_1,8,2,treesat_exact,0.06369999027810991,0.4876470915224567,1
digits_0_vs_1,8,2,nearest_neighbor,0.016700010746717453,9.438523723334443,1
digits_0_vs_1,8,2,random_search,0.5567999905906618,1.362676520343077,1
digits_0_vs_1,8,3,treesat_exact,0.05440000677481294,1.3236108188687277,1
digits_0_vs_1,8,3,nearest_neighbor,0.014399993233382702,8.144406980142188,1
digits_0_vs_1,8,3,random_search,0.5358000053092837,5.271865994790702,1
digits_0_vs_1,8,4,treesat_exact,0.055199983762577176,1.3236108188687277,1
digits_0_vs_1,8,4,nearest_neighbor,0.015099998563528061,8.781135430162978,1
digits_0_vs_1,8,4,random_search,0.5576999974437058,5.029159279518019,1
digits_0_vs_1,8,5,treesat_exact,0.05229999078437686,1.4629382735142034,1
digits_0_vs_1,8,5,nearest_neighbor,0.015199999324977398,8.148681604020235,1
digits_0_vs_1,8,5,random_search,0.521700014360249,5.952475368623269,1
digits_0_vs_1,8,6,treesat_exact,0.05729999975301325,0.4876470915224567,1
digits_0_vs_1,8,6,nearest_neighbor,0.014699995517730713,9.596440170372272,1
digits_0_vs_1,8,6,random_search,0.5382999952416867,2.3153589655302533,1
digits_0_vs_1,8,7,treesat_exact,0.057900004321709275,0.4876470915224567,1
digits_0_vs_1,8,7,nearest_neighbor,0.014499993994832039,8.852925419166073,1
digits_0_vs_1,8,7,random_search,0.5494999932125211,2.2896866958331388,1
digits_0_vs_1,8,8,treesat_exact,0.0610999995842576,0.4876470915224567,1
digits_0_vs_1,8,8,nearest_neighbor,0.015199999324977398,9.702236953540178,1
digits_0_vs_1,8,8,random_search,0.9614999871701002,2.5061044669616055,1
digits_0_vs_1,8,9,treesat_exact,0.089899986051023,0.4876470915224567,1
digits_0_vs_1,8,9,nearest_neighbor,0.025999994250014424,9.138139243402293,1
digits_0_vs_1,8,9,random_search,0.617499987129122,1.4397463455885924,1
digits_0_vs_1,8,10,treesat_exact,0.063000014051795,0.4876470915224567,1
digits_0_vs_1,8,10,nearest_neighbor,0.018399994587525725,9.076572800054004,1
digits_0_vs_1,8,10,random_search,0.5473000055644661,2.5304792070490665,1
digits_0_vs_1,8,11,treesat_exact,0.05909998435527086,0.4876470915224567,1
digits_0_vs_1,8,11,nearest_neighbor,0.023899978259578347,8.499168929874823,1
digits_0_vs_1,8,11,random_search,0.5492000200320035,2.2841507269344756,1
digits_0_vs_1,8,12,treesat_exact,0.054800009820610285,1.7415931828051547,1
digits_0_vs_1,8,12,nearest_neighbor,0.018400023691356182,8.16170166207844,1
digits_0_vs_1,8,12,random_search,0.5318000039551407,8.231447321846874,1
digits_0_vs_1,8,13,treesat_exact,0.05400000372901559,1.602265728159679,1
digits_0_vs_1,8,13,nearest_neighbor,0.015199999324977398,8.71289272179224,1
digits_0_vs_1,8,13,random_search,0.5321000062394887,6.966391049270838,1
digits_0_vs_1,8,14,treesat_exact,0.05329999839887023,1.7415931828051547,1
digits_0_vs_1,8,14,nearest_neighbor,0.014599994756281376,7.718255625804451,1
digits_0_vs_1,8,14,random_search,0.529199984157458,6.457805324942368,1
digits_0_vs_1,8,15,treesat_exact,0.05329999839887023,1.7415931828051547,1
digits_0_vs_1,8,15,nearest_neighbor,0.01409999094903469,8.001906974138917,1
digits_0_vs_1,8,15,random_search,0.5119999987073243,6.361647559868824,1
digits_0_vs_1,8,16,treesat_exact,0.05819997750222683,0.4876470915224567,1
digits_0_vs_1,8,16,nearest_neighbor,0.014600023860111833,8.816600328266238,1
digits_0_vs_1,8,16,random_search,0.5350999999791384,2.7383267798550053,1
digits_0_vs_1,8,17,treesat_exact,0.05609999061562121,0.4876470915224567,1
digits_0_vs_1,8,17,nearest_neighbor,0.01400001929141581,7.590786260079765,1
digits_0_vs_1,8,17,random_search,0.5354000022634864,1.6755654961717092,1
digits_0_vs_1,8,18,treesat_exact,0.05140001303516328,1.044955909577776,1
digits_0_vs_1,8,18,nearest_neighbor,0.01409999094903469,8.041369785687527,1
digits_0_vs_1,8,18,random_search,0.5244000058155507,2.686767691879736,1
digits_0_vs_1,8,19,treesat_exact,0.05599998985417187,0.4876470915224567,1
digits_0_vs_1,8,19,nearest_neighbor,0.014499993994832039,6.861208717386006,1
digits_0_vs_1,8,19,random_search,0.5372000159695745,1.475132001991733,1
digits_0_vs_1,8,20,treesat_exact,0.051300012273713946,1.7415931828051547,1
digits_0_vs_1,8,20,nearest_neighbor,0.013999990187585354,13.124205317165837,1
digits_0_vs_1,8,20,random_search,0.5132000078447163,7.035082997919698,1
digits_0_vs_1,8,21,treesat_exact,0.06129997200332582,0.4876470915224567,1
digits_0_vs_1,8,21,nearest_neighbor,0.013999990187585354,7.870529194321081,1
digits_0_vs_1,8,21,random_search,0.523599999723956,2.611574165880898,1
digits_0_vs_1,8,22,treesat_exact,0.05460000829771161,0.4876470915224567,1
digits_0_vs_1,8,22,nearest_neighbor,0.013600016245618463,9.574301233557764,1
digits_0_vs_1,8,22,random_search,0.533499987795949,1.4314802319872524,1
digits_0_vs_1,8,23,treesat_exact,0.08150000940077007,0.4876470915224567,1
digits_0_vs_1,8,23,nearest_neighbor,0.021299987565726042,8.472999766312174,1
digits_0_vs_1,8,23,random_search,0.5650999955832958,1.1955847970857236,1
digits_0_vs_1,8,24,treesat_exact,0.053800002206116915,1.7415931828051547,1
digits_0_vs_1,8,24,nearest_neighbor,0.01479999627918005,7.7664177745321465,1
digits_0_vs_1,8,24,random_search,0.5105999880470335,8.978654622194629,1
digits_0_vs_1,8,25,treesat_exact,0.05050000618211925,1.7415931828051547,1
digits_0_vs_1,8,25,nearest_neighbor,0.014399993233382702,7.974256800682426,1
digits_0_vs_1,8,25,random_search,0.586300011491403,7.09120176566468,1
digits_0_vs_1,8,26,treesat_exact,0.06700001540593803,1.7415931828051547,1
digits_0_vs_1,8,26,nearest_neighbor,0.01610000617802143,7.081286693830615,1
digits_0_vs_1,8,26,random_search,0.527299998793751,5.942714441303329,1
digits_0_vs_1,8,27,treesat_exact,0.05740000051446259,0.4876470915224567,1
digits_0_vs_1,8,27,nearest_neighbor,0.014499993994832039,20.803317069031024,1
digits_0_vs_1,8,27,random_search,0.532899983227253,2.720785281747564,1
digits_0_vs_1,8,28,treesat_exact,0.0523999915458262,0.7663010002868247,1
digits_0_vs_1,8,28,nearest_neighbor,0.01400001929141581,8.511670666813808,1
digits_0_vs_1,8,28,random_search,0.5613999965135008,2.947660464357162,1
digits_0_vs_1,8,29,treesat_exact,0.13299999409355223,0.4876470915224567,1
digits_0_vs_1,8,29,nearest_neighbor,0.03809999907389283,10.759697477210983,1
digits_0_vs_1,8,29,random_search,0.8039000094868243,2.603337651608398,1
digits_0_vs_1,9,0,treesat_exact,0.23150001652538776,0.09671369283686156,1
digits_0_vs_1,9,0,nearest_neighbor,0.052499992307275534,7.240437286983365,1
digits_0_vs_1,9,0,random_search,1.4015999913681298,0.7161967622189938,1
digits_0_vs_1,9,1,treesat_exact,0.19189997692592442,2.121321608837315,1
digits_0_vs_1,9,1,nearest_neighbor,0.03239998477511108,8.523624409903361,1
digits_0_vs_1,9,1,random_search,1.0399000020697713,6.4183809492647494,1
digits_0_vs_1,9,2,treesat_exact,0.10320000001229346,0.06834307303962484,1
digits_0_vs_1,9,2,nearest_neighbor,0.027400004910305142,9.296980910447568,1
digits_0_vs_1,9,2,random_search,0.969600019743666,0.31799985098547895,1
digits_0_vs_1,9,3,treesat_exact,0.13989998842589557,2.121321608837315,1
digits_0_vs_1,9,3,nearest_neighbor,0.024100008886307478,7.96800540872635,1
digits_0_vs_1,9,3,random_search,0.8763999794609845,7.61251666554972,1
digits_0_vs_1,9,4,treesat_exact,0.1272000081371516,1.8476026933629188,1
digits_0_vs_1,9,4,nearest_neighbor,0.049700000090524554,8.02380004520173,1
digits_0_vs_1,9,4,random_search,0.8362999942619354,8.789315842578638,1
digits_0_vs_1,9,5,treesat_exact,0.14830002328380942,1.4370243201513242,1
digits_0_vs_1,9,5,nearest_neighbor,0.026900001103058457,8.707018439850103,1
digits_0_vs_1,9,5,random_search,0.7024999940767884,5.739354080943635,1
digits_0_vs_1,9,6,treesat_exact,0.09940000018104911,0.06834307303962484,1
digits_0_vs_1,9,6,nearest_neighbor,0.021499989088624716,10.01397550982137,1
digits_0_vs_1,9,6,random_search,0.7169999880716205,0.29904756824500167,1
digits_0_vs_1,9,7,treesat_exact,0.10269999620504677,2.121321608837315,1
digits_0_vs_1,9,7,nearest_neighbor,0.01729998621158302,10.536363646509507,1
digits_0_vs_1,9,7,random_search,0.586000009207055,5.082763890176207,1
digits_0_vs_1,9,8,treesat_exact,0.06220000796020031,0.06834307303962484,1
digits_0_vs_1,9,8,nearest_neighbor,0.016400008462369442,9.2067608599569,1
digits_0_vs_1,9,8,random_search,0.6259999936446548,0.310745025699228,1
digits_0_vs_1,9,9,treesat_exact,0.06139997276477516,1.0264459469397296,1
digits_0_vs_1,9,9,nearest_neighbor,0.01619997783564031,7.716632171817307,1
digits_0_vs_1,9,9,random_search,1.3210000179242343,5.467188297373823,1
digits_0_vs_1,9,10,treesat_exact,0.1640999980736524,0.09671369283686156,1
digits_0_vs_1,9,10,nearest_neighbor,0.04270000499673188,9.898023037042082,1
digits_0_vs_1,9,10,random_search,1.3985999976284802,0.6605447135091951,1
digits_0_vs_1,9,11,treesat_exact,0.13830000534653664,0.09671369283686156,1
digits_0_vs_1,9,11,nearest_neighbor,0.03409999771974981,6.950376414504769,1
digits_0_vs_1,9,11,random_search,1.2472000089474022,0.7252515544669386,1
digits_0_vs_1,9,12,treesat_exact,0.11590000940486789,0.09671369283686156,1
digits_0_vs_1,9,12,nearest_neighbor,0.02989999484270811,8.91503844496985,1
digits_0_vs_1,9,12,random_search,1.0953000164590776,0.6487967963066406,1
digits_0_vs_1,9,13,treesat_exact,0.16369999502785504,2.121321608837315,1
digits_0_vs_1,9,13,nearest_neighbor,0.02910001785494387,8.566027772585214,1
digits_0_vs_1,9,13,random_search,0.9935999987646937,6.209103474611692,1
digits_0_vs_1,9,14,treesat_exact,0.21269998978823423,1.5943184584918848,1
digits_0_vs_1,9,14,nearest_neighbor,0.033499993151053786,10.249145199323783,1
digits_0_vs_1,9,14,random_search,1.0655000223778188,1.4135820354605968,1
digits_0_vs_1,9,15,treesat_exact,0.13950001448392868,2.121321608837315,1
digits_0_vs_1,9,15,nearest_neighbor,0.024300010409206152,10.638233584693964,1
digits_0_vs_1,9,15,random_search,0.8569000056013465,7.6778961527815195,1
digits_0_vs_1,9,16,treesat_exact,0.09099999442696571,0.06834307303962484,1
digits_0_vs_1,9,16,nearest_neighbor,0.024900014977902174,9.564662451804127,1
digits_0_vs_1,9,16,random_search,0.9155000152532011,0.34177054980301463,1
digits_0_vs_1,9,17,treesat_exact,0.13929998385719955,2.121321608837315,1
digits_0_vs_1,9,17,nearest_neighbor,0.02379997749812901,9.726330707511565,1
digits_0_vs_1,9,17,random_search,0.7941999938338995,8.79885480644454,1
digits_0_vs_1,9,18,treesat_exact,0.07529999129474163,0.09671369283686156,1
digits_0_vs_1,9,18,nearest_neighbor,0.019400002202019095,6.78181389496133,1
digits_0_vs_1,9,18,random_search,0.7617000082973391,1.3900451496403554,1
digits_0_vs_1,9,19,treesat_exact,0.1145999995060265,2.121321608837315,1
digits_0_vs_1,9,19,nearest_neighbor,0.019799976143985987,9.448994452606541,1
digits_0_vs_1,9,19,random_search,0.6970000104047358,7.8768449926437425,1
digits_0_vs_1,9,20,treesat_exact,0.1109000004362315,3.863927184741437,1
digits_0_vs_1,9,20,nearest_neighbor,0.01960000372491777,11.185893568369702,1
digits_0_vs_1,9,20,random_search,0.6945999921299517,6.588706452627582,1
digits_0_vs_1,9,21,treesat_exact,0.1005999802146107,1.0264459469397296,1
digits_0_vs_1,9,21,nearest_neighbor,0.01409999094903469,9.224793518986775,1
digits_0_vs_1,9,21,random_search,0.5241000035312027,3.104792483545155,1
digits_0_vs_1,9,22,treesat_exact,0.11660001473501325,0.09671369283686156,1
digits_0_vs_1,9,22,nearest_neighbor,0.018999999156221747,8.403364659761879,1
digits_0_vs_1,9,22,random_search,0.5739000043831766,0.4094072924317923,1
digits_0_vs_1,9,23,treesat_exact,0.5049999745097011,2.121321608837315,1
digits_0_vs_1,9,23,nearest_neighbor,0.0999000039882958,7.916434851009471,1
digits_0_vs_1,9,23,random_search,1.7281000036746264,6.117410315228781,1
digits_0_vs_1,9,24,treesat_exact,0.18060000729747117,0.09671369283686156,1
digits_0_vs_1,9,24,nearest_neighbor,0.045900000259280205,8.748445783525016,1
digits_0_vs_1,9,24,random_search,1.5027000044938177,0.3819342687080165,1
digits_0_vs_1,9,25,treesat_exact,0.23109998437575996,1.7107432356257206,1
digits_0_vs_1,9,25,nearest_neighbor,0.032100011594593525,8.619627625040705,1
digits_0_vs_1,9,25,random_search,1.1668000079225749,6.371006764006285,1
digits_0_vs_1,9,26,treesat_exact,0.12930002412758768,0.09671369283686156,1
digits_0_vs_1,9,26,nearest_neighbor,0.03680001827888191,9.603499054295487,1
digits_0_vs_1,9,26,random_search,1.0753000096883625,0.4038876682375988,1
digits_0_vs_1,9,27,treesat_exact,0.1755000266712159,2.121321608837315,1
digits_0_vs_1,9,27,nearest_neighbor,0.027999980375170708,7.376678997465066,1
digits_0_vs_1,9,27,random_search,0.8614000107627362,7.369037994350853,1
digits_0_vs_1,9,28,treesat_exact,0.139000010676682,2.121321608837315,1
digits_0_vs_1,9,28,nearest_neighbor,0.023300002794712782,9.13648267108596,1
digits_0_vs_1,9,28,random_search,0.8369999995920807,7.599660139101428,1
digits_0_vs_1,9,29,treesat_exact,0.08819997310638428,0.09671369283686156,1
digits_0_vs_1,9,29,nearest_neighbor,0.022899999748915434,8.91847081507655,1
digits_0_vs_1,9,29,random_search,0.8494000067003071,0.3580176767441836,1
digits_0_vs_1,10,0,treesat_exact,0.10030000703409314,0.487458688141061,1
digits_0_vs_1,10,0,nearest_neighbor,0.02290002885274589,7.761835526174731,1
digits_0_vs_1,10,0,random_search,1.264099992113188,1.4846918238338846,1
digits_0_vs_1,10,1,treesat_exact,0.14089999604038894,0.06963779626950756,1
digits_0_vs_1,10,1,nearest_neighbor,0.036900019040331244,5.9899292369803625,1
digits_0_vs_1,10,1,random_search,1.189600006910041,0.3002364600956633,1
digits_0_vs_1,10,2,treesat_exact,0.10899998596869409,1.4746715519460285,1
digits_0_vs_1,10,2,nearest_neighbor,0.031100003980100155,11.252815581642567,1
digits_0_vs_1,10,2,random_search,1.0095000034198165,5.029762101476431,1
digits_0_vs_1,10,3,treesat_exact,0.11149997590109706,0.487458688141061,1
digits_0_vs_1,10,3,nearest_neighbor,0.028699985705316067,8.924602183887444,1
digits_0_vs_1,10,3,random_search,1.056799985235557,1.3280498921868698,1
digits_0_vs_1,10,4,treesat_exact,0.10060000931844115,1.6231580995873052,1
digits_0_vs_1,10,4,nearest_neighbor,0.026599998818710446,8.17880446100196,1
digits_0_vs_1,10,4,random_search,0.8387000125367194,6.605169316948542,1
digits_0_vs_1,10,5,treesat_exact,0.07999999797903001,1.7512637806270608,1
digits_0_vs_1,10,5,nearest_neighbor,0.0219999928958714,10.10650895043251,1
digits_0_vs_1,10,5,random_search,0.7973999890964478,,0
digits_0_vs_1,10,6,treesat_exact,0.09250000584870577,0.487458688141061,1
digits_0_vs_1,10,6,nearest_neighbor,0.02400000812485814,9.125046919204726,1
digits_0_vs_1,10,6,random_search,0.760499999159947,1.5243830901232864,1
digits_0_vs_1,10,7,treesat_exact,0.08120000711642206,0.487458688141061,1
digits_0_vs_1,10,7,nearest_neighbor,0.019500002963468432,7.2417826327324,1
digits_0_vs_1,10,7,random_search,0.7190000033006072,1.630950503285116,1
digits_0_vs_1,10,8,treesat_exact,0.07420001202262938,0.487458688141061,1
digits_0_vs_1,10,8,nearest_neighbor,0.019400002202019095,8.029990994683953,1
digits_0_vs_1,10,8,random_search,0.6176999886520207,1.4835124564065252,1
digits_0_vs_1,10,9,treesat_exact,0.054199976148083806,1.7512637806270608,1
digits_0_vs_1,10,9,nearest_neighbor,0.015099998563528061,10.64707853976993,1
digits_0_vs_1,10,9,random_search,0.5556000105571002,7.703162068222162,1
digits_0_vs_1,10,10,treesat_exact,0.0591999851167202,0.487458688141061,1
digits_0_vs_1,10,10,nearest_neighbor,0.016000005416572094,7.327367560281903,1
digits_0_vs_1,10,10,random_search,0.5756999889854342,2.1864874241284555,1
digits_0_vs_1,10,11,treesat_exact,0.05240002064965665,1.7607310078633986,1
digits_0_vs_1,10,11,nearest_neighbor,0.015600002370774746,8.853108167812845,1
digits_0_vs_1,10,11,random_search,0.5875999922864139,6.059323574986622,1
digits_0_vs_1,10,12,treesat_exact,0.05909998435527086,0.487458688141061,1
digits_0_vs_1,10,12,nearest_neighbor,0.015300000086426735,9.292252845386267,1
digits_0_vs_1,10,12,random_search,0.5357000045478344,2.0491899868669696,1
digits_0_vs_1,10,13,treesat_exact,0.05120001151226461,0.26338154169753714,1
digits_0_vs_1,10,13,nearest_neighbor,0.014299992471933365,9.131365749700523,1
digits_0_vs_1,10,13,random_search,0.5323000077623874,2.424070226443137,1
digits_0_vs_1,10,14,treesat_exact,0.05110001075081527,1.7409204018405575,1
digits_0_vs_1,10,14,nearest_neighbor,0.014400022337213159,11.029058334989124,1
digits_0_vs_1,10,14,random_search,0.5011000030208379,7.312554059797507,1
digits_0_vs_1,10,15,treesat_exact,0.048999994760379195,1.462373140592855,1
digits_0_vs_1,10,15,nearest_neighbor,0.014100020052865148,8.189407651115356,1
digits_0_vs_1,10,15,random_search,0.9467999916523695,5.400422269344072,1
digits_0_vs_1,10,16,treesat_exact,0.07410001126118004,1.2021949132679093,1
digits_0_vs_1,10,16,nearest_neighbor,0.023899978259578347,9.239162661246771,1
digits_0_vs_1,10,16,random_search,0.6107999943196774,8.582671044659435,1
digits_0_vs_1,10,17,treesat_exact,0.061700004152953625,1.7607310078633986,1
digits_0_vs_1,10,17,nearest_neighbor,0.01759998849593103,8.085623072685427,1
digits_0_vs_1,10,17,random_search,3.81659998674877,8.343660523811476,1
digits_0_vs_1,10,18,treesat_exact,0.41849998524412513,0.9052786180974505,1
digits_0_vs_1,10,18,nearest_neighbor,0.10629999451339245,7.488747430759726,1
digits_0_vs_1,10,18,random_search,3.515999997034669,4.691315621055807,1
digits_0_vs_1,10,19,treesat_exact,0.29899997753091156,1.7409204018405575,1
digits_0_vs_1,10,19,nearest_neighbor,0.086199986981228,8.610451506586694,1
digits_0_vs_1,10,19,random_search,2.858500025467947,8.565550151080455,1
digits_0_vs_1,10,20,treesat_exact,0.2662999904714525,1.7607310078633986,1
digits_0_vs_1,10,20,nearest_neighbor,0.07229999755509198,8.490501026789577,1
digits_0_vs_1,10,20,random_search,2.1231999853625894,8.910934859792462,1
digits_0_vs_1,10,21,treesat_exact,0.2415000053588301,0.487458688141061,1
digits_0_vs_1,10,21,nearest_neighbor,0.05780000356025994,9.226781660559208,1
digits_0_vs_1,10,21,random_search,1.06819998472929,1.6683964751123272,1
digits_0_vs_1,10,22,treesat_exact,0.11170000652782619,1.4859020959788642,1
digits_0_vs_1,10,22,nearest_neighbor,0.03229998401366174,9.13247884097356,1
digits_0_vs_1,10,22,random_search,1.0849999962374568,9.368843641947466,1
digits_0_vs_1,10,23,treesat_exact,0.11910000466741621,0.487458688141061,1
digits_0_vs_1,10,23,nearest_neighbor,0.029900023946538568,7.869993039955633,1
digits_0_vs_1,10,23,random_search,0.9103999764192849,2.4878137432555554,1
digits_0_vs_1,10,24,treesat_exact,0.09549999958835542,0.487458688141061,1
digits_0_vs_1,10,24,nearest_neighbor,0.023600005079060793,9.468378174266519,1
digits_0_vs_1,10,24,random_search,0.8991000067908317,2.196000772483585,1
digits_0_vs_1,10,25,treesat_exact,0.09259997750632465,0.487458688141061,1
digits_0_vs_1,10,25,nearest_neighbor,0.020400009816512465,8.974850945310745,1
digits_0_vs_1,10,25,random_search,0.7876000017859042,1.2339822374332676,1
digits_0_vs_1,10,26,treesat_exact,0.07810001261532307,1.7409204018405575,1
digits_0_vs_1,10,26,nearest_neighbor,0.02160001895390451,7.410975036044784,1
digits_0_vs_1,10,26,random_search,0.7291999936569482,7.731710438939592,1
digits_0_vs_1,10,27,treesat_exact,0.0610999995842576,1.7607310078633986,1
digits_0_vs_1,10,27,nearest_neighbor,0.017399986973032355,8.830530535838541,1
digits_0_vs_1,10,27,random_search,0.6544000061694533,5.554239303317544,1
digits_0_vs_1,10,28,treesat_exact,0.06019999273121357,1.7409204018405575,1
digits_0_vs_1,10,28,nearest_neighbor,0.017499987734481692,7.873417005595859,1
digits_0_vs_1,10,28,random_search,0.6402000144589692,5.2796104527028165,1
digits_0_vs_1,10,29,treesat_exact,0.06849999772384763,0.487458688141061,1
digits_0_vs_1,10,29,nearest_neighbor,0.018099992303177714,8.520111460971219,1
digits_0_vs_1,10,29,random_search,0.6616000027861446,2.456105784250177,1
digits_0_vs_1,11,0,treesat_exact,0.07720000576227903,0.09753170900736596,1
digits_0_vs_1,11,0,nearest_neighbor,0.0219999928958714,9.172540352581992,1
digits_0_vs_1,11,0,random_search,0.599899998633191,0.7273101376812989,1
digits_0_vs_1,11,1,treesat_exact,0.05880001117475331,0.06898484991510978,1
digits_0_vs_1,11,1,nearest_neighbor,0.015500001609325409,6.103964603337734,1
digits_0_vs_1,11,1,random_search,0.5552000075113028,0.33456350267458296,1
digits_0_vs_1,11,2,treesat_exact,0.056199991377070546,2.1372885690905084,1
digits_0_vs_1,11,2,nearest_neighbor,0.015200028428807855,6.269287826235186,1
digits_0_vs_1,11,2,random_search,0.5723000213038176,6.829498257529479,1
digits_0_vs_1,11,3,treesat_exact,0.05530001362785697,0.09753170900736596,1
digits_0_vs_1,11,3,nearest_neighbor,0.015600002370774746,8.62406538122366,1
digits_0_vs_1,11,3,random_search,3.494899981888011,0.6779681021961258,1
digits_0_vs_1,11,4,treesat_exact,0.5504000000655651,1.8625636887938706,1
digits_0_vs_1,11,4,nearest_neighbor,0.13279999257065356,8.634205355746984,1
digits_0_vs_1,11,4,random_search,3.8976999931037426,6.903993203091382,1
digits_0_vs_1,11,5,treesat_exact,0.3460999869275838,0.09753170900736596,1
digits_0_vs_1,11,5,nearest_neighbor,0.09200000204145908,8.593014407586796,1
digits_0_vs_1,11,5,random_search,2.947599976323545,1.2218688082036528,1
digits_0_vs_1,11,6,treesat_exact,0.29719999292865396,1.8615093966792375,1
digits_0_vs_1,11,6,nearest_neighbor,0.07690000347793102,8.797071884676717,1
digits_0_vs_1,11,6,random_search,2.2438000014517456,5.799157818467473,1
digits_0_vs_1,11,7,treesat_exact,0.2246999938506633,1.034171879445425,1
digits_0_vs_1,11,7,nearest_neighbor,0.05089998012408614,6.643768640844371,1
digits_0_vs_1,11,7,random_search,0.6972000119276345,4.478035608301232,1
digits_0_vs_1,11,8,treesat_exact,0.07419998291879892,1.4478406380623312,1
digits_0_vs_1,11,8,nearest_neighbor,0.04709998029284179,8.096210883105222,1
digits_0_vs_1,11,8,random_search,0.5688999954145402,5.943971479610226,1
digits_0_vs_1,11,9,treesat_exact,0.21399999968707561,2.1372885690905084,1
digits_0_vs_1,11,9,nearest_neighbor,0.20219999714754522,9.129958880905086,1
digits_0_vs_1,11,9,random_search,4.543200018815696,7.104247226000286,1
digits_0_vs_1,11,10,treesat_exact,0.36959999124519527,1.9993989828848728,1
digits_0_vs_1,11,10,nearest_neighbor,0.09950000094249845,8.335899540191038,1
digits_0_vs_1,11,10,random_search,3.26399999903515,8.233965229042928,1
digits_0_vs_1,11,11,treesat_exact,0.29830000130459666,1.8615093966792375,1
digits_0_vs_1,11,11,nearest_neighbor,0.079699995694682,7.310521456221101,1
digits_0_vs_1,11,11,random_search,2.557400002842769,8.362184906602979,1
digits_0_vs_1,11,12,treesat_exact,0.10889998520724475,0.09753170900736596,1
digits_0_vs_1,11,12,nearest_neighbor,0.03700001980178058,8.69397647398928,1
digits_0_vs_1,11,12,random_search,0.9973999985959381,0.6929721609038079,1
digits_0_vs_1,11,13,treesat_exact,0.18670002464205027,1.309951051856696,1
digits_0_vs_1,11,13,nearest_neighbor,0.03609998384490609,6.535905134124488,1
digits_0_vs_1,11,13,random_search,0.8187000057660043,5.363826548758736,1
digits_0_vs_1,11,14,treesat_exact,0.11660001473501325,0.09753170900736596,1
digits_0_vs_1,11,14,nearest_neighbor,0.02579999272711575,8.12438899703887,1
digits_0_vs_1,11,14,random_search,0.8004000119399279,0.6969191850486621,1
digits_0_vs_1,11,15,treesat_exact,0.08019999950192869,2.1372885690905084,1
digits_0_vs_1,11,15,nearest_neighbor,0.021299987565726042,9.224252664423384,1
digits_0_vs_1,11,15,random_search,0.6951999966986477,8.27326096184135,1
digits_0_vs_1,11,16,treesat_exact,0.07529999129474163,1.5857302242679667,1
digits_0_vs_1,11,16,nearest_neighbor,0.020099978428333998,7.25966522948097,1
digits_0_vs_1,11,16,random_search,0.6732000038027763,4.906430644362798,1
digits_0_vs_1,11,17,treesat_exact,0.06089999806135893,0.09753170900736596,1
digits_0_vs_1,11,17,nearest_neighbor,0.017900019884109497,8.478674173951479,1
digits_0_vs_1,11,17,random_search,0.6169000116642565,0.5809824261902028,1
digits_0_vs_1,11,18,treesat_exact,0.061400001868605614,0.09753170900736596,1
digits_0_vs_1,11,18,nearest_neighbor,0.016299978597089648,8.806323193377224,1
digits_0_vs_1,11,18,random_search,0.5840999947395176,0.6749489394129979,1
digits_0_vs_1,11,19,treesat_exact,0.05979998968541622,0.09753170900736596,1
digits_0_vs_1,11,19,nearest_neighbor,0.01650000922381878,8.766791950594849,1
digits_0_vs_1,11,19,random_search,0.5839999939780682,0.4270432043219368,1
digits_0_vs_1,11,20,treesat_exact,0.06130000110715628,0.09753170900736596,1
digits_0_vs_1,11,20,nearest_neighbor,0.016600009985268116,8.814711622852128,1
digits_0_vs_1,11,20,random_search,0.5890000029467046,0.3980935871195974,1
digits_0_vs_1,11,21,treesat_exact,0.062000006437301636,2.1372885690905084,1
digits_0_vs_1,11,21,nearest_neighbor,0.018099992303177714,11.165420758299875,1
digits_0_vs_1,11,21,random_search,0.5410000158008188,7.74401910244428,1
digits_0_vs_1,11,22,treesat_exact,0.06319998647086322,0.09753170900736596,1
digits_0_vs_1,11,22,nearest_neighbor,0.017600017599761486,10.67191660301211,1
digits_0_vs_1,11,22,random_search,0.5743999790865928,0.3762965779206046,1
digits_0_vs_1,11,23,treesat_exact,0.054500007536262274,0.09753170900736596,1
digits_0_vs_1,11,23,nearest_neighbor,0.015300000086426735,9.17675276363856,1
digits_0_vs_1,11,23,random_search,0.5768999981228262,0.39441072490319246,1
digits_0_vs_1,11,24,treesat_exact,0.06729998858645558,1.1720614656510606,1
digits_0_vs_1,11,24,nearest_neighbor,0.01920000067912042,7.647796081626138,1
digits_0_vs_1,11,24,random_search,0.6690000009257346,6.235213899616001,1
digits_0_vs_1,11,25,treesat_exact,0.06710001616738737,0.09753170900736596,1
digits_0_vs_1,11,25,nearest_neighbor,0.017999991541728377,9.155070173583841,1
digits_0_vs_1,11,25,random_search,0.6619000050704926,0.6428599499450793,1
digits_0_vs_1,11,26,treesat_exact,0.05910001345910132,0.6205031208285189,1
digits_0_vs_1,11,26,nearest_neighbor,0.016299978597089648,7.19037041006708,1
digits_0_vs_1,11,26,random_search,0.5954000225756317,2.731745337052679,1
digits_0_vs_1,11,27,treesat_exact,0.06130000110715628,0.09753170900736596,1
digits_0_vs_1,11,27,nearest_neighbor,0.016000005416572094,8.623521546393045,1
digits_0_vs_1,11,27,random_search,0.5855999770574272,0.3729667228607025,1
digits_0_vs_1,11,28,treesat_exact,0.053800002206116915,2.1372885690905084,1
digits_0_vs_1,11,28,nearest_neighbor,0.014500023098662496,7.177432473427773,1
digits_0_vs_1,11,28,random_search,0.5300000193528831,8.565087824501203,1
digits_0_vs_1,11,29,treesat_exact,0.05290002445690334,2.1372885690905084,1
digits_0_vs_1,11,29,nearest_neighbor,0.01409999094903469,6.844491706953119,1
digits_0_vs_1,11,29,random_search,0.5193999968469143,6.513556893920573,1
digits_0_vs_1,12,0,treesat_exact,0.08070000330917537,0.20261319262306804,1
digits_0_vs_1,12,0,nearest_neighbor,0.022299995180219412,7.693744640536406,1
digits_0_vs_1,12,0,random_search,0.595899997279048,0.6251442747772936,1
digits_0_vs_1,12,1,treesat_exact,0.05940001574344933,0.6078375559826448,1
digits_0_vs_1,12,1,nearest_neighbor,0.014999997802078724,8.642877590690837,1
digits_0_vs_1,12,1,random_search,0.5347000260371715,2.5087648200389854,1
digits_0_vs_1,12,2,treesat_exact,0.05400000372901559,0.6078365340960854,1
digits_0_vs_1,12,2,nearest_neighbor,0.014899997040629387,12.294752479624476,1
digits_0_vs_1,12,2,random_search,0.5306000239215791,2.7587774824409332,1
digits_0_vs_1,12,3,treesat_exact,0.05750000127591193,0.6078375559826448,1
digits_0_vs_1,12,3,nearest_neighbor,0.014399993233382702,8.788080516041482,1
digits_0_vs_1,12,3,random_search,0.5342999938875437,2.3011749809852273,1
digits_0_vs_1,12,4,treesat_exact,0.05329999839887023,1.2871875483360602,1
digits_0_vs_1,12,4,nearest_neighbor,0.014299992471933365,8.184505684829272,1
digits_0_vs_1,12,4,random_search,0.5259999888949096,7.938888775481208,1
digits_0_vs_1,12,5,treesat_exact,0.06079999729990959,0.6078375559826448,1
digits_0_vs_1,12,5,nearest_neighbor,0.014599994756281376,8.86219263240678,1
digits_0_vs_1,12,5,random_search,0.530699995579198,2.4795339362015136,1
digits_0_vs_1,12,6,treesat_exact,0.05119998240843415,1.5533600486017645,1
digits_0_vs_1,12,6,nearest_neighbor,0.013900018529966474,8.899364721359339,1
digits_0_vs_1,12,6,random_search,0.5140999855939299,5.3794470550553966,1
digits_0_vs_1,12,7,treesat_exact,0.055599986808374524,0.6078375559826448,1
digits_0_vs_1,12,7,nearest_neighbor,0.013999990187585354,9.403365015104127,1
digits_0_vs_1,12,7,random_search,0.5851000023540109,2.8777315293054446,1
digits_0_vs_1,12,8,treesat_exact,0.05609999061562121,0.6078375559826448,1
digits_0_vs_1,12,8,nearest_neighbor,0.014399993233382702,8.996492022455163,1
digits_0_vs_1,12,8,random_search,0.5284999788273126,2.7623939304011063,1
digits_0_vs_1,12,9,treesat_exact,0.0509000092279166,1.418285260815239,1
digits_0_vs_1,12,9,nearest_neighbor,0.013899989426136017,7.626259815833015,1
digits_0_vs_1,12,9,random_search,0.5262999911792576,3.135602821566519,1
digits_0_vs_1,12,10,treesat_exact,0.05080000846646726,1.418285260815239,1
digits_0_vs_1,12,10,nearest_neighbor,0.013600016245618463,13.091216960975206,1
digits_0_vs_1,12,10,random_search,0.511800026288256,4.662811940443718,1
digits_0_vs_1,12,11,treesat_exact,0.04939999780617654,1.5533600486017645,1
digits_0_vs_1,12,11,nearest_neighbor,0.013900018529966474,6.512169882028218,1
digits_0_vs_1,12,11,random_search,0.5234999989625067,5.780917028316274,1
digits_0_vs_1,12,12,treesat_exact,0.04919999628327787,1.1481356852421878,1
digits_0_vs_1,12,12,nearest_neighbor,0.013699987903237343,16.755549728779318,1
digits_0_vs_1,12,12,random_search,0.5256999866105616,2.9591452489647234,1
digits_0_vs_1,12,13,treesat_exact,0.05080000846646726,1.5533600486017645,1
digits_0_vs_1,12,13,nearest_neighbor,0.013599987141788006,11.613521137497354,1
digits_0_vs_1,12,13,random_search,0.5085000011604279,7.6759428358871435,1
digits_0_vs_1,12,14,treesat_exact,0.04939999780617654,0.06753738294998313,1
digits_0_vs_1,12,14,nearest_neighbor,0.013499986380338669,11.641827735286704,1
digits_0_vs_1,12,14,random_search,0.5481000116560608,0.3549914525672575,1
digits_0_vs_1,12,15,treesat_exact,0.05060000694356859,0.4727617463095599,1
digits_0_vs_1,12,15,nearest_neighbor,0.01409999094903469,13.103834832703994,1
digits_0_vs_1,12,15,random_search,0.5423999973572791,1.6699224804747594,1
digits_0_vs_1,12,16,treesat_exact,0.05569998756982386,0.6078375559826448,1
digits_0_vs_1,12,16,nearest_neighbor,0.014599994756281376,10.436482655464495,1
digits_0_vs_1,12,16,random_search,0.5208999791648239,2.8014222332488705,1
digits_0_vs_1,12,17,treesat_exact,0.05460000829771161,0.6078375559826448,1
digits_0_vs_1,12,17,nearest_neighbor,0.013500015484169126,8.312348976792713,1
digits_0_vs_1,12,17,random_search,0.52299999515526,2.873546426276462,1
digits_0_vs_1,12,18,treesat_exact,0.057600002037361264,0.6078375559826448,1
digits_0_vs_1,12,18,nearest_neighbor,0.013500015484169126,8.57041590925583,1
digits_0_vs_1,12,18,random_search,0.5271999980323017,2.7577092685855065,1
digits_0_vs_1,12,19,treesat_exact,0.05020000389777124,1.5533600486017645,1
digits_0_vs_1,12,19,nearest_neighbor,0.013599987141788006,8.446762431826661,1
digits_0_vs_1,12,19,random_search,7.034600013867021,5.193211422463681,1
digits_0_vs_1,12,20,treesat_exact,0.8342000073753297,1.418285260815239,1
digits_0_vs_1,12,20,nearest_neighbor,0.22410001838579774,8.79254210208717,1
digits_0_vs_1,12,20,random_search,4.265299998223782,7.739196946979462,1
digits_0_vs_1,12,21,treesat_exact,0.06510000093840063,0.8511176090436179,1
digits_0_vs_1,12,21,nearest_neighbor,0.020500010577961802,11.558163466319789,1
digits_0_vs_1,12,21,random_search,0.6151999987196177,5.693588969030585,1
digits_0_vs_1,12,22,treesat_exact,0.06739998934790492,0.6078375559826448,1
digits_0_vs_1,12,22,nearest_neighbor,0.019700004486367106,9.875113777459626,1
digits_0_vs_1,12,22,random_search,0.5488000169862062,2.6496920054039843,1
digits_0_vs_1,12,23,treesat_exact,0.05390000296756625,1.5826969266227344,1
digits_0_vs_1,12,23,nearest_neighbor,0.014499993994832039,8.403848862416659,1
digits_0_vs_1,12,23,random_search,1.3889999827370048,8.041239159436858,1
digits_0_vs_1,12,24,treesat_exact,0.07800001185387373,0.6078375559826448,1
digits_0_vs_1,12,24,nearest_neighbor,0.09910002700053155,8.792033418909186,1
digits_0_vs_1,12,24,random_search,0.8893999911379069,2.7711661700548955,1
digits_0_vs_1,12,25,treesat_exact,0.07179999374784529,0.6078375559826448,1
digits_0_vs_1,12,25,nearest_neighbor,0.020100007532164454,9.327982478900186,1
digits_0_vs_1,12,25,random_search,0.5761999927926809,2.6079244274196127,1
digits_0_vs_1,12,26,treesat_exact,0.06160000339150429,0.4727627681961191,1
digits_0_vs_1,12,26,nearest_neighbor,0.015199999324977398,8.255424198601327,1
digits_0_vs_1,12,26,random_search,0.5536999960895628,1.4048873217082705,1
digits_0_vs_1,12,27,treesat_exact,0.05810000584460795,0.6078375559826448,1
digits_0_vs_1,12,27,nearest_neighbor,0.014499993994832039,11.586564238974425,1
digits_0_vs_1,12,27,random_search,0.5434999766293913,2.745294393881425,1
digits_0_vs_1,12,28,treesat_exact,0.05819997750222683,0.6078375559826448,1
digits_0_vs_1,12,28,nearest_neighbor,0.014499993994832039,7.6971203079248065,1
digits_0_vs_1,12,28,random_search,0.5362000083550811,2.3664419818903464,1
digits_0_vs_1,12,29,treesat_exact,0.053599971579387784,1.013060897455662,1
digits_0_vs_1,12,29,nearest_neighbor,0.016999983927235007,8.046037842809115,1
digits_0_vs_1,12,29,random_search,0.5252999835647643,5.01377473124714,1
digits_0_vs_1,13,0,treesat_exact,0.07139999070204794,1.5818449793316247,1
digits_0_vs_1,13,0,nearest_neighbor,0.022100022761151195,7.694799810138166,1
digits_0_vs_1,13,0,random_search,0.5865999846719205,5.416809421548219,1
digits_0_vs_1,13,1,treesat_exact,0.06160000339150429,0.6189838092940321,1
digits_0_vs_1,13,1,nearest_neighbor,0.01659998088143766,9.502682536128175,1
digits_0_vs_1,13,1,random_search,0.5555999814532697,1.7574401699191773,1
digits_0_vs_1,13,2,treesat_exact,0.05299999611452222,1.5818449793316247,1
digits_0_vs_1,13,2,nearest_neighbor,0.014999997802078724,9.350796731063388,1
digits_0_vs_1,13,2,random_search,0.5190999945625663,5.612017053817259,1
digits_0_vs_1,13,3,treesat_exact,0.05699999746866524,0.6189838092940321,1
digits_0_vs_1,13,3,nearest_neighbor,0.014699995517730713,8.520457274570681,1
digits_0_vs_1,13,3,random_search,0.5390000005718321,2.606291821588614,1
digits_0_vs_1,13,4,treesat_exact,0.05530001362785697,0.6189838092940321,1
digits_0_vs_1,13,4,nearest_neighbor,0.014399993233382702,10.351003015611917,1
digits_0_vs_1,13,4,random_search,0.5911000189371407,2.4545996332860747,1
digits_0_vs_1,13,5,treesat_exact,0.0619000056758523,0.6189838092940321,1
digits_0_vs_1,13,5,nearest_neighbor,0.015600002370774746,8.527879912324165,1
digits_0_vs_1,13,5,random_search,0.538699998287484,2.600871196470337,1
digits_0_vs_1,13,6,treesat_exact,0.06990000838413835,0.8940862953861068,1
digits_0_vs_1,13,6,nearest_neighbor,0.01889999839477241,10.810210157065306,1
digits_0_vs_1,13,6,random_search,0.5378000205382705,5.132615269642539,1
digits_0_vs_1,13,7,treesat_exact,0.05269999383017421,0.7565345585970034,1
digits_0_vs_1,13,7,nearest_neighbor,0.01400001929141581,7.867929067608026,1
digits_0_vs_1,13,7,random_search,0.5625000048894435,4.968999259364429,1
digits_0_vs_1,13,8,treesat_exact,0.05830000736750662,0.6189838092940321,1
digits_0_vs_1,13,8,nearest_neighbor,0.015199999324977398,8.261379354080102,1
digits_0_vs_1,13,8,random_search,0.5490999901667237,2.964319918629965,1
digits_0_vs_1,13,9,treesat_exact,0.052800023695454,1.0316380321752103,1
digits_0_vs_1,13,9,nearest_neighbor,0.014599994756281376,10.529312689565119,1
digits_0_vs_1,13,9,random_search,0.5190999945625663,4.701525893278314,1
digits_0_vs_1,13,10,treesat_exact,0.05649999366141856,0.6189838092940321,1
digits_0_vs_1,13,10,nearest_neighbor,0.05299999611452222,6.9232888027581065,1
digits_0_vs_1,13,10,random_search,0.8291999984066933,2.3605362798384504,1
digits_0_vs_1,13,11,treesat_exact,0.06580000626854599,1.5818449793316247,1
digits_0_vs_1,13,11,nearest_neighbor,0.01990000600926578,7.843552119031459,1
digits_0_vs_1,13,11,random_search,0.5415999912656844,7.5554818966122745,1
digits_0_vs_1,13,12,treesat_exact,0.0625999819021672,0.6189838092940321,1
digits_0_vs_1,13,12,nearest_neighbor,0.01759998849593103,7.9197629891627574,1
digits_0_vs_1,13,12,random_search,0.5397000059019774,2.4267620835577577,1
digits_0_vs_1,13,13,treesat_exact,0.05319999763742089,1.5818449793316247,1
digits_0_vs_1,13,13,nearest_neighbor,0.014899997040629387,6.568331977616599,1
digits_0_vs_1,13,13,random_search,0.5361000075936317,5.644055440931471,1
digits_0_vs_1,13,14,treesat_exact,0.05590001819655299,1.5818449793316247,1
digits_0_vs_1,13,14,nearest_neighbor,0.014499993994832039,8.360658486201602,1
digits_0_vs_1,13,14,random_search,0.5187999922782183,5.687115894240013,1
digits_0_vs_1,13,15,treesat_exact,0.0509000092279166,1.743425541983007,1
digits_0_vs_1,13,15,nearest_neighbor,0.014199991710484028,8.230194732167096,1
digits_0_vs_1,13,15,random_search,0.506900018081069,8.504559453945642,1
digits_0_vs_1,13,16,treesat_exact,0.05740000051446259,0.6189838092940321,1
digits_0_vs_1,13,16,nearest_neighbor,0.014200020814314485,9.520061238678496,1
digits_0_vs_1,13,16,random_search,0.5443000118248165,3.2969548498116374,1
digits_0_vs_1,13,17,treesat_exact,0.05140001303516328,1.5818449793316247,1
digits_0_vs_1,13,17,nearest_neighbor,0.014399993233382702,8.314873404514424,1
digits_0_vs_1,13,17,random_search,0.5210000090301037,5.482778686297211,1
digits_0_vs_1,13,18,treesat_exact,0.05590001819655299,0.6189838092940321,1
digits_0_vs_1,13,18,nearest_neighbor,0.01409999094903469,7.279303536941384,1
digits_0_vs_1,13,18,random_search,0.525100011145696,2.679146718543229,1
digits_0_vs_1,13,19,treesat_exact,0.05080000846646726,0.7112724889962457,1
digits_0_vs_1,13,19,nearest_neighbor,0.013999990187585354,7.630045533498028,1
digits_0_vs_1,13,19,random_search,0.5698000022675842,2.6034032572782917,1
digits_0_vs_1,13,20,treesat_exact,0.05250002141110599,1.0316380321752103,1
digits_0_vs_1,13,20,nearest_neighbor,0.01400001929141581,8.861508592866057,1
digits_0_vs_1,13,20,random_search,0.5292000132612884,5.1823290535360025,1
digits_0_vs_1,13,21,treesat_exact,0.056500022765249014,0.6189838092940321,1
digits_0_vs_1,13,21,nearest_neighbor,0.014399993233382702,8.48187682329969,1
digits_0_vs_1,13,21,random_search,0.5403000104706734,2.537684565554684,1
digits_0_vs_1,13,22,treesat_exact,0.052099989261478186,1.5818449793316247,1
digits_0_vs_1,13,22,nearest_neighbor,0.014199991710484028,7.113969427735776,1
digits_0_vs_1,13,22,random_search,0.5174999823793769,4.772038828058631,1
digits_0_vs_1,13,23,treesat_exact,0.05649999366141856,0.6189838092940321,1
digits_0_vs_1,13,23,nearest_neighbor,0.01409999094903469,8.728676820338572,1
digits_0_vs_1,13,23,random_search,0.5681999900843948,4.57654475410098,1
digits_0_vs_1,13,24,treesat_exact,0.05289999535307288,1.743425541983007,1
digits_0_vs_1,13,24,nearest_neighbor,0.014500023098662496,8.035462512970863,1
digits_0_vs_1,13,24,random_search,0.5214999837335199,8.484740195149618,1
digits_0_vs_1,13,25,treesat_exact,0.0501000031363219,1.444293242542521,1
digits_0_vs_1,13,25,nearest_neighbor,0.013699987903237343,7.896984364560537,1
digits_0_vs_1,13,25,random_search,0.582600012421608,4.5703614756770525,1
digits_0_vs_1,13,26,treesat_exact,0.056500022765249014,0.7565345585970034,1
digits_0_vs_1,13,26,nearest_neighbor,0.015300000086426735,8.046844735452835,1
digits_0_vs_1,13,26,random_search,0.5332999862730503,2.6658198964151487,1
digits_0_vs_1,13,27,treesat_exact,0.06029999349266291,0.6189838092940321,1
digits_0_vs_1,13,27,nearest_neighbor,0.014900026144459844,9.785331142807133,1
digits_0_vs_1,13,27,random_search,0.6031000229995698,2.7961080333708836,1
digits_0_vs_1,13,28,treesat_exact,0.054100004490464926,1.498289840004524,1
digits_0_vs_1,13,28,nearest_neighbor,0.014899997040629387,8.547989509088183,1
digits_0_vs_1,13,28,random_search,0.5178999854251742,8.614965505459372,1
digits_0_vs_1,13,29,treesat_exact,0.05050000618211925,1.444293242542521,1
digits_0_vs_1,13,29,nearest_neighbor,0.01409999094903469,11.660822169466897,1
digits_0_vs_1,13,29,random_search,0.5118999979458749,5.662613418330473,1
digits_0_vs_1,14,0,treesat_exact,0.08200001320801675,1.7331959218329005,1
digits_0_vs_1,14,0,nearest_neighbor,0.02649999805726111,7.883345631060505,1
digits_0_vs_1,14,0,random_search,0.5878999945707619,4.659050070762722,1
digits_0_vs_1,14,1,treesat_exact,0.05679999594576657,1.7331959218329005,1
digits_0_vs_1,14,1,nearest_neighbor,0.01610000617802143,7.592572117975954,1
digits_0_vs_1,14,1,random_search,0.5364000098779798,7.300166549901225,1
digits_0_vs_1,14,2,treesat_exact,0.054899981478229165,1.7331959218329005,1
digits_0_vs_1,14,2,nearest_neighbor,0.016900012269616127,7.828803053138595,1
digits_0_vs_1,14,2,random_search,0.5244000058155507,4.990090879356099,1
digits_0_vs_1,14,3,treesat_exact,0.058600009651854634,0.4852958396068973,1
digits_0_vs_1,14,3,nearest_neighbor,0.015400000847876072,9.036963631548371,1
digits_0_vs_1,14,3,random_search,0.5358999769669026,2.6639410484768025,1
digits_0_vs_1,14,4,treesat_exact,0.05229999078437686,1.7331959218329005,1
digits_0_vs_1,14,4,nearest_neighbor,0.014499993994832039,7.299326134588433,1
digits_0_vs_1,14,4,random_search,0.5252000119071454,7.904893770394971,1
digits_0_vs_1,14,5,treesat_exact,0.05139998393133283,1.7331959218329005,1
digits_0_vs_1,14,5,nearest_neighbor,0.014900026144459844,7.110433156287821,1
digits_0_vs_1,14,5,random_search,0.510600017150864,6.446733631268661,1
digits_0_vs_1,14,6,treesat_exact,0.06719998782500625,0.4852958396068973,1
digits_0_vs_1,14,6,nearest_neighbor,0.014999997802078724,8.278136763165362,1
digits_0_vs_1,14,6,random_search,0.527600001078099,1.366261794694982,1
digits_0_vs_1,14,7,treesat_exact,0.05529998452402651,0.4852958396068973,1
digits_0_vs_1,14,7,nearest_neighbor,0.024500011932104826,8.313563275156984,1
digits_0_vs_1,14,7,random_search,0.5438000080175698,1.303168029865991,1
digits_0_vs_1,14,8,treesat_exact,0.05729999975301325,0.4852958396068973,1
digits_0_vs_1,14,8,nearest_neighbor,0.014599994756281376,7.636331486748948,1
digits_0_vs_1,14,8,random_search,0.5340000207070261,2.7441771861059028,1
digits_0_vs_1,14,9,treesat_exact,0.05500001134350896,0.4852958396068973,1
digits_0_vs_1,14,9,nearest_neighbor,0.014199991710484028,10.141294988413504,1
digits_0_vs_1,14,9,random_search,0.5234999989625067,2.638399404668016,1
digits_0_vs_1,14,10,treesat_exact,0.057900004321709275,0.4852958396068973,1
digits_0_vs_1,14,10,nearest_neighbor,0.014399993233382702,9.215711583476843,1
digits_0_vs_1,14,10,random_search,0.5177999846637249,2.847030971770462,1
digits_0_vs_1,14,11,treesat_exact,0.054500007536262274,0.34664016701691,1
digits_0_vs_1,14,11,nearest_neighbor,0.013999990187585354,6.465164590639931,1
digits_0_vs_1,14,11,random_search,0.5560000136028975,1.3975548299868472,1
digits_0_vs_1,14,12,treesat_exact,0.05699999746866524,1.1785732314729511,1
digits_0_vs_1,14,12,nearest_neighbor,0.01650000922381878,7.694590158566068,1
digits_0_vs_1,14,12,random_search,0.5905000143684447,5.317738799933011,1
digits_0_vs_1,14,13,treesat_exact,0.06220000796020031,0.4852958396068973,1
digits_0_vs_1,14,13,nearest_neighbor,0.015700003132224083,8.975908066957464,1
digits_0_vs_1,14,13,random_search,0.5867000145372003,2.660247678249446,1
digits_0_vs_1,14,14,treesat_exact,0.06080002640374005,0.4852958396068973,1
digits_0_vs_1,14,14,nearest_neighbor,0.015400000847876072,8.878825529492065,1
digits_0_vs_1,14,14,random_search,0.5967000033706427,1.2657845429793566,1
digits_0_vs_1,14,15,treesat_exact,0.061700004152953625,0.4852958396068973,1
digits_0_vs_1,14,15,nearest_neighbor,0.016299978597089648,8.689432450076607,1
digits_0_vs_1,14,15,random_search,0.5636000132653862,2.6227091828749978,1
digits_0_vs_1,14,16,treesat_exact,0.05119998240843415,1.3172289040629384,1
digits_0_vs_1,14,16,nearest_neighbor,0.01379998866468668,7.930991117127555,1
digits_0_vs_1,14,16,random_search,0.5179999861866236,5.171197112839655,1
digits_0_vs_1,14,17,treesat_exact,0.05060000694356859,0.9267046312411412,1
digits_0_vs_1,14,17,nearest_neighbor,0.01409999094903469,8.413551977483156,1
digits_0_vs_1,14,17,random_search,0.5172000091988593,6.280893918728009,1
digits_0_vs_1,14,18,treesat_exact,0.04959999932907522,0.6239505411130016,1
digits_0_vs_1,14,18,nearest_neighbor,0.013800017768517137,8.514974696129345,1
digits_0_vs_1,14,18,random_search,0.5356999754440039,1.4266353431248706,1
digits_0_vs_1,14,19,treesat_exact,0.04879999323748052,0.9012618862929764,1
digits_0_vs_1,14,19,nearest_neighbor,0.014199991710484028,11.109952530266765,1
digits_0_vs_1,14,19,random_search,0.5107000179123133,4.824418555921501,1
digits_0_vs_1,14,20,treesat_exact,0.055500015150755644,0.4852958396068973,1
digits_0_vs_1,14,20,nearest_neighbor,0.013999990187585354,8.040440141774223,1
digits_0_vs_1,14,20,random_search,0.5825999833177775,2.7181872937922926,1
digits_0_vs_1,14,21,treesat_exact,0.05569998756982386,1.7331959218329005,1
digits_0_vs_1,14,21,nearest_neighbor,0.03239998477511108,8.518985142025537,1
digits_0_vs_1,14,21,random_search,0.8737000171095133,7.924393894102094,1
digits_0_vs_1,14,22,treesat_exact,0.07499998901039362,0.4852958396068973,1
digits_0_vs_1,14,22,nearest_neighbor,0.022499996703118086,9.085081231934831,1
digits_0_vs_1,14,22,random_search,0.5763999943155795,2.628471955352442,1
digits_0_vs_1,14,23,treesat_exact,0.05959998816251755,1.4558845766529258,1
digits_0_vs_1,14,23,nearest_neighbor,0.016200006939470768,7.672251409772304,1
digits_0_vs_1,14,23,random_search,2.431000000797212,5.270261063548595,1
digits_0_vs_1,14,24,treesat_exact,0.3121999907307327,1.7331959218329005,1
digits_0_vs_1,14,24,nearest_neighbor,0.08430000161752105,6.640979543387971,1
digits_0_vs_1,14,24,random_search,2.851500001270324,8.129319202134777,1
digits_0_vs_1,14,25,treesat_exact,0.298700004350394,0.4852958396068973,1
digits_0_vs_1,14,25,nearest_neighbor,0.07460001506842673,8.663754206713476,1
digits_0_vs_1,14,25,random_search,2.9261999879963696,1.3206626371542232,1
digits_0_vs_1,14,26,treesat_exact,0.2841999812517315,0.4852958396068973,1
digits_0_vs_1,14,26,nearest_neighbor,0.0633999879937619,9.58870295239802,1
digits_0_vs_1,14,26,random_search,2.035300014540553,2.473714440855978,1
digits_0_vs_1,14,27,treesat_exact,0.2015999925788492,0.4852958396068973,1
digits_0_vs_1,14,27,nearest_neighbor,0.0515999854542315,9.194981220769268,1
digits_0_vs_1,14,27,random_search,1.6373000107705593,1.379027072662466,1
digits_0_vs_1,14,28,treesat_exact,0.10110001312568784,1.7331959218329005,1
digits_0_vs_1,14,28,nearest_neighbor,0.02910001785494387,7.415397815770935,1
digits_0_vs_1,14,28,random_search,0.6490999949164689,5.954048468055967,1
digits_0_vs_1,14,29,treesat_exact,0.05319999763742089,1.1321396484060375,1
digits_0_vs_1,14,29,nearest_neighbor,0.01470002462156117,9.631160912119693,1
digits_0_vs_1,14,29,random_search,0.5298000178299844,5.595272313705546,1
digits_0_vs_1,15,0,treesat_exact,0.06920000305399299,1.4431585258210218,1
digits_0_vs_1,15,0,nearest_neighbor,0.020400009816512465,7.643746373680455,1
digits_0_vs_1,15,0,random_search,0.5508000031113625,4.527772513226279,1
digits_0_vs_1,15,1,treesat_exact,0.059900019550696015,0.4810538653269962,1
digits_0_vs_1,15,1,nearest_neighbor,0.017999991541728377,8.101738997463396,1
digits_0_vs_1,15,1,random_search,0.5441000103019178,2.5845090157817108,1
digits_0_vs_1,15,2,treesat_exact,0.0585000088904053,0.4810538653269962,1
digits_0_vs_1,15,2,nearest_neighbor,0.014599994756281376,7.207017230492348,1
digits_0_vs_1,15,2,random_search,0.5243000050541013,2.6931010360481933,1
digits_0_vs_1,15,3,treesat_exact,0.05120001151226461,0.8933838426358737,1
digits_0_vs_1,15,3,nearest_neighbor,0.014999997802078724,7.461828402608638,1
digits_0_vs_1,15,3,random_search,0.5209999799262732,2.966895938293194,1
digits_0_vs_1,15,4,treesat_exact,0.05520001286640763,0.4810538653269962,1
digits_0_vs_1,15,4,nearest_neighbor,0.013999990187585354,8.29370273462198,1
digits_0_vs_1,15,4,random_search,0.5315000016707927,2.6437671461111556,1
digits_0_vs_1,15,5,treesat_exact,0.05169998621568084,1.7180458674135954,1
digits_0_vs_1,15,5,nearest_neighbor,0.014999997802078724,7.42690203742027,1
digits_0_vs_1,15,5,random_search,0.520800007507205,6.4211823045798555,1
digits_0_vs_1,15,6,treesat_exact,0.05830000736750662,0.4810538653269962,1
digits_0_vs_1,15,6,nearest_neighbor,0.014200020814314485,8.649749245647008,1
digits_0_vs_1,15,6,random_search,0.5200000014156103,2.5700007835825813,1
digits_0_vs_1,15,7,treesat_exact,0.05390000296756625,0.4810538653269962,1
digits_0_vs_1,15,7,nearest_neighbor,0.01379998866468668,9.692199269055273,1
digits_0_vs_1,15,7,random_search,0.5277000018395483,2.6462012819834553,1
digits_0_vs_1,15,8,treesat_exact,0.054500007536262274,0.06872285293813524,1
digits_0_vs_1,15,8,nearest_neighbor,0.014199991710484028,5.953997989445682,1
digits_0_vs_1,15,8,random_search,0.6063000182621181,0.38243210553156404,1
digits_0_vs_1,15,9,treesat_exact,0.0610999995842576,0.4810538653269962,1
digits_0_vs_1,15,9,nearest_neighbor,0.01479999627918005,8.62663216587388,1
digits_0_vs_1,15,9,random_search,0.5379999929573387,1.6021378066888008,1
digits_0_vs_1,15,10,treesat_exact,0.06930000381544232,0.4810538653269962,1
digits_0_vs_1,15,10,nearest_neighbor,0.020800012862309813,6.651079600282255,1
digits_0_vs_1,15,10,random_search,0.5422999965958297,2.64488572946977,1
digits_0_vs_1,15,11,treesat_exact,0.056800025049597025,0.4810538653269962,1
digits_0_vs_1,15,11,nearest_neighbor,0.015300000086426735,8.740519905167185,1
digits_0_vs_1,15,11,random_search,0.5335999885573983,1.6910482498926338,1
digits_0_vs_1,15,12,treesat_exact,0.054899981478229165,0.4810538653269962,1
digits_0_vs_1,15,12,nearest_neighbor,0.014199991710484028,9.442145547954032,1
digits_0_vs_1,15,12,random_search,0.5298999894876033,2.80243117931633,1
digits_0_vs_1,15,13,treesat_exact,0.054800009820610285,0.4810538653269962,1
digits_0_vs_1,15,13,nearest_neighbor,0.014100020052865148,8.365020271089637,1
digits_0_vs_1,15,13,random_search,0.525799987372011,1.401594247961578,1
digits_0_vs_1,15,14,treesat_exact,0.054800009820610285,0.4810538653269962,1
digits_0_vs_1,15,14,nearest_neighbor,0.014800025383010507,9.038732670362224,1
digits_0_vs_1,15,14,random_search,0.5347999976947904,1.7964771355275209,1
digits_0_vs_1,15,15,treesat_exact,0.05439997767098248,0.4810538653269962,1
digits_0_vs_1,15,15,nearest_neighbor,0.01379998866468668,7.354523444182308,1
digits_0_vs_1,15,15,random_search,0.5422999965958297,1.5591360328628403,1
digits_0_vs_1,15,16,treesat_exact,0.18820000695995986,0.4810538653269962,1
digits_0_vs_1,15,16,nearest_neighbor,0.0405999890062958,7.610544017201941,1
digits_0_vs_1,15,16,random_search,0.9679000067990273,2.5133616396111855,1
digits_0_vs_1,15,17,treesat_exact,0.061400001868605614,0.4810538653269962,1
digits_0_vs_1,15,17,nearest_neighbor,0.015600002370774746,8.814250585493118,1
digits_0_vs_1,15,17,random_search,0.5512000061571598,2.7381385390768975,1
digits_0_vs_1,15,18,treesat_exact,0.05370000144466758,1.3494938245488801,1
digits_0_vs_1,15,18,nearest_neighbor,0.01479999627918005,8.777083005596342,1
digits_0_vs_1,15,18,random_search,0.519599998369813,8.853415568056846,1
digits_0_vs_1,15,19,treesat_exact,0.0577000027988106,0.4810538653269962,1
digits_0_vs_1,15,19,nearest_neighbor,0.015300000086426735,8.086647622114988,1
digits_0_vs_1,15,19,random_search,0.5303000216372311,2.417201899824687,1
digits_0_vs_1,15,20,treesat_exact,0.05260002217255533,0.20616548865443868,1
digits_0_vs_1,15,20,nearest_neighbor,0.014199991710484028,7.53739722299934,1
digits_0_vs_1,15,20,random_search,0.5423999973572791,0.7751101571769285,1
digits_0_vs_1,15,21,treesat_exact,0.051499984692782164,1.7180458674135954,1
digits_0_vs_1,15,21,nearest_neighbor,0.014499993994832039,7.891607873698789,1
digits_0_vs_1,15,21,random_search,0.5123000009916723,8.084177609251922,1
digits_0_vs_1,15,22,treesat_exact,0.04949999856762588,0.8933838426366798,1
digits_0_vs_1,15,22,nearest_neighbor,0.014300021575763822,10.331723043185312,1
digits_0_vs_1,15,22,random_search,0.5079999973531812,6.3735753690234604,1
digits_0_vs_1,15,23,treesat_exact,0.04949999856762588,1.3057148550247346,1
digits_0_vs_1,15,23,nearest_neighbor,0.014199991710484028,8.768995808459607,1
digits_0_vs_1,15,23,random_search,0.5278000026009977,5.589981326361278,1
digits_0_vs_1,15,24,treesat_exact,0.050499977078288794,1.4431585258210218,1
digits_0_vs_1,15,24,nearest_neighbor,0.01400001929141581,7.791592674386788,1
digits_0_vs_1,15,24,random_search,0.5106999888084829,5.296303104049554,1
digits_0_vs_1,15,25,treesat_exact,0.050000002374872565,1.7180458674135954,1
digits_0_vs_1,15,25,nearest_neighbor,0.01409999094903469,7.384628909277663,1
digits_0_vs_1,15,25,random_search,0.5170999793335795,6.698894352524198,1
digits_0_vs_1,15,26,treesat_exact,0.057199998991563916,0.4810538653269962,1
digits_0_vs_1,15,26,nearest_neighbor,0.014499993994832039,10.337443757037153,1
digits_0_vs_1,15,26,random_search,0.5249000096227974,2.1995302227379203,1
digits_0_vs_1,15,27,treesat_exact,0.04939999780617654,1.751549000856166,1
digits_0_vs_1,15,27,nearest_neighbor,0.01409999094903469,7.608458807808466,1
digits_0_vs_1,15,27,random_search,0.5031000182498246,9.077401236294628,1
digits_0_vs_1,15,28,treesat_exact,0.04840001929551363,0.706243740974817,1
digits_0_vs_1,15,28,nearest_neighbor,0.01409999094903469,10.288512673829992,1
digits_0_vs_1,15,28,random_search,0.5228000227361917,2.675885124982266,1
digits_0_vs_1,15,29,treesat_exact,0.049799971748143435,1.726482661973235,1
digits_0_vs_1,15,29,nearest_neighbor,0.014199991710484028,8.297514834918603,1
digits_0_vs_1,15,29,random_search,0.7119000074453652,9.12332622732086,1
digits_0_vs_1,16,0,treesat_exact,0.12410001363605261,0.48122221956472083,1
digits_0_vs_1,16,0,nearest_neighbor,0.025600020308047533,8.634611284845157,1
digits_0_vs_1,16,0,random_search,0.5866999854333699,2.534637444692262,1
digits_0_vs_1,16,1,treesat_exact,0.05970001802779734,0.48122221956472083,1
digits_0_vs_1,16,1,nearest_neighbor,0.014699995517730713,7.785785769193065,1
digits_0_vs_1,16,1,random_search,0.5363000091165304,2.61668225187453,1
digits_0_vs_1,16,2,treesat_exact,0.05549998604692519,,0
digits_0_vs_1,16,2,nearest_neighbor,0.05360000068321824,7.421042620031896,1
digits_0_vs_1,16,2,random_search,0.6408000190276653,7.051478701838097,1
digits_0_vs_1,16,3,treesat_exact,0.07740000728517771,0.48122221956472083,1
digits_0_vs_1,16,3,nearest_neighbor,0.03600001218728721,8.41565359704066,1
digits_0_vs_1,16,3,random_search,0.5604999896604568,2.408444001313935,1
digits_0_vs_1,16,4,treesat_exact,0.05729999975301325,,0
digits_0_vs_1,16,4,nearest_neighbor,0.019099999917671084,6.849830300934018,1
digits_0_vs_1,16,4,random_search,0.5422999965958297,9.495607622384107,1
digits_0_vs_1,16,5,treesat_exact,0.06029999349266291,0.48122221956472083,1
digits_0_vs_1,16,5,nearest_neighbor,0.01610000617802143,8.552301749974283,1
digits_0_vs_1,16,5,random_search,0.5285999795887619,2.6883624436662052,1
digits_0_vs_1,16,6,treesat_exact,0.0585000088904053,0.48122221956472083,1
digits_0_vs_1,16,6,nearest_neighbor,0.014399993233382702,7.269693050668466,1
digits_0_vs_1,16,6,random_search,0.5506000015884638,2.74275964684061,1
digits_0_vs_1,16,7,treesat_exact,0.06540000322274864,0.48122221956472083,1
digits_0_vs_1,16,7,nearest_neighbor,0.01479999627918005,7.292416208456826,1
digits_0_vs_1,16,7,random_search,0.5265999934636056,3.073314454675215,1
digits_0_vs_1,16,8,treesat_exact,0.056899996707215905,0.48122221956472083,1
digits_0_vs_1,16,8,nearest_neighbor,0.013900018529966474,8.704478215876517,1
digits_0_vs_1,16,8,random_search,0.543999980436638,2.5176132831299887,1
digits_0_vs_1,16,9,treesat_exact,0.05549998604692519,0.48122221956472083,1
digits_0_vs_1,16,9,nearest_neighbor,0.013699987903237343,11.137119843996107,1
digits_0_vs_1,16,9,random_search,0.5292000132612884,2.7050177860645572,1
digits_0_vs_1,16,10,treesat_exact,0.05670002428814769,0.48122221956472083,1
digits_0_vs_1,16,10,nearest_neighbor,0.013899989426136017,9.204803971509136,1
digits_0_vs_1,16,10,random_search,0.5439000087790191,1.487949832904667,1
digits_0_vs_1,16,11,treesat_exact,0.05240002064965665,,0
digits_0_vs_1,16,11,nearest_neighbor,0.013899989426136017,7.963463043230452,1
digits_0_vs_1,16,11,random_search,0.5087000026833266,7.574605577385078,1
digits_0_vs_1,16,12,treesat_exact,0.05560001591220498,0.48122221956472083,1
digits_0_vs_1,16,12,nearest_neighbor,0.014100020052865148,8.703017863959602,1
digits_0_vs_1,16,12,random_search,0.5409999866969883,2.523146520408498,1
digits_0_vs_1,16,13,treesat_exact,0.052799994591623545,,0
digits_0_vs_1,16,13,nearest_neighbor,0.013899989426136017,9.812874719482565,1
digits_0_vs_1,16,13,random_search,0.5161000008229166,6.68026739264294,1
digits_0_vs_1,16,14,treesat_exact,0.050700007705017924,,0
digits_0_vs_1,16,14,nearest_neighbor,0.013399985618889332,11.024680563805699,1
digits_0_vs_1,16,14,random_search,0.5103999865241349,6.946195646622992,1
digits_0_vs_1,16,15,treesat_exact,0.05390000296756625,,0
digits_0_vs_1,16,15,nearest_neighbor,0.013499986380338669,7.3239947467842175,1
digits_0_vs_1,16,15,random_search,0.530999997863546,5.177684523741616,1
digits_0_vs_1,16,16,treesat_exact,0.05080000846646726,,0
digits_0_vs_1,16,16,nearest_neighbor,0.01379998866468668,8.606780087595554,1
digits_0_vs_1,16,16,random_search,0.5082999996375293,5.549565024363354,1
digits_0_vs_1,16,17,treesat_exact,0.050700007705017924,,0
digits_0_vs_1,16,17,nearest_neighbor,0.0137000170070678,11.368931100480241,1
digits_0_vs_1,16,17,random_search,0.5749999836552888,10.239499697539598,1
digits_0_vs_1,16,18,treesat_exact,0.05630002124235034,,0
digits_0_vs_1,16,18,nearest_neighbor,0.015100027667358518,8.917774231162872,1
digits_0_vs_1,16,18,random_search,0.5882999976165593,,0
digits_0_vs_1,16,19,treesat_exact,0.057600002037361264,,0
digits_0_vs_1,16,19,nearest_neighbor,0.015400000847876072,6.9142160488526265,1
digits_0_vs_1,16,19,random_search,0.5229000234976411,5.263351502576164,1
digits_0_vs_1,16,20,treesat_exact,0.05830000736750662,0.48122221956472083,1
digits_0_vs_1,16,20,nearest_neighbor,0.014300021575763822,8.432731065125386,1
digits_0_vs_1,16,20,random_search,0.5458000232465565,1.5361169686109928,1
digits_0_vs_1,16,21,treesat_exact,0.298700004350394,0.48122221956472083,1
digits_0_vs_1,16,21,nearest_neighbor,0.03369999467395246,7.4533252820857685,1
digits_0_vs_1,16,21,random_search,0.846399983856827,1.562196458166766,1
digits_0_vs_1,16,22,treesat_exact,0.07849998655728996,0.48122221956472083,1
digits_0_vs_1,16,22,nearest_neighbor,0.023300002794712782,7.861453252178612,1
digits_0_vs_1,16,22,random_search,3.1895999854896218,2.4635081455169363,1
digits_0_vs_1,16,23,treesat_exact,0.5100999842397869,,0
digits_0_vs_1,16,23,nearest_neighbor,0.13620001845993102,10.67253355271756,1
digits_0_vs_1,16,23,random_search,3.927399986423552,5.603358766493788,1
digits_0_vs_1,16,24,treesat_exact,0.6703999824821949,0.48122221956472083,1
digits_0_vs_1,16,24,nearest_neighbor,0.10519998613744974,10.074409345736722,1
digits_0_vs_1,16,24,random_search,3.14250000519678,1.7024542082802712,1
digits_0_vs_1,16,25,treesat_exact,0.24210000992752612,,0
digits_0_vs_1,16,25,nearest_neighbor,0.0644999963697046,8.687341206797262,1
digits_0_vs_1,16,25,random_search,7.698700006585568,2.534345886651754,1
digits_0_vs_1,16,26,treesat_exact,0.9352999913971871,,0
digits_0_vs_1,16,26,nearest_neighbor,0.3958000161219388,8.258942701391378,1
digits_0_vs_1,16,26,random_search,7.872399990446866,6.069684852088583,1
digits_0_vs_1,16,27,treesat_exact,0.746000005165115,0.48122221956472083,1
digits_0_vs_1,16,27,nearest_neighbor,0.16739999409765005,8.297572704745305,1
digits_0_vs_1,16,27,random_search,1.087700016796589,2.4497422216709945,1
digits_0_vs_1,16,28,treesat_exact,0.06439999560825527,0.48122221956472083,1
digits_0_vs_1,16,28,nearest_neighbor,0.015199999324977398,7.703193052918976,1
digits_0_vs_1,16,28,random_search,0.5525999877136201,1.7562933908421876,1
digits_0_vs_1,16,29,treesat_exact,0.05910001345910132,0.17916236338029035,1
digits_0_vs_1,16,29,nearest_neighbor,0.014899997040629387,9.452015371461947,1
digits_0_vs_1,16,29,random_search,0.5570999928750098,0.7094130230333268,1
digits_0_vs_1,17,0,treesat_exact,0.07420001202262938,0.09831721936920529,1
digits_0_vs_1,17,0,nearest_neighbor,0.018999999156221747,7.836944030579865,1
digits_0_vs_1,17,0,random_search,0.5778000049758703,0.6829173474547757,1
digits_0_vs_1,17,1,treesat_exact,0.08700002217665315,,0
digits_0_vs_1,17,1,nearest_neighbor,0.014999997802078724,6.349253215206512,1
digits_0_vs_1,17,1,random_search,0.5972000071778893,5.919174350337018,1
digits_0_vs_1,17,2,treesat_exact,0.06139997276477516,0.09831721936920529,1
digits_0_vs_1,17,2,nearest_neighbor,0.015400000847876072,9.094991469790465,1
digits_0_vs_1,17,2,random_search,0.5583999736700207,0.6442690676052905,1
digits_0_vs_1,17,3,treesat_exact,0.08789999992586672,,0
digits_0_vs_1,17,3,nearest_neighbor,0.014399993233382702,11.608217411914973,1
digits_0_vs_1,17,3,random_search,0.5172000091988593,8.372219816037385,1
digits_0_vs_1,17,4,treesat_exact,0.05570001667365432,0.09831721936920529,1
digits_0_vs_1,17,4,nearest_neighbor,0.023300002794712782,8.386394985173117,1
digits_0_vs_1,17,4,random_search,0.5732999998144805,0.6180441748405714,1
digits_0_vs_1,17,5,treesat_exact,0.08930001058615744,,0
digits_0_vs_1,17,5,nearest_neighbor,0.014399993233382702,8.53925034647663,1
digits_0_vs_1,17,5,random_search,0.5286000086925924,3.3349802142775298,1
digits_0_vs_1,17,6,treesat_exact,0.055199983762577176,2.1439310721171045,1
digits_0_vs_1,17,6,nearest_neighbor,0.013999990187585354,7.963790583124586,1
digits_0_vs_1,17,6,random_search,0.520200002938509,7.18755100510702,1
digits_0_vs_1,17,7,treesat_exact,0.08450000314041972,,0
digits_0_vs_1,17,7,nearest_neighbor,0.01479999627918005,11.163445501180137,1
digits_0_vs_1,17,7,random_search,0.50970001029782,7.645789876874471,1
digits_0_vs_1,17,8,treesat_exact,0.05329999839887023,0.06987962055093488,1
digits_0_vs_1,17,8,nearest_neighbor,0.013899989426136017,6.839279526864673,1
digits_0_vs_1,17,8,random_search,0.5450000171549618,0.400974164691253,1
digits_0_vs_1,17,9,treesat_exact,0.0838999985717237,,0
digits_0_vs_1,17,9,nearest_neighbor,0.0137000170070678,7.862253636785063,1
digits_0_vs_1,17,9,random_search,1.0184000129811466,0.33575151593517066,1
digits_0_vs_1,17,10,treesat_exact,0.10810000821948051,2.1439310721171045,1
digits_0_vs_1,17,10,nearest_neighbor,0.030099996365606785,8.695558378118962,1
digits_0_vs_1,17,10,random_search,0.6391000060830265,8.012785853523326,1
digits_0_vs_1,17,11,treesat_exact,0.06989997928030789,0.09831721936920529,1
digits_0_vs_1,17,11,nearest_neighbor,0.22119999630376697,9.825760108584273,1
digits_0_vs_1,17,11,random_search,4.420999990543351,0.37756437192039183,1
digits_0_vs_1,17,12,treesat_exact,0.3357999958097935,1.0373860047682621,1
digits_0_vs_1,17,12,nearest_neighbor,0.08820000221021473,9.024353388576873,1
digits_0_vs_1,17,12,random_search,2.9870000144001096,2.9076584069577587,1
digits_0_vs_1,17,13,treesat_exact,0.3887999919243157,,0
digits_0_vs_1,17,13,nearest_neighbor,0.0638000201433897,9.670899299046665,1
digits_0_vs_1,17,13,random_search,2.0182000007480383,7.840380041733623,1
digits_0_vs_1,17,14,treesat_exact,0.20160002168267965,0.09831721936920529,1
digits_0_vs_1,17,14,nearest_neighbor,0.051099981646984816,7.324893812427908,1
digits_0_vs_1,17,14,random_search,2.4024999875109643,0.3701025472597736,1
digits_0_vs_1,17,15,treesat_exact,0.1959000073838979,2.1439310721171045,1
digits_0_vs_1,17,15,nearest_neighbor,0.04959999932907522,8.45778306017012,1
digits_0_vs_1,17,15,random_search,7.776500016916543,9.005460850270982,1
digits_0_vs_1,17,16,treesat_exact,0.999899988528341,,0
digits_0_vs_1,17,16,nearest_neighbor,0.2179000002797693,7.310609832015494,1
digits_0_vs_1,17,16,random_search,5.806600005598739,5.816346550445766,1
digits_0_vs_1,17,17,treesat_exact,0.49390000640414655,,0
digits_0_vs_1,17,17,nearest_neighbor,0.08339999476447701,7.577576467791397,1
digits_0_vs_1,17,17,random_search,2.370700007304549,6.408731724962073,1
digits_0_vs_1,17,18,treesat_exact,0.21999998716637492,0.09831721936920529,1
digits_0_vs_1,17,18,nearest_neighbor,0.056500022765249014,8.738487536427213,1
digits_0_vs_1,17,18,random_search,1.9829999946523458,0.38991356924407466,1
digits_0_vs_1,17,19,treesat_exact,0.22069999249652028,0.09831721936920529,1
digits_0_vs_1,17,19,nearest_neighbor,0.04880002234131098,8.845207285487108,1
digits_0_vs_1,17,19,random_search,1.721899985568598,0.29294198571999824,1
digits_0_vs_1,17,20,treesat_exact,0.1750999945215881,0.09831721936920529,1
digits_0_vs_1,17,20,nearest_neighbor,0.035699980799108744,6.6801300939517185,1
digits_0_vs_1,17,20,random_search,1.3689999759662896,0.6907971953978684,1
digits_0_vs_1,17,21,treesat_exact,0.1388999808114022,0.09831721936920529,1
digits_0_vs_1,17,21,nearest_neighbor,0.0344999716617167,8.57490993587508,1
digits_0_vs_1,17,21,random_search,1.2021999864373356,0.7591755080303565,1
digits_0_vs_1,17,22,treesat_exact,0.12019998393952847,0.09831721936920529,1
digits_0_vs_1,17,22,nearest_neighbor,0.032800016924738884,8.335597447065032,1
digits_0_vs_1,17,22,random_search,1.8324999837204814,0.6034596442826895,1
digits_0_vs_1,17,23,treesat_exact,0.1537000061944127,0.09831721936920529,1
digits_0_vs_1,17,23,nearest_neighbor,0.0405999890062958,8.917250810426602,1
digits_0_vs_1,17,23,random_search,1.0059000051114708,0.6063564080268086,1
digits_0_vs_1,17,24,treesat_exact,0.07880001794546843,0.06987962055093488,1
digits_0_vs_1,17,24,nearest_neighbor,0.020700012100860476,8.524739125813383,1
digits_0_vs_1,17,24,random_search,0.7373999978881329,0.30725211008262426,1
digits_0_vs_1,17,25,treesat_exact,0.07300000288523734,0.09831721936920529,1
digits_0_vs_1,17,25,nearest_neighbor,0.018999999156221747,8.102641183604437,1
digits_0_vs_1,17,25,random_search,0.7121000089682639,0.3751721621898058,1
digits_0_vs_1,17,26,treesat_exact,0.0686999992467463,0.09831721936920529,1
digits_0_vs_1,17,26,nearest_neighbor,0.01889999839477241,7.804395976581722,1
digits_0_vs_1,17,26,random_search,0.6172999856062233,0.6832034570045851,1
digits_0_vs_1,17,27,treesat_exact,0.057600002037361264,0.09831721936920529,1
digits_0_vs_1,17,27,nearest_neighbor,0.01500002690590918,9.011164492948096,1
digits_0_vs_1,17,27,random_search,0.5508000031113625,0.35994285420112376,1
digits_0_vs_1,17,28,treesat_exact,0.05849997978657484,0.3457953376752356,1
digits_0_vs_1,17,28,nearest_neighbor,0.017600017599761486,9.339207106100114,1
digits_0_vs_1,17,28,random_search,0.5469000025186688,2.4790929371018375,1
digits_0_vs_1,17,29,treesat_exact,0.055599986808374524,0.09831721936920529,1
digits_0_vs_1,17,29,nearest_neighbor,0.014999997802078724,7.569948350742744,1
digits_0_vs_1,17,29,random_search,0.5535999953281134,0.6211126087307997,1
digits_0_vs_1,18,0,treesat_exact,0.09220000356435776,0.4840278669472518,1
digits_0_vs_1,18,0,nearest_neighbor,0.023699976736679673,8.493861140039963,1
digits_0_vs_1,18,0,random_search,0.6141999911051244,2.3208610618560384,1
digits_0_vs_1,18,1,treesat_exact,0.06359998951666057,0.4840278669472518,1
digits_0_vs_1,18,1,nearest_neighbor,0.13479997869580984,7.97035061183133,1
digits_0_vs_1,18,1,random_search,2.732199995080009,2.556529690422857,1
digits_0_vs_1,18,2,treesat_exact,0.07840001489967108,0.4840278669472518,1
digits_0_vs_1,18,2,nearest_neighbor,0.03749999450519681,8.981182106032325,1
digits_0_vs_1,18,2,random_search,0.5997999978717417,1.5049439050081688,1
digits_0_vs_1,18,3,treesat_exact,0.060399994254112244,,0
digits_0_vs_1,18,3,nearest_neighbor,0.019099999917671084,7.3980827217464755,1
digits_0_vs_1,18,3,random_search,0.5746000097133219,6.158967877979867,1
digits_0_vs_1,18,4,treesat_exact,0.06150000263005495,,0
digits_0_vs_1,18,4,nearest_neighbor,0.016300007700920105,7.222478445934539,1
digits_0_vs_1,18,4,random_search,0.5622000026050955,7.907312528620371,1
digits_0_vs_1,18,5,treesat_exact,0.06560000474564731,0.4840278669472518,1
digits_0_vs_1,18,5,nearest_neighbor,0.0171000137925148,8.235574433075344,1
digits_0_vs_1,18,5,random_search,0.5895999784115702,2.6651539756212155,1
digits_0_vs_1,18,6,treesat_exact,0.06319998647086322,0.4840278669472518,1
digits_0_vs_1,18,6,nearest_neighbor,0.015999976312741637,7.703832968426171,1
digits_0_vs_1,18,6,random_search,0.5872999900020659,1.5437680482899214,1
digits_0_vs_1,18,7,treesat_exact,0.06120000034570694,,0
digits_0_vs_1,18,7,nearest_neighbor,0.015700003132224083,10.045194182234518,1
digits_0_vs_1,18,7,random_search,0.5458999949041754,5.476729824002483,1
digits_0_vs_1,18,8,treesat_exact,0.06210000719875097,,0
digits_0_vs_1,18,8,nearest_neighbor,0.016600009985268116,10.079493385880014,1
digits_0_vs_1,18,8,random_search,0.6280000088736415,9.734258821661182,1
digits_0_vs_1,18,9,treesat_exact,0.06710001616738737,0.4840278669472518,1
digits_0_vs_1,18,9,nearest_neighbor,0.023900007363408804,8.944715114612906,1
digits_0_vs_1,18,9,random_search,0.7267000037245452,1.6421553231837527,1
digits_0_vs_1,18,10,treesat_exact,0.07310000364668667,0.4840278669472518,1
digits_0_vs_1,18,10,nearest_neighbor,0.016999983927235007,8.47454330428738,1
digits_0_vs_1,18,10,random_search,0.5739000043831766,2.352345867096086,1
digits_0_vs_1,18,11,treesat_exact,0.06500000017695129,0.4840278669472518,1
digits_0_vs_1,18,11,nearest_neighbor,0.020799983758479357,8.122706833735508,1
digits_0_vs_1,18,11,random_search,0.5654999986290932,1.3091117881754217,1
digits_0_vs_1,18,12,treesat_exact,0.0727999722585082,0.4840278669472518,1
digits_0_vs_1,18,12,nearest_neighbor,0.01789999078027904,8.806263698778427,1
digits_0_vs_1,18,12,random_search,0.5428000004030764,2.604950196096155,1
digits_0_vs_1,18,13,treesat_exact,0.053099996875971556,,0
digits_0_vs_1,18,13,nearest_neighbor,0.014899997040629387,7.56219052037766,1
digits_0_vs_1,18,13,random_search,0.5234999989625067,8.37797238838842,1
digits_0_vs_1,18,14,treesat_exact,0.05740000051446259,0.4840278669472518,1
digits_0_vs_1,18,14,nearest_neighbor,0.015300000086426735,8.301477174736357,1
digits_0_vs_1,18,14,random_search,0.5409000150393695,1.3729241718182688,1
digits_0_vs_1,18,15,treesat_exact,0.052800023695454,,0
digits_0_vs_1,18,15,nearest_neighbor,0.014400022337213159,8.881511946895053,1
digits_0_vs_1,18,15,random_search,0.5189999938011169,5.310078644941554,1
digits_0_vs_1,18,16,treesat_exact,0.05160001455806196,,0
digits_0_vs_1,18,16,nearest_neighbor,0.0137000170070678,7.709040908979298,1
digits_0_vs_1,18,16,random_search,0.5050000036135316,,0
digits_0_vs_1,18,17,treesat_exact,0.056200020480901,0.4840278669472518,1
digits_0_vs_1,18,17,nearest_neighbor,0.015199999324977398,9.282186655526779,1
digits_0_vs_1,18,17,random_search,0.5992000224068761,2.6021616652806414,1
digits_0_vs_1,18,18,treesat_exact,0.056899996707215905,,0
digits_0_vs_1,18,18,nearest_neighbor,0.0171000137925148,10.672283293188103,1
digits_0_vs_1,18,18,random_search,0.5825999833177775,9.173065585497886,1
digits_0_vs_1,18,19,treesat_exact,0.058600009651854634,,0
digits_0_vs_1,18,19,nearest_neighbor,0.017600017599761486,8.518289535077821,1
digits_0_vs_1,18,19,random_search,0.5384999967645854,5.638413691272453,1
digits_0_vs_1,18,20,treesat_exact,0.06360001862049103,0.4840278669472518,1
digits_0_vs_1,18,20,nearest_neighbor,0.01610000617802143,7.224638787664123,1
digits_0_vs_1,18,20,random_search,0.9677000052761286,2.459094905189572,1
digits_0_vs_1,18,21,treesat_exact,0.07139999070204794,,0
digits_0_vs_1,18,21,nearest_neighbor,0.02139998832717538,8.689376581924275,1
digits_0_vs_1,18,21,random_search,0.5729000258725137,5.665078866122811,1
digits_0_vs_1,18,22,treesat_exact,0.05859998054802418,,0
digits_0_vs_1,18,22,nearest_neighbor,0.01789999078027904,8.781385007169558,1
digits_0_vs_1,18,22,random_search,0.6550000107381493,7.234897151670367,1
digits_0_vs_1,18,23,treesat_exact,0.06299998494796455,,0
digits_0_vs_1,18,23,nearest_neighbor,0.017300015315413475,7.456602445737751,1
digits_0_vs_1,18,23,random_search,0.5528000183403492,8.185449864990144,1
digits_0_vs_1,18,24,treesat_exact,0.06619998021051288,0.4840278669472518,1
digits_0_vs_1,18,24,nearest_neighbor,0.02099998528137803,9.518352585187955,1
digits_0_vs_1,18,24,random_search,0.5746999813709408,2.4695048745037655,1
digits_0_vs_1,18,25,treesat_exact,0.07340000593103468,,0
digits_0_vs_1,18,25,nearest_neighbor,0.020099978428333998,7.8479110220565165,1
digits_0_vs_1,18,25,random_search,0.5540999991353601,7.763346470229575,1
digits_0_vs_1,18,26,treesat_exact,0.06229997961781919,,0
digits_0_vs_1,18,26,nearest_neighbor,0.017200014553964138,8.656193239639004,1
digits_0_vs_1,18,26,random_search,0.6479000148829073,5.3659268043204476,1
digits_0_vs_1,18,27,treesat_exact,0.06859999848529696,0.4840278669472518,1
digits_0_vs_1,18,27,nearest_neighbor,0.017400016076862812,8.168027139054285,1
digits_0_vs_1,18,27,random_search,0.686999992467463,1.4217895043377382,1
digits_0_vs_1,18,28,treesat_exact,0.06349998875521123,,0
digits_0_vs_1,18,28,nearest_neighbor,0.017699989257380366,8.543472385906904,1
digits_0_vs_1,18,28,random_search,0.5646999925374985,5.695868067668839,1
digits_0_vs_1,18,29,treesat_exact,0.05889998283237219,,0
digits_0_vs_1,18,29,nearest_neighbor,0.0171000137925148,9.658793986259296,1
digits_0_vs_1,18,29,random_search,0.5587000050581992,1.2253494552988855,1
digits_0_vs_1,19,0,treesat_exact,0.0872999953571707,,0
digits_0_vs_1,19,0,nearest_neighbor,0.023600005079060793,8.450698121224487,1
digits_0_vs_1,19,0,random_search,0.5722999921999872,8.67328968654392,1
digits_0_vs_1,19,1,treesat_exact,0.05780000356025994,,0
digits_0_vs_1,19,1,nearest_neighbor,0.016000005416572094,8.186653384616832,1
digits_0_vs_1,19,1,random_search,0.5446000141091645,5.150856189157173,1
digits_0_vs_1,19,2,treesat_exact,0.05599998985417187,,0
digits_0_vs_1,19,2,nearest_neighbor,0.015700003132224083,8.19002735670458,1
digits_0_vs_1,19,2,random_search,0.5461999971885234,5.5922185194025875,1
digits_0_vs_1,19,3,treesat_exact,0.05979998968541622,,0
digits_0_vs_1,19,3,nearest_neighbor,0.015700003132224083,6.409034541367184,1
digits_0_vs_1,19,3,random_search,0.523299997439608,7.046166117446652,1
digits_0_vs_1,19,4,treesat_exact,0.062000006437301636,0.4850415030292539,1
digits_0_vs_1,19,4,nearest_neighbor,0.01819999306462705,8.353238052403778,1
digits_0_vs_1,19,4,random_search,0.5536999960895628,1.6067840514832867,1
digits_0_vs_1,19,5,treesat_exact,0.05679999594576657,0.4850415030292539,1
digits_0_vs_1,19,5,nearest_neighbor,0.014300021575763822,10.349538229683155,1
digits_0_vs_1,19,5,random_search,0.5387999990489334,2.53459472423754,1
digits_0_vs_1,19,6,treesat_exact,0.05709999823011458,0.4850415030292539,1
digits_0_vs_1,19,6,nearest_neighbor,0.017799990018829703,9.866337982142145,1
digits_0_vs_1,19,6,random_search,0.53779999143444,2.5497541926179097,1
digits_0_vs_1,19,7,treesat_exact,0.05429997690953314,,0
digits_0_vs_1,19,7,nearest_neighbor,0.014499993994832039,7.743413919621342,1
digits_0_vs_1,19,7,random_search,0.8605000039096922,5.871056741310555,1
digits_0_vs_1,19,8,treesat_exact,0.076299998909235,,0
digits_0_vs_1,19,8,nearest_neighbor,0.031800009310245514,11.643960577478882,1
digits_0_vs_1,19,8,random_search,0.5726000235881656,7.512056548766909,1
digits_0_vs_1,19,9,treesat_exact,0.06849999772384763,0.4850415030292539,1
digits_0_vs_1,19,9,nearest_neighbor,0.022500025806948543,9.646576606838137,1
digits_0_vs_1,19,9,random_search,0.5941999843344092,2.3140251134927254,1
digits_0_vs_1,19,10,treesat_exact,0.0633999879937619,0.4850415030292539,1
digits_0_vs_1,19,10,nearest_neighbor,0.016900012269616127,10.095178309748638,1
digits_0_vs_1,19,10,random_search,0.5830000154674053,2.324115473347295,1
digits_0_vs_1,19,11,treesat_exact,0.06079999729990959,0.4850415030292539,1
digits_0_vs_1,19,11,nearest_neighbor,0.01580000389367342,10.08184384660827,1
digits_0_vs_1,19,11,random_search,0.5679999885614961,2.7062174743629033,1
digits_0_vs_1,19,12,treesat_exact,0.0625999819021672,0.4850415030292539,1
digits_0_vs_1,19,12,nearest_neighbor,0.015600002370774746,8.98516618515886,1
digits_0_vs_1,19,12,random_search,0.5568000196944922,2.670818997606162,1
digits_0_vs_1,19,13,treesat_exact,0.06049999501556158,0.4850415030292539,1
digits_0_vs_1,19,13,nearest_neighbor,0.015099998563528061,9.723127400872613,1
digits_0_vs_1,19,13,random_search,0.6360999832395464,2.3289131406114882,1
digits_0_vs_1,19,14,treesat_exact,0.06329998723231256,0.4850415030292539,1
digits_0_vs_1,19,14,nearest_neighbor,0.016799982404336333,10.29699707427675,1
digits_0_vs_1,19,14,random_search,0.6361999840009958,2.0852374826890374,1
digits_0_vs_1,19,15,treesat_exact,0.061400001868605614,,0
digits_0_vs_1,19,15,nearest_neighbor,0.01759998849593103,7.886643177346426,1
digits_0_vs_1,19,15,random_search,0.5519000114873052,5.493089761391462,1
digits_0_vs_1,19,16,treesat_exact,0.06290001329034567,,0
digits_0_vs_1,19,16,nearest_neighbor,0.016099977074190974,7.248087508587988,1
digits_0_vs_1,19,16,random_search,0.5487999878823757,5.231085228993519,1
digits_0_vs_1,19,17,treesat_exact,0.06120000034570694,0.4850415030292539,1
digits_0_vs_1,19,17,nearest_neighbor,0.01719998545013368,11.116489445347401,1
digits_0_vs_1,19,17,random_search,0.5654999986290932,1.464297725618592,1
digits_0_vs_1,19,18,treesat_exact,0.055899989092722535,,0
digits_0_vs_1,19,18,nearest_neighbor,0.015300000086426735,6.3979953340503535,1
digits_0_vs_1,19,18,random_search,0.526999996509403,5.309136017264518,1
digits_0_vs_1,19,19,treesat_exact,0.05679999594576657,0.4850415030292539,1
digits_0_vs_1,19,19,nearest_neighbor,0.01650000922381878,8.033899801441393,1
digits_0_vs_1,19,19,random_search,0.5387999990489334,2.4668570887979477,1
digits_0_vs_1,19,20,treesat_exact,0.05259999306872487,,0
digits_0_vs_1,19,20,nearest_neighbor,0.01409999094903469,7.93130637805659,1
digits_0_vs_1,19,20,random_search,0.5291000124998391,6.60315907422172,1
digits_0_vs_1,19,21,treesat_exact,0.055899989092722535,0.3464584984997036,1
digits_0_vs_1,19,21,nearest_neighbor,0.01479999627918005,3.7953827432442218,1
digits_0_vs_1,19,21,random_search,0.5398000066634268,1.2791281848968108,1
digits_0_vs_1,19,22,treesat_exact,0.05549998604692519,0.4850415030292539,1
digits_0_vs_1,19,22,nearest_neighbor,0.01819999306462705,9.327944239473068,1
digits_0_vs_1,19,22,random_search,0.5332000146154314,2.7849057800098804,1
digits_0_vs_1,19,23,treesat_exact,0.06400002166628838,0.4850415030292539,1
digits_0_vs_1,19,23,nearest_neighbor,0.014999997802078724,8.655840991063398,1
digits_0_vs_1,19,23,random_search,0.533799990080297,2.579779825378227,1
digits_0_vs_1,19,24,treesat_exact,0.051799986977130175,,0
digits_0_vs_1,19,24,nearest_neighbor,0.015199999324977398,9.90852173206002,1
digits_0_vs_1,19,24,random_search,0.5114999949000776,8.38011755546023,1
digits_0_vs_1,19,25,treesat_exact,0.055899989092722535,0.4850415030292539,1
digits_0_vs_1,19,25,nearest_neighbor,0.015199999324977398,9.000366155652062,1
digits_0_vs_1,19,25,random_search,0.5675999855156988,2.507005083610413,1
digits_0_vs_1,19,26,treesat_exact,0.05729999975301325,0.4850415030292539,1
digits_0_vs_1,19,26,nearest_neighbor,0.013999990187585354,8.34877822163127,1
digits_0_vs_1,19,26,random_search,0.5261000187601894,2.6088832869128296,1
digits_0_vs_1,19,27,treesat_exact,0.0515999854542315,,0
digits_0_vs_1,19,27,nearest_neighbor,0.014499993994832039,7.071615241097609,1
digits_0_vs_1,19,27,random_search,0.5063999851699919,7.547230910785044,1
digits_0_vs_1,19,28,treesat_exact,0.0509000092279166,,0
digits_0_vs_1,19,28,nearest_neighbor,0.014599994756281376,11.146014675094442,1
digits_0_vs_1,19,28,random_search,1.1845999979414046,5.068185238249143,1
digits_0_vs_1,19,29,treesat_exact,0.10699999984353781,,0
digits_0_vs_1,19,29,nearest_neighbor,0.02929999027401209,8.023603874580866,1
digits_0_vs_1,19,29,random_search,0.8976000244729221,7.905047619317692,1
synthetic_20,0,0,treesat_exact,0.13100000796839595,0.8878367112790978,1
synthetic_20,0,0,nearest_neighbor,0.03600001218728721,4.090433675559123,1
synthetic_20,0,0,random_search,0.4535000189207494,3.0949464282271153,1
synthetic_20,0,1,treesat_exact,0.08349999552592635,0.19648724846190227,1
synthetic_20,0,1,nearest_neighbor,0.02649999805726111,3.4319693969066183,1
synthetic_20,0,1,random_search,0.6585000082850456,0.5283903257898284,1
synthetic_20,0,2,treesat_exact,0.09330001194030046,0.30768335250437395,1
synthetic_20,0,2,nearest_neighbor,0.03850000211969018,2.8626592835411424,1
synthetic_20,0,2,random_search,0.42050000047311187,0.8070349407464182,1
synthetic_20,0,3,treesat_exact,0.07660000119358301,1.3723140863845595,1
synthetic_20,0,3,nearest_neighbor,0.023300002794712782,5.180045558853053,1
synthetic_20,0,3,random_search,0.37429999792948365,5.118964240580296,1
synthetic_20,0,4,treesat_exact,0.07440001354552805,0.7783736356839368,1
synthetic_20,0,4,nearest_neighbor,0.022899999748915434,3.981263131860397,1
synthetic_20,0,4,random_search,0.371000001905486,3.1870379826408115,1
synthetic_20,0,5,treesat_exact,0.10450000991113484,0.5730392862131398,1
synthetic_20,0,5,nearest_neighbor,0.02300000051036477,3.033636051579349,1
synthetic_20,0,5,random_search,0.39790000300854445,1.2421260890794912,1
synthetic_20,0,6,treesat_exact,0.07509998977184296,0.5336574087665273,1
synthetic_20,0,6,nearest_neighbor,0.028600014047697186,3.317049090115081,1
synthetic_20,0,6,random_search,0.38770001265220344,1.060528448259792,1
synthetic_20,0,7,treesat_exact,0.07199999527074397,0.5538491683066635,1
synthetic_20,0,7,nearest_neighbor,0.031800009310245514,4.472120461788124,1
synthetic_20,0,7,random_search,0.378099997760728,1.6541725657270479,1
synthetic_20,0,8,treesat_exact,0.10370000381954014,1.0856676139321877,1
synthetic_20,0,8,nearest_neighbor,0.02370000584051013,3.363358521269406,1
synthetic_20,0,8,random_search,0.37850000080652535,3.423603061547429,1
synthetic_20,0,9,treesat_exact,0.07280000136233866,0.6905022173068044,1
synthetic_20,0,9,nearest_neighbor,0.024199980543926358,3.5626536317986766,1
synthetic_20,0,9,random_search,0.4360000020824373,1.7218570643616469,1
synthetic_20,0,10,treesat_exact,0.08719999459572136,0.46828653115523655,1
synthetic_20,0,10,nearest_neighbor,0.02600002335384488,4.06442740185747,1
synthetic_20,0,10,random_search,0.5016000068280846,0.6852291583018741,1
synthetic_20,0,11,treesat_exact,0.2471000188961625,1.0923882773122098,1
synthetic_20,0,11,nearest_neighbor,0.03580001066438854,3.456098003709745,1
synthetic_20,0,11,random_search,0.5938000103924423,1.3160082099345232,1
synthetic_20,0,12,treesat_exact,0.11630001245066524,0.49368878466203636,1
synthetic_20,0,12,nearest_neighbor,0.03510000533424318,3.3776852856138415,1
synthetic_20,0,12,random_search,0.588800001423806,2.3022871253272026,1
synthetic_20,0,13,treesat_exact,0.15780000831000507,0.7811463360262415,1
synthetic_20,0,13,nearest_neighbor,0.03579998156055808,3.829069251233682,1
synthetic_20,0,13,random_search,0.5859000084456056,1.6064271871207105,1
synthetic_20,0,14,treesat_exact,0.11279998579993844,0.42307879547936283,1
synthetic_20,0,14,nearest_neighbor,0.0653000024612993,3.504205938573156,1
synthetic_20,0,14,random_search,0.6785000150557607,1.3525065422325036,1
synthetic_20,0,15,treesat_exact,0.09440002031624317,0.2996363151895927,1
synthetic_20,0,15,nearest_neighbor,0.030800001695752144,3.582299156179684,1
synthetic_20,0,15,random_search,0.8181000011973083,1.3723973020767104,1
synthetic_20,0,16,treesat_exact,0.13570001465268433,0.4079664625013701,1
synthetic_20,0,16,nearest_neighbor,0.05080000846646726,4.07082831351581,1
synthetic_20,0,16,random_search,0.6506000063382089,0.8557752655997118,1
synthetic_20,0,17,treesat_exact,0.12509999214671552,0.9033438245254892,1
synthetic_20,0,17,nearest_neighbor,0.04379998426884413,4.319478827290345,1
synthetic_20,0,17,random_search,0.668799999402836,2.2881704715187925,1
synthetic_20,0,18,treesat_exact,0.13890000991523266,0.11062832175371133,1
synthetic_20,0,18,nearest_neighbor,0.03819999983534217,2.828010573823794,1
synthetic_20,0,18,random_search,0.6001000001560897,0.4609319050861968,1
synthetic_20,0,19,treesat_exact,0.15810001059435308,0.42236241817633835,1
synthetic_20,0,19,nearest_neighbor,0.03500000457279384,4.288366252206289,1
synthetic_20,0,19,random_search,0.5461999971885234,0.5010697563752637,1
synthetic_20,0,20,treesat_exact,0.10210002074018121,0.014573354976327085,1
synthetic_20,0,20,nearest_neighbor,0.03090000245720148,2.86013746728106,1
synthetic_20,0,20,random_search,1.0745000035967678,0.11666263922409777,1
synthetic_20,0,21,treesat_exact,0.11629998334683478,0.6353245891927782,1
synthetic_20,0,21,nearest_neighbor,0.037299992982298136,4.105750137472389,1
synthetic_20,0,21,random_search,0.4844999930355698,3.0411450899632553,1
synthetic_20,0,22,treesat_exact,0.08579998393543065,0.2804423840853471,1
synthetic_20,0,22,nearest_neighbor,0.02609999501146376,3.379841454059032,1
synthetic_20,0,22,random_search,0.4749000072479248,0.826108175150634,1
synthetic_20,0,23,treesat_exact,0.08600001456215978,0.5807218306234344,1
synthetic_20,0,23,nearest_neighbor,0.04469999112188816,3.3456991734464863,1
synthetic_20,0,23,random_search,0.4783000040333718,1.6770910425807557,1
synthetic_20,0,24,treesat_exact,0.12119999155402184,1.3925212150845725,1
synthetic_20,0,24,nearest_neighbor,0.02989999484270811,3.07996569364164,1
synthetic_20,0,24,random_search,0.40499999886378646,2.8775652716365574,1
synthetic_20,0,25,treesat_exact,0.07569999434053898,0.7301684913249818,1
synthetic_20,0,25,nearest_neighbor,0.023200002033263445,4.530121173058925,1
synthetic_20,0,25,random_search,0.39930001366883516,2.6837669503692076,1
synthetic_20,0,26,treesat_exact,0.10069998097606003,1.4214000302741208,1
synthetic_20,0,26,nearest_neighbor,0.022299995180219412,4.546796607694048,1
synthetic_20,0,26,random_search,0.3837000112980604,3.7110324809779414,1
synthetic_20,0,27,treesat_exact,0.07049998384900391,0.9710747307214832,1
synthetic_20,0,27,nearest_neighbor,0.02340000355616212,3.998174602062198,1
synthetic_20,0,27,random_search,0.7222999993246049,2.0658844061546566,1
synthetic_20,0,28,treesat_exact,0.11399999493733048,1.4219477503710818,1
synthetic_20,0,28,nearest_neighbor,0.09859999408945441,4.0974174170430055,1
synthetic_20,0,28,random_search,0.41229999624192715,3.7298483661058914,1
synthetic_20,0,29,treesat_exact,0.07690000347793102,0.9641886994519427,1
synthetic_20,0,29,nearest_neighbor,0.0247000134550035,4.057655415851909,1
synthetic_20,0,29,random_search,0.3735999925993383,3.5141280913808393,1
synthetic_20,1,0,treesat_exact,0.1998000079765916,1.3133230840400403,1
synthetic_20,1,0,nearest_neighbor,0.03850000211969018,4.3644691105169775,1
synthetic_20,1,0,random_search,0.44639999396167696,2.1353373300138,1
synthetic_20,1,1,treesat_exact,0.0785999873187393,0.9248050442759198,1
synthetic_20,1,1,nearest_neighbor,0.025100016500800848,3.5345547353367177,1
synthetic_20,1,1,random_search,0.3764999855775386,3.0964953195138882,1
synthetic_20,1,2,treesat_exact,0.07459998596459627,0.549062449456274,1
synthetic_20,1,2,nearest_neighbor,0.023600005079060793,3.782796709901905,1
synthetic_20,1,2,random_search,0.3601999778766185,2.6496234338624918,1
synthetic_20,1,3,treesat_exact,0.06880000000819564,0.8723074193976027,1
synthetic_20,1,3,nearest_neighbor,0.022799998987466097,3.716844169305227,1
synthetic_20,1,3,random_search,0.35489999572746456,4.0199595204302705,1
synthetic_20,1,4,treesat_exact,0.07409998215734959,0.1253843806270576,1
synthetic_20,1,4,nearest_neighbor,0.023100001271814108,2.789623754135352,1
synthetic_20,1,4,random_search,0.3887999919243157,0.3750243029583994,1
synthetic_20,1,5,treesat_exact,0.12469998910091817,1.3642447797197865,1
synthetic_20,1,5,nearest_neighbor,0.022799998987466097,3.301545977364284,1
synthetic_20,1,5,random_search,0.36419997923076153,1.8078394753300122,1
synthetic_20,1,6,treesat_exact,0.069500005338341,0.7870904008745956,1
synthetic_20,1,6,nearest_neighbor,0.022299995180219412,4.327944061589164,1
synthetic_20,1,6,random_search,0.35370001569390297,1.3879747361487809,1
synthetic_20,1,7,treesat_exact,0.06590000702999532,0.08740015881057239,1
synthetic_20,1,7,nearest_neighbor,0.022299995180219412,4.373284418138906,1
synthetic_20,1,7,random_search,0.374099996406585,0.22607928745385306,1
synthetic_20,1,8,treesat_exact,0.07000000914558768,0.12909679088414222,1
synthetic_20,1,8,nearest_neighbor,0.02239999594166875,2.892777013412002,1
synthetic_20,1,8,random_search,0.37159997737035155,0.4128357787073208,1
synthetic_20,1,9,treesat_exact,0.0703000114299357,1.0368626360879725,1
synthetic_20,1,9,nearest_neighbor,0.02239999594166875,4.37856332420985,1
synthetic_20,1,9,random_search,0.34619998768903315,3.5678218812591553,1
synthetic_20,1,10,treesat_exact,0.0942000187933445,1.1818456418411216,1
synthetic_20,1,10,nearest_neighbor,0.022299995180219412,4.687944946948279,1
synthetic_20,1,10,random_search,0.33599999733269215,4.689179365909751,1
synthetic_20,1,11,treesat_exact,0.06489999941550195,0.49644287839103324,1
synthetic_20,1,11,nearest_neighbor,0.02169999061152339,4.157949305512055,1
synthetic_20,1,11,random_search,0.34600001526996493,2.6274079858980404,1
synthetic_20,1,12,treesat_exact,0.06550000398419797,1.257926986669356,1
synthetic_20,1,12,nearest_neighbor,0.022100022761151195,5.604700639157437,1
synthetic_20,1,12,random_search,0.34589998540468514,3.229632882458085,1
synthetic_20,1,13,treesat_exact,0.06459999713115394,0.632641548538598,1
synthetic_20,1,13,nearest_neighbor,0.0219999928958714,3.766521850213749,1
synthetic_20,1,13,random_search,0.3513999981805682,1.5278581625897347,1
synthetic_20,1,14,treesat_exact,0.06890000076964498,0.5190715583336426,1
synthetic_20,1,14,nearest_neighbor,0.022599997464567423,4.052193924384574,1
synthetic_20,1,14,random_search,0.35429999115876853,1.20246093667926,1
synthetic_20,1,15,treesat_exact,0.06500000017695129,1.2095329660352485,1
synthetic_20,1,15,nearest_neighbor,0.021800020476803184,3.6051555090256064,1
synthetic_20,1,15,random_search,0.3502999898046255,4.0132161154139725,1
synthetic_20,1,16,treesat_exact,0.06980000762268901,0.3451614828125365,1
synthetic_20,1,16,nearest_neighbor,0.0219999928958714,4.106455451985639,1
synthetic_20,1,16,random_search,0.3555000002961606,0.893642515447303,1
synthetic_20,1,17,treesat_exact,0.06390002090483904,0.20348278272563713,1
synthetic_20,1,17,nearest_neighbor,0.0219999928958714,4.218733318340515,1
synthetic_20,1,17,random_search,0.3586999955587089,0.8137490709803209,1
synthetic_20,1,18,treesat_exact,0.11339999036863446,0.7489652832350497,1
synthetic_20,1,18,nearest_neighbor,0.0261999957729131,3.4517724850620324,1
synthetic_20,1,18,random_search,0.3744999994523823,2.1320912021156757,1
synthetic_20,1,19,treesat_exact,0.12250000145286322,1.202589588058288,1
synthetic_20,1,19,nearest_neighbor,0.032400013878941536,4.100920256797932,1
synthetic_20,1,19,random_search,0.40419999277219176,1.313981311468484,1
synthetic_20,1,20,treesat_exact,0.07460001506842673,1.4253166420842744,1
synthetic_20,1,20,nearest_neighbor,0.02340000355616212,3.8733893505656405,1
synthetic_20,1,20,random_search,1.136499980930239,4.620833896751288,1
synthetic_20,1,21,treesat_exact,0.20710000535473228,0.6264313717138821,1
synthetic_20,1,21,nearest_neighbor,0.04700000863522291,4.434086110168575,1
synthetic_20,1,21,random_search,0.5185999907553196,1.5430844261890118,1
synthetic_20,1,22,treesat_exact,0.09950000094249845,0.1826955958447699,1
synthetic_20,1,22,nearest_neighbor,0.025999994250014424,3.6601483144989766,1
synthetic_20,1,22,random_search,0.4045999958179891,0.43498817691290625,1
synthetic_20,1,23,treesat_exact,0.07169999298639596,0.15904377787788554,1
synthetic_20,1,23,nearest_neighbor,0.02300000051036477,3.065134610457029,1
synthetic_20,1,23,random_search,0.39709999691694975,0.47797704288529125,1
synthetic_20,1,24,treesat_exact,0.08080000407062471,0.3250452693255758,1
synthetic_20,1,24,nearest_neighbor,0.023500004317611456,2.9531004193309776,1
synthetic_20,1,24,random_search,0.6362000131048262,1.068114994714257,1
synthetic_20,1,25,treesat_exact,0.1385000068694353,0.42770447901276876,1
synthetic_20,1,25,nearest_neighbor,0.04619997343979776,4.488941372424919,1
synthetic_20,1,25,random_search,0.7862999918870628,1.1549585370378304,1
synthetic_20,1,26,treesat_exact,0.1433999859727919,0.34135764139660935,1
synthetic_20,1,26,nearest_neighbor,0.04650000482797623,2.75543154578543,1
synthetic_20,1,26,random_search,0.7164000126067549,0.8809593069275832,1
synthetic_20,1,27,treesat_exact,0.11229998199269176,0.3618166918013834,1
synthetic_20,1,27,nearest_neighbor,0.03739999374374747,3.4037691494246234,1
synthetic_20,1,27,random_search,0.6245000113267452,0.8693537009219002,1
synthetic_20,1,28,treesat_exact,0.11890000314451754,0.7548563611707971,1
synthetic_20,1,28,nearest_neighbor,0.03819999983534217,3.775978006307981,1
synthetic_20,1,28,random_search,0.5883999983780086,2.5784712710952493,1
synthetic_20,1,29,treesat_exact,0.16670001787133515,0.4324011825224069,1
synthetic_20,1,29,nearest_neighbor,0.03259998629800975,3.6500067189220524,1
synthetic_20,1,29,random_search,0.5593000096268952,0.13427247397048994,1
synthetic_20,2,0,treesat_exact,0.12660000356845558,0.06751747741377279,1
synthetic_20,2,0,nearest_neighbor,0.035900011425837874,3.3440214923461125,1
synthetic_20,2,0,random_search,0.48180000158026814,0.16999932371350943,1
synthetic_20,2,1,treesat_exact,0.11100000119768083,0.15438652458925284,1
synthetic_20,2,1,nearest_neighbor,0.026900001103058457,2.9381445848793724,1
synthetic_20,2,1,random_search,0.41329997475259006,0.1717244692067144,1
synthetic_20,2,2,treesat_exact,0.07499998901039362,1.194981878631581,1
synthetic_20,2,2,nearest_neighbor,0.023600005079060793,3.6797613981707413,1
synthetic_20,2,2,random_search,0.37090000114403665,3.56232785763493,1
synthetic_20,2,3,treesat_exact,0.0740000104997307,1.0659204370184856,1
synthetic_20,2,3,nearest_neighbor,0.022199994418770075,4.439918967749343,1
synthetic_20,2,3,random_search,0.358300021616742,3.0381863115172556,1
synthetic_20,2,4,treesat_exact,0.06970000686123967,0.3942230451326423,1
synthetic_20,2,4,nearest_neighbor,0.021899992134422064,2.426702018439103,1
synthetic_20,2,4,random_search,0.38189999759197235,0.961460549272498,1
synthetic_20,2,5,treesat_exact,0.07010000990703702,0.5307856982821184,1
synthetic_20,2,5,nearest_neighbor,0.022299995180219412,3.485115976138065,1
synthetic_20,2,5,random_search,0.367600005120039,1.8708571163089673,1
synthetic_20,2,6,treesat_exact,0.10450000991113484,1.025576999955112,1
synthetic_20,2,6,nearest_neighbor,0.028799986466765404,4.851792604381425,1
synthetic_20,2,6,random_search,0.38380001205950975,2.8191495756479465,1
synthetic_20,2,7,treesat_exact,0.07310000364668667,0.4945210915454348,1
synthetic_20,2,7,nearest_neighbor,0.022199994418770075,2.518195699889262,1
synthetic_20,2,7,random_search,0.4306999908294529,1.8354710779178618,1
synthetic_20,2,8,treesat_exact,0.07169999298639596,0.6331453098157093,1
synthetic_20,2,8,nearest_neighbor,0.02440001117065549,3.8646186889265555,1
synthetic_20,2,8,random_search,0.36819998058490455,1.8250451025411787,1
synthetic_20,2,9,treesat_exact,0.12630000128410757,1.3507908265302735,1
synthetic_20,2,9,nearest_neighbor,0.022299995180219412,4.221492589177144,1
synthetic_20,2,9,random_search,0.3558000025805086,3.359069799733134,1
synthetic_20,2,10,treesat_exact,0.06520000169984996,0.04633002477001069,1
synthetic_20,2,10,nearest_neighbor,0.02169999061152339,1.7876386630352816,1
synthetic_20,2,10,random_search,0.37990001146681607,0.16542080268630863,1
synthetic_20,2,11,treesat_exact,0.06990000838413835,0.28985575337815306,1
synthetic_20,2,11,nearest_neighbor,0.022499996703118086,4.219514908443519,1
synthetic_20,2,11,random_search,0.3637999761849642,1.5110351428363733,1
synthetic_20,2,12,treesat_exact,0.06849999772384763,0.03297605151233629,1
synthetic_20,2,12,nearest_neighbor,0.021100015146657825,3.4011782961675388,1
synthetic_20,2,12,random_search,0.37880000309087336,0.16860527459159516,1
synthetic_20,2,13,treesat_exact,0.06590000702999532,0.04668730288246736,1
synthetic_20,2,13,nearest_neighbor,0.02139998832717538,2.9337900285628535,1
synthetic_20,2,13,random_search,0.3825000021606684,0.16979897984205455,1
synthetic_20,2,14,treesat_exact,0.06990000838413835,0.3645463107392236,1
synthetic_20,2,14,nearest_neighbor,0.021499989088624716,2.4619829483500895,1
synthetic_20,2,14,random_search,0.37269998574629426,0.7071985732721682,1
synthetic_20,2,15,treesat_exact,0.06669998401775956,0.3051468604400174,1
synthetic_20,2,15,nearest_neighbor,0.022199994418770075,3.836852238233881,1
synthetic_20,2,15,random_search,0.5688999954145402,0.8840092745364411,1
synthetic_20,2,16,treesat_exact,0.10460001067258418,0.4500320972328813,1
synthetic_20,2,16,nearest_neighbor,0.04220000118948519,3.5925335435962626,1
synthetic_20,2,16,random_search,0.42539997957646847,1.7779128107973723,1
synthetic_20,2,17,treesat_exact,0.0756000226829201,0.9114105456514693,1
synthetic_20,2,17,nearest_neighbor,0.031800009310245514,3.6348090070608077,1
synthetic_20,2,17,random_search,0.47840000479482114,2.7245623650572646,1
synthetic_20,2,18,treesat_exact,0.06990000838413835,0.7212130303018549,1
synthetic_20,2,18,nearest_neighbor,0.027400004910305142,2.9178999353479815,1
synthetic_20,2,18,random_search,0.37200000951997936,1.6489721776656054,1
synthetic_20,2,19,treesat_exact,0.07040001219138503,0.7819457148193127,1
synthetic_20,2,19,nearest_neighbor,0.023300002794712782,5.002193869765503,1
synthetic_20,2,19,random_search,0.37880000309087336,1.9746801806595782,1
synthetic_20,2,20,treesat_exact,0.07529999129474163,0.8736722904218276,1
synthetic_20,2,20,nearest_neighbor,0.02680000034160912,3.043766456835752,1
synthetic_20,2,20,random_search,0.35749998642131686,2.987951042327338,1
synthetic_20,2,21,treesat_exact,0.069500005338341,0.2651990574063101,1
synthetic_20,2,21,nearest_neighbor,0.02269999822601676,3.0769711681474554,1
synthetic_20,2,21,random_search,0.37990001146681607,0.866102189617923,1
synthetic_20,2,22,treesat_exact,0.07320000440813601,0.054321918438192784,1
synthetic_20,2,22,nearest_neighbor,0.022899999748915434,3.3836490932317838,1
synthetic_20,2,22,random_search,0.40419999277219176,0.19364088169070592,1
synthetic_20,2,23,treesat_exact,0.08789999992586672,1.0323525706265175,1
synthetic_20,2,23,nearest_neighbor,0.026299996534362435,4.2290834723451,1
synthetic_20,2,23,random_search,0.4333999822847545,1.768493993364113,1
synthetic_20,2,24,treesat_exact,0.08550001075491309,0.06320463890541786,1
synthetic_20,2,24,nearest_neighbor,0.025300018023699522,2.341103893732177,1
synthetic_20,2,24,random_search,0.44299999717622995,0.21720892912523088,1
synthetic_20,2,25,treesat_exact,0.07609999738633633,0.36560416708341903,1
synthetic_20,2,25,nearest_neighbor,0.023800006601959467,3.7248090098300652,1
synthetic_20,2,25,random_search,0.38640000275336206,1.042819764034681,1
synthetic_20,2,26,treesat_exact,0.07509998977184296,0.9968066718448318,1
synthetic_20,2,26,nearest_neighbor,0.031000003218650818,3.9258661569480373,1
synthetic_20,2,26,random_search,0.3858999989461154,3.2217883798683067,1
synthetic_20,2,27,treesat_exact,0.07419998291879892,0.42120788847091784,1
synthetic_20,2,27,nearest_neighbor,0.02609999501146376,2.3875907880508245,1
synthetic_20,2,27,random_search,0.4031000135000795,0.9851319685111831,1
synthetic_20,2,28,treesat_exact,0.07340000593103468,0.6171237645197933,1
synthetic_20,2,28,nearest_neighbor,0.024599983589723706,3.0994966722938693,1
synthetic_20,2,28,random_search,0.44609999167732894,1.3651428174421325,1
synthetic_20,2,29,treesat_exact,0.08280001929961145,0.30554998479656625,1
synthetic_20,2,29,nearest_neighbor,0.024900014977902174,2.9583720677307923,1
synthetic_20,2,29,random_search,0.5033999914303422,0.6132540156187579,1
synthetic_20,3,0,treesat_exact,0.20670000230893493,0.9930471589622182,1
synthetic_20,3,0,nearest_neighbor,0.04850002005696297,3.4120759402537364,1
synthetic_20,3,0,random_search,0.5341000214684755,1.96606756976765,1
synthetic_20,3,1,treesat_exact,0.09270000737160444,0.08104598561541226,1
synthetic_20,3,1,nearest_neighbor,0.029399991035461426,2.6782999808838364,1
synthetic_20,3,1,random_search,0.5064000142738223,0.20562538315752726,1
synthetic_20,3,2,treesat_exact,0.08709999383427203,0.9150540228954607,1
synthetic_20,3,2,nearest_neighbor,0.027300004148855805,3.8332442270960088,1
synthetic_20,3,2,random_search,0.4372999828774482,2.9540772276248415,1
synthetic_20,3,3,treesat_exact,0.08270001853816211,0.4061735373060617,1
synthetic_20,3,3,nearest_neighbor,0.025999994250014424,2.897880765847679,1
synthetic_20,3,3,random_search,0.43390001519583166,1.2894867278247903,1
synthetic_20,3,4,treesat_exact,0.0813000078778714,0.7815553487721378,1
synthetic_20,3,4,nearest_neighbor,0.02549999044276774,3.5075383768329793,1
synthetic_20,3,4,random_search,0.3577999887056649,2.8016087384350596,1
synthetic_20,3,5,treesat_exact,0.12630000128410757,0.7244821083211573,1
synthetic_20,3,5,nearest_neighbor,0.022899999748915434,3.4656642352138234,1
synthetic_20,3,5,random_search,0.39840000681579113,1.848338032148827,1
synthetic_20,3,6,treesat_exact,0.12939999578520656,0.5480406976387453,1
synthetic_20,3,6,nearest_neighbor,0.022599997464567423,3.1228512369907504,1
synthetic_20,3,6,random_search,0.3831000067293644,0.1782021918066107,1
synthetic_20,3,7,treesat_exact,0.06669998401775956,0.09161117799851026,1
synthetic_20,3,7,nearest_neighbor,0.021899992134422064,3.4065498033216657,1
synthetic_20,3,7,random_search,0.37779999547638,0.1957985768577597,1
synthetic_20,3,8,treesat_exact,0.06590000702999532,0.4638659427486165,1
synthetic_20,3,8,nearest_neighbor,0.02139998832717538,3.7891735588596234,1
synthetic_20,3,8,random_search,0.364800012903288,1.763161911393004,1
synthetic_20,3,9,treesat_exact,0.09580000187270343,0.3550300168911051,1
synthetic_20,3,9,nearest_neighbor,0.022199994418770075,4.048942581598939,1
synthetic_20,3,9,random_search,0.3732999903149903,0.4176885997835441,1
synthetic_20,3,10,treesat_exact,0.06600000779144466,0.7662526263600263,1
synthetic_20,3,10,nearest_neighbor,0.021499989088624716,3.2798777307399165,1
synthetic_20,3,10,random_search,0.3487000067252666,3.1864005258036534,1
synthetic_20,3,11,treesat_exact,0.06379999103955925,0.8469699892302655,1
synthetic_20,3,11,nearest_neighbor,0.02120001590810716,3.133913160305665,1
synthetic_20,3,11,random_search,2.1422999852802604,1.6497229968418676,1
synthetic_20,3,12,treesat_exact,0.7354999834205955,0.9853447175788898,1
synthetic_20,3,12,nearest_neighbor,0.12850001803599298,4.250654072926809,1
synthetic_20,3,12,random_search,1.8939999863505363,0.7220110793299336,1
synthetic_20,3,13,treesat_exact,0.4847999953199178,0.25150542990937197,1
synthetic_20,3,13,nearest_neighbor,0.0887999776750803,3.4625185588053697,1
synthetic_20,3,13,random_search,1.4590999926440418,0.21808646310692403,1
synthetic_20,3,14,treesat_exact,0.2829000004567206,0.9262690713684467,1
synthetic_20,3,14,nearest_neighbor,0.08180001168511808,3.197941879037282,1
synthetic_20,3,14,random_search,1.1716000153683126,3.292493046909085,1
synthetic_20,3,15,treesat_exact,0.3181000065524131,0.3078428968172815,1
synthetic_20,3,15,nearest_neighbor,0.06980000762268901,4.481965145022819,1
synthetic_20,3,15,random_search,1.1258999875281006,0.17214876958523756,1
synthetic_20,3,16,treesat_exact,0.20360000780783594,0.5446760636854845,1
synthetic_20,3,16,nearest_neighbor,0.08730002446100116,3.227653914432057,1
synthetic_20,3,16,random_search,0.9275999909732491,1.246702497170952,1
synthetic_20,3,17,treesat_exact,0.24500000290572643,0.8768592180436182,1
synthetic_20,3,17,nearest_neighbor,0.05360000068321824,3.8404617058827255,1
synthetic_20,3,17,random_search,0.8583000162616372,1.8060099373447056,1
synthetic_20,3,18,treesat_exact,0.2716000017244369,0.5837112919272328,1
synthetic_20,3,18,nearest_neighbor,0.04859999171458185,3.162479465674936,1
synthetic_20,3,18,random_search,2.887200011173263,1.7967800705634187,1
synthetic_20,3,19,treesat_exact,0.5772000004071742,0.6896808717181255,1
synthetic_20,3,19,nearest_neighbor,0.20280000171624124,3.7395238121316225,1
synthetic_20,3,19,random_search,2.296899998327717,2.3769247606821695,1
synthetic_20,3,20,treesat_exact,0.3935999993700534,0.13545409498624417,1
synthetic_20,3,20,nearest_neighbor,0.11210000957362354,3.5348351365823625,1
synthetic_20,3,20,random_search,1.8733000033535063,0.22822099837459625,1
synthetic_20,3,21,treesat_exact,0.29799999902024865,0.33903626358294914,1
synthetic_20,3,21,nearest_neighbor,0.10119998478330672,2.8919382313464372,1
synthetic_20,3,21,random_search,1.5397999959532171,0.8007612492850191,1
synthetic_20,3,22,treesat_exact,0.3208999987691641,0.37397535292752637,1
synthetic_20,3,22,nearest_neighbor,0.08369999704882503,3.827484151972503,1
synthetic_20,3,22,random_search,1.3535000034607947,0.8935895081617838,1
synthetic_20,3,23,treesat_exact,0.24839999969117343,0.17001444269620808,1
synthetic_20,3,23,nearest_neighbor,0.07949999417178333,3.52875314101281,1
synthetic_20,3,23,random_search,1.4832000015303493,0.5486809230040978,1
synthetic_20,3,24,treesat_exact,0.08999998681247234,0.36009996994769555,1
synthetic_20,3,24,nearest_neighbor,0.059699988923966885,3.0574396337115406,1
synthetic_20,3,24,random_search,0.5018000083509833,1.1868140498933226,1
synthetic_20,3,25,treesat_exact,0.07899999036453664,0.7464581397601548,1
synthetic_20,3,25,nearest_neighbor,0.02720000338740647,3.978899196587109,1
synthetic_20,3,25,random_search,0.37999998312443495,1.7661393230936024,1
synthetic_20,3,26,treesat_exact,0.06959997699595988,0.4153998252760938,1
synthetic_20,3,26,nearest_neighbor,0.02649999805726111,3.5033940472450107,1
synthetic_20,3,26,random_search,0.36669999826699495,0.8899715187296283,1
synthetic_20,3,27,treesat_exact,0.0675999908708036,0.5837133313753468,1
synthetic_20,3,27,nearest_neighbor,0.023100001271814108,3.9906586482467934,1
synthetic_20,3,27,random_search,0.3775999939534813,1.9725259729133804,1
synthetic_20,3,28,treesat_exact,0.06970000686123967,0.010868373292540867,1
synthetic_20,3,28,nearest_neighbor,0.023100001271814108,3.231357389199528,1
synthetic_20,3,28,random_search,0.3865000035148114,0.15659046455688544,1
synthetic_20,3,29,treesat_exact,0.0706000137142837,0.4364007379599266,1
synthetic_20,3,29,nearest_neighbor,0.021899992134422064,3.8147551028322044,1
synthetic_20,3,29,random_search,0.36130001535639167,1.0866072523915147,1
synthetic_20,4,0,treesat_exact,0.10499998461455107,0.4699457628785,1
synthetic_20,4,0,nearest_neighbor,0.03279998782090843,3.7698028944405775,1
synthetic_20,4,0,random_search,0.4351000243332237,0.9344932300274678,1
synthetic_20,4,1,treesat_exact,0.07860001642256975,0.5133633548208631,1
synthetic_20,4,1,nearest_neighbor,0.02500001573935151,3.4740870836201694,1
synthetic_20,4,1,random_search,0.4008999967481941,0.8186315216196661,1
synthetic_20,4,2,treesat_exact,0.10870001278817654,1.5549798756958129,1
synthetic_20,4,2,nearest_neighbor,0.024599983589723706,4.671621559877024,1
synthetic_20,4,2,random_search,0.36559998989105225,3.700205168423158,1
synthetic_20,4,3,treesat_exact,0.10620002285577357,0.32718682143551925,1
synthetic_20,4,3,nearest_neighbor,0.022099993657320738,3.1977916424928097,1
synthetic_20,4,3,random_search,0.3865000035148114,0.1900362168556343,1
synthetic_20,4,4,treesat_exact,0.07179999374784529,0.5108216638236154,1
synthetic_20,4,4,nearest_neighbor,0.02139998832717538,2.946378250413063,1
synthetic_20,4,4,random_search,0.3581999917514622,1.3791223787564468,1
synthetic_20,4,5,treesat_exact,0.07670000195503235,1.097998634822316,1
synthetic_20,4,5,nearest_neighbor,0.02269999822601676,4.743228999045412,1
synthetic_20,4,5,random_search,0.3659999929368496,2.1608885462868157,1
synthetic_20,4,6,treesat_exact,0.07020001066848636,0.02778694855923769,1
synthetic_20,4,6,nearest_neighbor,0.022099993657320738,2.839872448263395,1
synthetic_20,4,6,random_search,0.38369998219422996,0.1061943533073266,1
synthetic_20,4,7,treesat_exact,0.06970000686123967,0.1878044544608595,1
synthetic_20,4,7,nearest_neighbor,0.021299987565726042,2.9235000917583527,1
synthetic_20,4,7,random_search,0.36720000207424164,0.561108381548519,1
synthetic_20,4,8,treesat_exact,0.0686999992467463,0.16481146953081005,1
synthetic_20,4,8,nearest_neighbor,0.022199994418770075,3.4116513035565297,1
synthetic_20,4,8,random_search,0.3972999984398484,0.3261371990395842,1
synthetic_20,4,9,treesat_exact,0.07149999146349728,0.9220020520661988,1
synthetic_20,4,9,nearest_neighbor,0.021799991372972727,3.9788684994922026,1
synthetic_20,4,9,random_search,0.34920001053251326,3.094974314375566,1
synthetic_20,4,10,treesat_exact,0.06910000229254365,0.5254678973338068,1
synthetic_20,4,10,nearest_neighbor,0.02120001590810716,3.3600582590664447,1
synthetic_20,4,10,random_search,0.3555000002961606,1.8362235236749935,1
synthetic_20,4,11,treesat_exact,0.069500005338341,0.12624060233097523,1
synthetic_20,4,11,nearest_neighbor,0.02090001362375915,2.0957877110481333,1
synthetic_20,4,11,random_search,0.37289998726919293,0.21622124212330668,1
synthetic_20,4,12,treesat_exact,0.1888000115286559,0.5996137383986172,1
synthetic_20,4,12,nearest_neighbor,0.023500004317611456,3.178497023082933,1
synthetic_20,4,12,random_search,0.4571000172290951,0.16189117304979345,1
synthetic_20,4,13,treesat_exact,0.12919999426230788,0.36055350348251786,1
synthetic_20,4,13,nearest_neighbor,0.027699978090822697,4.199083230769733,1
synthetic_20,4,13,random_search,0.4707000043708831,0.7368142386877188,1
synthetic_20,4,14,treesat_exact,0.08850000449456275,0.1882495232504684,1
synthetic_20,4,14,nearest_neighbor,0.028399983420968056,3.952728865402991,1
synthetic_20,4,14,random_search,0.49569999100640416,0.5195120034235471,1
synthetic_20,4,15,treesat_exact,0.0923000043258071,0.2446353768510773,1
synthetic_20,4,15,nearest_neighbor,0.024300010409206152,4.170216789127579,1
synthetic_20,4,15,random_search,0.4068999842274934,0.8552915555003705,1
synthetic_20,4,16,treesat_exact,0.07690000347793102,0.5711653635466833,1
synthetic_20,4,16,nearest_neighbor,0.024900014977902174,3.1697677786646974,1
synthetic_20,4,16,random_search,0.39339999784715474,1.3794736955829459,1
synthetic_20,4,17,treesat_exact,0.07559999357908964,1.0357991051564421,1
synthetic_20,4,17,nearest_neighbor,0.024100008886307478,4.194812595186433,1
synthetic_20,4,17,random_search,0.387999985832721,2.370352998855223,1
synthetic_20,4,18,treesat_exact,0.08380002691410482,0.5476172725608264,1
synthetic_20,4,18,nearest_neighbor,0.023900007363408804,3.435382119936349,1
synthetic_20,4,18,random_search,0.37009999505244195,0.9968780261339454,1
synthetic_20,4,19,treesat_exact,0.15040001017041504,0.48225596489755873,1
synthetic_20,4,19,nearest_neighbor,0.022199994418770075,2.9493176129928864,1
synthetic_20,4,19,random_search,0.36929998896084726,0.1779494719473868,1
synthetic_20,4,20,treesat_exact,0.06700001540593803,0.9764823492466564,1
synthetic_20,4,20,nearest_neighbor,0.022499996703118086,3.3701281848129,1
synthetic_20,4,20,random_search,0.34830000367946923,3.22317246299724,1
synthetic_20,4,21,treesat_exact,0.06770002073608339,0.3800093526095977,1
synthetic_20,4,21,nearest_neighbor,0.02169999061152339,4.874108308548499,1
synthetic_20,4,21,random_search,0.37930000689812005,0.6271055786138717,1
synthetic_20,4,22,treesat_exact,0.06860002758912742,1.3664330457552687,1
synthetic_20,4,22,nearest_neighbor,0.021899992134422064,3.9983808513683097,1
synthetic_20,4,22,random_search,0.34649998997338116,2.700949260525195,1
synthetic_20,4,23,treesat_exact,0.1604999997653067,0.8253003920996123,1
synthetic_20,4,23,nearest_neighbor,0.03339999238960445,4.244171529869908,1
synthetic_20,4,23,random_search,0.4275999963283539,2.8947448056306064,1
synthetic_20,4,24,treesat_exact,0.08040000102482736,1.4270930920813696,1
synthetic_20,4,24,nearest_neighbor,0.024500011932104826,4.969492770100115,1
synthetic_20,4,24,random_search,0.37399999564513564,3.069125488318938,1
synthetic_20,4,25,treesat_exact,0.07340000593103468,0.2397985394046451,1
synthetic_20,4,25,nearest_neighbor,0.022899999748915434,3.630537995552224,1
synthetic_20,4,25,random_search,0.38949999725446105,0.7961311970676208,1
synthetic_20,4,26,treesat_exact,0.07159999222494662,0.282385855346998,1
synthetic_20,4,26,nearest_neighbor,0.022099993657320738,3.0233720977154794,1
synthetic_20,4,26,random_search,0.3708000003825873,0.5734848556812076,1
synthetic_20,4,27,treesat_exact,0.06979997851885855,1.8220828011829593,1
synthetic_20,4,27,nearest_neighbor,0.02090001362375915,4.688567944444925,1
synthetic_20,4,27,random_search,0.3414000093471259,5.778451463434675,1
synthetic_20,4,28,treesat_exact,0.06940000457689166,0.05676470534166586,1
synthetic_20,4,28,nearest_neighbor,0.021000014385208488,3.8666580375119897,1
synthetic_20,4,28,random_search,0.37930000689812005,0.1975232649397556,1
synthetic_20,4,29,treesat_exact,0.09329998283647001,0.28149237797565635,1
synthetic_20,4,29,nearest_neighbor,0.02370000584051013,4.354984710146077,1
synthetic_20,4,29,random_search,0.3771000192500651,0.539295136677752,1
synthetic_20,5,0,treesat_exact,0.20849998691119254,2.0431879853183976,1
synthetic_20,5,0,nearest_neighbor,0.03130000550299883,4.3403451353781515,1
synthetic_20,5,0,random_search,0.4231999919284135,4.625935312544014,1
synthetic_20,5,1,treesat_exact,0.10790000669658184,0.6725421477213998,1
synthetic_20,5,1,nearest_neighbor,0.024899985874071717,3.3712815494860537,1
synthetic_20,5,1,random_search,0.3892999957315624,0.3997717390506581,1
synthetic_20,5,2,treesat_exact,0.06880000000819564,0.9432378198370888,1
synthetic_20,5,2,nearest_neighbor,0.022499996703118086,5.320214093397755,1
synthetic_20,5,2,random_search,0.361100013833493,1.9180990475470827,1
synthetic_20,5,3,treesat_exact,0.0672000169288367,0.1368767912510127,1
synthetic_20,5,3,nearest_neighbor,0.02269999822601676,3.1524288171224164,1
synthetic_20,5,3,random_search,0.3701000241562724,0.39798020901312664,1
synthetic_20,5,4,treesat_exact,0.07850001566112041,0.6488421726798683,1
synthetic_20,5,4,nearest_neighbor,0.023200002033263445,3.452508006542533,1
synthetic_20,5,4,random_search,0.36100001307204366,1.641308675568851,1
synthetic_20,5,5,treesat_exact,0.0678999931551516,0.7539926391813664,1
synthetic_20,5,5,nearest_neighbor,0.02169999061152339,5.231082460312766,1
synthetic_20,5,5,random_search,0.3476999991107732,3.328361881397499,1
synthetic_20,5,6,treesat_exact,0.06630001007579267,0.7309912427167888,1
synthetic_20,5,6,nearest_neighbor,0.022299995180219412,4.016133967926066,1
synthetic_20,5,6,random_search,0.35329998354427516,1.9849439227848331,1
synthetic_20,5,7,treesat_exact,0.06430002395063639,0.15103598993037642,1
synthetic_20,5,7,nearest_neighbor,0.02169999061152339,2.823471635394727,1
synthetic_20,5,7,random_search,0.40270001045428216,0.3331039308541684,1
synthetic_20,5,8,treesat_exact,0.2027000009547919,1.4107969412677022,1
synthetic_20,5,8,nearest_neighbor,0.022799998987466097,3.7491815984730095,1
synthetic_20,5,8,random_search,0.3473999968264252,3.378711344581926,1
synthetic_20,5,9,treesat_exact,0.06540000322274864,0.6411316583520867,1
synthetic_20,5,9,nearest_neighbor,0.02139998832717538,5.303077403345476,1
synthetic_20,5,9,random_search,0.34729999606497586,1.9569768346655114,1
synthetic_20,5,10,treesat_exact,0.12310000602155924,1.1824795158255443,1
synthetic_20,5,10,nearest_neighbor,0.023599975975230336,3.186152530643297,1
synthetic_20,5,10,random_search,0.36570001975633204,3.829916681949434,1
synthetic_20,5,11,treesat_exact,0.06620000931434333,0.5653506859475892,1
synthetic_20,5,11,nearest_neighbor,0.0219999928958714,3.2058905386005963,1
synthetic_20,5,11,random_search,0.3471999953035265,2.805334211903623,1
synthetic_20,5,12,treesat_exact,0.0644999963697046,1.0813461682258854,1
synthetic_20,5,12,nearest_neighbor,0.021700019715353847,6.239419670752392,1
synthetic_20,5,12,random_search,0.3425999893806875,3.322705662451239,1
synthetic_20,5,13,treesat_exact,0.06389999180100858,0.917823943196662,1
synthetic_20,5,13,nearest_neighbor,0.021299987565726042,3.6078961481570273,1
synthetic_20,5,13,random_search,0.34309999318793416,3.1790050474955716,1
synthetic_20,5,14,treesat_exact,0.06399999256245792,0.06030946479655382,1
synthetic_20,5,14,nearest_neighbor,0.023100001271814108,4.560808464399464,1
synthetic_20,5,14,random_search,0.4123999970033765,0.21439213942534252,1
synthetic_20,5,15,treesat_exact,0.1509999856352806,1.6260629153588706,1
synthetic_20,5,15,nearest_neighbor,0.02239999594166875,3.7407626845446234,1
synthetic_20,5,15,random_search,0.3448000061325729,3.9646842595916163,1
synthetic_20,5,16,treesat_exact,0.12240000069141388,1.1248654810756675,1
synthetic_20,5,16,nearest_neighbor,0.0219999928958714,3.8925180935315757,1
synthetic_20,5,16,random_search,0.34630001755431294,4.110894936820559,1
synthetic_20,5,17,treesat_exact,0.06550000398419797,0.005231494546918736,1
synthetic_20,5,17,nearest_neighbor,0.021100015146657825,3.4013515900313944,1
synthetic_20,5,17,random_search,0.3980000037699938,0.15609018621633847,1
synthetic_20,5,18,treesat_exact,0.06650001159869134,0.42055368078899413,1
synthetic_20,5,18,nearest_neighbor,0.021599989850074053,3.368441379230231,1
synthetic_20,5,18,random_search,0.3521000035107136,1.9854414635327025,1
synthetic_20,5,19,treesat_exact,0.06369999027810991,0.07848235805515658,1
synthetic_20,5,19,nearest_neighbor,0.023300002794712782,4.081926643500738,1
synthetic_20,5,19,random_search,0.3725999849848449,0.1872934288624299,1
synthetic_20,5,20,treesat_exact,0.11749999248422682,0.7932188736491299,1
synthetic_20,5,20,nearest_neighbor,0.021299987565726042,3.375540102118797,1
synthetic_20,5,20,random_search,0.3563000063877553,0.8963183928600121,1
synthetic_20,5,21,treesat_exact,0.06469999789260328,0.05450992981055369,1
synthetic_20,5,21,nearest_neighbor,0.021299987565726042,2.353601370951077,1
synthetic_20,5,21,random_search,0.4163999983575195,0.19119340340051405,1
synthetic_20,5,22,treesat_exact,0.0659999786876142,0.27810737377757666,1
synthetic_20,5,22,nearest_neighbor,0.021799991372972727,3.6762007651378186,1
synthetic_20,5,22,random_search,0.3628999984357506,0.8353780796986966,1
synthetic_20,5,23,treesat_exact,0.06389999180100858,0.37151656853240966,1
synthetic_20,5,23,nearest_neighbor,0.022599997464567423,3.275660011860618,1
synthetic_20,5,23,random_search,0.6280000088736415,0.9127578832630039,1
synthetic_20,5,24,treesat_exact,0.08170001092366874,0.9201843686270059,1
synthetic_20,5,24,nearest_neighbor,0.0261999957729131,3.893924404113662,1
synthetic_20,5,24,random_search,0.5418000218924135,2.201766936246292,1
synthetic_20,5,25,treesat_exact,0.1799000019673258,0.23852776468999526,1
synthetic_20,5,25,nearest_neighbor,0.05590001819655299,4.816117586627669,1
synthetic_20,5,25,random_search,0.957900017965585,0.5304595863197581,1
synthetic_20,5,26,treesat_exact,0.21979998564347625,0.4555965748138996,1
synthetic_20,5,26,nearest_neighbor,0.04800001624971628,3.7534260204963217,1
synthetic_20,5,26,random_search,0.8093999931588769,1.749410356222745,1
synthetic_20,5,27,treesat_exact,0.14930000179447234,0.2942084741186504,1
synthetic_20,5,27,nearest_neighbor,0.05080000846646726,2.8016585171078994,1
synthetic_20,5,27,random_search,0.748499995097518,0.85049687852077,1
synthetic_20,5,28,treesat_exact,0.132200017105788,0.773666583547304,1
synthetic_20,5,28,nearest_neighbor,0.04309997893869877,3.274554022172438,1
synthetic_20,5,28,random_search,0.7214999932330102,2.821206511029154,1
synthetic_20,5,29,treesat_exact,0.1289999927394092,1.4132003948171838,1
synthetic_20,5,29,nearest_neighbor,0.0425000034738332,4.3608694377170565,1
synthetic_20,5,29,random_search,0.6685000262223184,3.803787445186664,1
synthetic_20,6,0,treesat_exact,0.11930000619031489,0.9471499963226229,1
synthetic_20,6,0,nearest_neighbor,0.06520000169984996,3.6005344545783613,1
synthetic_20,6,0,random_search,0.4564999835565686,3.5735744473153948,1
synthetic_20,6,1,treesat_exact,0.0785999873187393,0.114857125894115,1
synthetic_20,6,1,nearest_neighbor,0.025899993488565087,3.391623511809506,1
synthetic_20,6,1,random_search,0.4002999921794981,0.40045546334916854,1
synthetic_20,6,2,treesat_exact,0.15529998927377164,1.1253983298863461,1
synthetic_20,6,2,nearest_neighbor,0.022599997464567423,3.8861967581315993,1
synthetic_20,6,2,random_search,0.3704999980982393,2.5946088583420015,1
synthetic_20,6,3,treesat_exact,0.06930000381544232,1.2619779662463204,1
synthetic_20,6,3,nearest_neighbor,0.022499996703118086,3.5002924022008632,1
synthetic_20,6,3,random_search,0.35530002787709236,3.1983264801237876,1
synthetic_20,6,4,treesat_exact,0.07479998748749495,0.20806273937327113,1
synthetic_20,6,4,nearest_neighbor,0.024200009647756815,3.222693020898212,1
synthetic_20,6,4,random_search,0.38960002711974084,0.3488154777517003,1
synthetic_20,6,5,treesat_exact,0.06769999163225293,1.0091083644083954,1
synthetic_20,6,5,nearest_neighbor,0.0213000166695565,5.009752053632446,1
synthetic_20,6,5,random_search,0.4842999915126711,2.82634524498549,1
synthetic_20,6,6,treesat_exact,0.13679999392479658,0.04682217519137788,1
synthetic_20,6,6,nearest_neighbor,0.08940001134760678,3.0340390324651674,1
synthetic_20,6,6,random_search,0.5283000064082444,0.19986021441372664,1
synthetic_20,6,7,treesat_exact,0.1134999911300838,0.08784890674221772,1
synthetic_20,6,7,nearest_neighbor,0.024199980543926358,2.3173453194792573,1
synthetic_20,6,7,random_search,0.4322000022511929,0.17982952664937404,1
synthetic_20,6,8,treesat_exact,0.07579999510198832,0.21336518723742162,1
synthetic_20,6,8,nearest_neighbor,0.024300010409206152,2.949954874599265,1
synthetic_20,6,8,random_search,0.38369998219422996,0.7855208696566469,1
synthetic_20,6,9,treesat_exact,0.07509998977184296,0.24590562700344432,1
synthetic_20,6,9,nearest_neighbor,0.0219999928958714,3.6632898309048576,1
synthetic_20,6,9,random_search,0.378700002329424,0.7937999829023124,1
synthetic_20,6,10,treesat_exact,0.07129998994059861,0.34036040495408304,1
synthetic_20,6,10,nearest_neighbor,0.023200002033263445,3.44046967899442,1
synthetic_20,6,10,random_search,0.38880002102814615,1.0098969476330948,1
synthetic_20,6,11,treesat_exact,0.0735999783501029,0.6212731782941573,1
synthetic_20,6,11,nearest_neighbor,0.023500004317611456,4.848862065976862,1
synthetic_20,6,11,random_search,0.3795000084210187,1.9651956609999344,1
synthetic_20,6,12,treesat_exact,0.10259999544359744,1.1384299767627648,1
synthetic_20,6,12,nearest_neighbor,0.023699976736679673,2.8688041203101613,1
synthetic_20,6,12,random_search,0.3588999970816076,2.8004283251091002,1
synthetic_20,6,13,treesat_exact,0.07419998291879892,0.4556728730647033,1
synthetic_20,6,13,nearest_neighbor,0.023100001271814108,3.689417147353263,1
synthetic_20,6,13,random_search,0.3868000057991594,1.428839406702662,1
synthetic_20,6,14,treesat_exact,0.07310000364668667,0.4164811200880727,1
synthetic_20,6,14,nearest_neighbor,0.023800006601959467,3.5230605293753903,1
synthetic_20,6,14,random_search,0.39909998304210603,1.3368224942218072,1
synthetic_20,6,15,treesat_exact,0.07410001126118004,0.6872897801301588,1
synthetic_20,6,15,nearest_neighbor,0.02549999044276774,3.0637022292695635,1
synthetic_20,6,15,random_search,0.8079000108409673,1.6079597785465674,1
synthetic_20,6,16,treesat_exact,0.20520001999102533,0.7121133437509839,1
synthetic_20,6,16,nearest_neighbor,0.045599997974932194,4.1185211122367935,1
synthetic_20,6,16,random_search,0.9224999812431633,1.7271406089795314,1
synthetic_20,6,17,treesat_exact,0.09439999121241271,0.40766378582867385,1
synthetic_20,6,17,nearest_neighbor,0.035200006095692515,3.8605208929675863,1
synthetic_20,6,17,random_search,0.40699998498894274,0.9919578861258863,1
synthetic_20,6,18,treesat_exact,0.07460001506842673,0.5043146704356214,1
synthetic_20,6,18,nearest_neighbor,0.02710000262595713,2.9136647406265483,1
synthetic_20,6,18,random_search,0.38579999818466604,0.8923362520333624,1
synthetic_20,6,19,treesat_exact,0.0798000255599618,0.46073280916163506,1
synthetic_20,6,19,nearest_neighbor,0.023600005079060793,3.0287191084627363,1
synthetic_20,6,19,random_search,0.38759998278692365,1.0416508069193928,1
synthetic_20,6,20,treesat_exact,0.07089998689480126,0.8214129002316757,1
synthetic_20,6,20,nearest_neighbor,0.031200004741549492,3.441228617429967,1
synthetic_20,6,20,random_search,0.37289998726919293,2.2310675194434295,1
synthetic_20,6,21,treesat_exact,0.07280000136233866,0.4375038886475007,1
synthetic_20,6,21,nearest_neighbor,0.02230002428404987,3.4481766844071595,1
synthetic_20,6,21,random_search,0.36720000207424164,1.3972363727977657,1
synthetic_20,6,22,treesat_exact,0.08080000407062471,0.544000334382818,1
synthetic_20,6,22,nearest_neighbor,0.02300000051036477,4.378096643447458,1
synthetic_20,6,22,random_search,0.36550001823343337,2.0940403358522834,1
synthetic_20,6,23,treesat_exact,0.06910000229254365,1.2038735583767317,1
synthetic_20,6,23,nearest_neighbor,0.022199994418770075,4.311811647293528,1
synthetic_20,6,23,random_search,0.3714999766089022,4.4955502376941165,1
synthetic_20,6,24,treesat_exact,0.17290000687353313,0.7668049730463732,1
synthetic_20,6,24,nearest_neighbor,0.025999994250014424,3.7047580752098304,1
synthetic_20,6,24,random_search,0.4124999977648258,0.8645718613049731,1
synthetic_20,6,25,treesat_exact,0.07579999510198832,0.10416563077669927,1
synthetic_20,6,25,nearest_neighbor,0.022799998987466097,2.578343321597495,1
synthetic_20,6,25,random_search,0.3876000118907541,0.39868794891045795,1
synthetic_20,6,26,treesat_exact,0.07139999070204794,0.6024432759222881,1
synthetic_20,6,26,nearest_neighbor,0.022499996703118086,3.1988575656262443,1
synthetic_20,6,26,random_search,0.3634000022429973,2.0236037891603034,1
synthetic_20,6,27,treesat_exact,0.07869998808018863,0.4012493737546926,1
synthetic_20,6,27,nearest_neighbor,0.02340000355616212,2.721017063792429,1
synthetic_20,6,27,random_search,0.3732999903149903,0.936720740100197,1
synthetic_20,6,28,treesat_exact,0.07219999679364264,0.7166833594027472,1
synthetic_20,6,28,nearest_neighbor,0.022499996703118086,5.361497033897623,1
synthetic_20,6,28,random_search,0.3547999949660152,3.6369950357448126,1
synthetic_20,6,29,treesat_exact,0.07169999298639596,0.392306610684912,1
synthetic_20,6,29,nearest_neighbor,0.021499989088624716,3.2906251514288383,1
synthetic_20,6,29,random_search,0.367900007404387,0.789961706239772,1
synthetic_20,7,0,treesat_exact,0.13119998038746417,0.5303005143583688,1
synthetic_20,7,0,nearest_neighbor,0.03739999374374747,4.139859553790322,1
synthetic_20,7,0,random_search,0.4842999915126711,1.7136873388305838,1
synthetic_20,7,1,treesat_exact,0.11570000788196921,0.9111146672205925,1
synthetic_20,7,1,nearest_neighbor,0.027300004148855805,4.374846319505465,1
synthetic_20,7,1,random_search,0.4008999967481941,1.2498670533604173,1
synthetic_20,7,2,treesat_exact,0.10380000458098948,1.1079916166453063,1
synthetic_20,7,2,nearest_neighbor,0.02720000338740647,3.6571914294467582,1
synthetic_20,7,2,random_search,0.37769999471493065,2.9922275281332307,1
synthetic_20,7,3,treesat_exact,0.0693999754730612,1.1119097825323008,1
synthetic_20,7,3,nearest_neighbor,0.024200009647756815,3.8421783936016767,1
synthetic_20,7,3,random_search,0.37379999412223697,3.715964443993363,1
synthetic_20,7,4,treesat_exact,0.0720999960321933,0.36710216407916785,1
synthetic_20,7,4,nearest_neighbor,0.024999986635521054,2.5247563289111103,1
synthetic_20,7,4,random_search,0.36700000055134296,1.0433273759323247,1
synthetic_20,7,5,treesat_exact,0.13970001600682735,0.6581644521629693,1
synthetic_20,7,5,nearest_neighbor,0.02370000584051013,3.174238183734383,1
synthetic_20,7,5,random_search,0.3806999884545803,0.15463274835446775,1
synthetic_20,7,6,treesat_exact,0.06960000609979033,0.438758842010507,1
synthetic_20,7,6,nearest_neighbor,0.022899999748915434,3.0704160164173713,1
synthetic_20,7,6,random_search,0.38800001493655145,2.089286409089899,1
synthetic_20,7,7,treesat_exact,0.06810002378188074,0.04365163213766596,1
synthetic_20,7,7,nearest_neighbor,0.022599997464567423,3.4569332919398446,1
synthetic_20,7,7,random_search,0.4050999996252358,0.17455927203390104,1
synthetic_20,7,8,treesat_exact,0.06960000609979033,0.09115934128716516,1
synthetic_20,7,8,nearest_neighbor,0.022599997464567423,4.488381745973983,1
synthetic_20,7,8,random_search,0.36529998760670424,0.4696564851048577,1
synthetic_20,7,9,treesat_exact,0.06740001845173538,0.7082475448329428,1
synthetic_20,7,9,nearest_neighbor,0.0219999928958714,2.4558012338211883,1
synthetic_20,7,9,random_search,0.3512999974191189,2.8462760394354576,1
synthetic_20,7,10,treesat_exact,0.09280000813305378,0.35585171370187463,1
synthetic_20,7,10,nearest_neighbor,0.021499989088624716,3.851873759097198,1
synthetic_20,7,10,random_search,0.3732000186573714,0.23605240849578835,1
synthetic_20,7,11,treesat_exact,0.09470002260059118,1.5252207845009842,1
synthetic_20,7,11,nearest_neighbor,0.021700019715353847,4.263524477846617,1
synthetic_20,7,11,random_search,0.3588999970816076,3.4775596935211532,1
synthetic_20,7,12,treesat_exact,0.06540000322274864,0.13901786187257417,1
synthetic_20,7,12,nearest_neighbor,0.021700019715353847,3.322532467209246,1
synthetic_20,7,12,random_search,0.36750000435858965,0.40846954183945117,1
synthetic_20,7,13,treesat_exact,0.06479999865405262,0.13757041978782683,1
synthetic_20,7,13,nearest_neighbor,0.021599989850074053,3.783271588346079,1
synthetic_20,7,13,random_search,0.3685999836307019,0.3884247111114863,1
synthetic_20,7,14,treesat_exact,0.06660001236014068,1.1131231262491648,1
synthetic_20,7,14,nearest_neighbor,0.02169999061152339,3.942938256846307,1
synthetic_20,7,14,random_search,0.34270001924596727,3.009974135745937,1
synthetic_20,7,15,treesat_exact,0.3203999949619174,0.9675517909375231,1
synthetic_20,7,15,nearest_neighbor,0.07989999721758068,7.391067892359026,1
synthetic_20,7,15,random_search,0.4735999973490834,3.0489752941010995,1
synthetic_20,7,16,treesat_exact,0.08600001456215978,0.12907956313652558,1
synthetic_20,7,16,nearest_neighbor,0.03060000017285347,3.877505387905145,1
synthetic_20,7,16,random_search,0.40180000360123813,0.3459670206209198,1
synthetic_20,7,17,treesat_exact,0.10190001921728253,1.2688737569515172,1
synthetic_20,7,17,nearest_neighbor,0.02300000051036477,3.192075301814118,1
synthetic_20,7,17,random_search,1.4352000143844634,3.496204001546035,1
synthetic_20,7,18,treesat_exact,0.5070000188425183,0.5192833400652357,1
synthetic_20,7,18,nearest_neighbor,0.20390001009218395,4.296971857864412,1
synthetic_20,7,18,random_search,1.7162000003736466,1.5994354534053605,1
synthetic_20,7,19,treesat_exact,0.3384999872650951,0.6376495793342067,1
synthetic_20,7,19,nearest_neighbor,0.09809999028220773,4.473827284107102,1
synthetic_20,7,19,random_search,1.5436999965459108,1.117801035019596,1
synthetic_20,7,20,treesat_exact,0.2762000076472759,0.5619186875621258,1
synthetic_20,7,20,nearest_neighbor,0.08689999231137335,3.719569640287756,1
synthetic_20,7,20,random_search,1.366299984510988,1.8501909515827328,1
synthetic_20,7,21,treesat_exact,0.2499000111129135,1.034946774413394,1
synthetic_20,7,21,nearest_neighbor,0.07660000119358301,3.3828570353638274,1
synthetic_20,7,21,random_search,1.5373000060208142,3.3192817500556724,1
synthetic_20,7,22,treesat_exact,0.3627000260166824,0.6827016089283208,1
synthetic_20,7,22,nearest_neighbor,0.0659999786876142,4.1171157323431595,1
synthetic_20,7,22,random_search,1.1070000182371587,0.42235272849297373,1
synthetic_20,7,23,treesat_exact,0.20249999943189323,0.2732429622367499,1
synthetic_20,7,23,nearest_neighbor,0.06649998249486089,4.475326981415879,1
synthetic_20,7,23,random_search,3.490500006591901,0.8257116110122437,1
synthetic_20,7,24,treesat_exact,0.08080000407062471,0.1753362355317733,1
synthetic_20,7,24,nearest_neighbor,0.026299996534362435,3.1851989841223416,1
synthetic_20,7,24,random_search,0.4126999992877245,0.4185083640432228,1
synthetic_20,7,25,treesat_exact,0.07149999146349728,0.8307931982369722,1
synthetic_20,7,25,nearest_neighbor,0.022799998987466097,3.861470073599782,1
synthetic_20,7,25,random_search,0.3625000244937837,2.420564371743008,1
synthetic_20,7,26,treesat_exact,0.11930000619031489,0.11447781609097427,1
synthetic_20,7,26,nearest_neighbor,0.10050000855699182,3.389630616724493,1
synthetic_20,7,26,random_search,1.9444999925326556,0.3365263930826202,1
synthetic_20,7,27,treesat_exact,0.2887000155169517,0.5004478496322814,1
synthetic_20,7,27,nearest_neighbor,0.14780001947656274,3.342258207621807,1
synthetic_20,7,27,random_search,1.4576000103261322,1.8064823296361345,1
synthetic_20,7,28,treesat_exact,0.2615000121295452,0.10924656706339197,1
synthetic_20,7,28,nearest_neighbor,0.07579999510198832,3.2852405392041915,1
synthetic_20,7,28,random_search,1.1892000038642436,0.4338270723829752,1
synthetic_20,7,29,treesat_exact,0.3892999957315624,0.5061106196248131,1
synthetic_20,7,29,nearest_neighbor,0.06689998554065824,3.075568089937144,1
synthetic_20,7,29,random_search,1.0372000106144696,1.0443430296691707,1
synthetic_20,8,0,treesat_exact,0.10949998977594078,0.6234238558080379,1
synthetic_20,8,0,nearest_neighbor,0.03409999771974981,3.1150016376638896,1
synthetic_20,8,0,random_search,0.43700000969693065,1.6372690067445097,1
synthetic_20,8,1,treesat_exact,0.1078000059351325,0.882027262150199,1
synthetic_20,8,1,nearest_neighbor,0.024300010409206152,3.9224489530597233,1
synthetic_20,8,1,random_search,0.37039999733678997,1.6013078696402936,1
synthetic_20,8,2,treesat_exact,0.07039998308755457,0.35816911582483846,1
synthetic_20,8,2,nearest_neighbor,0.0219999928958714,4.07781135109364,1
synthetic_20,8,2,random_search,0.37059999885968864,0.8993425141700564,1
synthetic_20,8,3,treesat_exact,0.06920000305399299,0.6076338121387446,1
synthetic_20,8,3,nearest_neighbor,0.021299987565726042,3.4118100917347616,1
synthetic_20,8,3,random_search,0.3625999961514026,2.1557061526430705,1
synthetic_20,8,4,treesat_exact,0.06859999848529696,0.011533785166712218,1
synthetic_20,8,4,nearest_neighbor,0.028799986466765404,2.3539079714109636,1
synthetic_20,8,4,random_search,0.39500001003034413,0.16351214744163828,1
synthetic_20,8,5,treesat_exact,0.06829999620094895,0.607863549534299,1
synthetic_20,8,5,nearest_neighbor,0.021199986804276705,4.578696412321293,1
synthetic_20,8,5,random_search,0.3507999936118722,3.5941444891426264,1
synthetic_20,8,6,treesat_exact,0.09610000415705144,1.0119845066434563,1
synthetic_20,8,6,nearest_neighbor,0.02139998832717538,4.991725358812417,1
synthetic_20,8,6,random_search,0.3449000068940222,3.973132031372004,1
synthetic_20,8,7,treesat_exact,0.06589997792616487,0.010135475827581036,1
synthetic_20,8,7,nearest_neighbor,0.020799983758479357,2.849218065626579,1
synthetic_20,8,7,random_search,0.39220001781359315,0.14607644026691116,1
synthetic_20,8,8,treesat_exact,0.06640001083724201,0.7825717113149289,1
synthetic_20,8,8,nearest_neighbor,0.02060001133941114,3.6022817680574444,1
synthetic_20,8,8,random_search,0.3476999991107732,3.768214084073781,1
synthetic_20,8,9,treesat_exact,0.0644999963697046,1.2015120192610946,1
synthetic_20,8,9,nearest_neighbor,0.020599982235580683,4.287412232341675,1
synthetic_20,8,9,random_search,0.34270001924596727,3.2757610753724613,1
synthetic_20,8,10,treesat_exact,0.06450002547353506,0.1142352809058717,1
synthetic_20,8,10,nearest_neighbor,0.02039998071268201,3.8086859742150714,1
synthetic_20,8,10,random_search,0.43500002357177436,0.3881313525989109,1
synthetic_20,8,11,treesat_exact,0.07039998308755457,0.20393617813560472,1
synthetic_20,8,11,nearest_neighbor,0.022000021999701858,3.226454871127298,1
synthetic_20,8,11,random_search,0.46499999007210135,0.6249586601953063,1
synthetic_20,8,12,treesat_exact,0.0751999905332923,0.8224912946422628,1
synthetic_20,8,12,nearest_neighbor,0.023300002794712782,3.761548168367448,1
synthetic_20,8,12,random_search,0.3918000147677958,2.32461859744761,1
synthetic_20,8,13,treesat_exact,0.07079998613335192,0.08966310085707249,1
synthetic_20,8,13,nearest_neighbor,0.022499996703118086,3.5587562109828945,1
synthetic_20,8,13,random_search,0.4002000205218792,0.45381199305978936,1
synthetic_20,8,14,treesat_exact,0.07109998841769993,0.31536076661805024,1
synthetic_20,8,14,nearest_neighbor,0.02269999822601676,3.9592907333087206,1
synthetic_20,8,14,random_search,0.40339998668059707,0.7995438650076045,1
synthetic_20,8,15,treesat_exact,0.09720001253299415,1.3707817295619809,1
synthetic_20,8,15,nearest_neighbor,0.021000014385208488,4.182650090572107,1
synthetic_20,8,15,random_search,0.34830000367946923,3.6351184509888266,1
synthetic_20,8,16,treesat_exact,0.06480002775788307,0.02710107402612616,1
synthetic_20,8,16,nearest_neighbor,0.020899984519928694,3.5891801553056273,1
synthetic_20,8,16,random_search,0.375300005543977,0.16582622592176577,1
synthetic_20,8,17,treesat_exact,0.06369999027810991,0.6069503132824549,1
synthetic_20,8,17,nearest_neighbor,0.02060001133941114,3.8726196998553233,1
synthetic_20,8,17,random_search,0.8545999880880117,3.6162921953185534,1
synthetic_20,8,18,treesat_exact,0.06739998934790492,1.4803042726151892,1
synthetic_20,8,18,nearest_neighbor,0.021599989850074053,4.373567945556223,1
synthetic_20,8,18,random_search,0.33989999792538583,5.0583057441182,1
synthetic_20,8,19,treesat_exact,0.06429999484680593,0.14919106117206443,1
synthetic_20,8,19,nearest_neighbor,0.021000014385208488,3.7397809791371013,1
synthetic_20,8,19,random_search,0.3614999877754599,0.7707935987960683,1
synthetic_20,8,20,treesat_exact,1.4998999831732363,0.9097662080431458,1
synthetic_20,8,20,nearest_neighbor,0.06779999239370227,3.8879527937683678,1
synthetic_20,8,20,random_search,0.4625000001396984,1.7632369664437575,1
synthetic_20,8,21,treesat_exact,0.08120000711642206,0.7996430942393576,1
synthetic_20,8,21,nearest_neighbor,0.02540001878514886,2.7919890510075263,1
synthetic_20,8,21,random_search,0.3871000080835074,1.5416221859807122,1
synthetic_20,8,22,treesat_exact,0.07040001219138503,0.779167776562201,1
synthetic_20,8,22,nearest_neighbor,0.022299995180219412,4.8225614160149055,1
synthetic_20,8,22,random_search,0.3625999961514026,2.151606791001978,1
synthetic_20,8,23,treesat_exact,0.06809999467805028,0.25540122430595935,1
synthetic_20,8,23,nearest_neighbor,0.021599989850074053,3.361293817753059,1
synthetic_20,8,23,random_search,0.37980001070536673,0.8625401574769284,1
synthetic_20,8,24,treesat_exact,0.06729998858645558,1.0967079437889156,1
synthetic_20,8,24,nearest_neighbor,0.022199994418770075,3.91076149490658,1
synthetic_20,8,24,random_search,0.3507999936118722,3.6053594073248862,1
synthetic_20,8,25,treesat_exact,0.06660001236014068,0.9828354577168262,1
synthetic_20,8,25,nearest_neighbor,0.02139998832717538,3.0149884804711484,1
synthetic_20,8,25,random_search,0.34339999547228217,3.520637657970795,1
synthetic_20,8,26,treesat_exact,0.0653000024612993,0.8543428380225816,1
synthetic_20,8,26,nearest_neighbor,0.02090001362375915,3.7514528739485145,1
synthetic_20,8,26,random_search,0.34830000367946923,2.9877852163580925,1
synthetic_20,8,27,treesat_exact,0.06570000550709665,0.22739699649992628,1
synthetic_20,8,27,nearest_neighbor,0.020599982235580683,2.724279042119835,1
synthetic_20,8,27,random_search,0.3795000084210187,0.49155545631020997,1
synthetic_20,8,28,treesat_exact,0.06560000474564731,0.2049219027207776,1
synthetic_20,8,28,nearest_neighbor,0.021199986804276705,4.570937450600494,1
synthetic_20,8,28,random_search,0.360500009264797,1.071917618110639,1
synthetic_20,8,29,treesat_exact,0.09549999958835542,0.43009725446640673,1
synthetic_20,8,29,nearest_neighbor,0.02090001362375915,3.2691044372752724,1
synthetic_20,8,29,random_search,0.3578999894671142,0.9555236500228468,1
synthetic_20,9,0,treesat_exact,0.10530001600272954,0.9656628179332977,1
synthetic_20,9,0,nearest_neighbor,0.029000017093494534,3.5878825866267383,1
synthetic_20,9,0,random_search,0.4084999964106828,3.1054508146795214,1
synthetic_20,9,1,treesat_exact,0.1587000151630491,1.1595669862982643,1
synthetic_20,9,1,nearest_neighbor,0.024200009647756815,3.251207691654804,1
synthetic_20,9,1,random_search,0.3677000058814883,1.2215884613184629,1
synthetic_20,9,2,treesat_exact,0.06590000702999532,0.17865399987831054,1
synthetic_20,9,2,nearest_neighbor,0.022299995180219412,2.850983708957097,1
synthetic_20,9,2,random_search,0.39709999691694975,0.4462269369852024,1
synthetic_20,9,3,treesat_exact,0.07139999070204794,0.4772086491527757,1
synthetic_20,9,3,nearest_neighbor,0.02169999061152339,3.4104969985982794,1
synthetic_20,9,3,random_search,0.36589999217540026,1.2522754289074431,1
synthetic_20,9,4,treesat_exact,0.09549999958835542,0.7409160339807206,1
synthetic_20,9,4,nearest_neighbor,0.026599998818710446,3.0100167675262686,1
synthetic_20,9,4,random_search,0.3601000062189996,1.6403826853790757,1
synthetic_20,9,5,treesat_exact,0.06980000762268901,0.9759633928973966,1
synthetic_20,9,5,nearest_neighbor,0.022799998987466097,5.865671783193421,1
synthetic_20,9,5,random_search,0.34569998388178647,3.0809028239377696,1
synthetic_20,9,6,treesat_exact,0.0653000024612993,0.345945112563831,1
synthetic_20,9,6,nearest_neighbor,0.02300000051036477,4.515451854760255,1
synthetic_20,9,6,random_search,0.36949999048374593,0.7853841135452323,1
synthetic_20,9,7,treesat_exact,0.06989997928030789,0.4801848546250206,1
synthetic_20,9,7,nearest_neighbor,0.023200002033263445,4.664997725866126,1
synthetic_20,9,7,random_search,0.3524000057950616,1.3183007244822913,1
synthetic_20,9,8,treesat_exact,0.06940000457689166,0.7039093939491231,1
synthetic_20,9,8,nearest_neighbor,0.022099993657320738,2.784435661499005,1
synthetic_20,9,8,random_search,0.35409998963586986,1.6014221973695066,1
synthetic_20,9,9,treesat_exact,0.0678999931551516,0.45615380345255613,1
synthetic_20,9,9,nearest_neighbor,0.022199994418770075,3.6073489635854985,1
synthetic_20,9,9,random_search,0.3606000100262463,0.8877477963543876,1
synthetic_20,9,10,treesat_exact,0.07330000516958535,0.038945014529457034,1
synthetic_20,9,10,nearest_neighbor,0.024299981305375695,2.7883267356155463,1
synthetic_20,9,10,random_search,0.4327000060584396,0.18695564966351588,1
synthetic_20,9,11,treesat_exact,0.10229999315924942,1.2783440918699838,1
synthetic_20,9,11,nearest_neighbor,0.023100001271814108,3.646401437007833,1
synthetic_20,9,11,random_search,0.3588999970816076,3.649398323674012,1
synthetic_20,9,12,treesat_exact,0.06620000931434333,0.12003131662385325,1
synthetic_20,9,12,nearest_neighbor,0.023100001271814108,2.592819194061508,1
synthetic_20,9,12,random_search,0.3777000238187611,0.2798534189939504,1
synthetic_20,9,13,treesat_exact,0.14869999722577631,0.7384011352979601,1
synthetic_20,9,13,nearest_neighbor,0.026900001103058457,3.4454119538403547,1
synthetic_20,9,13,random_search,0.3794000076595694,1.2834203460850249,1
synthetic_20,9,14,treesat_exact,0.12270000297576189,1.19234617576855,1
synthetic_20,9,14,nearest_neighbor,0.023899978259578347,4.535315406680349,1
synthetic_20,9,14,random_search,0.3656999906525016,1.1938129530612143,1
synthetic_20,9,15,treesat_exact,0.06540000322274864,0.040218376521340526,1
synthetic_20,9,15,nearest_neighbor,0.023100001271814108,3.036983758227566,1
synthetic_20,9,15,random_search,0.37949997931718826,0.17189521488198853,1
synthetic_20,9,16,treesat_exact,0.06580000626854599,0.2068201988587386,1
synthetic_20,9,16,nearest_neighbor,0.022599997464567423,3.051472987721371,1
synthetic_20,9,16,random_search,0.3769000177271664,0.5232777965200058,1
synthetic_20,9,17,treesat_exact,0.09770001634024084,0.49086957806080833,1
synthetic_20,9,17,nearest_neighbor,0.022899999748915434,3.2233158001168305,1
synthetic_20,9,17,random_search,0.36529998760670424,0.9266492210886155,1
synthetic_20,9,18,treesat_exact,0.11930000619031489,0.6165330781245231,1
synthetic_20,9,18,nearest_neighbor,0.022299995180219412,2.7546114140928712,1
synthetic_20,9,18,random_search,0.36020000698044896,0.8987095892871172,1
synthetic_20,9,19,treesat_exact,0.12479998986236751,0.45150990715218603,1
synthetic_20,9,19,nearest_neighbor,0.021499989088624716,2.510896792875446,1
synthetic_20,9,19,random_search,0.9565000073052943,0.9176444194810057,1
synthetic_20,9,20,treesat_exact,0.08030000026337802,0.10479400460914083,1
synthetic_20,9,20,nearest_neighbor,0.026599998818710446,3.0932093055788865,1
synthetic_20,9,20,random_search,0.4010999982710928,0.25558504302412743,1
synthetic_20,9,21,treesat_exact,0.07469998672604561,0.9194958070081062,1
synthetic_20,9,21,nearest_neighbor,0.04650000482797623,4.452150872506237,1
synthetic_20,9,21,random_search,0.6022999878041446,2.8857745215291684,1
synthetic_20,9,22,treesat_exact,0.08120000711642206,0.8848644592377386,1
synthetic_20,9,22,nearest_neighbor,0.026399997295811772,3.775269582068932,1
synthetic_20,9,22,random_search,0.37579998024739325,3.4076177116013575,1
synthetic_20,9,23,treesat_exact,0.09920002776198089,0.23889860951475853,1
synthetic_20,9,23,nearest_neighbor,0.02300000051036477,2.221263485883475,1
synthetic_20,9,23,random_search,0.38899999344721437,0.24724056559836025,1
synthetic_20,9,24,treesat_exact,0.07259999983943999,0.9814762694498356,1
synthetic_20,9,24,nearest_neighbor,0.02239999594166875,3.700726691465193,1
synthetic_20,9,24,random_search,0.36949999048374593,2.885827135860253,1
synthetic_20,9,25,treesat_exact,0.07259999983943999,0.43652911951942563,1
synthetic_20,9,25,nearest_neighbor,0.022100022761151195,4.295369605649107,1
synthetic_20,9,25,random_search,0.3654999891296029,0.832573402431469,1
synthetic_20,9,26,treesat_exact,0.06819999543949962,0.18207227476719537,1
synthetic_20,9,26,nearest_neighbor,0.02239999594166875,4.388816619105502,1
synthetic_20,9,26,random_search,0.37039999733678997,0.46737211532946443,1
synthetic_20,9,27,treesat_exact,0.12829998740926385,1.6175283199525408,1
synthetic_20,9,27,nearest_neighbor,0.022099993657320738,4.635190248789433,1
synthetic_20,9,27,random_search,0.34860000596381724,3.1113170159477,1
synthetic_20,9,28,treesat_exact,0.13279999257065356,0.9583025441349632,1
synthetic_20,9,28,nearest_neighbor,0.023200002033263445,3.306571413055307,1
synthetic_20,9,28,random_search,0.3558000025805086,1.40464835306255,1
synthetic_20,9,29,treesat_exact,0.11900000390596688,1.200468238342627,1
synthetic_20,9,29,nearest_neighbor,0.022099993657320738,3.1179508436986176,1
synthetic_20,9,29,random_search,0.35539999953471124,0.8704714581650298,1
synthetic_20,10,0,treesat_exact,0.10659999679774046,0.3386721570496352,1
synthetic_20,10,0,nearest_neighbor,0.03480000304989517,3.391483033401604,1
synthetic_20,10,0,random_search,0.4379000165499747,1.3653734887813478,1
synthetic_20,10,1,treesat_exact,0.08159998105838895,0.7883125387673986,1
synthetic_20,10,1,nearest_neighbor,0.025100016500800848,3.4614942295548614,1
synthetic_20,10,1,random_search,0.37230001180432737,3.5298142842248517,1
synthetic_20,10,2,treesat_exact,0.07619999814778566,0.729997250452186,1
synthetic_20,10,2,nearest_neighbor,0.02239999594166875,3.5767751846828935,1
synthetic_20,10,2,random_search,0.3617999900598079,1.9460365766448406,1
synthetic_20,10,3,treesat_exact,0.07270000060088933,0.5049903880585624,1
synthetic_20,10,3,nearest_neighbor,0.02139998832717538,2.9414482736634735,1
synthetic_20,10,3,random_search,0.36559998989105225,1.08769874335544,1
synthetic_20,10,4,treesat_exact,0.0720999960321933,1.7241623029407565,1
synthetic_20,10,4,nearest_neighbor,0.021599989850074053,4.379000273945289,1
synthetic_20,10,4,random_search,0.3412000078242272,4.006846692944023,1
synthetic_20,10,5,treesat_exact,0.06779999239370227,0.2737098344510464,1
synthetic_20,10,5,nearest_neighbor,0.03029999788850546,3.5939506294831807,1
synthetic_20,10,5,random_search,0.3735999925993383,0.4993909401437816,1
synthetic_20,10,6,treesat_exact,0.07310000364668667,0.41835751048965397,1
synthetic_20,10,6,nearest_neighbor,0.02169999061152339,7.473676857245126,1
synthetic_20,10,6,random_search,0.3524000057950616,1.4918732484978117,1
synthetic_20,10,7,treesat_exact,0.06649998249486089,0.33485993891078275,1
synthetic_20,10,7,nearest_neighbor,0.021599989850074053,4.167953755295915,1
synthetic_20,10,7,random_search,0.35519999801181257,0.9307296087954385,1
synthetic_20,10,8,treesat_exact,0.07119998917914927,0.450718324238652,1
synthetic_20,10,8,nearest_neighbor,0.021499989088624716,3.0635696428137664,1
synthetic_20,10,8,random_search,0.35909999860450625,1.6862852031059075,1
synthetic_20,10,9,treesat_exact,0.07189999450929463,0.9091415561425763,1
synthetic_20,10,9,nearest_neighbor,0.022899999748915434,4.420135933548508,1
synthetic_20,10,9,random_search,0.3476999991107732,2.3765815831499038,1
synthetic_20,10,10,treesat_exact,0.07239999831654131,0.954239665219949,1
synthetic_20,10,10,nearest_neighbor,0.0213000166695565,4.755507922553536,1
synthetic_20,10,10,random_search,0.34849997609853745,2.9054923056687416,1
synthetic_20,10,11,treesat_exact,0.06630001007579267,0.49129192591305365,1
synthetic_20,10,11,nearest_neighbor,0.0219999928958714,3.3163021444499696,1
synthetic_20,10,11,random_search,0.3668999997898936,0.909630677159087,1
synthetic_20,10,12,treesat_exact,0.072900002123788,0.19735782949967018,1
synthetic_20,10,12,nearest_neighbor,0.0213000166695565,3.977885701721509,1
synthetic_20,10,12,random_search,0.37369999336078763,0.47344133786333215,1
synthetic_20,10,13,treesat_exact,0.07259999983943999,0.6712890952640846,1
synthetic_20,10,13,nearest_neighbor,0.021500018192455173,4.423338487047249,1
synthetic_20,10,13,random_search,0.3535999858286232,1.7927721960095069,1
synthetic_20,10,14,treesat_exact,0.0709999876562506,0.549566698199912,1
synthetic_20,10,14,nearest_neighbor,0.021400017431005836,3.0336085532070007,1
synthetic_20,10,14,random_search,0.35539999953471124,1.154501575425734,1
synthetic_20,10,15,treesat_exact,0.0984000216703862,1.195005981569549,1
synthetic_20,10,15,nearest_neighbor,0.021100015146657825,3.9778633549418543,1
synthetic_20,10,15,random_search,0.3533999843057245,1.987070759632523,1
synthetic_20,10,16,treesat_exact,0.10199999087490141,0.6971317474246984,1
synthetic_20,10,16,nearest_neighbor,0.022299995180219412,3.3118186967986962,1
synthetic_20,10,16,random_search,0.3561000048648566,1.7747401403169492,1
synthetic_20,10,17,treesat_exact,0.06709998706355691,0.5104120943927135,1
synthetic_20,10,17,nearest_neighbor,0.022899999748915434,3.4635258529584405,1
synthetic_20,10,17,random_search,0.3601000062189996,1.1895534065842521,1
synthetic_20,10,18,treesat_exact,0.09859999408945441,0.8401303491096944,1
synthetic_20,10,18,nearest_neighbor,0.02139998832717538,3.292887848479724,1
synthetic_20,10,18,random_search,0.35089999437332153,1.89609555688195,1
synthetic_20,10,19,treesat_exact,0.07069998537190259,1.327402052615956,1
synthetic_20,10,19,nearest_neighbor,0.022199994418770075,4.337187989664182,1
synthetic_20,10,19,random_search,0.3532000118866563,3.2683724914133907,1
synthetic_20,10,20,treesat_exact,0.07090001599863172,1.1033734025987003,1
synthetic_20,10,20,nearest_neighbor,0.0219999928958714,5.3934536928488095,1
synthetic_20,10,20,random_search,0.3409000055398792,3.720223774846013,1
synthetic_20,10,21,treesat_exact,0.07010000990703702,0.7147271047397465,1
synthetic_20,10,21,nearest_neighbor,0.021000014385208488,3.248375982444328,1
synthetic_20,10,21,random_search,0.34860000596381724,1.4280797709280573,1
synthetic_20,10,22,treesat_exact,0.06769999163225293,0.8209466641299172,1
synthetic_20,10,22,nearest_neighbor,0.022299995180219412,3.7339269932756265,1
synthetic_20,10,22,random_search,0.7395999855361879,2.8570497051898127,1
synthetic_20,10,23,treesat_exact,0.2893999917432666,0.9818099288947872,1
synthetic_20,10,23,nearest_neighbor,0.06719998782500625,3.31133975787144,1
synthetic_20,10,23,random_search,0.8359999919775873,3.032788582271089,1
synthetic_20,10,24,treesat_exact,0.1388999808114022,0.2985037201637606,1
synthetic_20,10,24,nearest_neighbor,0.04759998410008848,3.2310716044778642,1
synthetic_20,10,24,random_search,0.7813000120222569,0.7337392850107505,1
synthetic_20,10,25,treesat_exact,0.18439997802488506,0.3515318682992375,1
synthetic_20,10,25,nearest_neighbor,0.0418000272475183,4.602916254263275,1
synthetic_20,10,25,random_search,0.6315999780781567,0.5012553122874696,1
synthetic_20,10,26,treesat_exact,0.1047999830916524,0.27986552644320795,1
synthetic_20,10,26,nearest_neighbor,0.03300001844763756,2.4618800326235144,1
synthetic_20,10,26,random_search,0.5181999877095222,0.8337132610808159,1
synthetic_20,10,27,treesat_exact,0.09650000720284879,0.08658261988004294,1
synthetic_20,10,27,nearest_neighbor,0.03130000550299883,4.334493718589589,1
synthetic_20,10,27,random_search,0.5345999961718917,0.261560588977673,1
synthetic_20,10,28,treesat_exact,0.08249998791143298,0.4907982060852466,1
synthetic_20,10,28,nearest_neighbor,0.024100008886307478,3.1827930751356566,1
synthetic_20,10,28,random_search,0.3890999942086637,0.9834010997135186,1
synthetic_20,10,29,treesat_exact,0.07599999662488699,0.07173652603631728,1
synthetic_20,10,29,nearest_neighbor,0.02440001117065549,3.7486401346589315,1
synthetic_20,10,29,random_search,0.4490999854169786,0.19218793301999673,1
synthetic_20,11,0,treesat_exact,0.13040000339969993,0.006121453592269455,1
synthetic_20,11,0,nearest_neighbor,0.038700003642588854,2.766550607853057,1
synthetic_20,11,0,random_search,0.48770001740194857,0.14570579756120172,1
synthetic_20,11,1,treesat_exact,0.0805000017862767,1.5113368827062423,1
synthetic_20,11,1,nearest_neighbor,0.024199980543926358,4.253252353300478,1
synthetic_20,11,1,random_search,0.37529997644014657,4.964789553490634,1
synthetic_20,11,2,treesat_exact,0.07809998351149261,0.3200042791993615,1
synthetic_20,11,2,nearest_neighbor,0.026299996534362435,4.706531370735067,1
synthetic_20,11,2,random_search,0.3775999939534813,1.0497660030536158,1
synthetic_20,11,3,treesat_exact,0.07320000440813601,0.3061611706802454,1
synthetic_20,11,3,nearest_neighbor,0.02239999594166875,3.8272752734064888,1
synthetic_20,11,3,random_search,0.39840000681579113,0.7997851338875851,1
synthetic_20,11,4,treesat_exact,0.07310000364668667,0.3411198196365469,1
synthetic_20,11,4,nearest_neighbor,0.022299995180219412,3.7578000847919606,1
synthetic_20,11,4,random_search,0.3690000157803297,0.8936899456496328,1
synthetic_20,11,5,treesat_exact,0.07760000880807638,0.2229182310358032,1
synthetic_20,11,5,nearest_neighbor,0.021599989850074053,2.8497402175580326,1
synthetic_20,11,5,random_search,0.3715000057127327,0.4055721460494043,1
synthetic_20,11,6,treesat_exact,0.1303000026382506,0.822616286492428,1
synthetic_20,11,6,nearest_neighbor,0.021799991372972727,3.601534505010805,1
synthetic_20,11,6,random_search,0.3699999942909926,0.9139069835035375,1
synthetic_20,11,7,treesat_exact,0.07170002209022641,0.5195810494768781,1
synthetic_20,11,7,nearest_neighbor,0.021799991372972727,2.622487720147627,1
synthetic_20,11,7,random_search,0.35990000469610095,1.2846167013004628,1
synthetic_20,11,8,treesat_exact,0.07020001066848636,0.29547819492908356,1
synthetic_20,11,8,nearest_neighbor,0.0213000166695565,4.191283908052931,1
synthetic_20,11,8,random_search,0.3877999843098223,0.9077430347513363,1
synthetic_20,11,9,treesat_exact,0.07139999070204794,0.772474860345996,1
synthetic_20,11,9,nearest_neighbor,0.023200002033263445,4.008619483276919,1
synthetic_20,11,9,random_search,0.34649998997338116,2.975839067820008,1
synthetic_20,11,10,treesat_exact,0.06910000229254365,0.14494035369337735,1
synthetic_20,11,10,nearest_neighbor,0.02120001590810716,4.234497666463773,1
synthetic_20,11,10,random_search,0.3759999817702919,0.4509382119734971,1
synthetic_20,11,11,treesat_exact,0.07010000990703702,0.31684748225293086,1
synthetic_20,11,11,nearest_neighbor,0.021899992134422064,3.1069262378835965,1
synthetic_20,11,11,random_search,0.360500009264797,0.76056267245904,1
synthetic_20,11,12,treesat_exact,0.06849999772384763,0.5388378333300216,1
synthetic_20,11,12,nearest_neighbor,0.021499989088624716,3.9929346540724673,1
synthetic_20,11,12,random_search,0.3583999932743609,1.7721650193907332,1
synthetic_20,11,13,treesat_exact,0.06910000229254365,0.3624286683576099,1
synthetic_20,11,13,nearest_neighbor,0.021800020476803184,4.3396179497159295,1
synthetic_20,11,13,random_search,0.364200008334592,0.8724699090363798,1
synthetic_20,11,14,treesat_exact,0.09169999975711107,0.3555080406371272,1
synthetic_20,11,14,nearest_neighbor,0.022599997464567423,3.124920873866177,1
synthetic_20,11,14,random_search,0.3623999946285039,1.1421499094734087,1
synthetic_20,11,15,treesat_exact,0.0678999931551516,0.3296774519075365,1
synthetic_20,11,15,nearest_neighbor,0.023200002033263445,3.1769055735305467,1
synthetic_20,11,15,random_search,0.35990000469610095,1.5485796732135584,1
synthetic_20,11,16,treesat_exact,0.0686999992467463,0.521756836139415,1
synthetic_20,11,16,nearest_neighbor,0.021499989088624716,4.0335744597991035,1
synthetic_20,11,16,random_search,0.35470002330839634,0.9788545615971334,1
synthetic_20,11,17,treesat_exact,0.14990000636316836,1.1006727611116855,1
synthetic_20,11,17,nearest_neighbor,0.022199994418770075,4.39692688936527,1
synthetic_20,11,17,random_search,1.0016000014729798,3.195142460943867,1
synthetic_20,11,18,treesat_exact,0.09659997886046767,0.6537002163255577,1
synthetic_20,11,18,nearest_neighbor,0.03660001675598323,4.0867231293423005,1
synthetic_20,11,18,random_search,0.40530000114813447,1.9488905855452638,1
synthetic_20,11,19,treesat_exact,0.08190001244656742,1.0200769971849342,1
synthetic_20,11,19,nearest_neighbor,0.023900007363408804,4.36670934864205,1
synthetic_20,11,19,random_search,0.41149999015033245,3.280695165534958,1
synthetic_20,11,20,treesat_exact,0.14139999984763563,1.7348849866985177,1
synthetic_20,11,20,nearest_neighbor,0.02509998739697039,4.9482941171105645,1
synthetic_20,11,20,random_search,0.3930999955628067,1.7601295905884495,1
synthetic_20,11,21,treesat_exact,0.18489998183213174,0.9656526503563345,1
synthetic_20,11,21,nearest_neighbor,0.023200002033263445,3.1862891007934,1
synthetic_20,11,21,random_search,0.3766999871004373,0.8457079891561994,1
synthetic_20,11,22,treesat_exact,0.07650000043213367,0.1267327661896306,1
synthetic_20,11,22,nearest_neighbor,0.02819998189806938,3.9623728430346614,1
synthetic_20,11,22,random_search,0.39489998016506433,0.36458453673553304,1
synthetic_20,11,23,treesat_exact,0.07589999586343765,1.383902616217851,1
synthetic_20,11,23,nearest_neighbor,0.025600020308047533,3.8384141157155955,1
synthetic_20,11,23,random_search,0.3721000102814287,3.9957181156793733,1
synthetic_20,11,24,treesat_exact,0.1345000055152923,1.1491179105550362,1
synthetic_20,11,24,nearest_neighbor,0.023800006601959467,3.767367703236458,1
synthetic_20,11,24,random_search,0.367900007404387,3.4751288145700983,1
synthetic_20,11,25,treesat_exact,0.07619999814778566,0.5492506768990358,1
synthetic_20,11,25,nearest_neighbor,0.02479998511262238,4.433018277267336,1
synthetic_20,11,25,random_search,0.38410001434385777,1.6458789773244489,1
synthetic_20,11,26,treesat_exact,0.07340000593103468,1.245165013385408,1
synthetic_20,11,26,nearest_neighbor,0.022199994418770075,4.135970709520134,1
synthetic_20,11,26,random_search,0.3780000261031091,2.077790423719105,1
synthetic_20,11,27,treesat_exact,0.07509998977184296,0.5813412792310676,1
synthetic_20,11,27,nearest_neighbor,0.023999979021027684,3.5831588674136507,1
synthetic_20,11,27,random_search,0.3657999914139509,1.7536745884905904,1
synthetic_20,11,28,treesat_exact,0.07180002285167575,0.030852147320009682,1
synthetic_20,11,28,nearest_neighbor,0.022099993657320738,3.754063038270539,1
synthetic_20,11,28,random_search,0.3870000073220581,0.1787234974382457,1
synthetic_20,11,29,treesat_exact,0.0709999876562506,0.3889987474028279,1
synthetic_20,11,29,nearest_neighbor,0.022199994418770075,2.9649616076329024,1
synthetic_20,11,29,random_search,0.3691999881993979,1.4041282865538884,1
synthetic_20,12,0,treesat_exact,0.2528000040911138,0.48238224242252536,1
synthetic_20,12,0,nearest_neighbor,0.07380000897683203,3.8581664105442033,1
synthetic_20,12,0,random_search,0.4653000214602798,1.3852686812662967,1
synthetic_20,12,1,treesat_exact,0.07680000271648169,0.3286720546686326,1
synthetic_20,12,1,nearest_neighbor,0.029099988751113415,3.1788791149884954,1
synthetic_20,12,1,random_search,0.40279998211190104,0.7621730507412514,1
synthetic_20,12,2,treesat_exact,0.07680000271648169,0.4173544934630004,1
synthetic_20,12,2,nearest_neighbor,0.024399982066825032,3.6840326914780372,1
synthetic_20,12,2,random_search,0.3792000061366707,1.510656793622207,1
synthetic_20,12,3,treesat_exact,0.0845999747980386,0.3654130785214045,1
synthetic_20,12,3,nearest_neighbor,0.024200009647756815,2.881107694815782,1
synthetic_20,12,3,random_search,0.38109999150037766,0.7474381800691564,1
synthetic_20,12,4,treesat_exact,0.06999998004175723,0.31494128195258536,1
synthetic_20,12,4,nearest_neighbor,0.023100001271814108,3.087098136190127,1
synthetic_20,12,4,random_search,0.38109999150037766,0.8098393586156264,1
synthetic_20,12,5,treesat_exact,0.0740000104997307,0.6542266222449628,1
synthetic_20,12,5,nearest_neighbor,0.023800006601959467,3.395810568957608,1
synthetic_20,12,5,random_search,0.3800999838858843,1.6644150838497598,1
synthetic_20,12,6,treesat_exact,0.07080001523718238,0.4805305443048798,1
synthetic_20,12,6,nearest_neighbor,0.023599975975230336,4.275871022155807,1
synthetic_20,12,6,random_search,0.38809998659417033,1.856753397994232,1
synthetic_20,12,7,treesat_exact,0.08140000863932073,0.5228936746926778,1
synthetic_20,12,7,nearest_neighbor,0.028600014047697186,3.955785227229651,1
synthetic_20,12,7,random_search,0.40079999598674476,1.4077710175492297,1
synthetic_20,12,8,treesat_exact,0.06690001464448869,0.4352829662035962,1
synthetic_20,12,8,nearest_neighbor,0.0247000134550035,3.60816736767962,1
synthetic_20,12,8,random_search,0.3687000134959817,1.6348031710452657,1
synthetic_20,12,9,treesat_exact,0.072900002123788,0.2703558243003945,1
synthetic_20,12,9,nearest_neighbor,0.02479998511262238,3.8607263355659476,1
synthetic_20,12,9,random_search,0.3960999893024564,0.7918749273967554,1
synthetic_20,12,10,treesat_exact,0.07189999450929463,0.517070856673564,1
synthetic_20,12,10,nearest_neighbor,0.02519998815841973,3.955558799870847,1
synthetic_20,12,10,random_search,0.38800001493655145,1.874189310897276,1
synthetic_20,12,11,treesat_exact,0.06930000381544232,0.9315658182737825,1
synthetic_20,12,11,nearest_neighbor,0.024899985874071717,4.0185051958827405,1
synthetic_20,12,11,random_search,0.37299998803064227,1.6516726680811076,1
synthetic_20,12,12,treesat_exact,0.06930000381544232,0.21756365808729972,1
synthetic_20,12,12,nearest_neighbor,0.025200017262250185,3.3554367668787206,1
synthetic_20,12,12,random_search,0.3643000090960413,0.7141180760302731,1
synthetic_20,12,13,treesat_exact,0.07229999755509198,0.6133718395305564,1
synthetic_20,12,13,nearest_neighbor,0.023699976736679673,3.5619394452750126,1
synthetic_20,12,13,random_search,0.36429997999221087,1.7195495912553855,1
synthetic_20,12,14,treesat_exact,0.06910000229254365,0.40232789313635553,1
synthetic_20,12,14,nearest_neighbor,0.022299995180219412,3.1040314324642457,1
synthetic_20,12,14,random_search,0.3690999874379486,0.9070361422856033,1
synthetic_20,12,15,treesat_exact,0.0675999908708036,0.10575630078783839,1
synthetic_20,12,15,nearest_neighbor,0.0219999928958714,3.8946737174741366,1
synthetic_20,12,15,random_search,0.374399998690933,0.46647577319643946,1
synthetic_20,12,16,treesat_exact,0.06409999332390726,0.3884558256720777,1
synthetic_20,12,16,nearest_neighbor,0.022599997464567423,4.054469479772445,1
synthetic_20,12,16,random_search,0.3744999994523823,0.9828049544516371,1
synthetic_20,12,17,treesat_exact,0.06900000153109431,0.2935150420645338,1
synthetic_20,12,17,nearest_neighbor,0.02269999822601676,2.787504246448114,1
synthetic_20,12,17,random_search,0.3614999877754599,0.7162347537879389,1
synthetic_20,12,18,treesat_exact,0.2882999833673239,0.18713432770549177,1
synthetic_20,12,18,nearest_neighbor,0.04909999552182853,2.9722823547016204,1
synthetic_20,12,18,random_search,0.8311999845318496,0.4185527314061816,1
synthetic_20,12,19,treesat_exact,0.11560000712051988,1.0586878393894728,1
synthetic_20,12,19,nearest_neighbor,0.04859999171458185,4.259136812569168,1
synthetic_20,12,19,random_search,0.4178999806754291,3.8018734425450984,1
synthetic_20,12,20,treesat_exact,0.08200001320801675,0.8114897599988143,1
synthetic_20,12,20,nearest_neighbor,0.02720000338740647,4.266628604763197,1
synthetic_20,12,20,random_search,0.38930002483539283,3.0457402269551377,1
synthetic_20,12,21,treesat_exact,0.07259999983943999,0.21242083714747045,1
synthetic_20,12,21,nearest_neighbor,0.023800006601959467,2.747848051321342,1
synthetic_20,12,21,random_search,0.39400000241585076,0.8686004799065898,1
synthetic_20,12,22,treesat_exact,0.07429998368024826,0.2435386708490603,1
synthetic_20,12,22,nearest_neighbor,0.023900007363408804,2.231191342645777,1
synthetic_20,12,22,random_search,0.3896999987773597,0.8522191410132128,1
synthetic_20,12,23,treesat_exact,0.07150002056732774,0.3758728144852007,1
synthetic_20,12,23,nearest_neighbor,0.02440001117065549,2.960132528071976,1
synthetic_20,12,23,random_search,0.39739999920129776,0.8114006443779608,1
synthetic_20,12,24,treesat_exact,0.07179999374784529,0.03724185460893942,1
synthetic_20,12,24,nearest_neighbor,0.02379997749812901,2.4342385038490573,1
synthetic_20,12,24,random_search,0.4293000092729926,0.15579516373769614,1
synthetic_20,12,25,treesat_exact,0.12779998360201716,0.6398348933978033,1
synthetic_20,12,25,nearest_neighbor,0.0247000134550035,3.2186147421509035,1
synthetic_20,12,25,random_search,0.4110999871045351,0.9111035298249872,1
synthetic_20,12,26,treesat_exact,0.07050001295283437,0.2722841247273258,1
synthetic_20,12,26,nearest_neighbor,0.024800014216452837,3.4038533976296628,1
synthetic_20,12,26,random_search,0.3983999777119607,0.7624415892019883,1
synthetic_20,12,27,treesat_exact,0.07890001870691776,0.644748972971055,1
synthetic_20,12,27,nearest_neighbor,0.025999994250014424,3.1425312828087146,1
synthetic_20,12,27,random_search,0.38289997610263526,2.2444449794415657,1
synthetic_20,12,28,treesat_exact,0.15639999764971435,1.4179487769667558,1
synthetic_20,12,28,nearest_neighbor,0.02500001573935151,4.451528103415319,1
synthetic_20,12,28,random_search,0.39560001459904015,0.9148842170613003,1
synthetic_20,12,29,treesat_exact,0.07509998977184296,1.178521380244562,1
synthetic_20,12,29,nearest_neighbor,0.027600006433203816,4.7659322493317395,1
synthetic_20,12,29,random_search,0.34830000367946923,3.439465516186172,1
synthetic_20,13,0,treesat_exact,0.1731000083964318,0.5513445381987869,1
synthetic_20,13,0,nearest_neighbor,0.05440000677481294,3.85318525782957,1
synthetic_20,13,0,random_search,0.668799999402836,1.457923750841002,1
synthetic_20,13,1,treesat_exact,0.10950001887977123,0.33405464086238856,1
synthetic_20,13,1,nearest_neighbor,0.035200006095692515,3.506186190599791,1
synthetic_20,13,1,random_search,0.5356000037863851,1.4107118919596313,1
synthetic_20,13,2,treesat_exact,0.09970000246539712,0.39905112667029663,1
synthetic_20,13,2,nearest_neighbor,0.04160002572461963,3.918820782333114,1
synthetic_20,13,2,random_search,0.5807999987155199,1.0560509651875822,1
synthetic_20,13,3,treesat_exact,0.09029998909682035,0.28032366281774,1
synthetic_20,13,3,nearest_neighbor,0.031800009310245514,2.894374850373172,1
synthetic_20,13,3,random_search,0.47989998711273074,0.8660204837399722,1
synthetic_20,13,4,treesat_exact,0.08690002141520381,0.783871861737037,1
synthetic_20,13,4,nearest_neighbor,0.028099981136620045,3.8196227090592094,1
synthetic_20,13,4,random_search,0.44040000648237765,3.0660364501935686,1
synthetic_20,13,5,treesat_exact,0.08629998774267733,1.0659949363122787,1
synthetic_20,13,5,nearest_neighbor,0.03160000778734684,4.347254318859689,1
synthetic_20,13,5,random_search,0.43650000588968396,3.6910935654862995,1
synthetic_20,13,6,treesat_exact,0.07300000288523734,0.0834972723521716,1
synthetic_20,13,6,nearest_neighbor,0.023600005079060793,3.0618329665792294,1
synthetic_20,13,6,random_search,0.39739999920129776,0.21609885962395955,1
synthetic_20,13,7,treesat_exact,0.07150002056732774,0.06246293577166656,1
synthetic_20,13,7,nearest_neighbor,0.023200002033263445,2.575247317875694,1
synthetic_20,13,7,random_search,0.39220001781359315,0.18136393559387243,1
synthetic_20,13,8,treesat_exact,0.06940000457689166,0.3873540234281096,1
synthetic_20,13,8,nearest_neighbor,0.023200002033263445,4.242382588715707,1
synthetic_20,13,8,random_search,0.3701999958138913,1.2208152137826072,1
synthetic_20,13,9,treesat_exact,0.06849999772384763,0.17984991835252506,1
synthetic_20,13,9,nearest_neighbor,0.024399982066825032,3.3623529987334324,1
synthetic_20,13,9,random_search,0.3690000157803297,0.40698491881401083,1
synthetic_20,13,10,treesat_exact,0.06600000779144466,0.5310349652571006,1
synthetic_20,13,10,nearest_neighbor,0.021799991372972727,4.50791926886296,1
synthetic_20,13,10,random_search,1.4476999931503087,1.5774397361974661,1
synthetic_20,13,11,treesat_exact,0.11789999553002417,0.11848398171616803,1
synthetic_20,13,11,nearest_neighbor,0.05229999078437686,2.4138748995422037,1
synthetic_20,13,11,random_search,0.471399980597198,0.22245975476259594,1
synthetic_20,13,12,treesat_exact,0.07720000576227903,1.1096104188355063,1
synthetic_20,13,12,nearest_neighbor,0.024899985874071717,3.1995978112656496,1
synthetic_20,13,12,random_search,0.38040001527406275,3.266212351856328,1
synthetic_20,13,13,treesat_exact,0.13089997810311615,1.7804966366810566,1
synthetic_20,13,13,nearest_neighbor,0.026399997295811772,3.699191460082305,1
synthetic_20,13,13,random_search,0.371600006474182,1.8147208751348283,1
synthetic_20,13,14,treesat_exact,0.0706000137142837,0.41566915951654804,1
synthetic_20,13,14,nearest_neighbor,0.0219999928958714,3.3502529486744326,1
synthetic_20,13,14,random_search,0.39000000106170774,0.9815942148547517,1
synthetic_20,13,15,treesat_exact,0.07229999755509198,0.09348920439495889,1
synthetic_20,13,15,nearest_neighbor,0.022099993657320738,3.8311727982925157,1
synthetic_20,13,15,random_search,0.40520000038668513,0.4003836070801931,1
synthetic_20,13,16,treesat_exact,0.07460001506842673,0.10771739553988455,1
synthetic_20,13,16,nearest_neighbor,0.02400000812485814,4.057131757725425,1
synthetic_20,13,16,random_search,0.40259998058900237,0.3486380830391186,1
synthetic_20,13,17,treesat_exact,0.07149999146349728,0.680929227922238,1
synthetic_20,13,17,nearest_neighbor,0.024100008886307478,4.699642731511534,1
synthetic_20,13,17,random_search,0.38930002483539283,1.804920071695456,1
synthetic_20,13,18,treesat_exact,0.07239999831654131,0.6892583895562288,1
synthetic_20,13,18,nearest_neighbor,0.022899999748915434,3.812510158033827,1
synthetic_20,13,18,random_search,0.3759999817702919,2.948444973260045,1
synthetic_20,13,19,treesat_exact,0.07239999831654131,0.500292022865647,1
synthetic_20,13,19,nearest_neighbor,0.022100022761151195,5.818763817222743,1
synthetic_20,13,19,random_search,0.3772999916691333,1.5824514599330142,1
synthetic_20,13,20,treesat_exact,0.13710002531297505,0.9302323286376692,1
synthetic_20,13,20,nearest_neighbor,0.024599983589723706,4.307370079457499,1
synthetic_20,13,20,random_search,0.37700001848861575,2.544637144585609,1
synthetic_20,13,21,treesat_exact,0.07189999450929463,1.056448968771658,1
synthetic_20,13,21,nearest_neighbor,0.02549999044276774,4.298850463432927,1
synthetic_20,13,21,random_search,0.3684000112116337,1.974050923542479,1
synthetic_20,13,22,treesat_exact,0.0703000114299357,1.0207930544011508,1
synthetic_20,13,22,nearest_neighbor,0.02300000051036477,3.6161074815500314,1
synthetic_20,13,22,random_search,0.3601000062189996,3.1857785056839303,1
synthetic_20,13,23,treesat_exact,0.06859999848529696,0.6011428486155515,1
synthetic_20,13,23,nearest_neighbor,0.02260002656839788,3.921118680884039,1
synthetic_20,13,23,random_search,0.3782999992836267,1.8044960174226121,1
synthetic_20,13,24,treesat_exact,0.07690000347793102,0.6624080635735131,1
synthetic_20,13,24,nearest_neighbor,0.02300000051036477,4.104465706658006,1
synthetic_20,13,24,random_search,0.36279999767430127,2.123244186202052,1
synthetic_20,13,25,treesat_exact,0.06650001159869134,0.46356748840591455,1
synthetic_20,13,25,nearest_neighbor,0.021499989088624716,2.624631419906374,1
synthetic_20,13,25,random_search,0.3704999980982393,0.850941443727532,1
synthetic_20,13,26,treesat_exact,0.0659999786876142,0.5512503885429698,1
synthetic_20,13,26,nearest_neighbor,0.02230002428404987,3.6064724100983456,1
synthetic_20,13,26,random_search,0.36029997863806784,1.4846234715754696,1
synthetic_20,13,27,treesat_exact,0.06580000626854599,0.688748179717681,1
synthetic_20,13,27,nearest_neighbor,0.02169999061152339,4.160085190505688,1
synthetic_20,13,27,random_search,0.3690000157803297,1.6807334782400627,1
synthetic_20,13,28,treesat_exact,0.06590000702999532,0.48114590584865313,1
synthetic_20,13,28,nearest_neighbor,0.02139998832717538,4.4696145998433545,1
synthetic_20,13,28,random_search,0.35390001721680164,0.9400355038957238,1
synthetic_20,13,29,treesat_exact,0.06489999941550195,1.3534091977391096,1
synthetic_20,13,29,nearest_neighbor,0.022299995180219412,4.6673765884748875,1
synthetic_20,13,29,random_search,0.34309999318793416,3.1096826649673006,1
synthetic_20,14,0,treesat_exact,0.1315999834332615,0.2683203773454326,1
synthetic_20,14,0,nearest_neighbor,0.0391000066883862,3.0556025374432862,1
synthetic_20,14,0,random_search,0.4641000123228878,0.5276299198624204,1
synthetic_20,14,1,treesat_exact,0.07189999450929463,0.20094239024153943,1
synthetic_20,14,1,nearest_neighbor,0.022799998987466097,3.311334899462292,1
synthetic_20,14,1,random_search,0.3794000076595694,0.7618396881278092,1
synthetic_20,14,2,treesat_exact,0.06849999772384763,0.8866019778039944,1
synthetic_20,14,2,nearest_neighbor,0.021899992134422064,2.8815182119824034,1
synthetic_20,14,2,random_search,0.3530999820213765,2.295063753135503,1
synthetic_20,14,3,treesat_exact,0.06699998630210757,1.2436797997800508,1
synthetic_20,14,3,nearest_neighbor,0.023900007363408804,3.7561479560703837,1
synthetic_20,14,3,random_search,0.3564000071492046,2.9993738137925736,1
synthetic_20,14,4,treesat_exact,0.06660001236014068,0.036707643201630225,1
synthetic_20,14,4,nearest_neighbor,0.022799998987466097,2.5057737068024935,1
synthetic_20,14,4,random_search,0.3797000099439174,0.19669631469967153,1
synthetic_20,14,5,treesat_exact,0.06719998782500625,0.7059043892225315,1
synthetic_20,14,5,nearest_neighbor,0.021100015146657825,3.218952715010106,1
synthetic_20,14,5,random_search,0.35200000274926424,3.463453588215032,1
synthetic_20,14,6,treesat_exact,0.06510000093840063,0.07949016207513164,1
synthetic_20,14,6,nearest_neighbor,0.02230002428404987,2.8168486538915065,1
synthetic_20,14,6,random_search,0.3744999994523823,0.18108786102340724,1
synthetic_20,14,7,treesat_exact,0.07489998824894428,1.1926232014737796,1
synthetic_20,14,7,nearest_neighbor,0.0219999928958714,4.0692141015188685,1
synthetic_20,14,7,random_search,0.6930999807082117,2.890740361381327,1
synthetic_20,14,8,treesat_exact,0.15780000831000507,0.3987303138147788,1
synthetic_20,14,8,nearest_neighbor,0.0990999978967011,4.271221114693076,1
synthetic_20,14,8,random_search,0.4310999938752502,0.9098109287789757,1
synthetic_20,14,9,treesat_exact,0.07350000669248402,0.38463035678025115,1
synthetic_20,14,9,nearest_neighbor,0.032199983252212405,3.8925882343993643,1
synthetic_20,14,9,random_search,0.3761000116355717,0.9997834384281215,1
synthetic_20,14,10,treesat_exact,0.06819999543949962,0.47020370988775484,1
synthetic_20,14,10,nearest_neighbor,0.02269999822601676,3.324391663490425,1
synthetic_20,14,10,random_search,0.3654999891296029,1.7247626874025561,1
synthetic_20,14,11,treesat_exact,0.06550000398419797,0.29815912621582785,1
synthetic_20,14,11,nearest_neighbor,0.024100008886307478,4.145630982840267,1
synthetic_20,14,11,random_search,0.3510000242386013,2.7837114686968465,1
synthetic_20,14,12,treesat_exact,0.0653000024612993,0.335927100814165,1
synthetic_20,14,12,nearest_neighbor,0.0219999928958714,3.7648934164382744,1
synthetic_20,14,12,random_search,0.37560000782832503,0.7379328584305731,1
synthetic_20,14,13,treesat_exact,0.06779999239370227,0.9425255205088069,1
synthetic_20,14,13,nearest_neighbor,0.0219999928958714,6.442557152164788,1
synthetic_20,14,13,random_search,0.3499999875202775,3.9319963610514903,1
synthetic_20,14,14,treesat_exact,0.06439999560825527,0.87472390152475,1
synthetic_20,14,14,nearest_neighbor,0.022299995180219412,3.853925826359306,1
synthetic_20,14,14,random_search,0.34830000367946923,3.105921593972459,1
synthetic_20,14,15,treesat_exact,0.06409999332390726,0.08194521002310048,1
synthetic_20,14,15,nearest_neighbor,0.02169999061152339,2.482881179515664,1
synthetic_20,14,15,random_search,0.3826000029221177,0.21784653519491565,1
synthetic_20,14,16,treesat_exact,0.076299998909235,0.5633424357028053,1
synthetic_20,14,16,nearest_neighbor,0.022499996703118086,3.198969269247922,1
synthetic_20,14,16,random_search,0.36139998701401055,1.7081437031244344,1
synthetic_20,14,17,treesat_exact,0.06469999789260328,1.0950222181387483,1
synthetic_20,14,17,nearest_neighbor,0.022299995180219412,4.234692241442835,1
synthetic_20,14,17,random_search,0.3485000052023679,3.9392539790485617,1
synthetic_20,14,18,treesat_exact,0.06520000169984996,0.5259051944025313,1
synthetic_20,14,18,nearest_neighbor,0.021500018192455173,2.807519692103069,1
synthetic_20,14,18,random_search,0.35700001171790063,1.6230070393918283,1
synthetic_20,14,19,treesat_exact,0.06670001312159002,2.0178135027583504,1
synthetic_20,14,19,nearest_neighbor,0.02400000812485814,5.920112442693547,1
synthetic_20,14,19,random_search,0.3499000158626586,,0
synthetic_20,14,20,treesat_exact,0.06810002378188074,0.4158607116312561,1
synthetic_20,14,20,nearest_neighbor,0.022299995180219412,4.820933228830454,1
synthetic_20,14,20,random_search,0.3586999955587089,1.0679413672147426,1
synthetic_20,14,21,treesat_exact,0.06500000017695129,0.3762491814987058,1
synthetic_20,14,21,nearest_neighbor,0.021499989088624716,3.0290404149165724,1
synthetic_20,14,21,random_search,0.3612999862525612,0.932023209476822,1
synthetic_20,14,22,treesat_exact,0.06429999484680593,0.6110710530240171,1
synthetic_20,14,22,nearest_neighbor,0.021199986804276705,4.3734267607067325,1
synthetic_20,14,22,random_search,0.3573999856598675,1.7335650461615983,1
synthetic_20,14,23,treesat_exact,0.06379999103955925,0.7296144570380835,1
synthetic_20,14,23,nearest_neighbor,0.023200002033263445,3.881638877997881,1
synthetic_20,14,23,random_search,0.38660000427626073,1.5399541053891523,1
synthetic_20,14,24,treesat_exact,0.06859999848529696,0.47862491719787803,1
synthetic_20,14,24,nearest_neighbor,0.025699991965666413,3.698512458724655,1
synthetic_20,14,24,random_search,0.3640000068116933,1.4268921406396906,1
synthetic_20,14,25,treesat_exact,0.06310001481324434,1.559278224057349,1
synthetic_20,14,25,nearest_neighbor,0.022099993657320738,4.6752409682186205,1
synthetic_20,14,25,random_search,0.33549999352544546,4.203568296646647,1
synthetic_20,14,26,treesat_exact,0.063000014051795,0.8690936527582822,1
synthetic_20,14,26,nearest_neighbor,0.022099993657320738,4.008692178344481,1
synthetic_20,14,26,random_search,0.3715000057127327,2.101468253965873,1
synthetic_20,14,27,treesat_exact,0.06539997411891818,0.5761866830489597,1
synthetic_20,14,27,nearest_neighbor,0.028799986466765404,3.039182803736168,1
synthetic_20,14,27,random_search,0.3573999856598675,2.16863086204455,1
synthetic_20,14,28,treesat_exact,0.06309998570941389,0.9035232817304927,1
synthetic_20,14,28,nearest_neighbor,0.02269999822601676,3.4368844623832424,1
synthetic_20,14,28,random_search,0.35260000731796026,1.755609982565354,1
synthetic_20,14,29,treesat_exact,0.06250001024454832,0.2958384910380944,1
synthetic_20,14,29,nearest_neighbor,0.02139998832717538,4.964012972946464,1
synthetic_20,14,29,random_search,0.357400014763698,0.9193775618378157,1
synthetic_20,15,0,treesat_exact,0.10859998292289674,0.1966070622159993,1
synthetic_20,15,0,nearest_neighbor,0.05020000389777124,2.5876106335571283,1
synthetic_20,15,0,random_search,0.4400000034365803,0.7452634779781653,1
synthetic_20,15,1,treesat_exact,0.07479998748749495,0.47810204529964623,1
synthetic_20,15,1,nearest_neighbor,0.025899993488565087,3.0018316037973807,1
synthetic_20,15,1,random_search,0.3665999975055456,1.6275939903871912,1
synthetic_20,15,2,treesat_exact,0.06729998858645558,0.1627342152211526,1
synthetic_20,15,2,nearest_neighbor,0.021700019715353847,3.7017070676861756,1
synthetic_20,15,2,random_search,0.3949000092688948,0.4420516279586373,1
synthetic_20,15,3,treesat_exact,0.23259999579750001,0.6289924803679138,1
synthetic_20,15,3,nearest_neighbor,0.06670001312159002,3.0153629756791425,1
synthetic_20,15,3,random_search,0.5573999951593578,1.6023790988686368,1
synthetic_20,15,4,treesat_exact,0.08719999459572136,0.08699527773028026,1
synthetic_20,15,4,nearest_neighbor,0.03229998401366174,6.334510321176976,1
synthetic_20,15,4,random_search,0.4208000027574599,0.24616223924918534,1
synthetic_20,15,5,treesat_exact,0.07300000288523734,1.1953142964613988,1
synthetic_20,15,5,nearest_neighbor,0.02549999044276774,4.495401152118733,1
synthetic_20,15,5,random_search,0.35609997576102614,4.402754204435464,1
synthetic_20,15,6,treesat_exact,0.07149999146349728,0.6700196436866576,1
synthetic_20,15,6,nearest_neighbor,0.023100001271814108,4.110436155954273,1
synthetic_20,15,6,random_search,0.34830000367946923,2.6943697805285187,1
synthetic_20,15,7,treesat_exact,0.10639999527484179,0.7816020033472443,1
synthetic_20,15,7,nearest_neighbor,0.023300002794712782,3.1967838183764865,1
synthetic_20,15,7,random_search,0.3591999993659556,1.770784738456009,1
synthetic_20,15,8,treesat_exact,0.06799999391660094,1.0017374373428274,1
synthetic_20,15,8,nearest_neighbor,0.022599997464567423,4.387210425976924,1
synthetic_20,15,8,random_search,0.34410000080242753,3.3869977440110723,1
synthetic_20,15,9,treesat_exact,0.06839999696239829,0.6260846717324189,1
synthetic_20,15,9,nearest_neighbor,0.023499975213781,3.3780275391752856,1
synthetic_20,15,9,random_search,0.3446000046096742,3.569049458370357,1
synthetic_20,15,10,treesat_exact,0.06639998173341155,0.3988949566165416,1
synthetic_20,15,10,nearest_neighbor,0.022000021999701858,2.3793644731184873,1
synthetic_20,15,10,random_search,0.371300004189834,1.1408292549319103,1
synthetic_20,15,11,treesat_exact,0.4026000096928328,0.7291158894147766,1
synthetic_20,15,11,nearest_neighbor,0.04700000863522291,3.51806227784507,1
synthetic_20,15,11,random_search,0.752499996451661,2.061719531804259,1
synthetic_20,15,12,treesat_exact,0.17749998369254172,1.2163538455564398,1
synthetic_20,15,12,nearest_neighbor,0.03429999924264848,4.544637608442435,1
synthetic_20,15,12,random_search,0.8902999979909509,3.2269863490014363,1
synthetic_20,15,13,treesat_exact,0.3198999911546707,1.2571225014553828,1
synthetic_20,15,13,nearest_neighbor,0.05150001379661262,3.973898822674049,1
synthetic_20,15,13,random_search,0.6096999859437346,1.8071227060634907,1
synthetic_20,15,14,treesat_exact,0.07280000136233866,0.45246651411434435,1
synthetic_20,15,14,nearest_neighbor,0.022899999748915434,3.415513869855104,1
synthetic_20,15,14,random_search,0.37369999336078763,1.4128614905813297,1
synthetic_20,15,15,treesat_exact,0.07330000516958535,0.6747421291985348,1
synthetic_20,15,15,nearest_neighbor,0.027300004148855805,3.47424774822565,1
synthetic_20,15,15,random_search,0.36720000207424164,1.666137694420679,1
synthetic_20,15,16,treesat_exact,0.07109998841769993,0.05616031649504924,1
synthetic_20,15,16,nearest_neighbor,0.022199994418770075,2.25156346007835,1
synthetic_20,15,16,random_search,0.39140001172199845,0.16077089628927452,1
synthetic_20,15,17,treesat_exact,0.07100001676008105,0.545592827430658,1
synthetic_20,15,17,nearest_neighbor,0.025399989681318402,3.5764417951292176,1
synthetic_20,15,17,random_search,0.35600000410340726,2.631459846615137,1
synthetic_20,15,18,treesat_exact,0.06859999848529696,1.3606830391021458,1
synthetic_20,15,18,nearest_neighbor,0.023600005079060793,3.9259470494973288,1
synthetic_20,15,18,random_search,0.34420000156387687,3.479919804293033,1
synthetic_20,15,19,treesat_exact,0.06709998706355691,0.923694683822036,1
synthetic_20,15,19,nearest_neighbor,0.022799998987466097,4.276588791893453,1
synthetic_20,15,19,random_search,0.3491000097710639,3.144063053161002,1
synthetic_20,15,20,treesat_exact,0.0667999847792089,0.3402081207251333,1
synthetic_20,15,20,nearest_neighbor,0.023200002033263445,2.975125184413706,1
synthetic_20,15,20,random_search,0.36100001307204366,0.6291455845092273,1
synthetic_20,15,21,treesat_exact,0.06839999696239829,0.24710583935068017,1
synthetic_20,15,21,nearest_neighbor,0.023800006601959467,2.7695576928569046,1
synthetic_20,15,21,random_search,0.3766000154428184,0.7979398042293335,1
synthetic_20,15,22,treesat_exact,0.07070001447573304,0.7636142016546889,1
synthetic_20,15,22,nearest_neighbor,0.023100001271814108,4.304580305427651,1
synthetic_20,15,22,random_search,0.3721000102814287,3.855344604260415,1
synthetic_20,15,23,treesat_exact,0.10120001388713717,0.3199226820714755,1
synthetic_20,15,23,nearest_neighbor,0.026699999580159783,2.977126346235437,1
synthetic_20,15,23,random_search,0.3992000129073858,0.3240983133083617,1
synthetic_20,15,24,treesat_exact,0.06920000305399299,0.5231537804357295,1
synthetic_20,15,24,nearest_neighbor,0.02519998815841973,2.9966503573330763,1
synthetic_20,15,24,random_search,0.3758999810088426,1.6881033787035913,1
synthetic_20,15,25,treesat_exact,0.06959997699595988,1.035364410090223,1
synthetic_20,15,25,nearest_neighbor,0.036999990697950125,4.3322002963179,1
synthetic_20,15,25,random_search,0.3616000176407397,3.2089622435975835,1
synthetic_20,15,26,treesat_exact,0.06799999391660094,0.8701158604147712,1
synthetic_20,15,26,nearest_neighbor,0.02400000812485814,4.011208516417446,1
synthetic_20,15,26,random_search,0.35349998506717384,3.311895127391652,1
synthetic_20,15,27,treesat_exact,0.06659998325631022,0.2071271990588449,1
synthetic_20,15,27,nearest_neighbor,0.024899985874071717,4.545024235173204,1
synthetic_20,15,27,random_search,0.3753999772015959,0.4052241742325078,1
synthetic_20,15,28,treesat_exact,0.0686999992467463,0.10036038639529424,1
synthetic_20,15,28,nearest_neighbor,0.023900007363408804,2.820879561448236,1
synthetic_20,15,28,random_search,0.3725999849848449,0.39801209294001705,1
synthetic_20,15,29,treesat_exact,0.12319997767917812,0.9302823782421035,1
synthetic_20,15,29,nearest_neighbor,0.023300002794712782,3.2997499624159468,1
synthetic_20,15,29,random_search,0.367900007404387,1.3762776449486636,1
synthetic_20,16,0,treesat_exact,0.11729999096132815,0.20020014932128216,1
synthetic_20,16,0,nearest_neighbor,0.03860000288113952,2.4296832464883718,1
synthetic_20,16,0,random_search,0.45319998753257096,0.722395513635862,1
synthetic_20,16,1,treesat_exact,0.07229999755509198,0.00559290895780018,1
synthetic_20,16,1,nearest_neighbor,0.022700027329847217,1.8480518549161125,1
synthetic_20,16,1,random_search,0.3941000031773001,0.14173808359245807,1
synthetic_20,16,2,treesat_exact,0.08440000237897038,1.3658093461736718,1
synthetic_20,16,2,nearest_neighbor,0.02609999501146376,4.437782378194536,1
synthetic_20,16,2,random_search,0.3549999964889139,3.8841329434180505,1
synthetic_20,16,3,treesat_exact,0.06680001388303936,0.5044563727497191,1
synthetic_20,16,3,nearest_neighbor,0.023100001271814108,3.9454878911620446,1
synthetic_20,16,3,random_search,0.3558000025805086,1.8542835848924124,1
synthetic_20,16,4,treesat_exact,0.17779998597688973,1.3774486612850814,1
synthetic_20,16,4,nearest_neighbor,0.024900014977902174,3.4432478206752806,1
synthetic_20,16,4,random_search,0.35119999665766954,3.4068088223401616,1
synthetic_20,16,5,treesat_exact,0.06550000398419797,0.868867980941259,1
synthetic_20,16,5,nearest_neighbor,0.022499996703118086,4.383749943618047,1
synthetic_20,16,5,random_search,0.36120001459494233,1.7348528448474667,1
synthetic_20,16,6,treesat_exact,0.06649998249486089,0.5393639142669285,1
synthetic_20,16,6,nearest_neighbor,0.022299995180219412,2.834140158086191,1
synthetic_20,16,6,random_search,0.3544999926816672,1.7197971894174835,1
synthetic_20,16,7,treesat_exact,0.06489999941550195,0.629634633463624,1
synthetic_20,16,7,nearest_neighbor,0.02160001895390451,3.8515065084582747,1
synthetic_20,16,7,random_search,0.35069999285042286,2.066640815821838,1
synthetic_20,16,8,treesat_exact,0.06809999467805028,0.8830070515489279,1
synthetic_20,16,8,nearest_neighbor,0.021799991372972727,4.387595585033934,1
synthetic_20,16,8,random_search,0.35089999437332153,2.360739688589634,1
synthetic_20,16,9,treesat_exact,0.09320001117885113,1.1301336653515992,1
synthetic_20,16,9,nearest_neighbor,0.02160001895390451,3.774385872732898,1
synthetic_20,16,9,random_search,0.3491999814286828,3.4120783579381913,1
synthetic_20,16,10,treesat_exact,0.06500000017695129,0.20645020488833848,1
synthetic_20,16,10,nearest_neighbor,0.021899992134422064,3.956612598280664,1
synthetic_20,16,10,random_search,0.7031999994069338,0.3897439122850198,1
synthetic_20,16,11,treesat_exact,0.3459000145085156,2.0094857906900483,1
synthetic_20,16,11,nearest_neighbor,0.04630000330507755,4.685050061497422,1
synthetic_20,16,11,random_search,0.43909999658353627,5.252751633782176,1
synthetic_20,16,12,treesat_exact,0.09169999975711107,0.9694588866143442,1
synthetic_20,16,12,nearest_neighbor,0.031100003980100155,3.3784910707677693,1
synthetic_20,16,12,random_search,0.4000999906565994,3.4662132562228027,1
synthetic_20,16,13,treesat_exact,0.07739997818134725,0.5486260327313123,1
synthetic_20,16,13,nearest_neighbor,0.024299981305375695,3.524603855633313,1
synthetic_20,16,13,random_search,0.3698000218719244,2.8610332379589005,1
synthetic_20,16,14,treesat_exact,0.10340000153519213,0.6512015041023139,1
synthetic_20,16,14,nearest_neighbor,0.02409997978247702,4.247003277413477,1
synthetic_20,16,14,random_search,0.37689998862333596,1.6195725985513358,1
synthetic_20,16,15,treesat_exact,0.07369997911155224,0.5078511613361673,1
synthetic_20,16,15,nearest_neighbor,0.023300002794712782,3.29154214687781,1
synthetic_20,16,15,random_search,0.384299986762926,0.8066618831756778,1
synthetic_20,16,16,treesat_exact,0.07259999983943999,0.17260388595591314,1
synthetic_20,16,16,nearest_neighbor,0.027000001864507794,3.0690805416357274,1
synthetic_20,16,16,random_search,0.3834000090137124,0.4150834328115115,1
synthetic_20,16,17,treesat_exact,0.07119998917914927,0.21242671999355967,1
synthetic_20,16,17,nearest_neighbor,0.023399974452331662,3.14981359843347,1
synthetic_20,16,17,random_search,0.3941000031773001,0.4821439958825642,1
synthetic_20,16,18,treesat_exact,0.16239998512901366,0.906889188668687,1
synthetic_20,16,18,nearest_neighbor,0.024800014216452837,3.6108528638227084,1
synthetic_20,16,18,random_search,0.5572000227402896,1.456353173475546,1
synthetic_20,16,19,treesat_exact,0.12089998926967382,1.4618249549590838,1
synthetic_20,16,19,nearest_neighbor,0.04089999129064381,4.992398829529655,1
synthetic_20,16,19,random_search,0.6440999859478325,3.646432137260812,1
synthetic_20,16,20,treesat_exact,0.13040000339969993,0.09945998261470634,1
synthetic_20,16,20,nearest_neighbor,0.0399000127799809,2.919166796638812,1
synthetic_20,16,20,random_search,0.6511000101454556,0.2509836473484377,1
synthetic_20,16,21,treesat_exact,0.10989999282173812,0.5435296619886313,1
synthetic_20,16,21,nearest_neighbor,0.03759999526664615,3.934395597558836,1
synthetic_20,16,21,random_search,0.5743000074289739,1.8299160891231225,1
synthetic_20,16,22,treesat_exact,0.10149998706765473,0.7654062487506524,1
synthetic_20,16,22,nearest_neighbor,0.03429999924264848,3.9863602716050863,1
synthetic_20,16,22,random_search,0.5252000119071454,1.9569623559454195,1
synthetic_20,16,23,treesat_exact,0.10810000821948051,0.06145370982424589,1
synthetic_20,16,23,nearest_neighbor,0.031400006264448166,3.198464319317024,1
synthetic_20,16,23,random_search,0.5398999783210456,0.19328277836523727,1
synthetic_20,16,24,treesat_exact,0.09419998968951404,0.3630245369744596,1
synthetic_20,16,24,nearest_neighbor,0.030800001695752144,3.94660478816044,1
synthetic_20,16,24,random_search,0.5360000068321824,1.0070408328467368,1
synthetic_20,16,25,treesat_exact,0.0838999985717237,1.1863361229386569,1
synthetic_20,16,25,nearest_neighbor,0.02710000262595713,4.038352661062223,1
synthetic_20,16,25,random_search,0.44750000233761966,3.247799161348405,1
synthetic_20,16,26,treesat_exact,0.08900000830180943,0.1361097097233766,1
synthetic_20,16,26,nearest_neighbor,0.030099996365606785,3.1808569785724687,1
synthetic_20,16,26,random_search,0.46290000318549573,0.42024072930684453,1
synthetic_20,16,27,treesat_exact,0.08399999933317304,1.0882682974587716,1
synthetic_20,16,27,nearest_neighbor,0.024100008886307478,3.648688622117458,1
synthetic_20,16,27,random_search,0.37039999733678997,4.06392745234557,1
synthetic_20,16,28,treesat_exact,0.19449999672360718,0.9384397071349827,1
synthetic_20,16,28,nearest_neighbor,0.023500004317611456,3.1476468893976732,1
synthetic_20,16,28,random_search,0.40450002416037023,0.8045088098569564,1
synthetic_20,16,29,treesat_exact,0.07020001066848636,0.9863968751244374,1
synthetic_20,16,29,nearest_neighbor,0.02340000355616212,4.529542968240147,1
synthetic_20,16,29,random_search,0.38640000275336206,3.6776992995851145,1
synthetic_20,17,0,treesat_exact,0.11219998123124242,0.07376297761391548,1
synthetic_20,17,0,nearest_neighbor,0.07189999450929463,3.206025558506058,1
synthetic_20,17,0,random_search,0.48329998389817774,0.17035439894574278,1
synthetic_20,17,1,treesat_exact,0.08530000923201442,0.6993928627909318,1
synthetic_20,17,1,nearest_neighbor,0.028700014809146523,4.120299630456364,1
synthetic_20,17,1,random_search,0.3752000047825277,1.6742308547973437,1
synthetic_20,17,2,treesat_exact,0.06920000305399299,1.4089721390979009,1
synthetic_20,17,2,nearest_neighbor,0.024600012693554163,3.742819704916205,1
synthetic_20,17,2,random_search,0.3531999827828258,3.5071883868303004,1
synthetic_20,17,3,treesat_exact,0.06819999543949962,0.5479156551405933,1
synthetic_20,17,3,nearest_neighbor,0.02300000051036477,3.3693978687332247,1
synthetic_20,17,3,random_search,0.35859999479725957,2.6154041868379814,1
synthetic_20,17,4,treesat_exact,0.1236999814864248,0.8419994068595791,1
synthetic_20,17,4,nearest_neighbor,0.024299981305375695,2.539433755383189,1
synthetic_20,17,4,random_search,0.3634000022429973,1.2419413045009624,1
synthetic_20,17,5,treesat_exact,0.0680000230204314,0.9403681028829305,1
synthetic_20,17,5,nearest_neighbor,0.02269999822601676,3.1954149653077426,1
synthetic_20,17,5,random_search,0.3467999922577292,3.2720555754266143,1
synthetic_20,17,6,treesat_exact,0.0667999847792089,0.8556368423181916,1
synthetic_20,17,6,nearest_neighbor,0.02269999822601676,3.573232267930241,1
synthetic_20,17,6,random_search,0.35119999665766954,2.5727499929200612,1
synthetic_20,17,7,treesat_exact,0.06849999772384763,0.9966109638134386,1
synthetic_20,17,7,nearest_neighbor,0.02340000355616212,3.7872425100507607,1
synthetic_20,17,7,random_search,0.3552999987732619,2.535348673314001,1
synthetic_20,17,8,treesat_exact,0.06560000474564731,0.1904367458907219,1
synthetic_20,17,8,nearest_neighbor,0.02300000051036477,3.6248564708913364,1
synthetic_20,17,8,random_search,0.9510999952908605,0.7475217980216622,1
synthetic_20,17,9,treesat_exact,0.1480000209994614,1.0373254773594136,1
synthetic_20,17,9,nearest_neighbor,0.15020000864751637,4.684514113071679,1
synthetic_20,17,9,random_search,0.9469999931752682,3.0056915013055012,1
synthetic_20,17,10,treesat_exact,0.1787999935913831,0.45391252677767113,1
synthetic_20,17,10,nearest_neighbor,0.05940001574344933,3.7377405440316838,1
synthetic_20,17,10,random_search,0.8452000038232654,1.6671750491346362,1
synthetic_20,17,11,treesat_exact,0.1587000151630491,1.5721901979141395,1
synthetic_20,17,11,nearest_neighbor,0.05150001379661262,4.027949498324889,1
synthetic_20,17,11,random_search,0.8365999965462834,3.8888882729257093,1
synthetic_20,17,12,treesat_exact,0.1970999874174595,0.7188476184334198,1
synthetic_20,17,12,nearest_neighbor,0.046600005589425564,3.868792803231826,1
synthetic_20,17,12,random_search,0.7622999837622046,0.17263234867860255,1
synthetic_20,17,13,treesat_exact,0.1314000110141933,0.47824504469275964,1
synthetic_20,17,13,nearest_neighbor,0.04390001413412392,3.077878165789983,1
synthetic_20,17,13,random_search,0.7059999916236848,1.1320245636031327,1
synthetic_20,17,14,treesat_exact,0.26369999977760017,1.4387332785220832,1
synthetic_20,17,14,nearest_neighbor,0.039300008211284876,5.02303683677126,1
synthetic_20,17,14,random_search,0.6769000028725713,4.769447346530403,1
synthetic_20,17,15,treesat_exact,0.129100022604689,0.44139649761257593,1
synthetic_20,17,15,nearest_neighbor,0.04370001261122525,2.972577880279294,1
synthetic_20,17,15,random_search,0.5742999783251435,0.9940623779997444,1
synthetic_20,17,16,treesat_exact,0.09940000018104911,0.5606936608826413,1
synthetic_20,17,16,nearest_neighbor,0.034500000765547156,4.755606937660937,1
synthetic_20,17,16,random_search,0.5390000005718321,1.6088977721426314,1
synthetic_20,17,17,treesat_exact,0.14670001110062003,0.6249072388013419,1
synthetic_20,17,17,nearest_neighbor,0.03519997699186206,3.2503015942453795,1
synthetic_20,17,17,random_search,0.5233999982010573,0.7940782594732998,1
synthetic_20,17,18,treesat_exact,0.09889999637380242,1.3142151830078674,1
synthetic_20,17,18,nearest_neighbor,0.03260001540184021,3.7318439332726157,1
synthetic_20,17,18,random_search,0.4802999901585281,4.56373785006506,1
synthetic_20,17,19,treesat_exact,0.12469998910091817,1.3095786220703993,1
synthetic_20,17,19,nearest_neighbor,0.030399998649954796,5.050127616963556,1
synthetic_20,17,19,random_search,0.4749000072479248,2.1430766409206234,1
synthetic_20,17,20,treesat_exact,0.12479998986236751,1.1905720647117763,1
synthetic_20,17,20,nearest_neighbor,0.029799994081258774,4.189141636527174,1
synthetic_20,17,20,random_search,0.4157999937888235,3.3624025998159577,1
synthetic_20,17,21,treesat_exact,0.07660000119358301,0.613956611025455,1
synthetic_20,17,21,nearest_neighbor,0.026300025638192892,3.1266978833759422,1
synthetic_20,17,21,random_search,0.41489998693577945,1.7737780737507607,1
synthetic_20,17,22,treesat_exact,0.07530002039857209,0.07253664343531938,1
synthetic_20,17,22,nearest_neighbor,0.025699991965666413,4.364447016126754,1
synthetic_20,17,22,random_search,0.43130002450197935,0.21099372757494245,1
synthetic_20,17,23,treesat_exact,0.09329998283647001,0.17529401616015683,1
synthetic_20,17,23,nearest_neighbor,0.024600012693554163,2.510137234948055,1
synthetic_20,17,23,random_search,0.44850000995211303,0.5557920173354324,1
synthetic_20,17,24,treesat_exact,0.07179999374784529,0.29309184281923495,1
synthetic_20,17,24,nearest_neighbor,0.024599983589723706,3.627618572029827,1
synthetic_20,17,24,random_search,0.3640999784693122,0.9056914593333559,1
synthetic_20,17,25,treesat_exact,0.06580000626854599,0.29625980050319667,1
synthetic_20,17,25,nearest_neighbor,0.022599997464567423,3.2749232035613653,1
synthetic_20,17,25,random_search,0.3643000090960413,0.6294945031042029,1
synthetic_20,17,26,treesat_exact,0.1632000203244388,0.9810515867278937,1
synthetic_20,17,26,nearest_neighbor,0.029300019377842546,3.4738379991738193,1
synthetic_20,17,26,random_search,0.670300010824576,3.6163167214791616,1
synthetic_20,17,27,treesat_exact,0.1036000030580908,0.4126941473221422,1
synthetic_20,17,27,nearest_neighbor,0.03619998460635543,2.4762491984197,1
synthetic_20,17,27,random_search,0.7266000029630959,1.220262103445715,1
synthetic_20,17,28,treesat_exact,0.0813000078778714,0.7215590483442292,1
synthetic_20,17,28,nearest_neighbor,0.03759999526664615,3.866858717621062,1
synthetic_20,17,28,random_search,0.38899999344721437,1.8583706442283987,1
synthetic_20,17,29,treesat_exact,0.07229999755509198,0.5448543630633431,1
synthetic_20,17,29,nearest_neighbor,0.025299988919869065,3.272876717301056,1
synthetic_20,17,29,random_search,0.7686000026296824,1.1606763064237753,1
synthetic_20,18,0,treesat_exact,0.16720002167858183,0.8024935488148576,1
synthetic_20,18,0,nearest_neighbor,0.03779999678954482,5.101927830145889,1
synthetic_20,18,0,random_search,0.46609999844804406,1.8404865379546127,1
synthetic_20,18,1,treesat_exact,0.07540002116002142,0.45484390050307166,1
synthetic_20,18,1,nearest_neighbor,0.025699991965666413,3.7405014347615313,1
synthetic_20,18,1,random_search,0.38610000046901405,0.8987779308831758,1
synthetic_20,18,2,treesat_exact,0.07409998215734959,0.7640334891073908,1
synthetic_20,18,2,nearest_neighbor,0.02300000051036477,4.979117346021406,1
synthetic_20,18,2,random_search,0.35539999953471124,2.6668112241765307,1
synthetic_20,18,3,treesat_exact,0.06549997488036752,0.7348068791620319,1
synthetic_20,18,3,nearest_neighbor,0.021799991372972727,3.223280143963391,1
synthetic_20,18,3,random_search,0.36219999310560524,2.3132637178271866,1
synthetic_20,18,4,treesat_exact,0.06500000017695129,0.30472057427360744,1
synthetic_20,18,4,nearest_neighbor,0.021199986804276705,3.852592574282387,1
synthetic_20,18,4,random_search,0.37460000021383166,0.9365237172688984,1
synthetic_20,18,5,treesat_exact,0.07059998461045325,0.6435251112195424,1
synthetic_20,18,5,nearest_neighbor,0.02269999822601676,3.372400861815521,1
synthetic_20,18,5,random_search,0.3525000065565109,1.59720662065587,1
synthetic_20,18,6,treesat_exact,0.06409999332390726,0.8579898604581475,1
synthetic_20,18,6,nearest_neighbor,0.02190002123825252,3.90600956381513,1
synthetic_20,18,6,random_search,0.3519000019878149,2.1132158389543854,1
synthetic_20,18,7,treesat_exact,0.069500005338341,0.47344331698645803,1
synthetic_20,18,7,nearest_neighbor,0.021400017431005836,3.1781619794333533,1
synthetic_20,18,7,random_search,0.3538999881129712,2.2025665420341016,1
synthetic_20,18,8,treesat_exact,0.07049998384900391,0.1913943786343505,1
synthetic_20,18,8,nearest_neighbor,0.022299995180219412,5.142239664140283,1
synthetic_20,18,8,random_search,0.3630999999586493,0.3486904145633231,1
synthetic_20,18,9,treesat_exact,0.0686999992467463,0.3046634457614839,1
synthetic_20,18,9,nearest_neighbor,0.021400017431005836,3.14680885120198,1
synthetic_20,18,9,random_search,0.35269997897557914,1.121478883014399,1
synthetic_20,18,10,treesat_exact,0.06290001329034567,0.271222449321534,1
synthetic_20,18,10,nearest_neighbor,0.020800012862309813,2.7829506198286786,1
synthetic_20,18,10,random_search,0.37109997356310487,1.0185318454499137,1
synthetic_20,18,11,treesat_exact,0.0641999940853566,0.5767532762022695,1
synthetic_20,18,11,nearest_neighbor,0.02099998528137803,4.2522939258927765,1
synthetic_20,18,11,random_search,0.35420001950114965,1.8248128439638438,1
synthetic_20,18,12,treesat_exact,0.062700011767447,0.5782338516773508,1
synthetic_20,18,12,nearest_neighbor,0.0213000166695565,3.432523429260187,1
synthetic_20,18,12,random_search,0.3448000061325729,1.4548827124232355,1
synthetic_20,18,13,treesat_exact,0.0678999931551516,0.2876994030841954,1
synthetic_20,18,13,nearest_neighbor,0.021800020476803184,3.1341532386120816,1
synthetic_20,18,13,random_search,0.35689998185262084,0.8470173568267164,1
synthetic_20,18,14,treesat_exact,0.06730001769028604,0.03447602736666611,1
synthetic_20,18,14,nearest_neighbor,0.026699999580159783,3.1714806821302166,1
synthetic_20,18,14,random_search,0.36410000757314265,0.1733175910543768,1
synthetic_20,18,15,treesat_exact,0.06489999941550195,0.6426367195534312,1
synthetic_20,18,15,nearest_neighbor,0.02300000051036477,2.5843394739822756,1
synthetic_20,18,15,random_search,0.3522000042721629,1.8167566367931618,1
synthetic_20,18,16,treesat_exact,0.06920000305399299,0.0304772146447366,1
synthetic_20,18,16,nearest_neighbor,0.023500004317611456,3.0546394749440924,1
synthetic_20,18,16,random_search,0.3685999836307019,0.16047195021743452,1
synthetic_20,18,17,treesat_exact,0.06670001312159002,0.39439465943885454,1
synthetic_20,18,17,nearest_neighbor,0.023100001271814108,2.701510149533185,1
synthetic_20,18,17,random_search,0.35689998185262084,0.8215540669266778,1
synthetic_20,18,18,treesat_exact,0.06920000305399299,0.8663763944282352,1
synthetic_20,18,18,nearest_neighbor,0.023800006601959467,4.415411372146671,1
synthetic_20,18,18,random_search,0.3722999827004969,1.7556648761674383,1
synthetic_20,18,19,treesat_exact,0.06389999180100858,0.17708674339554253,1
synthetic_20,18,19,nearest_neighbor,0.023600005079060793,4.51534646742666,1
synthetic_20,18,19,random_search,0.3625999961514026,0.3892008130920244,1
synthetic_20,18,20,treesat_exact,0.06260001100599766,0.1419622887041292,1
synthetic_20,18,20,nearest_neighbor,0.021899992134422064,3.9876100960534284,1
synthetic_20,18,20,random_search,0.36219999310560524,0.3528689719719171,1
synthetic_20,18,21,treesat_exact,0.09700001101009548,0.6358020116444222,1
synthetic_20,18,21,nearest_neighbor,0.022899999748915434,3.8625256638068812,1
synthetic_20,18,21,random_search,0.3575999871827662,0.8659337276725436,1
synthetic_20,18,22,treesat_exact,0.06269998266361654,0.20848042560785152,1
synthetic_20,18,22,nearest_neighbor,0.022099993657320738,2.8263735913563646,1
synthetic_20,18,22,random_search,0.37209998117759824,0.5341612533891712,1
synthetic_20,18,23,treesat_exact,0.06839999696239829,0.006838306106721315,1
synthetic_20,18,23,nearest_neighbor,0.022899999748915434,2.65558829660853,1
synthetic_20,18,23,random_search,0.3744999994523823,0.10139240251535066,1
synthetic_20,18,24,treesat_exact,0.06709998706355691,0.49909172476604646,1
synthetic_20,18,24,nearest_neighbor,0.02239999594166875,3.024911944657552,1
synthetic_20,18,24,random_search,0.34320002305321395,1.4495842223309883,1
synthetic_20,18,25,treesat_exact,0.07029998232610524,0.19674628066126154,1
synthetic_20,18,25,nearest_neighbor,0.02989999484270811,2.7804233773149356,1
synthetic_20,18,25,random_search,0.738300004741177,0.3664775849186852,1
synthetic_20,18,26,treesat_exact,0.12050001532770693,0.8365317266705284,1
synthetic_20,18,26,nearest_neighbor,0.03600001218728721,5.782886535441416,1
synthetic_20,18,26,random_search,0.39229998947121203,2.0679626834513374,1
synthetic_20,18,27,treesat_exact,0.10400000610388815,0.7819761843602365,1
synthetic_20,18,27,nearest_neighbor,0.023900007363408804,3.653339795242441,1
synthetic_20,18,27,random_search,0.374099996406585,1.5244520054273143,1
synthetic_20,18,28,treesat_exact,0.07199999527074397,0.9791649364332606,1
synthetic_20,18,28,nearest_neighbor,0.023100001271814108,3.3596976339019937,1
synthetic_20,18,28,random_search,0.3480000013951212,3.9088259448938913,1
synthetic_20,18,29,treesat_exact,0.06580000626854599,0.2567826781382323,1
synthetic_20,18,29,nearest_neighbor,0.02400000812485814,3.555022078364372,1
synthetic_20,18,29,random_search,0.3628999984357506,0.49023250566508686,1
synthetic_20,19,0,treesat_exact,0.14930000179447234,0.4837504980613346,1
synthetic_20,19,0,nearest_neighbor,0.03780002589337528,3.8625535122722265,1
synthetic_20,19,0,random_search,0.45319998753257096,0.8727986901180271,1
synthetic_20,19,1,treesat_exact,0.0782000133767724,0.8033961158169302,1
synthetic_20,19,1,nearest_neighbor,0.028000009479001164,6.152225829283549,1
synthetic_20,19,1,random_search,0.39259999175556004,5.286964335020751,1
synthetic_20,19,2,treesat_exact,0.09919999865815043,1.335376160881802,1
synthetic_20,19,2,nearest_neighbor,0.02440001117065549,3.912404949794528,1
synthetic_20,19,2,random_search,0.3530000103637576,2.4040677556415075,1
synthetic_20,19,3,treesat_exact,0.09880002471618354,1.2020381840100902,1
synthetic_20,19,3,nearest_neighbor,0.024300010409206152,4.025634774469425,1
synthetic_20,19,3,random_search,0.34329999471083283,3.270114008534385,1
synthetic_20,19,4,treesat_exact,0.06459999713115394,0.6764276763720226,1
synthetic_20,19,4,nearest_neighbor,0.02300000051036477,3.7086617650651266,1
synthetic_20,19,4,random_search,0.3559000033419579,1.719223960052253,1
synthetic_20,19,5,treesat_exact,0.06560000474564731,0.2378092621239614,1
synthetic_20,19,5,nearest_neighbor,0.023300002794712782,3.0903063183550805,1
synthetic_20,19,5,random_search,0.36169998929835856,0.9919925104721761,1
synthetic_20,19,6,treesat_exact,0.06429999484680593,0.43130543599338467,1
synthetic_20,19,6,nearest_neighbor,0.022299995180219412,3.4367524452009195,1
synthetic_20,19,6,random_search,0.3564000071492046,1.3660508733193715,1
synthetic_20,19,7,treesat_exact,0.06289998418651521,0.1681118688805039,1
synthetic_20,19,7,nearest_neighbor,0.022000021999701858,3.2707769274566987,1
synthetic_20,19,7,random_search,0.3698000218719244,0.43562842382530065,1
synthetic_20,19,8,treesat_exact,0.06750001921318471,1.4220868843400012,1
synthetic_20,19,8,nearest_neighbor,0.02370000584051013,3.977394569463002,1
synthetic_20,19,8,random_search,0.35379998735152185,3.7386789698073186,1
synthetic_20,19,9,treesat_exact,0.06590000702999532,0.017181760458451212,1
synthetic_20,19,9,nearest_neighbor,0.02340000355616212,2.5271245306724146,1
synthetic_20,19,9,random_search,0.38109999150037766,0.1511539916938523,1
synthetic_20,19,10,treesat_exact,0.06329998723231256,0.4415027359589508,1
synthetic_20,19,10,nearest_neighbor,0.02220002352260053,4.5315751868562195,1
synthetic_20,19,10,random_search,0.3529000096023083,1.5385217196696788,1
synthetic_20,19,11,treesat_exact,0.062700011767447,1.3262494990639335,1
synthetic_20,19,11,nearest_neighbor,0.021799991372972727,4.388511060273077,1
synthetic_20,19,11,random_search,0.33650000113993883,3.7194502684747732,1
synthetic_20,19,12,treesat_exact,0.0625999819021672,0.06416757995655673,1
synthetic_20,19,12,nearest_neighbor,0.0219999928958714,3.086562906541502,1
synthetic_20,19,12,random_search,0.37659998633898795,0.19520126988683384,1
synthetic_20,19,13,treesat_exact,0.06650001159869134,0.5456406797499861,1
synthetic_20,19,13,nearest_neighbor,0.02340000355616212,3.3409449965045153,1
synthetic_20,19,13,random_search,0.36219999310560524,1.5411120630673114,1
synthetic_20,19,14,treesat_exact,0.06600000779144466,0.3064326430795513,1
synthetic_20,19,14,nearest_neighbor,0.02300000051036477,5.837877823211542,1
synthetic_20,19,14,random_search,0.36349997390061617,1.726322562528065,1
synthetic_20,19,15,treesat_exact,0.06250001024454832,0.26872769503372096,1
synthetic_20,19,15,nearest_neighbor,0.022099993657320738,2.9025400357957993,1
synthetic_20,19,15,random_search,0.3583999932743609,0.9411785728365375,1
synthetic_20,19,16,treesat_exact,0.07119998917914927,0.06047351037968718,1
synthetic_20,19,16,nearest_neighbor,0.022499996703118086,1.6491131943840838,1
synthetic_20,19,16,random_search,0.3758999810088426,0.12666393264749862,1
synthetic_20,19,17,treesat_exact,0.0653000024612993,0.5020616098014608,1
synthetic_20,19,17,nearest_neighbor,0.024600012693554163,3.3158308868931776,1
synthetic_20,19,17,random_search,0.3476999991107732,1.4455720942600698,1
synthetic_20,19,18,treesat_exact,0.062000006437301636,0.2710221273721864,1
synthetic_20,19,18,nearest_neighbor,0.022499996703118086,3.108002209942749,1
synthetic_20,19,18,random_search,0.3515999997034669,1.4968678557595065,1
synthetic_20,19,19,treesat_exact,0.06400002166628838,0.1635199087468779,1
synthetic_20,19,19,nearest_neighbor,0.022599997464567423,3.8216287033723173,1
synthetic_20,19,19,random_search,0.3687000134959817,0.43962956411163717,1
synthetic_20,19,20,treesat_exact,0.06500000017695129,0.04630017235536288,1
synthetic_20,19,20,nearest_neighbor,0.026699999580159783,2.446951410081356,1
synthetic_20,19,20,random_search,0.37220001104287803,0.18288627148593437,1
synthetic_20,19,21,treesat_exact,0.09339998359791934,0.20482591905972553,1
synthetic_20,19,21,nearest_neighbor,0.022899999748915434,3.5761660820681573,1
synthetic_20,19,21,random_search,0.360800011549145,0.4553161376267815,1
synthetic_20,19,22,treesat_exact,0.06320001557469368,0.2170253480897249,1
synthetic_20,19,22,nearest_neighbor,0.0219999928958714,2.3391048935691874,1
synthetic_20,19,22,random_search,0.36559998989105225,0.5086705310125301,1
synthetic_20,19,23,treesat_exact,0.0926000066101551,1.2132506143913502,1
synthetic_20,19,23,nearest_neighbor,0.02269999822601676,2.6826002355115124,1
synthetic_20,19,23,random_search,0.35370001569390297,2.780604630669483,1
synthetic_20,19,24,treesat_exact,0.06500000017695129,0.17718311749223517,1
synthetic_20,19,24,nearest_neighbor,0.023300002794712782,2.5417565137206157,1
synthetic_20,19,24,random_search,0.36429997999221087,0.4742636918980124,1
synthetic_20,19,25,treesat_exact,0.061400001868605614,0.13660255920335881,1
synthetic_20,19,25,nearest_neighbor,0.02190002123825252,2.9291264817848144,1
synthetic_20,19,25,random_search,0.42329999268986285,0.33274101610483764,1
synthetic_20,19,26,treesat_exact,0.06900000153109431,0.6650951212506367,1
synthetic_20,19,26,nearest_neighbor,0.023800006601959467,3.0012337660322634,1
synthetic_20,19,26,random_search,0.3869999782182276,2.1954779493762304,1
synthetic_20,19,27,treesat_exact,0.07270000060088933,0.40988165311414715,1
synthetic_20,19,27,nearest_neighbor,0.024500011932104826,3.4463453051120387,1
synthetic_20,19,27,random_search,0.37819999852217734,0.9787098586228983,1
synthetic_20,19,28,treesat_exact,0.17220000154338777,0.26431519261359876,1
synthetic_20,19,28,nearest_neighbor,0.06510000093840063,2.781888774455424,1
synthetic_20,19,28,random_search,0.6904999900143594,1.0077407761420203,1
synthetic_20,19,29,treesat_exact,0.11930000619031489,0.769662427206554,1
synthetic_20,19,29,nearest_neighbor,0.03890000516548753,4.660182913835634,1
synthetic_20,19,29,random_search,0.513400009367615,1.8266634051039057,1
